{"type":"FeatureCollection","properties":{"name":"Lasam liquefaction susceptibility (2013)","data_source":"LGU Lasam / local GIS (demonstration)","vintage":"2013","disclaimer":"Demonstration only — not an official PHIVOLCS geohazard certificate."},"features":[{"type":"Feature","properties":{"id":"LAS-LIQ-001","susceptibility":"high","susceptibility_label":"High","barangay":"Ignacio B Jurado","hectares":44.55,"data_source":"LGU Lasam liquefaction (2013)"},"geometry":{"type":"Polygon","coordinates":[[[121.60217,18.05941],[121.60244,18.05895],[121.60301,18.05863],[121.60342,18.05848],[121.60467,18.05853],[121.6054,18.05884],[121.60629,18.05957],[121.60707,18.06056],[121.60759,18.06171],[121.6078,18.06296],[121.60796,18.06436],[121.60817,18.06561],[121.60832,18.06676],[121.60936,18.06738],[121.61098,18.0677],[121.61233,18.06806],[121.61348,18.06869],[121.61473,18.06983],[121.61483,18.07129],[121.6148,18.0717],[121.61444,18.07134],[121.6137,18.07147],[121.61342,18.07192],[121.61327,18.07269],[121.61293,18.07296],[121.61259,18.07308],[121.61175,18.07382],[121.61147,18.07285],[121.61129,18.07245],[121.61132,18.07238],[121.61142,18.07213],[121.61144,18.07112],[121.61117,18.06994],[121.611,18.06985],[121.61065,18.06967],[121.6101,18.06977],[121.60942,18.06971],[121.60874,18.0697],[121.60838,18.0697],[121.60736,18.0691],[121.60649,18.06807],[121.60648,18.06802],[121.60689,18.0657],[121.60668,18.06285],[121.60669,18.06278],[121.60677,18.0623],[121.6068,18.06208],[121.60681,18.06191],[121.60674,18.06178],[121.60624,18.06126],[121.60604,18.06087],[121.60597,18.06012],[121.60581,18.05977],[121.60569,18.05967],[121.60547,18.05966],[121.6054,18.05968],[121.60517,18.05973],[121.60484,18.05993],[121.60479,18.06004],[121.60462,18.06045],[121.60438,18.06075],[121.60277,18.0603],[121.60228,18.05993],[121.60217,18.05973],[121.60217,18.05941]]]}},{"type":"Feature","properties":{"id":"LAS-LIQ-002","susceptibility":"high","susceptibility_label":"High","barangay":"Finugo Norte","hectares":41.09,"data_source":"LGU Lasam liquefaction (2013)"},"geometry":{"type":"MultiPolygon","coordinates":[[[[121.61163,18.07681],[121.61194,18.07629],[121.61196,18.07607],[121.61212,18.07598],[121.61299,18.07601],[121.61346,18.07608],[121.61407,18.07502],[121.614,18.07624],[121.61416,18.07817],[121.6153,18.07916],[121.61655,18.07963],[121.61801,18.07999],[121.61916,18.08025],[121.62009,18.0803],[121.62103,18.08041],[121.6215,18.08093],[121.62259,18.08202],[121.62522,18.08358],[121.62569,18.08375],[121.62594,18.08384],[121.62694,18.08421],[121.62702,18.08323],[121.6271,18.08327],[121.62718,18.08352],[121.62726,18.08392],[121.62732,18.08434],[121.62741,18.08459],[121.62755,18.08458],[121.62777,18.08456],[121.62779,18.08476],[121.62774,18.08491],[121.62776,18.08513],[121.6279,18.08541],[121.62774,18.08533],[121.62731,18.08525],[121.62693,18.08539],[121.62603,18.08574],[121.6256,18.08576],[121.62476,18.0852],[121.62407,18.08477],[121.62403,18.08465],[121.624,18.08409],[121.62372,18.08356],[121.62338,18.08322],[121.62322,18.08305],[121.62306,18.08287],[121.62261,18.08237],[121.62227,18.08195],[121.62193,18.08156],[121.62164,18.08153],[121.62082,18.08175],[121.62048,18.08184],[121.61957,18.08187],[121.61851,18.08145],[121.61689,18.08093],[121.61554,18.08041],[121.61463,18.07995],[121.61445,18.07913],[121.61437,18.07846],[121.61408,18.07812],[121.61309,18.07781],[121.61238,18.07742],[121.61163,18.07681]]],[[[121.62304,18.0775],[121.62332,18.07608],[121.62389,18.07508],[121.6252,18.07402],[121.62641,18.07313],[121.62677,18.07228],[121.62645,18.07132],[121.62628,18.07093],[121.62708,18.07075],[121.62707,18.07096],[121.62707,18.07107],[121.62713,18.0712],[121.62746,18.07207],[121.62748,18.07211],[121.62772,18.07244],[121.62781,18.07258],[121.6278,18.07264],[121.62779,18.07276],[121.62761,18.07298],[121.62752,18.07302],[121.62725,18.07312],[121.62689,18.0732],[121.62664,18.07329],[121.62637,18.07347],[121.62613,18.07364],[121.62593,18.07379],[121.62581,18.07402],[121.62597,18.0741],[121.626,18.07411],[121.62604,18.07413],[121.62619,18.07419],[121.62631,18.07447],[121.62631,18.07449],[121.62594,18.07485],[121.62538,18.07502],[121.62486,18.07523],[121.62485,18.07532],[121.6246,18.07553],[121.62447,18.07566],[121.62431,18.07576],[121.62425,18.0758],[121.62413,18.07606],[121.62408,18.07615],[121.624,18.07627],[121.6239,18.07631],[121.6238,18.07636],[121.6237,18.07647],[121.62366,18.07651],[121.6235,18.07677],[121.62346,18.07709],[121.62377,18.07732],[121.62384,18.07741],[121.62387,18.07744],[121.62383,18.07753],[121.62377,18.0777],[121.6237,18.07792],[121.62371,18.07823],[121.62394,18.07845],[121.62408,18.07851],[121.6241,18.07852],[121.62412,18.07854],[121.62427,18.07875],[121.62431,18.07882],[121.6244,18.07901],[121.62469,18.07909],[121.62481,18.07906],[121.6249,18.07903],[121.62507,18.07921],[121.62525,18.07923],[121.6254,18.07913],[121.62549,18.07882],[121.62545,18.07845],[121.62555,18.0783],[121.62559,18.07825],[121.62578,18.07831],[121.62595,18.07838],[121.62604,18.07836],[121.62623,18.07836],[121.62631,18.07837],[121.62655,18.07848],[121.62661,18.07867],[121.62663,18.07873],[121.62666,18.07884],[121.62665,18.07886],[121.62665,18.07887],[121.62656,18.07903],[121.6266,18.07916],[121.62659,18.07927],[121.62657,18.07944],[121.62668,18.07959],[121.62697,18.07969],[121.62717,18.07988],[121.62751,18.08011],[121.62761,18.08014],[121.62763,18.08009],[121.62766,18.08],[121.6277,18.07986],[121.62777,18.07969],[121.62781,18.07964],[121.62781,18.07949],[121.6279,18.07937],[121.62803,18.07937],[121.62814,18.07941],[121.62824,18.07947],[121.6283,18.07959],[121.62834,18.0797],[121.62837,18.07977],[121.62838,18.0798],[121.62839,18.07981],[121.62843,18.07988],[121.62846,18.07993],[121.6285,18.08002],[121.6285,18.08011],[121.62848,18.0802],[121.62844,18.08031],[121.62844,18.0804],[121.6285,18.08045],[121.62852,18.08046],[121.62858,18.08046],[121.62868,18.08043],[121.62871,18.08041],[121.62872,18.08037],[121.62874,18.08028],[121.62876,18.08027],[121.62884,18.08024],[121.62887,18.08023],[121.62903,18.08019],[121.62908,18.08021],[121.62914,18.08023],[121.62923,18.08044],[121.62924,18.08046],[121.62925,18.08047],[121.62926,18.08049],[121.62932,18.08058],[121.62947,18.08058],[121.62949,18.08057],[121.62969,18.08048],[121.62977,18.08045],[121.62996,18.0804],[121.63024,18.08035],[121.63044,18.08038],[121.63047,18.08038],[121.63056,18.08041],[121.63055,18.08051],[121.63055,18.08058],[121.63053,18.08069],[121.63053,18.08079],[121.63052,18.08086],[121.63047,18.08094],[121.63035,18.08104],[121.63025,18.08113],[121.63027,18.08149],[121.6303,18.08158],[121.63001,18.08211],[121.62996,18.08211],[121.62977,18.08217],[121.62969,18.0823],[121.62964,18.0825],[121.62954,18.08279],[121.62915,18.08307],[121.62891,18.08303],[121.62863,18.08298],[121.62854,18.08297],[121.62851,18.08295],[121.62834,18.08283],[121.6282,18.08274],[121.62795,18.08267],[121.62792,18.08266],[121.62769,18.08256],[121.62756,18.08254],[121.62743,18.08238],[121.62795,18.08216],[121.62853,18.08196],[121.62881,18.08157],[121.62887,18.08089],[121.62797,18.08044],[121.62723,18.08012],[121.62588,18.07977],[121.62503,18.07963],[121.62382,18.07906],[121.62311,18.07838],[121.62304,18.0775]]]]}},{"type":"Feature","properties":{"id":"LAS-LIQ-003","susceptibility":"high","susceptibility_label":"High","barangay":"Malinta","hectares":26.45,"data_source":"LGU Lasam liquefaction (2013)"},"geometry":{"type":"MultiPolygon","coordinates":[[[[121.61957,18.08187],[121.62048,18.08184],[121.62082,18.08175],[121.62164,18.08153],[121.62193,18.08156],[121.62227,18.08195],[121.62261,18.08237],[121.62306,18.08287],[121.62322,18.08305],[121.62338,18.08322],[121.62372,18.08356],[121.624,18.08409],[121.62403,18.08465],[121.62407,18.08477],[121.62335,18.08431],[121.62236,18.08322],[121.62101,18.08244],[121.61957,18.08187]]],[[[121.62439,18.09077],[121.62512,18.08921],[121.6258,18.08723],[121.62569,18.08582],[121.6256,18.08576],[121.62603,18.08574],[121.62693,18.08539],[121.62731,18.08525],[121.62774,18.08533],[121.6279,18.08541],[121.62868,18.08562],[121.6295,18.08587],[121.62975,18.08594],[121.62944,18.08624],[121.62939,18.08707],[121.62903,18.08796],[121.62778,18.08921],[121.62676,18.09046],[121.62627,18.09089],[121.62577,18.09183],[121.62573,18.09282],[121.62582,18.09315],[121.62481,18.09218],[121.62439,18.09077]]]]}},{"type":"Feature","properties":{"id":"LAS-LIQ-004","susceptibility":"high","susceptibility_label":"High","barangay":"Minanga Sur","hectares":53.01,"data_source":"LGU Lasam liquefaction (2013)"},"geometry":{"type":"MultiPolygon","coordinates":[[[[121.62573,18.09282],[121.62577,18.09183],[121.62627,18.09089],[121.62676,18.09046],[121.62637,18.09093],[121.62658,18.09197],[121.62731,18.09223],[121.63033,18.09187],[121.632,18.09145],[121.63314,18.09124],[121.63486,18.09228],[121.63538,18.09317],[121.63622,18.09395],[121.63773,18.09499],[121.63877,18.09551],[121.64169,18.09629],[121.64403,18.09671],[121.64544,18.09739],[121.64567,18.0976],[121.64489,18.09749],[121.64356,18.09694],[121.64287,18.09666],[121.64251,18.09703],[121.64101,18.0965],[121.63986,18.09671],[121.63934,18.09713],[121.63835,18.09801],[121.63731,18.09822],[121.63611,18.0977],[121.63491,18.09676],[121.63429,18.09562],[121.63429,18.09421],[121.63335,18.09244],[121.63236,18.09213],[121.63106,18.09254],[121.62872,18.09333],[121.62741,18.09374],[121.62627,18.09359],[121.62582,18.09315],[121.62573,18.09282]]],[[[121.62702,18.08323],[121.62703,18.08302],[121.6273,18.08244],[121.62743,18.08238],[121.62756,18.08254],[121.62769,18.08256],[121.62792,18.08266],[121.62795,18.08267],[121.6282,18.08274],[121.62834,18.08283],[121.62851,18.08295],[121.62854,18.08297],[121.62863,18.08298],[121.62891,18.08303],[121.62915,18.08307],[121.63002,18.08335],[121.63006,18.08563],[121.62975,18.08594],[121.6295,18.08587],[121.62868,18.08562],[121.6279,18.08541],[121.62776,18.08513],[121.62774,18.08491],[121.62779,18.08476],[121.62777,18.08456],[121.62755,18.08458],[121.62741,18.08459],[121.62732,18.08434],[121.62726,18.08392],[121.62718,18.08352],[121.6271,18.08327],[121.62702,18.08323]]],[[[121.63563,18.08472],[121.63662,18.08438],[121.637,18.08463],[121.6373,18.08508],[121.63837,18.08629],[121.6384,18.08636],[121.63865,18.08661],[121.63886,18.08685],[121.64084,18.08945],[121.63969,18.08872],[121.63761,18.08758],[121.63636,18.08643],[121.63563,18.08472]]]]}},{"type":"Feature","properties":{"id":"LAS-LIQ-005","susceptibility":"high","susceptibility_label":"High","barangay":"Nicolas Agatep","hectares":5.13,"data_source":"LGU Lasam liquefaction (2013)"},"geometry":{"type":"Polygon","coordinates":[[[121.61126,18.07806],[121.61132,18.07733],[121.61163,18.07681],[121.61238,18.07742],[121.61309,18.07781],[121.61408,18.07812],[121.61437,18.07846],[121.61445,18.07913],[121.61463,18.07995],[121.61335,18.07931],[121.61126,18.07806]]]}},{"type":"Feature","properties":{"id":"LAS-LIQ-006","susceptibility":"high","susceptibility_label":"High","barangay":"Centro 02","hectares":19.59,"data_source":"LGU Lasam liquefaction (2013)"},"geometry":{"type":"MultiPolygon","coordinates":[[[[121.60438,18.06075],[121.60462,18.06045],[121.60479,18.06004],[121.60484,18.05993],[121.60517,18.05973],[121.6054,18.05968],[121.60547,18.05966],[121.60569,18.05967],[121.60581,18.05977],[121.60597,18.06012],[121.60604,18.06087],[121.60624,18.06126],[121.60674,18.06178],[121.60681,18.06191],[121.6068,18.06208],[121.60677,18.0623],[121.60669,18.06278],[121.60668,18.06285],[121.60689,18.0657],[121.60648,18.06802],[121.60649,18.06807],[121.60626,18.0678],[121.60621,18.06645],[121.60626,18.06494],[121.60647,18.06327],[121.606,18.06176],[121.60465,18.06082],[121.60438,18.06075]]],[[[121.60838,18.0697],[121.60874,18.0697],[121.60942,18.06971],[121.6101,18.06977],[121.61065,18.06967],[121.611,18.06985],[121.61117,18.06994],[121.61144,18.07112],[121.61142,18.07213],[121.61132,18.07238],[121.61129,18.07245],[121.61074,18.07124],[121.60923,18.0702],[121.60838,18.0697]]],[[[121.61175,18.07382],[121.61259,18.07308],[121.61293,18.07296],[121.61327,18.07269],[121.61342,18.07192],[121.6137,18.07147],[121.61444,18.07134],[121.6148,18.0717],[121.61473,18.07265],[121.6141,18.07452],[121.61407,18.07502],[121.61346,18.07608],[121.61299,18.07601],[121.61212,18.07598],[121.61196,18.07607],[121.61205,18.07483],[121.61175,18.07382]]]]}},{"type":"Feature","properties":{"id":"LAS-LIQ-007","susceptibility":"high","susceptibility_label":"High","barangay":"Minanga Norte","hectares":15.97,"data_source":"LGU Lasam liquefaction (2013)"},"geometry":{"type":"Polygon","coordinates":[[[121.64251,18.09703],[121.64287,18.09666],[121.64356,18.09694],[121.64489,18.09749],[121.64567,18.0976],[121.64613,18.09802],[121.64655,18.09911],[121.64735,18.10105],[121.64824,18.10253],[121.64922,18.10405],[121.64966,18.10477],[121.65005230324519,18.105162303245184],[121.64946117860394,18.105165983513178],[121.64809,18.10316],[121.64736,18.10204],[121.64661,18.10077],[121.64601,18.09983],[121.64572,18.09926],[121.64557,18.09905],[121.64486,18.09853],[121.64294,18.09718],[121.64251,18.09703]]]}},{"type":"Feature","properties":{"id":"LAS-LIQ-008","susceptibility":"high","susceptibility_label":"High","barangay":"Calapangan Sur","hectares":19.62,"data_source":"LGU Lasam liquefaction (2013)"},"geometry":{"type":"Polygon","coordinates":[[[121.5985,18.00906],[121.59866,18.00888],[121.5989395740013,18.008679056186562],[121.59927215892927,18.00853651986616],[121.59938,18.00855],[121.59961914617168,18.008567714531235],[121.5997345628187,18.008599711260622],[121.60002,18.0087],[121.60034131621826,18.00878568432487],[121.60058704300002,18.008868617000076],[121.60080676512847,18.00890754021452],[121.60117,18.009],[121.60147,18.00909],[121.60187,18.00919],[121.60242,18.00919],[121.60277,18.00909],[121.60308,18.00945],[121.60372,18.00994],[121.60352,18.01035],[121.60201,18.01035],[121.60112,18.01051],[121.60138,18.01129],[121.6018,18.0116],[121.60216,18.01186],[121.60221,18.01233],[121.60336,18.01394],[121.60388,18.01384],[121.6044,18.01348],[121.60487,18.01269],[121.60553,18.01203],[121.60579,18.01288],[121.60612,18.01371],[121.60497,18.01407],[121.60524,18.01474],[121.60454,18.01499],[121.60448,18.01533],[121.603,18.01556],[121.60251,18.01465],[121.60258,18.01452],[121.60252927610999,18.014274834531598],[121.60258674500005,18.014063788000044],[121.60224895700003,18.01385436000004],[121.60196646026918,18.013598766771526],[121.60174,18.01316],[121.60102,18.01186],[121.59982,18.01103],[121.59862,18.00993],[121.5985,18.00906]]]}},{"type":"Feature","properties":{"id":"LAS-LIQ-009","susceptibility":"high","susceptibility_label":"High","barangay":"Calapangan Norte","hectares":1.35,"data_source":"LGU Lasam liquefaction (2013)"},"geometry":{"type":"Polygon","coordinates":[[[121.60448,18.01533],[121.60454,18.01499],[121.60524,18.01474],[121.60497,18.01407],[121.60612,18.01371],[121.60614,18.01376],[121.60602,18.01421],[121.60576,18.01483],[121.60497,18.01525],[121.60448,18.01533]]]}},{"type":"Feature","properties":{"id":"LAS-LIQ-010","susceptibility":"high","susceptibility_label":"High","barangay":"Aggunetan","hectares":8.19,"data_source":"LGU Lasam liquefaction (2013)"},"geometry":{"type":"Polygon","coordinates":[[[121.62556,18.04296],[121.62756,18.04584],[121.62823,18.04747],[121.62839,18.04802],[121.62658,18.04867],[121.62615,18.04694],[121.62573,18.04444],[121.62556,18.04296]]]}},{"type":"Feature","properties":{"id":"LAS-LIQ-011","susceptibility":"high","susceptibility_label":"High","barangay":"Callao Sur","hectares":62.74,"data_source":"LGU Lasam liquefaction (2013)"},"geometry":{"type":"Polygon","coordinates":[[[121.62658,18.04867],[121.62839,18.04802],[121.62881,18.0495],[121.63209,18.0558],[121.63396,18.05788],[121.635,18.0584],[121.6352,18.05922],[121.63538,18.06008],[121.63535,18.0603],[121.63407,18.06049],[121.63332,18.06119],[121.63135,18.06181],[121.63138,18.06194],[121.63138,18.06225],[121.63036,18.06265],[121.62948,18.06184],[121.62855,18.05976],[121.62834,18.05799],[121.62823,18.0558],[121.62761,18.05267],[121.62688,18.04986],[121.62658,18.04867]]]}},{"type":"Feature","properties":{"id":"LAS-LIQ-012","susceptibility":"high","susceptibility_label":"High","barangay":"Callao Norte","hectares":71.03,"data_source":"LGU Lasam liquefaction (2013)"},"geometry":{"type":"MultiPolygon","coordinates":[[[[121.62346,18.07709],[121.6235,18.07677],[121.62366,18.07651],[121.6237,18.07647],[121.6238,18.07636],[121.6239,18.07631],[121.624,18.07627],[121.62408,18.07615],[121.62413,18.07606],[121.62425,18.0758],[121.62431,18.07576],[121.62447,18.07566],[121.6246,18.07553],[121.62485,18.07532],[121.62486,18.07523],[121.62538,18.07502],[121.62594,18.07485],[121.62553,18.07524],[121.62499,18.07569],[121.62459,18.077],[121.62452,18.07771],[121.62492,18.07814],[121.62588,18.07824],[121.62696,18.07844],[121.62798,18.07927],[121.62892,18.0797],[121.62986,18.07998],[121.6306,18.08037],[121.63067,18.08089],[121.63037,18.08145],[121.6303,18.08158],[121.63027,18.08149],[121.63025,18.08113],[121.63035,18.08104],[121.63047,18.08094],[121.63052,18.08086],[121.63053,18.08079],[121.63053,18.08069],[121.63055,18.08058],[121.63055,18.08051],[121.63056,18.08041],[121.63047,18.08038],[121.63044,18.08038],[121.63024,18.08035],[121.62996,18.0804],[121.62977,18.08045],[121.62969,18.08048],[121.62949,18.08057],[121.62947,18.08058],[121.62932,18.08058],[121.62926,18.08049],[121.62925,18.08047],[121.62924,18.08046],[121.62923,18.08044],[121.62914,18.08023],[121.62908,18.08021],[121.62903,18.08019],[121.62887,18.08023],[121.62884,18.08024],[121.62876,18.08027],[121.62874,18.08028],[121.62872,18.08037],[121.62871,18.08041],[121.62868,18.08043],[121.62858,18.08046],[121.62852,18.08046],[121.6285,18.08045],[121.62844,18.0804],[121.62844,18.08031],[121.62848,18.0802],[121.6285,18.08011],[121.6285,18.08002],[121.62846,18.07993],[121.62843,18.07988],[121.62839,18.07981],[121.62838,18.0798],[121.62837,18.07977],[121.62834,18.0797],[121.6283,18.07959],[121.62824,18.07947],[121.62814,18.07941],[121.62803,18.07937],[121.6279,18.07937],[121.62781,18.07949],[121.62781,18.07964],[121.62777,18.07969],[121.6277,18.07986],[121.62766,18.08],[121.62763,18.08009],[121.62761,18.08014],[121.62751,18.08011],[121.62717,18.07988],[121.62697,18.07969],[121.62668,18.07959],[121.62657,18.07944],[121.62659,18.07927],[121.6266,18.07916],[121.62656,18.07903],[121.62665,18.07887],[121.62665,18.07886],[121.62666,18.07884],[121.62663,18.07873],[121.62661,18.07867],[121.62655,18.07848],[121.62631,18.07837],[121.62623,18.07836],[121.62604,18.07836],[121.62595,18.07838],[121.62578,18.07831],[121.62559,18.07825],[121.62555,18.0783],[121.62545,18.07845],[121.62549,18.07882],[121.6254,18.07913],[121.62525,18.07923],[121.62507,18.07921],[121.6249,18.07903],[121.62481,18.07906],[121.62469,18.07909],[121.6244,18.07901],[121.62431,18.07882],[121.62427,18.07875],[121.62412,18.07854],[121.6241,18.07852],[121.62408,18.07851],[121.62394,18.07845],[121.62371,18.07823],[121.6237,18.07792],[121.62377,18.0777],[121.62383,18.07753],[121.62387,18.07744],[121.62384,18.07741],[121.62377,18.07732],[121.62346,18.07709]]],[[[121.62581,18.06873],[121.62592,18.06848],[121.62597,18.0685],[121.62668,18.06871],[121.62725,18.0691],[121.6276,18.0698],[121.62789,18.07065],[121.62806,18.07175],[121.62803,18.07265],[121.62759,18.0734],[121.62656,18.07425],[121.62631,18.07449],[121.62631,18.07447],[121.62619,18.07419],[121.62604,18.07413],[121.626,18.07411],[121.62597,18.0741],[121.62581,18.07402],[121.62593,18.07379],[121.62613,18.07364],[121.62637,18.07347],[121.62664,18.07329],[121.62689,18.0732],[121.62725,18.07312],[121.62752,18.07302],[121.62761,18.07298],[121.62779,18.07276],[121.6278,18.07264],[121.62781,18.07258],[121.62772,18.07244],[121.62748,18.07211],[121.62746,18.07207],[121.62713,18.0712],[121.62707,18.07107],[121.62707,18.07096],[121.62708,18.07075],[121.62628,18.07093],[121.62602,18.07029],[121.62581,18.06873]]],[[[121.62915,18.08307],[121.62954,18.08279],[121.62964,18.0825],[121.62969,18.0823],[121.62977,18.08217],[121.62996,18.08211],[121.63001,18.08211],[121.63,18.08213],[121.63002,18.08321],[121.63002,18.08335],[121.62915,18.08307]]],[[[121.63036,18.06265],[121.63138,18.06225],[121.63138,18.06194],[121.63135,18.06181],[121.63332,18.06119],[121.63407,18.06049],[121.63535,18.0603],[121.63511,18.06268],[121.63542,18.06538],[121.63573,18.06726],[121.63563,18.07205],[121.63532,18.07382],[121.63501,18.07726],[121.63511,18.08007],[121.63605,18.0832],[121.637,18.08463],[121.63662,18.08438],[121.63563,18.08472],[121.63542,18.08424],[121.63459,18.08257],[121.63365,18.0806],[121.63355,18.07903],[121.63365,18.07737],[121.63396,18.07393],[121.63396,18.07237],[121.63407,18.06841],[121.63386,18.06778],[121.63313,18.06664],[121.63219,18.06507],[121.63084,18.06309],[121.63036,18.06265]]],[[[121.63837,18.08629],[121.63865,18.08661],[121.6384,18.08636],[121.63837,18.08629]]]]}},{"type":"Feature","properties":{"id":"LAS-LIQ-013","susceptibility":"high","susceptibility_label":"High","barangay":"Abariongan","hectares":0.69,"data_source":"LGU Lasam liquefaction (2013)"},"geometry":{"type":"MultiPolygon","coordinates":[[[[121.59848581662277,18.008951260774523],[121.59874948000004,18.00876052500007],[121.5989395740013,18.008679056186562],[121.59866,18.00888],[121.5985,18.00906],[121.59848581662277,18.008951260774523]]],[[[121.59927215892927,18.00853651986616],[121.59936425300009,18.008497051000063],[121.59938,18.008501416509787],[121.59938,18.00855],[121.59927215892927,18.00853651986616]]],[[[121.60245203663206,18.014537937488658],[121.6024627700001,18.014519069000073],[121.60252927610999,18.014274834531598],[121.60258,18.01452],[121.60251,18.01465],[121.60245203663206,18.014537937488658]]]]}},{"type":"Feature","properties":{"id":"LAS-LIQ-014","susceptibility":"low","susceptibility_label":"Low","barangay":"Malinta","hectares":140.89,"data_source":"LGU Lasam liquefaction (2013)"},"geometry":{"type":"Polygon","coordinates":[[[121.60111,18.09878],[121.6016,18.09843],[121.60431,18.09688],[121.60507,18.0959],[121.60701,18.09535],[121.60808,18.09446],[121.60887,18.09306],[121.60587,18.09316],[121.60789,18.0905],[121.6084,18.09059],[121.6085,18.08944],[121.60837,18.08946],[121.60781,18.08801],[121.60987,18.08787],[121.61172,18.08698],[121.61228,18.08701],[121.61413,18.08719],[121.61623,18.08775],[121.61864,18.0891],[121.61957,18.08966],[121.62012,18.0904],[121.62062,18.09164],[121.62043,18.09238],[121.61821,18.09213],[121.61617,18.09139],[121.61444,18.09028],[121.61327,18.0896],[121.61265,18.08985],[121.61241,18.09151],[121.61451,18.09429],[121.61593,18.09454],[121.61697,18.09454],[121.61833,18.09528],[121.61944,18.09577],[121.6213,18.09614],[121.62173,18.09725],[121.6221,18.09824],[121.62235,18.09935],[121.62161,18.09985],[121.61815,18.09972],[121.61327,18.09942],[121.61204,18.09954],[121.61117,18.09979],[121.6095,18.09775],[121.60913,18.0962],[121.60876,18.09534],[121.6079,18.09516],[121.60716,18.09528],[121.60574,18.09608],[121.60345,18.09738],[121.60197,18.09843],[121.60129,18.09874],[121.60111,18.09878]]]}},{"type":"Feature","properties":{"id":"LAS-LIQ-015","susceptibility":"low","susceptibility_label":"Low","barangay":"Nicolas Agatep","hectares":28.34,"data_source":"LGU Lasam liquefaction (2013)"},"geometry":{"type":"Polygon","coordinates":[[[121.60024,18.09312],[121.60358,18.09262],[121.60432,18.09083],[121.60432,18.0888],[121.60642,18.08731],[121.60883,18.08682],[121.61172,18.08698],[121.60987,18.08787],[121.60781,18.08801],[121.60837,18.08946],[121.6085,18.08944],[121.6084,18.09059],[121.60789,18.0905],[121.60587,18.09316],[121.60491,18.09159],[121.60135,18.09507],[121.60101,18.09502],[121.60024,18.09367],[121.60024,18.09312]]]}},{"type":"Feature","properties":{"id":"LAS-LIQ-016","susceptibility":"low","susceptibility_label":"Low","barangay":"Centro 01","hectares":107.6,"data_source":"LGU Lasam liquefaction (2013)"},"geometry":{"type":"MultiPolygon","coordinates":[[[[121.5676,18.08185],[121.57044,18.08057],[121.57157,18.08063],[121.5716,18.08052],[121.5729,18.08069],[121.57353,18.08121],[121.57457,18.08172],[121.57557,18.0819],[121.57475,18.08231],[121.57302,18.08361],[121.57153,18.0835],[121.57153,18.08324],[121.57083,18.08345],[121.57055,18.08343],[121.56845,18.08256],[121.56773,18.08234],[121.5676,18.08185]]],[[[121.57697,18.0808],[121.57802,18.07936],[121.57824,18.07918],[121.5782,18.07947],[121.57759,18.08021],[121.57697,18.0808]]],[[[121.58129,18.07329],[121.58204,18.07249],[121.58247,18.07205],[121.58369,18.07081],[121.59106,18.06855],[121.59175,18.06803],[121.59222,18.06793],[121.59345,18.06713],[121.5945,18.06608],[121.59482,18.06571],[121.59631,18.06458],[121.59821,18.06404],[121.59876,18.06441],[121.59938,18.06552],[121.60012,18.06719],[121.60024,18.06873],[121.59975,18.06984],[121.59796,18.07065],[121.59444,18.07169],[121.5937,18.07182],[121.59259,18.07207],[121.59142,18.07262],[121.5882,18.07311],[121.58679,18.07311],[121.58518,18.07324],[121.58148,18.07324],[121.58129,18.07329]]],[[[121.58296,18.0894],[121.58328,18.08887],[121.5833,18.08889],[121.58336,18.089],[121.58343,18.08912],[121.58348,18.08923],[121.58348,18.0893],[121.58345,18.08933],[121.58341,18.08932],[121.58329,18.08925],[121.58317,18.08917],[121.58311,18.08917],[121.58309,18.08926],[121.58308,18.08935],[121.58304,18.0894],[121.583,18.08942],[121.58296,18.0894]]]]}},{"type":"Feature","properties":{"id":"LAS-LIQ-017","susceptibility":"low","susceptibility_label":"Low","barangay":"Gabun","hectares":185.73,"data_source":"LGU Lasam liquefaction (2013)"},"geometry":{"type":"MultiPolygon","coordinates":[[[[121.57896,18.10287],[121.57937,18.1017],[121.5796,18.10151],[121.57901,18.10284],[121.57896,18.10287]]],[[[121.58138,18.09927],[121.58274,18.09637],[121.58286,18.09402],[121.58288,18.09356],[121.583,18.08942],[121.58304,18.0894],[121.58308,18.08935],[121.58309,18.08926],[121.58311,18.08917],[121.58317,18.08917],[121.58329,18.08925],[121.58341,18.08932],[121.58345,18.08933],[121.58348,18.0893],[121.58348,18.08923],[121.58343,18.08912],[121.58336,18.089],[121.5833,18.08889],[121.58328,18.08887],[121.58333,18.0888],[121.58419,18.08707],[121.58512,18.08577],[121.58604,18.08478],[121.58728,18.08392],[121.58993,18.0833],[121.5908,18.08305],[121.59148,18.08219],[121.59308,18.08132],[121.59316,18.08251],[121.59333,18.08391],[121.59316,18.08428],[121.59279,18.08518],[121.59185,18.08658],[121.59131,18.08881],[121.59164,18.08984],[121.59226,18.09095],[121.59296,18.09214],[121.59316,18.09276],[121.59238,18.09403],[121.59045,18.0949],[121.58925,18.09449],[121.58806,18.09333],[121.58757,18.09342],[121.58646,18.09436],[121.58592,18.09568],[121.58555,18.09659],[121.58316,18.0984],[121.58138,18.09927]]],[[[121.5929,18.0983],[121.59327,18.09596],[121.59432,18.09528],[121.59722,18.09577],[121.59981,18.09565],[121.60105,18.09509],[121.60101,18.09502],[121.60135,18.09507],[121.60491,18.09159],[121.60587,18.09316],[121.60887,18.09306],[121.60808,18.09446],[121.60701,18.09535],[121.60507,18.0959],[121.60431,18.09688],[121.6016,18.09843],[121.60111,18.09878],[121.59827,18.09948],[121.59407,18.09935],[121.59364,18.09935],[121.59345,18.09892],[121.5929,18.0983]]]]}},{"type":"Feature","properties":{"id":"LAS-LIQ-018","susceptibility":"low","susceptibility_label":"Low","barangay":"Centro 03","hectares":110.37,"data_source":"LGU Lasam liquefaction (2013)"},"geometry":{"type":"MultiPolygon","coordinates":[[[[121.57152,18.07796],[121.57296,18.07608],[121.57326,18.07534],[121.5731,18.07427],[121.57331,18.07419],[121.5744,18.07268],[121.57605,18.07002],[121.57514,18.06855],[121.57552,18.06848],[121.57803,18.06802],[121.57822,18.06768],[121.57925,18.06762],[121.58073,18.06762],[121.58265,18.06774],[121.5845,18.06818],[121.58635,18.06861],[121.5895,18.06848],[121.59175,18.06803],[121.59106,18.06855],[121.58369,18.07081],[121.58247,18.07205],[121.58204,18.07249],[121.58129,18.07329],[121.57981,18.07373],[121.57888,18.07478],[121.57845,18.07731],[121.57824,18.07918],[121.57802,18.07936],[121.57697,18.0808],[121.5761,18.08163],[121.57582,18.08178],[121.57555,18.08138],[121.575,18.08078],[121.5745,18.0802],[121.5739,18.07958],[121.57305,18.07871],[121.57236,18.0785],[121.57152,18.07796]]],[[[121.59482,18.06571],[121.59561,18.06478],[121.59631,18.06458],[121.59482,18.06571]]]]}},{"type":"Feature","properties":{"id":"LAS-LIQ-019","susceptibility":"low","susceptibility_label":"Low","barangay":"San Pedro","hectares":156.07,"data_source":"LGU Lasam liquefaction (2013)"},"geometry":{"type":"Polygon","coordinates":[[[121.54975,18.10244],[121.54988,18.10056],[121.55135,18.10071],[121.55345,18.10034],[121.5553,18.09966],[121.55629,18.09886],[121.55876,18.09769],[121.56221,18.09676],[121.56308,18.09676],[121.56647,18.09756],[121.56802,18.09787],[121.56888,18.09837],[121.56993,18.09904],[121.57036,18.09911],[121.57246,18.09892],[121.57376,18.09874],[121.57493,18.09806],[121.57623,18.09651],[121.57789,18.09497],[121.57913,18.09367],[121.58086,18.0917],[121.58222,18.09059],[121.58296,18.0894],[121.583,18.08942],[121.58288,18.09356],[121.58286,18.09402],[121.58274,18.09637],[121.58138,18.09927],[121.5809,18.09951],[121.57987,18.10091],[121.5796,18.10151],[121.57937,18.1017],[121.57896,18.10287],[121.57765,18.1035],[121.57604,18.10284],[121.5744,18.10276],[121.57234,18.10346],[121.57028,18.10412],[121.5688,18.10379],[121.5681,18.10309],[121.56711,18.10148],[121.56658,18.09959],[121.56542,18.09873],[121.56394,18.09852],[121.56267,18.09864],[121.56024,18.09922],[121.55896,18.09992],[121.55557,18.10202],[121.55441,18.10227],[121.55256,18.1028],[121.55141,18.10288],[121.54975,18.10244]]]}},{"type":"Feature","properties":{"id":"LAS-LIQ-020","susceptibility":"low","susceptibility_label":"Low","barangay":"Battalan","hectares":311.57,"data_source":"LGU Lasam liquefaction (2013)"},"geometry":{"type":"MultiPolygon","coordinates":[[[[121.54776,18.08925],[121.5481,18.08782],[121.54956,18.0879],[121.55053,18.08785],[121.55047,18.08745],[121.55047,18.08744],[121.54989,18.08608],[121.54969,18.08539],[121.54936,18.08428],[121.54945,18.084],[121.54947,18.08241],[121.54956,18.08136],[121.5494,18.07992],[121.54956,18.07818],[121.54956,18.07716],[121.54997,18.07544],[121.54935,18.07283],[121.55068,18.07176],[121.55067,18.07115],[121.55058,18.07109],[121.55079,18.07108],[121.55246,18.07139],[121.55394,18.07213],[121.55647,18.07386],[121.55826,18.07528],[121.56073,18.07657],[121.56388,18.07775],[121.56437,18.07781],[121.56894,18.08059],[121.56975,18.08046],[121.57073,18.0791],[121.57098,18.07867],[121.57152,18.07796],[121.57236,18.0785],[121.57305,18.07871],[121.5739,18.07958],[121.5745,18.0802],[121.575,18.08078],[121.57555,18.08138],[121.57582,18.08178],[121.57557,18.0819],[121.57457,18.08172],[121.57353,18.08121],[121.5729,18.08069],[121.5716,18.08052],[121.57157,18.08063],[121.57044,18.08057],[121.5676,18.08185],[121.56773,18.08234],[121.56684,18.08207],[121.56555,18.08207],[121.56431,18.08305],[121.5637,18.08423],[121.56388,18.08546],[121.56499,18.0875],[121.56579,18.08898],[121.56456,18.09009],[121.5619,18.09059],[121.55888,18.09071],[121.55456,18.09065],[121.55178,18.0904],[121.54999,18.09003],[121.54776,18.08925]]],[[[121.57083,18.08345],[121.57153,18.08324],[121.57153,18.0835],[121.57083,18.08345]]]]}},{"type":"Feature","properties":{"id":"LAS-LIQ-021","susceptibility":"low","susceptibility_label":"Low","barangay":"Magsaysay","hectares":118.79,"data_source":"LGU Lasam liquefaction (2013)"},"geometry":{"type":"MultiPolygon","coordinates":[[[[121.52313,18.10207],[121.52364,18.10172],[121.52454,18.10171],[121.5254,18.10042],[121.52701,18.10122],[121.52776,18.10154],[121.52797,18.10118],[121.5281,18.10083],[121.52853,18.0997],[121.52853,18.09793],[121.52918,18.098],[121.53085,18.09849],[121.5327,18.09874],[121.53326,18.0983],[121.53468,18.09639],[121.5353,18.09583],[121.53721,18.09454],[121.53974,18.09454],[121.54258,18.09497],[121.54468,18.09608],[121.54579,18.09707],[121.54684,18.09849],[121.54808,18.09979],[121.5495,18.10053],[121.54988,18.10056],[121.54975,18.10244],[121.5491,18.10227],[121.54832,18.10194],[121.54709,18.10124],[121.54589,18.10111],[121.54441,18.10054],[121.54347,18.09947],[121.54285,18.09807],[121.5419,18.09753],[121.54133,18.09741],[121.53807,18.0972],[121.53709,18.09798],[121.53552,18.10025],[121.53433,18.10185],[121.53244,18.10449],[121.52984,18.10564],[121.52799,18.1056],[121.52601,18.10473],[121.52573,18.10416],[121.52515,18.10251],[121.52445,18.10214],[121.52313,18.10207]]],[[[121.53872,18.08606],[121.53922,18.08623],[121.5392,18.08638],[121.53906,18.08633],[121.53872,18.08606]]]]}},{"type":"Feature","properties":{"id":"LAS-LIQ-022","susceptibility":"low","susceptibility_label":"Low","barangay":"Alannay","hectares":19.9,"data_source":"LGU Lasam liquefaction (2013)"},"geometry":{"type":"Polygon","coordinates":[[[121.57166,18.07027],[121.5724,18.06879],[121.57709,18.06774],[121.57822,18.06768],[121.57803,18.06802],[121.57552,18.06848],[121.57514,18.06855],[121.57605,18.07002],[121.5744,18.07268],[121.57331,18.07419],[121.5731,18.07427],[121.57308,18.07416],[121.57209,18.07225],[121.57166,18.07027]]]}},{"type":"Feature","properties":{"id":"LAS-LIQ-023","susceptibility":"low","susceptibility_label":"Low","barangay":"Nabannagan East","hectares":175.44,"data_source":"LGU Lasam liquefaction (2013)"},"geometry":{"type":"Polygon","coordinates":[[[121.5392,18.08638],[121.53922,18.08623],[121.54074,18.08178],[121.54075,18.08173],[121.54065,18.08056],[121.54053,18.07834],[121.54125,18.07824],[121.54122,18.07766],[121.54002,18.07332],[121.5405,18.07233],[121.54079,18.07225],[121.54326,18.07213],[121.5448,18.07244],[121.54882,18.0712],[121.55058,18.07109],[121.55067,18.07115],[121.55068,18.07176],[121.54935,18.07283],[121.54997,18.07544],[121.54956,18.07716],[121.54956,18.07818],[121.5494,18.07992],[121.54956,18.08136],[121.54947,18.08241],[121.54945,18.084],[121.54936,18.08428],[121.54969,18.08539],[121.54989,18.08608],[121.55047,18.08744],[121.55047,18.08745],[121.55053,18.08785],[121.54956,18.0879],[121.5481,18.08782],[121.54776,18.08925],[121.54666,18.08886],[121.54542,18.0883],[121.5432,18.08762],[121.54153,18.08738],[121.5392,18.08638]]]}},{"type":"Feature","properties":{"id":"LAS-LIQ-024","susceptibility":"low","susceptibility_label":"Low","barangay":"Nabannagan West","hectares":246.68,"data_source":"LGU Lasam liquefaction (2013)"},"geometry":{"type":"Polygon","coordinates":[[[121.51806,18.08558],[121.51913,18.08464],[121.51987,18.08344],[121.52276,18.08033],[121.52365,18.07947],[121.52469,18.07876],[121.52529,18.07793],[121.5267,18.07598],[121.52636,18.07435],[121.52857,18.07423],[121.53289,18.07367],[121.53635,18.07336],[121.53801,18.07299],[121.5405,18.07233],[121.54002,18.07332],[121.54122,18.07766],[121.54125,18.07824],[121.54053,18.07834],[121.54065,18.08056],[121.54075,18.08173],[121.54074,18.08178],[121.53922,18.08623],[121.53872,18.08606],[121.5382,18.08565],[121.5369,18.08528],[121.53252,18.08528],[121.53042,18.08546],[121.52869,18.08552],[121.52727,18.08565],[121.5261,18.08608],[121.52134,18.08651],[121.51974,18.08633],[121.51844,18.08577],[121.51806,18.08558]]]}},{"type":"Feature","properties":{"id":"LAS-LIQ-025","susceptibility":"low","susceptibility_label":"Low","barangay":"Cabatacan East","hectares":276.93,"data_source":"LGU Lasam liquefaction (2013)"},"geometry":{"type":"Polygon","coordinates":[[[121.48365,18.07436],[121.48368,18.07435],[121.48455,18.07349],[121.4851,18.0725],[121.48566,18.07145],[121.48825,18.07071],[121.49073,18.07071],[121.49129,18.07178],[121.49286,18.07216],[121.4946,18.07248],[121.49563,18.07201],[121.49628,18.07262],[121.49757,18.07281],[121.49912,18.07268],[121.50023,18.07176],[121.50075,18.07082],[121.50301,18.07],[121.50323,18.07241],[121.50284,18.07299],[121.50355,18.0743],[121.50302,18.07581],[121.50276,18.07758],[121.50228,18.079],[121.50199,18.08082],[121.50359,18.08181],[121.50532,18.08264],[121.50538,18.08273],[121.50535,18.08281],[121.50511,18.08386],[121.50418,18.08559],[121.50325,18.08639],[121.5019,18.08744],[121.50066,18.09015],[121.5006,18.0917],[121.50103,18.0925],[121.50239,18.09349],[121.50332,18.09411],[121.50548,18.09491],[121.50668,18.09551],[121.50642,18.09568],[121.50589,18.09547],[121.50461,18.09535],[121.50272,18.09519],[121.50157,18.09486],[121.50111,18.09473],[121.50028,18.09473],[121.50026,18.09454],[121.50079,18.09307],[121.49943,18.09214],[121.49881,18.0923],[121.49809,18.09262],[121.49738,18.09288],[121.49712,18.09269],[121.49712,18.09228],[121.49721,18.09199],[121.49739,18.0917],[121.49761,18.09103],[121.49762,18.09024],[121.49791,18.08919],[121.49798,18.08842],[121.49813,18.08814],[121.49795,18.08772],[121.49793,18.08736],[121.49774,18.08721],[121.49765,18.08682],[121.49756,18.08632],[121.49757,18.08614],[121.49736,18.08596],[121.4972,18.08582],[121.49718,18.0856],[121.49722,18.08546],[121.49706,18.08526],[121.49674,18.08499],[121.4966,18.08477],[121.49667,18.08452],[121.49664,18.08428],[121.49646,18.08406],[121.49632,18.08375],[121.49622,18.08341],[121.4959,18.08327],[121.49548,18.08329],[121.49509,18.08338],[121.49495,18.08345],[121.49474,18.08364],[121.49459,18.08362],[121.49441,18.08345],[121.49421,18.08334],[121.49389,18.08342],[121.49346,18.08346],[121.49323,18.08342],[121.49306,18.0833],[121.49291,18.08307],[121.49274,18.08281],[121.49279,18.08232],[121.49271,18.08214],[121.49242,18.08184],[121.49219,18.08157],[121.49194,18.08146],[121.49147,18.0814],[121.49114,18.08149],[121.49083,18.08145],[121.49078,18.0812],[121.49068,18.08106],[121.49048,18.08105],[121.49031,18.08125],[121.49007,18.08124],[121.48998,18.08109],[121.49006,18.08081],[121.4901,18.0805],[121.48995,18.08006],[121.49002,18.07973],[121.4899,18.07963],[121.48948,18.0797],[121.48946,18.07934],[121.48929,18.07882],[121.48946,18.07861],[121.48942,18.07848],[121.48909,18.07844],[121.48861,18.07811],[121.48822,18.07839],[121.48799,18.07851],[121.48791,18.07818],[121.48764,18.07799],[121.48786,18.07745],[121.48776,18.07727],[121.48754,18.07724],[121.48725,18.07768],[121.48675,18.07725],[121.48622,18.07678],[121.48589,18.07681],[121.48568,18.07709],[121.48548,18.07775],[121.48529,18.07815],[121.48481,18.07845],[121.48421,18.07633],[121.48365,18.07436]]]}},{"type":"Feature","properties":{"id":"LAS-LIQ-026","susceptibility":"low","susceptibility_label":"Low","barangay":"Cabatacan West","hectares":417.09,"data_source":"LGU Lasam liquefaction (2013)"},"geometry":{"type":"Polygon","coordinates":[[[121.47117,18.08059],[121.47125,18.08017],[121.47142,18.07947],[121.47216,18.07853],[121.47306,18.07713],[121.47436,18.07645],[121.47498,18.0762],[121.47646,18.07565],[121.47844,18.07491],[121.48029,18.07484],[121.48158,18.07484],[121.48365,18.07436],[121.48421,18.07633],[121.48481,18.07845],[121.48529,18.07815],[121.48548,18.07775],[121.48568,18.07709],[121.48589,18.07681],[121.48622,18.07678],[121.48675,18.07725],[121.48725,18.07768],[121.48754,18.07724],[121.48776,18.07727],[121.48786,18.07745],[121.48764,18.07799],[121.48791,18.07818],[121.48799,18.07851],[121.48822,18.07839],[121.48861,18.07811],[121.48909,18.07844],[121.48942,18.07848],[121.48946,18.07861],[121.48929,18.07882],[121.48946,18.07934],[121.48948,18.0797],[121.4899,18.07963],[121.49002,18.07973],[121.48995,18.08006],[121.4901,18.0805],[121.49006,18.08081],[121.48998,18.08109],[121.49007,18.08124],[121.49031,18.08125],[121.49048,18.08105],[121.49068,18.08106],[121.49078,18.0812],[121.49083,18.08145],[121.49114,18.08149],[121.49147,18.0814],[121.49194,18.08146],[121.49219,18.08157],[121.49242,18.08184],[121.49271,18.08214],[121.49279,18.08232],[121.49274,18.08281],[121.49291,18.08307],[121.49306,18.0833],[121.49323,18.08342],[121.49346,18.08346],[121.49389,18.08342],[121.49421,18.08334],[121.49441,18.08345],[121.49459,18.08362],[121.49474,18.08364],[121.49495,18.08345],[121.49509,18.08338],[121.49548,18.08329],[121.4959,18.08327],[121.49622,18.08341],[121.49632,18.08375],[121.49646,18.08406],[121.49664,18.08428],[121.49667,18.08452],[121.4966,18.08477],[121.49674,18.08499],[121.49706,18.08526],[121.49722,18.08546],[121.49718,18.0856],[121.4972,18.08582],[121.49736,18.08596],[121.49757,18.08614],[121.49756,18.08632],[121.49765,18.08682],[121.49774,18.08721],[121.49793,18.08736],[121.49795,18.08772],[121.49813,18.08814],[121.49798,18.08842],[121.49791,18.08919],[121.49762,18.09024],[121.49761,18.09103],[121.49739,18.0917],[121.49721,18.09199],[121.49712,18.09228],[121.49712,18.09269],[121.49738,18.09288],[121.49809,18.09262],[121.49881,18.0923],[121.49943,18.09214],[121.50079,18.09307],[121.50026,18.09454],[121.50028,18.09473],[121.49947,18.09473],[121.49881,18.09527],[121.49811,18.09584],[121.497,18.09597],[121.4956,18.09552],[121.49399,18.09461],[121.49296,18.09416],[121.49152,18.09383],[121.49058,18.09391],[121.4884,18.09416],[121.48708,18.09461],[121.48576,18.09482],[121.48428,18.09469],[121.48315,18.09404],[121.4822,18.09343],[121.48056,18.09178],[121.47961,18.09059],[121.47852,18.08927],[121.47804,18.08828],[121.47722,18.08713],[121.47611,18.08622],[121.47508,18.08536],[121.47405,18.08462],[121.47302,18.08375],[121.47253,18.08301],[121.47154,18.08149],[121.47117,18.08059]]]}},{"type":"Feature","properties":{"id":"LAS-LIQ-027","susceptibility":"low","susceptibility_label":"Low","barangay":"Tucalan Passing","hectares":118.57,"data_source":"LGU Lasam liquefaction (2013)"},"geometry":{"type":"Polygon","coordinates":[[[121.50642,18.09568],[121.50668,18.09551],[121.50671,18.09553],[121.50739,18.0959],[121.50776,18.09608],[121.50937,18.09645],[121.51109,18.09645],[121.51282,18.09627],[121.51492,18.09577],[121.51659,18.09516],[121.51838,18.09509],[121.51943,18.09522],[121.52103,18.09559],[121.52295,18.09633],[121.52418,18.09744],[121.52727,18.09781],[121.52853,18.09793],[121.52853,18.0997],[121.5281,18.10083],[121.52797,18.10118],[121.52776,18.10154],[121.52701,18.10122],[121.5254,18.10042],[121.52454,18.10171],[121.52364,18.10172],[121.52313,18.10207],[121.52289,18.10206],[121.52169,18.10194],[121.52058,18.10124],[121.51968,18.09988],[121.51754,18.09975],[121.51572,18.10021],[121.51461,18.10095],[121.51305,18.10194],[121.51144,18.10198],[121.50922,18.10107],[121.50774,18.10041],[121.50712,18.09943],[121.50692,18.09807],[121.50741,18.0972],[121.50725,18.09601],[121.50642,18.09568]]]}},{"type":"Feature","properties":{"id":"LAS-LIQ-028","susceptibility":"low","susceptibility_label":"Low","barangay":"New Orlins","hectares":227.22,"data_source":"LGU Lasam liquefaction (2013)"},"geometry":{"type":"Polygon","coordinates":[[[121.50199,18.08082],[121.50228,18.079],[121.50276,18.07758],[121.50302,18.07581],[121.50355,18.0743],[121.50284,18.07299],[121.50323,18.07241],[121.50301,18.07],[121.50598,18.06938],[121.5064,18.07065],[121.50776,18.07132],[121.51079,18.07163],[121.51289,18.07182],[121.51455,18.07244],[121.51659,18.07355],[121.51955,18.07472],[121.52636,18.07435],[121.5267,18.07598],[121.52529,18.07793],[121.52469,18.07876],[121.52365,18.07947],[121.52276,18.08033],[121.51987,18.08344],[121.51913,18.08464],[121.51806,18.08558],[121.51659,18.08485],[121.51579,18.08355],[121.51529,18.08219],[121.51455,18.08083],[121.51338,18.07947],[121.51159,18.07824],[121.50992,18.07775],[121.50844,18.07824],[121.50751,18.07898],[121.50653,18.08059],[121.50579,18.08176],[121.50538,18.08273],[121.50532,18.08264],[121.50359,18.08181],[121.50199,18.08082]]]}},{"type":"Feature","properties":{"id":"LAS-LIQ-029","susceptibility":"low","susceptibility_label":"Low","barangay":"Peru","hectares":292.31,"data_source":"LGU Lasam liquefaction (2013)"},"geometry":{"type":"MultiPolygon","coordinates":[[[[121.49073,18.07071],[121.49245,18.07071],[121.49362,18.07083],[121.49455,18.0712],[121.49523,18.07163],[121.49563,18.07201],[121.4946,18.07248],[121.49286,18.07216],[121.49129,18.07178],[121.49073,18.07071]]],[[[121.49406,18.05311],[121.49529,18.05299],[121.49745,18.05342],[121.49912,18.05422],[121.50159,18.05453],[121.50406,18.05404],[121.50541,18.05305],[121.50646,18.05138],[121.50696,18.04953],[121.50739,18.04848],[121.50893,18.0483],[121.50986,18.04867],[121.51251,18.04916],[121.51326,18.05015],[121.51443,18.05305],[121.51585,18.05626],[121.51653,18.05805],[121.51616,18.0612],[121.51468,18.06268],[121.51097,18.06293],[121.50788,18.06287],[121.50369,18.06287],[121.50264,18.06342],[121.50295,18.0646],[121.50412,18.06558],[121.50572,18.06781],[121.50597,18.06935],[121.50598,18.06938],[121.50301,18.07],[121.50075,18.07082],[121.50085,18.07065],[121.50085,18.06966],[121.50054,18.06842],[121.50017,18.06781],[121.49893,18.06571],[121.49801,18.06453],[121.49788,18.06348],[121.49819,18.06268],[121.49856,18.06058],[121.49844,18.05892],[121.4977,18.0578],[121.49609,18.05663],[121.49436,18.05453],[121.49406,18.05311]]]]}},{"type":"Feature","properties":{"id":"LAS-LIQ-030","susceptibility":"moderate","susceptibility_label":"Moderate","barangay":"Ignacio B Jurado","hectares":245.82,"data_source":"LGU Lasam liquefaction (2013)"},"geometry":{"type":"MultiPolygon","coordinates":[[[[121.59466,18.05679],[121.59723,18.0546],[121.59821,18.05352],[121.59945,18.05324],[121.60198,18.05364],[121.60355,18.05343],[121.60491,18.05476],[121.60587,18.05577],[121.60602,18.05627],[121.60525,18.05661],[121.60377,18.05685],[121.60303,18.05707],[121.60321,18.05815],[121.60359,18.05843],[121.60373,18.05849],[121.60342,18.05848],[121.60301,18.05863],[121.60244,18.05895],[121.60217,18.05941],[121.60217,18.05973],[121.60228,18.05993],[121.60277,18.0603],[121.60438,18.06075],[121.60434,18.0608],[121.60415,18.06099],[121.60399,18.06117],[121.6038,18.06128],[121.60337,18.06138],[121.6029,18.06146],[121.60282,18.06148],[121.60239,18.06149],[121.60209,18.06142],[121.60207,18.06142],[121.60186,18.06124],[121.60181,18.06102],[121.6019,18.06072],[121.60182,18.06029],[121.60015,18.0586],[121.59925,18.05769],[121.59897,18.05749],[121.59868,18.0573],[121.59843,18.05719],[121.59812,18.05717],[121.59789,18.05718],[121.59775,18.05723],[121.59747,18.05734],[121.59682,18.05738],[121.59601,18.05714],[121.59553,18.05699],[121.59532,18.05692],[121.59466,18.05679]]],[[[121.60649,18.06807],[121.60736,18.0691],[121.60838,18.0697],[121.60823,18.0697],[121.60786,18.06956],[121.60702,18.06912],[121.60661,18.06863],[121.60649,18.06807]]],[[[121.60763,18.06192],[121.60922,18.06307],[121.6091,18.06128],[121.60928,18.05924],[121.60879,18.05671],[121.60842,18.05455],[121.60879,18.05325],[121.60977,18.05251],[121.61144,18.05109],[121.6128,18.05066],[121.61329,18.05054],[121.61323,18.05179],[121.61321,18.05223],[121.61379,18.05306],[121.61571,18.05734],[121.6179,18.05649],[121.61934,18.05908],[121.61991,18.06199],[121.61792,18.06265],[121.61813,18.06393],[121.61818,18.06403],[121.61835,18.06438],[121.6189,18.06619],[121.61929,18.06706],[121.61937,18.06728],[121.61946,18.06748],[121.62077,18.0709],[121.61926,18.07155],[121.61735,18.07239],[121.61697,18.07255],[121.61583,18.07312],[121.61578,18.0726],[121.61511,18.072],[121.6148,18.0717],[121.61483,18.07129],[121.61473,18.06983],[121.61348,18.06869],[121.61233,18.06806],[121.61098,18.0677],[121.60936,18.06738],[121.60832,18.06676],[121.60817,18.06561],[121.60796,18.06436],[121.6078,18.06296],[121.60763,18.06192]]],[[[121.61106,18.07303],[121.61129,18.07245],[121.61147,18.07285],[121.61175,18.07382],[121.61142,18.07411],[121.61108,18.07393],[121.61106,18.07303]]]]}},{"type":"Feature","properties":{"id":"LAS-LIQ-031","susceptibility":"moderate","susceptibility_label":"Moderate","barangay":"Finugo Norte","hectares":124.01,"data_source":"LGU Lasam liquefaction (2013)"},"geometry":{"type":"MultiPolygon","coordinates":[[[[121.6115,18.07633],[121.61196,18.07607],[121.61194,18.07629],[121.61163,18.07681],[121.61153,18.07642],[121.6115,18.07633]]],[[[121.614,18.07624],[121.61407,18.07502],[121.61411,18.07496],[121.61455,18.07472],[121.61516,18.07454],[121.61554,18.07405],[121.6157,18.07362],[121.61583,18.07312],[121.61697,18.07255],[121.61735,18.07239],[121.61926,18.07155],[121.62077,18.0709],[121.62218,18.07025],[121.62292,18.06991],[121.62353,18.06963],[121.62409,18.07132],[121.62623,18.07094],[121.62628,18.07093],[121.62645,18.07132],[121.62677,18.07228],[121.62641,18.07313],[121.6252,18.07402],[121.62389,18.07508],[121.62332,18.07608],[121.62304,18.0775],[121.62311,18.07838],[121.62382,18.07906],[121.62503,18.07963],[121.62588,18.07977],[121.62723,18.08012],[121.62797,18.08044],[121.62887,18.08089],[121.62881,18.08157],[121.62853,18.08196],[121.62795,18.08216],[121.62743,18.08238],[121.62741,18.08235],[121.6272,18.08239],[121.62697,18.08252],[121.62706,18.08262],[121.627,18.0827],[121.62685,18.08286],[121.62683,18.08314],[121.62702,18.08323],[121.62694,18.08421],[121.62594,18.08384],[121.62569,18.08375],[121.62522,18.08358],[121.62259,18.08202],[121.6215,18.08093],[121.62103,18.08041],[121.62009,18.0803],[121.61916,18.08025],[121.61801,18.07999],[121.61655,18.07963],[121.6153,18.07916],[121.61416,18.07817],[121.614,18.07624]]],[[[121.61463,18.07995],[121.61554,18.08041],[121.61689,18.08093],[121.61851,18.08145],[121.61957,18.08187],[121.61932,18.08188],[121.61821,18.08177],[121.61753,18.08145],[121.61704,18.08119],[121.61651,18.08088],[121.6159,18.08083],[121.61526,18.08081],[121.61474,18.08045],[121.61463,18.07995]]],[[[121.62407,18.08477],[121.62476,18.0852],[121.6256,18.08576],[121.62521,18.08579],[121.62465,18.08559],[121.62421,18.08522],[121.62407,18.08477]]],[[[121.62594,18.07485],[121.62631,18.07449],[121.62631,18.0745],[121.62633,18.07461],[121.62615,18.07476],[121.62611,18.07479],[121.62594,18.07485]]],[[[121.63001,18.08211],[121.6303,18.08158],[121.63033,18.08167],[121.63035,18.08171],[121.63033,18.0818],[121.63025,18.08203],[121.63019,18.0821],[121.63001,18.08211]]]]}},{"type":"Feature","properties":{"id":"LAS-LIQ-032","susceptibility":"moderate","susceptibility_label":"Moderate","barangay":"Malinta","hectares":94.83,"data_source":"LGU Lasam liquefaction (2013)"},"geometry":{"type":"MultiPolygon","coordinates":[[[[121.61241,18.09151],[121.61265,18.08985],[121.61327,18.0896],[121.61444,18.09028],[121.61617,18.09139],[121.61821,18.09213],[121.62043,18.09238],[121.62275,18.09103],[121.62479,18.08825],[121.62485,18.08664],[121.62362,18.0859],[121.623,18.08485],[121.62238,18.08436],[121.62078,18.0843],[121.61722,18.08482],[121.61724,18.08465],[121.61742,18.08385],[121.61677,18.08222],[121.61704,18.08119],[121.61753,18.08145],[121.61821,18.08177],[121.61932,18.08188],[121.61957,18.08187],[121.62101,18.08244],[121.62236,18.08322],[121.62335,18.08431],[121.62407,18.08477],[121.62421,18.08522],[121.62465,18.08559],[121.62521,18.08579],[121.6256,18.08576],[121.62569,18.08582],[121.6258,18.08723],[121.62512,18.08921],[121.62439,18.09077],[121.62481,18.09218],[121.62582,18.09315],[121.62594,18.09364],[121.6265,18.09427],[121.62714,18.09465],[121.62702,18.0963],[121.62703,18.09723],[121.62748,18.09874],[121.6259,18.09769],[121.6213,18.09614],[121.61944,18.09577],[121.61833,18.09528],[121.61697,18.09454],[121.61593,18.09454],[121.61451,18.09429],[121.61241,18.09151]]],[[[121.62676,18.09046],[121.62778,18.08921],[121.62903,18.08796],[121.62939,18.08707],[121.62944,18.08624],[121.62975,18.08594],[121.62978,18.08596],[121.63023,18.08634],[121.63032,18.0869],[121.63002,18.08731],[121.62927,18.08789],[121.62835,18.08904],[121.62676,18.09046]]]]}},{"type":"Feature","properties":{"id":"LAS-LIQ-033","susceptibility":"moderate","susceptibility_label":"Moderate","barangay":"Minanga Sur","hectares":195.97,"data_source":"LGU Lasam liquefaction (2013)"},"geometry":{"type":"MultiPolygon","coordinates":[[[[121.62582,18.09315],[121.62627,18.09359],[121.62741,18.09374],[121.62872,18.09333],[121.63106,18.09254],[121.63236,18.09213],[121.63335,18.09244],[121.63429,18.09421],[121.63429,18.09562],[121.63491,18.09676],[121.63611,18.0977],[121.63731,18.09822],[121.63835,18.09801],[121.63934,18.09713],[121.63986,18.09671],[121.64101,18.0965],[121.64251,18.09703],[121.64193,18.0976],[121.64103,18.0986],[121.64017,18.09902],[121.63883,18.09916],[121.63768,18.09919],[121.63643,18.09893],[121.63591,18.09848],[121.63461,18.09875],[121.63461,18.09874],[121.63418,18.09819],[121.63269,18.09788],[121.63127,18.09887],[121.6301,18.09924],[121.62918,18.09924],[121.62776,18.09893],[121.62748,18.09874],[121.62703,18.09723],[121.62702,18.0963],[121.62714,18.09465],[121.6265,18.09427],[121.62594,18.09364],[121.62582,18.09315]]],[[[121.62637,18.09093],[121.62676,18.09046],[121.62835,18.08904],[121.62927,18.08789],[121.63002,18.08731],[121.63032,18.0869],[121.63023,18.08634],[121.62978,18.08596],[121.62975,18.08594],[121.63006,18.08563],[121.63002,18.08335],[121.6301,18.08337],[121.63029,18.08385],[121.63125,18.08379],[121.63241,18.08372],[121.63374,18.08355],[121.63366,18.08425],[121.63364,18.08481],[121.63528,18.08483],[121.63563,18.08472],[121.63636,18.08643],[121.63761,18.08758],[121.63969,18.08872],[121.64084,18.08945],[121.63973,18.08799],[121.64008,18.08834],[121.64293,18.0914],[121.64379,18.09289],[121.64447,18.09431],[121.64453,18.09511],[121.64544,18.09619],[121.64598,18.09764],[121.64567,18.0976],[121.64544,18.09739],[121.64403,18.09671],[121.64169,18.09629],[121.63877,18.09551],[121.63773,18.09499],[121.63622,18.09395],[121.63538,18.09317],[121.63486,18.09228],[121.63314,18.09124],[121.632,18.09145],[121.63033,18.09187],[121.62731,18.09223],[121.62658,18.09197],[121.62637,18.09093]]],[[[121.62683,18.08314],[121.62685,18.08286],[121.627,18.0827],[121.62706,18.08262],[121.62697,18.08252],[121.6272,18.08239],[121.62741,18.08235],[121.62743,18.08238],[121.6273,18.08244],[121.62703,18.08302],[121.62702,18.08323],[121.62683,18.08314]]],[[[121.637,18.08463],[121.63708,18.08465],[121.63761,18.08543],[121.6373,18.08508],[121.637,18.08463]]]]}},{"type":"Feature","properties":{"id":"LAS-LIQ-034","susceptibility":"moderate","susceptibility_label":"Moderate","barangay":"Nicolas Agatep","hectares":56.16,"data_source":"LGU Lasam liquefaction (2013)"},"geometry":{"type":"Polygon","coordinates":[[[121.59901,18.07945],[121.59998,18.07687],[121.60012,18.07711],[121.60019,18.0772],[121.60028,18.07734],[121.60037,18.07742],[121.60049,18.07743],[121.60071,18.0774],[121.60079,18.07739],[121.60086,18.07742],[121.60099,18.07747],[121.60104,18.07751],[121.60111,18.07757],[121.6013,18.07775],[121.60145,18.07779],[121.60157,18.07778],[121.60171,18.0776],[121.60196,18.0774],[121.60215,18.07725],[121.60216,18.07725],[121.60235,18.07713],[121.60244,18.07705],[121.60246,18.07698],[121.60244,18.07687],[121.60229,18.07682],[121.60217,18.07681],[121.60209,18.07676],[121.60201,18.07667],[121.60197,18.07657],[121.602,18.07645],[121.60209,18.07632],[121.60214,18.07619],[121.60214,18.07609],[121.60215,18.07605],[121.6021,18.07597],[121.60205,18.07587],[121.60205,18.07578],[121.6021,18.07566],[121.60214,18.07553],[121.60224,18.07537],[121.60236,18.07529],[121.60244,18.07527],[121.6025,18.07525],[121.60261,18.07524],[121.60278,18.07532],[121.60287,18.07534],[121.60298,18.07538],[121.60308,18.07543],[121.60323,18.07542],[121.60326,18.07536],[121.60325,18.07525],[121.60319,18.07508],[121.60303,18.07493],[121.60294,18.07487],[121.60278,18.07484],[121.60259,18.07475],[121.60239,18.07469],[121.6023,18.07454],[121.60234,18.0744],[121.60248,18.07421],[121.60263,18.07406],[121.6028,18.07383],[121.60291,18.07375],[121.6032,18.07375],[121.60331,18.07383],[121.60339,18.07392],[121.60351,18.07401],[121.60352,18.07403],[121.60364,18.07423],[121.60368,18.07428],[121.60377,18.0744],[121.60389,18.0745],[121.60399,18.07458],[121.60404,18.07467],[121.60406,18.0747],[121.6041,18.07479],[121.60409,18.07492],[121.60404,18.075],[121.60396,18.07508],[121.60388,18.07517],[121.60386,18.07527],[121.60391,18.07537],[121.60402,18.07553],[121.60407,18.0756],[121.60409,18.07563],[121.6041,18.07568],[121.60404,18.07576],[121.60399,18.0758],[121.60387,18.07588],[121.60376,18.07591],[121.6037,18.07599],[121.60367,18.0761],[121.60374,18.07621],[121.60386,18.07633],[121.604,18.07635],[121.60412,18.0763],[121.60416,18.07628],[121.60419,18.07628],[121.60427,18.07626],[121.6044,18.07622],[121.60446,18.07621],[121.60457,18.07624],[121.60463,18.07631],[121.60462,18.07642],[121.60445,18.07676],[121.60443,18.07697],[121.6044,18.07717],[121.60436,18.07733],[121.60435,18.07735],[121.60426,18.07746],[121.60418,18.07757],[121.60417,18.07764],[121.6042,18.07776],[121.60418,18.07803],[121.60416,18.07807],[121.60406,18.07802],[121.60392,18.07803],[121.60387,18.07812],[121.60386,18.07822],[121.60389,18.0783],[121.60397,18.07831],[121.60411,18.07837],[121.60419,18.07851],[121.60421,18.07852],[121.60428,18.07857],[121.60435,18.07857],[121.60443,18.07853],[121.60446,18.07851],[121.60455,18.07838],[121.60456,18.07835],[121.60463,18.07816],[121.60475,18.07797],[121.60498,18.07793],[121.60512,18.07796],[121.60528,18.07796],[121.60534,18.07798],[121.60539,18.07801],[121.6054,18.07807],[121.6054,18.07809],[121.60538,18.07816],[121.60535,18.07823],[121.60533,18.07829],[121.60532,18.0783],[121.60521,18.07843],[121.60517,18.07847],[121.60498,18.07879],[121.60483,18.07904],[121.60485,18.07916],[121.6049,18.07927],[121.605,18.07936],[121.60509,18.0794],[121.60528,18.07939],[121.60533,18.07934],[121.60542,18.07919],[121.60543,18.07903],[121.60542,18.07889],[121.6055,18.07881],[121.60555,18.07879],[121.60563,18.07877],[121.60571,18.07878],[121.60576,18.07879],[121.60578,18.07879],[121.60588,18.07884],[121.60594,18.0789],[121.60596,18.07893],[121.60599,18.07895],[121.60608,18.07902],[121.60619,18.07912],[121.60632,18.07917],[121.60642,18.07919],[121.60649,18.07916],[121.60658,18.07908],[121.60663,18.07904],[121.60674,18.07883],[121.60677,18.07871],[121.60675,18.07861],[121.60667,18.07846],[121.60648,18.07827],[121.60634,18.07805],[121.60637,18.07795],[121.60651,18.07788],[121.6067,18.07788],[121.60679,18.07789],[121.6069,18.07784],[121.60701,18.07778],[121.60706,18.07777],[121.6072,18.07773],[121.60743,18.07766],[121.60764,18.07767],[121.60787,18.07771],[121.60815,18.07781],[121.6083,18.078],[121.60842,18.07799],[121.60852,18.07796],[121.60856,18.07784],[121.60879,18.07716],[121.6088,18.07713],[121.6089,18.07696],[121.60897,18.07683],[121.6091,18.07672],[121.60929,18.07675],[121.60947,18.07684],[121.60958,18.07698],[121.6096,18.07702],[121.60969,18.07713],[121.60994,18.07732],[121.6101,18.07731],[121.61016,18.0773],[121.61038,18.07723],[121.61054,18.07708],[121.61115,18.07653],[121.61153,18.07642],[121.61163,18.07681],[121.61132,18.07733],[121.61126,18.07806],[121.61335,18.07931],[121.61463,18.07995],[121.61474,18.08045],[121.61526,18.08081],[121.6159,18.08083],[121.61651,18.08088],[121.61704,18.08119],[121.61677,18.08222],[121.61742,18.08385],[121.61724,18.08465],[121.61722,18.08482],[121.61701,18.08485],[121.61547,18.08547],[121.61436,18.08491],[121.61356,18.08405],[121.61399,18.08275],[121.61467,18.08238],[121.6151,18.08177],[121.61454,18.08072],[121.6138,18.08022],[121.61177,18.07948],[121.61065,18.07923],[121.60652,18.0801],[121.60244,18.08028],[121.6001,18.07973],[121.59901,18.07945]]]}},{"type":"Feature","properties":{"id":"LAS-LIQ-035","susceptibility":"moderate","susceptibility_label":"Moderate","barangay":"Centro 01","hectares":306.3,"data_source":"LGU Lasam liquefaction (2013)"},"geometry":{"type":"MultiPolygon","coordinates":[[[[121.56773,18.08234],[121.56845,18.08256],[121.57055,18.08343],[121.57083,18.08345],[121.56981,18.08374],[121.56787,18.08288],[121.56773,18.08234]]],[[[121.57063,18.08843],[121.57113,18.08748],[121.57127,18.08721],[121.57154,18.08414],[121.57153,18.0835],[121.57302,18.08361],[121.57475,18.08231],[121.57557,18.0819],[121.57596,18.08197],[121.57623,18.08183],[121.57697,18.0808],[121.57759,18.08021],[121.5782,18.07947],[121.57824,18.07918],[121.57895,18.0786],[121.57848,18.07847],[121.57913,18.07623],[121.57995,18.07435],[121.58083,18.07368],[121.58089,18.07372],[121.58129,18.07329],[121.58148,18.07324],[121.58518,18.07324],[121.58679,18.07311],[121.5882,18.07311],[121.59142,18.07262],[121.59259,18.07207],[121.5937,18.07182],[121.59444,18.07169],[121.59796,18.07065],[121.59975,18.06984],[121.60024,18.06873],[121.60012,18.06719],[121.59938,18.06552],[121.59876,18.06441],[121.59821,18.06404],[121.59631,18.06458],[121.59651,18.06443],[121.59656,18.06434],[121.59666,18.06403],[121.5969,18.06337],[121.59704,18.06315],[121.59723,18.06286],[121.59739,18.06267],[121.59749,18.06254],[121.59835,18.06316],[121.599,18.06362],[121.59972,18.06412],[121.60027,18.0645],[121.60106,18.06506],[121.60193,18.06564],[121.60265,18.06614],[121.60284,18.06627],[121.60297,18.06637],[121.60309,18.06647],[121.6035,18.06683],[121.60444,18.06774],[121.60543,18.06869],[121.60558,18.06882],[121.60568,18.06894],[121.60577,18.06905],[121.60584,18.06916],[121.6059,18.06924],[121.60595,18.06937],[121.60599,18.06948],[121.60603,18.0696],[121.60602,18.06967],[121.60602,18.0698],[121.60601,18.06993],[121.60597,18.07007],[121.60593,18.07016],[121.60588,18.07025],[121.60578,18.07037],[121.60565,18.07048],[121.60516,18.07092],[121.60468,18.07132],[121.60406,18.07186],[121.60353,18.0723],[121.60293,18.07281],[121.6021,18.07349],[121.60109,18.0743],[121.59975,18.07542],[121.59967,18.07549],[121.59916,18.07589],[121.5989,18.07608],[121.59888,18.07603],[121.59897,18.07581],[121.59891,18.07576],[121.59882,18.07571],[121.59871,18.07568],[121.5986,18.0757],[121.59856,18.07574],[121.59849,18.07572],[121.59846,18.07569],[121.59839,18.07565],[121.59826,18.0756],[121.59817,18.07564],[121.59814,18.07575],[121.59813,18.07598],[121.59809,18.07624],[121.59804,18.07634],[121.59799,18.0764],[121.59792,18.07648],[121.59789,18.07652],[121.59782,18.0766],[121.5978,18.07662],[121.59774,18.07667],[121.59768,18.07671],[121.5976,18.07669],[121.59754,18.07657],[121.59753,18.07648],[121.5975,18.07628],[121.59749,18.07625],[121.59749,18.07622],[121.59748,18.07618],[121.59749,18.0761],[121.5975,18.07584],[121.59759,18.07575],[121.59769,18.07568],[121.59774,18.07562],[121.59772,18.07555],[121.59762,18.07545],[121.59755,18.07533],[121.59749,18.07523],[121.59747,18.0752],[121.59743,18.0751],[121.59731,18.07496],[121.59721,18.0749],[121.59713,18.0749],[121.5971,18.07493],[121.59709,18.07496],[121.59705,18.075],[121.597,18.07511],[121.59697,18.07517],[121.59687,18.07519],[121.59683,18.07512],[121.59682,18.07502],[121.59682,18.07491],[121.59681,18.07487],[121.59681,18.0748],[121.59682,18.07469],[121.59682,18.07445],[121.5968,18.07438],[121.59679,18.07435],[121.59676,18.07427],[121.5967,18.07421],[121.59656,18.07413],[121.59641,18.07409],[121.59633,18.07407],[121.59622,18.07403],[121.59612,18.07395],[121.59609,18.07379],[121.59618,18.07372],[121.59629,18.07359],[121.59629,18.07341],[121.5963,18.07338],[121.59626,18.07325],[121.59629,18.07317],[121.59626,18.07304],[121.59621,18.073],[121.59612,18.07299],[121.59602,18.07308],[121.59599,18.07311],[121.59594,18.07315],[121.59578,18.07305],[121.59572,18.07301],[121.59568,18.07298],[121.59565,18.07296],[121.5955,18.07294],[121.59525,18.07289],[121.59519,18.07288],[121.59509,18.07286],[121.59504,18.07294],[121.59506,18.07305],[121.59509,18.07315],[121.5951,18.07322],[121.59511,18.07326],[121.59511,18.07329],[121.59513,18.07335],[121.59513,18.07337],[121.59516,18.07349],[121.59506,18.07358],[121.59504,18.0736],[121.59486,18.07358],[121.59474,18.07349],[121.59474,18.07348],[121.59454,18.07335],[121.59449,18.07332],[121.59436,18.07323],[121.59432,18.07321],[121.59424,18.07323],[121.59417,18.07325],[121.59416,18.07334],[121.59416,18.07339],[121.59414,18.07348],[121.59408,18.0735],[121.59406,18.07351],[121.59399,18.07357],[121.59397,18.07365],[121.59396,18.07368],[121.59396,18.07395],[121.59394,18.07404],[121.59394,18.07405],[121.59393,18.07408],[121.59389,18.07414],[121.59383,18.07417],[121.59373,18.07417],[121.59368,18.07407],[121.59364,18.0739],[121.59359,18.07379],[121.59353,18.07378],[121.59346,18.07375],[121.59341,18.07374],[121.59333,18.07375],[121.59318,18.07383],[121.59315,18.07395],[121.59315,18.07398],[121.59316,18.07409],[121.59315,18.07418],[121.59313,18.07423],[121.59306,18.07424],[121.59302,18.0742],[121.59295,18.07414],[121.59282,18.07413],[121.59267,18.07419],[121.59263,18.07425],[121.59258,18.07429],[121.59244,18.07433],[121.5924,18.07434],[121.59235,18.07439],[121.59234,18.07447],[121.59238,18.0745],[121.59254,18.0745],[121.59257,18.07457],[121.59257,18.07462],[121.59251,18.07469],[121.59247,18.07471],[121.59242,18.07474],[121.59239,18.07473],[121.59227,18.07473],[121.59218,18.0747],[121.5921,18.07475],[121.59205,18.07481],[121.59202,18.07491],[121.59202,18.07492],[121.59201,18.07502],[121.59194,18.07511],[121.59193,18.07511],[121.59175,18.07516],[121.59171,18.07517],[121.59161,18.07523],[121.59158,18.07527],[121.59155,18.0753],[121.59157,18.07534],[121.59161,18.07543],[121.59172,18.07545],[121.59178,18.07543],[121.59186,18.07547],[121.59188,18.07553],[121.59195,18.07557],[121.59201,18.07561],[121.59204,18.07562],[121.59206,18.07563],[121.59211,18.0757],[121.59216,18.07575],[121.59216,18.07582],[121.59213,18.07599],[121.59211,18.07602],[121.59211,18.07604],[121.59207,18.07613],[121.59204,18.07617],[121.59199,18.07622],[121.59194,18.07625],[121.59187,18.07624],[121.5918,18.07615],[121.59176,18.07605],[121.59173,18.07596],[121.59169,18.0759],[121.59163,18.07586],[121.59161,18.07585],[121.59157,18.07586],[121.59152,18.07591],[121.59151,18.07597],[121.59151,18.07609],[121.59154,18.07619],[121.59152,18.07627],[121.5915,18.07632],[121.59144,18.07632],[121.59131,18.07625],[121.59123,18.07624],[121.5912,18.07626],[121.59112,18.07639],[121.59103,18.07651],[121.59098,18.07658],[121.59092,18.07672],[121.5909,18.07675],[121.59084,18.07683],[121.59076,18.07694],[121.59074,18.07696],[121.59068,18.07703],[121.59066,18.07706],[121.59059,18.07712],[121.59056,18.07714],[121.59051,18.07714],[121.59041,18.0771],[121.59039,18.07699],[121.59039,18.07695],[121.59042,18.07685],[121.59043,18.0768],[121.59042,18.07673],[121.59038,18.0766],[121.59028,18.07654],[121.59008,18.07649],[121.59,18.07646],[121.58998,18.07645],[121.58986,18.07646],[121.58977,18.07648],[121.58971,18.07652],[121.58966,18.07658],[121.58962,18.07665],[121.58954,18.07673],[121.5895,18.0768],[121.58954,18.07687],[121.58962,18.07688],[121.58977,18.07688],[121.58985,18.07686],[121.58989,18.07692],[121.58991,18.07694],[121.58991,18.07702],[121.58986,18.07712],[121.5898,18.07717],[121.58977,18.0772],[121.5896,18.07727],[121.58951,18.07731],[121.58948,18.07732],[121.58934,18.07739],[121.58928,18.07738],[121.58926,18.07732],[121.5893,18.07721],[121.58933,18.07717],[121.58935,18.07714],[121.58935,18.07706],[121.58926,18.07703],[121.58922,18.07702],[121.58916,18.07701],[121.589,18.077],[121.5889,18.07698],[121.58883,18.07692],[121.58872,18.07685],[121.58865,18.07683],[121.58855,18.07684],[121.58853,18.07686],[121.58846,18.0769],[121.58848,18.07694],[121.58851,18.07701],[121.58848,18.07717],[121.58844,18.07724],[121.58841,18.0773],[121.58831,18.0773],[121.58822,18.07724],[121.58814,18.07717],[121.58799,18.07712],[121.58788,18.07713],[121.58774,18.07707],[121.58757,18.07702],[121.58747,18.077],[121.58742,18.07703],[121.58738,18.07706],[121.58739,18.07712],[121.58747,18.0772],[121.58753,18.0773],[121.58764,18.07732],[121.58778,18.07736],[121.58779,18.07737],[121.58783,18.07749],[121.58784,18.07759],[121.58779,18.07765],[121.58771,18.07768],[121.58764,18.07773],[121.58753,18.07776],[121.58749,18.07783],[121.58749,18.07792],[121.58748,18.07801],[121.58743,18.07811],[121.58739,18.07817],[121.58737,18.07819],[121.58736,18.07824],[121.58733,18.07831],[121.58731,18.07835],[121.58729,18.07836],[121.58726,18.0784],[121.58719,18.07846],[121.5871,18.07853],[121.58697,18.07857],[121.58677,18.07863],[121.58665,18.07868],[121.58654,18.07876],[121.58649,18.07879],[121.58653,18.07886],[121.58654,18.07889],[121.58666,18.07897],[121.58671,18.07901],[121.58677,18.07907],[121.58682,18.0791],[121.58685,18.07911],[121.5869,18.0791],[121.58692,18.0791],[121.58696,18.07909],[121.58704,18.07908],[121.5871,18.0791],[121.58716,18.07915],[121.58714,18.0792],[121.58706,18.07923],[121.58697,18.07924],[121.58695,18.07925],[121.58689,18.07929],[121.58687,18.07932],[121.58692,18.07941],[121.58694,18.07947],[121.58695,18.07951],[121.58696,18.07954],[121.58696,18.07957],[121.58695,18.07958],[121.58686,18.07961],[121.58675,18.07963],[121.5867,18.07966],[121.58667,18.0797],[121.58672,18.07978],[121.58674,18.07985],[121.58672,18.07993],[121.58669,18.07997],[121.58668,18.07998],[121.58662,18.08],[121.58653,18.08001],[121.58643,18.08004],[121.58636,18.08007],[121.58634,18.08008],[121.58627,18.08009],[121.58624,18.0801],[121.58619,18.08015],[121.58618,18.08019],[121.58617,18.08026],[121.58619,18.08032],[121.58623,18.08034],[121.58624,18.08033],[121.58626,18.08033],[121.58632,18.0803],[121.58639,18.08032],[121.5864,18.08036],[121.5864,18.08045],[121.58638,18.08054],[121.58633,18.08056],[121.58629,18.08059],[121.58624,18.08064],[121.58622,18.0807],[121.58627,18.08075],[121.58634,18.0808],[121.58636,18.08081],[121.58645,18.08083],[121.58646,18.08083],[121.58652,18.08085],[121.58654,18.08085],[121.58658,18.08088],[121.58662,18.0809],[121.58668,18.08102],[121.58672,18.08113],[121.58672,18.08121],[121.58668,18.08126],[121.58661,18.08124],[121.58655,18.08119],[121.58652,18.08116],[121.58648,18.08109],[121.58642,18.08103],[121.58637,18.08104],[121.58635,18.08107],[121.58635,18.08112],[121.58643,18.08122],[121.58645,18.08127],[121.58644,18.0813],[121.58638,18.08141],[121.5864,18.08159],[121.5864,18.08174],[121.58636,18.08178],[121.58632,18.08178],[121.58628,18.08179],[121.58614,18.08178],[121.58611,18.0818],[121.58611,18.08185],[121.58614,18.08194],[121.58614,18.08204],[121.5861,18.0821],[121.58605,18.08214],[121.58598,18.08211],[121.58592,18.08208],[121.58586,18.08208],[121.58579,18.08215],[121.58579,18.08234],[121.58587,18.08241],[121.58593,18.0825],[121.58595,18.08268],[121.58595,18.08279],[121.5859,18.08286],[121.58589,18.08288],[121.58583,18.0829],[121.58582,18.0829],[121.58574,18.08283],[121.58568,18.08277],[121.58561,18.08276],[121.58556,18.08278],[121.58553,18.08287],[121.58552,18.083],[121.58549,18.08314],[121.58547,18.08319],[121.58543,18.08331],[121.58539,18.08337],[121.58534,18.08343],[121.58532,18.08345],[121.58526,18.08348],[121.58523,18.08344],[121.58521,18.08337],[121.58518,18.08329],[121.58516,18.08325],[121.58512,18.08325],[121.58509,18.08329],[121.58505,18.08336],[121.58501,18.08339],[121.585,18.08341],[121.58494,18.08344],[121.58488,18.0834],[121.58484,18.08337],[121.58476,18.08336],[121.58473,18.08335],[121.58469,18.08339],[121.5847,18.08345],[121.58471,18.08349],[121.58474,18.08355],[121.58475,18.0836],[121.58459,18.08369],[121.5845,18.08374],[121.58441,18.08378],[121.58431,18.08388],[121.58425,18.08403],[121.58416,18.08421],[121.5841,18.08427],[121.58403,18.08424],[121.58392,18.08422],[121.58383,18.08426],[121.58377,18.08431],[121.58383,18.08443],[121.58395,18.08447],[121.58404,18.08455],[121.58402,18.08464],[121.58394,18.0847],[121.5838,18.08477],[121.58365,18.08491],[121.5836,18.08498],[121.58364,18.08502],[121.58372,18.08505],[121.58384,18.08502],[121.58394,18.08498],[121.58398,18.08496],[121.58406,18.08495],[121.58409,18.08497],[121.58411,18.08504],[121.58412,18.08512],[121.58434,18.08524],[121.58436,18.08531],[121.58436,18.08537],[121.58437,18.08541],[121.58428,18.08549],[121.58423,18.08548],[121.58419,18.08545],[121.5841,18.08542],[121.58403,18.08542],[121.58396,18.08543],[121.58388,18.08549],[121.58389,18.08555],[121.58395,18.08558],[121.58408,18.08563],[121.5841,18.08565],[121.58418,18.08571],[121.58426,18.08584],[121.58426,18.08594],[121.58418,18.08602],[121.58413,18.08601],[121.58402,18.08599],[121.58395,18.08598],[121.58389,18.08597],[121.58385,18.08596],[121.58371,18.08593],[121.58352,18.0859],[121.58348,18.08592],[121.5834,18.08592],[121.58335,18.08596],[121.58333,18.08598],[121.58335,18.08605],[121.58341,18.08607],[121.58346,18.0861],[121.5835,18.08626],[121.58352,18.0863],[121.58356,18.08631],[121.58357,18.08632],[121.58363,18.08631],[121.58373,18.08634],[121.58382,18.08642],[121.58387,18.08656],[121.58386,18.0866],[121.58381,18.08664],[121.58376,18.08666],[121.58368,18.08664],[121.58367,18.08659],[121.58368,18.08655],[121.58367,18.08653],[121.58365,18.08652],[121.58361,18.08652],[121.58357,18.08654],[121.58354,18.08655],[121.58349,18.08657],[121.58345,18.08665],[121.58351,18.08674],[121.58354,18.08688],[121.5835,18.08695],[121.58341,18.087],[121.58335,18.08703],[121.58325,18.0871],[121.58316,18.08717],[121.58315,18.08726],[121.58321,18.08736],[121.58328,18.0874],[121.58332,18.08744],[121.5834,18.0875],[121.58347,18.08757],[121.58343,18.08761],[121.5833,18.08766],[121.5831,18.08774],[121.58302,18.08778],[121.583,18.08784],[121.58305,18.08793],[121.58309,18.08796],[121.58314,18.088],[121.5833,18.08808],[121.58331,18.08814],[121.5833,18.08823],[121.58329,18.08826],[121.58327,18.08831],[121.58322,18.08834],[121.58312,18.08835],[121.58302,18.08832],[121.58294,18.0883],[121.58286,18.08834],[121.58283,18.08836],[121.58286,18.08842],[121.583,18.08845],[121.58309,18.0885],[121.58312,18.0886],[121.58314,18.08863],[121.58317,18.0887],[121.58324,18.08881],[121.58328,18.08887],[121.58296,18.0894],[121.58288,18.08936],[121.58284,18.0893],[121.58278,18.0893],[121.58274,18.08931],[121.58271,18.08938],[121.5827,18.0895],[121.58267,18.08956],[121.58264,18.08957],[121.58251,18.08957],[121.58243,18.08949],[121.58233,18.08949],[121.58231,18.08951],[121.58225,18.08962],[121.5822,18.08969],[121.5819,18.08969],[121.58185,18.08971],[121.58182,18.08973],[121.58181,18.08979],[121.5819,18.08982],[121.58195,18.0899],[121.58196,18.08993],[121.582,18.08998],[121.58204,18.09009],[121.58201,18.09017],[121.58191,18.09026],[121.58173,18.0903],[121.5816,18.09026],[121.58152,18.09023],[121.58142,18.0902],[121.58137,18.09019],[121.58135,18.09025],[121.58132,18.09033],[121.58128,18.09037],[121.58128,18.09042],[121.58124,18.09051],[121.58117,18.09054],[121.58103,18.09055],[121.58098,18.09055],[121.58094,18.09057],[121.58087,18.09059],[121.58083,18.09053],[121.58078,18.09042],[121.5807,18.09039],[121.58065,18.09039],[121.58059,18.09042],[121.58058,18.09053],[121.58051,18.09054],[121.58047,18.09045],[121.58046,18.09043],[121.58036,18.09034],[121.58024,18.09033],[121.58013,18.09032],[121.5801,18.09032],[121.58002,18.09036],[121.57997,18.09043],[121.57999,18.09052],[121.58011,18.09058],[121.58024,18.09069],[121.58029,18.0908],[121.58032,18.0909],[121.58031,18.09107],[121.58029,18.09114],[121.58024,18.09119],[121.58016,18.09117],[121.58012,18.09114],[121.58009,18.09106],[121.58006,18.09103],[121.58005,18.09101],[121.58,18.09102],[121.57995,18.09102],[121.57992,18.09104],[121.57989,18.09116],[121.5799,18.09125],[121.57985,18.09133],[121.57983,18.09138],[121.57975,18.09144],[121.57967,18.09146],[121.57961,18.09142],[121.57959,18.09137],[121.57953,18.09137],[121.5795,18.0914],[121.57945,18.09141],[121.57941,18.09142],[121.57933,18.09145],[121.57921,18.09136],[121.57918,18.09128],[121.57913,18.09114],[121.57912,18.09108],[121.57909,18.09107],[121.57901,18.09113],[121.57897,18.09119],[121.57894,18.09123],[121.57891,18.09126],[121.5788,18.09126],[121.57878,18.09124],[121.57878,18.09123],[121.57876,18.09121],[121.57873,18.09113],[121.57871,18.09108],[121.57864,18.09109],[121.57852,18.09113],[121.57851,18.09113],[121.57848,18.09115],[121.57844,18.09117],[121.57837,18.09121],[121.57833,18.09122],[121.57824,18.09122],[121.5782,18.09121],[121.57816,18.09119],[121.57814,18.09117],[121.5781,18.09114],[121.57809,18.09108],[121.57808,18.09107],[121.57802,18.09102],[121.57802,18.09095],[121.57809,18.0909],[121.57814,18.09086],[121.57817,18.09084],[121.57818,18.09079],[121.57812,18.09076],[121.57802,18.09076],[121.578,18.09073],[121.57796,18.09074],[121.5779,18.09076],[121.57785,18.09081],[121.57783,18.09087],[121.57783,18.09092],[121.57784,18.09096],[121.57781,18.09097],[121.57775,18.09102],[121.57772,18.09102],[121.57768,18.09099],[121.57765,18.09099],[121.5776,18.09098],[121.57756,18.09098],[121.57753,18.09099],[121.5775,18.09099],[121.57747,18.091],[121.57741,18.09099],[121.5774,18.09099],[121.57735,18.09095],[121.57738,18.09086],[121.57742,18.0908],[121.57743,18.09076],[121.57743,18.09072],[121.57739,18.0907],[121.57735,18.0907],[121.57732,18.09074],[121.57729,18.09082],[121.57723,18.09087],[121.5772,18.0909],[121.57715,18.09093],[121.57706,18.09098],[121.57699,18.09103],[121.5769,18.09099],[121.57682,18.09095],[121.57681,18.09091],[121.57682,18.09089],[121.57686,18.09082],[121.57687,18.09077],[121.57687,18.09075],[121.57682,18.09074],[121.57677,18.09074],[121.57667,18.09084],[121.57661,18.09089],[121.57658,18.0909],[121.57655,18.09088],[121.57654,18.09083],[121.57654,18.09079],[121.57655,18.09077],[121.57655,18.09068],[121.57656,18.0906],[121.57659,18.09056],[121.57661,18.09051],[121.57668,18.09045],[121.57676,18.09039],[121.57683,18.0903],[121.57682,18.09025],[121.5768,18.09022],[121.57669,18.09022],[121.57658,18.09026],[121.57647,18.09029],[121.57643,18.09028],[121.5764,18.09027],[121.57633,18.09025],[121.57624,18.09026],[121.57614,18.09031],[121.57609,18.09033],[121.57602,18.09043],[121.57606,18.09056],[121.57605,18.09063],[121.57605,18.09066],[121.57599,18.09069],[121.57589,18.09066],[121.5758,18.09059],[121.57573,18.09056],[121.57567,18.09052],[121.57565,18.0905],[121.57561,18.09044],[121.57562,18.09034],[121.57559,18.09028],[121.57555,18.09019],[121.57551,18.09012],[121.57549,18.09008],[121.57545,18.09007],[121.57541,18.0901],[121.57538,18.09019],[121.57532,18.09034],[121.57528,18.09036],[121.57524,18.09039],[121.57515,18.09042],[121.57506,18.09047],[121.57504,18.09049],[121.57497,18.09041],[121.57492,18.09035],[121.57487,18.09031],[121.57479,18.09024],[121.57473,18.09024],[121.57459,18.09013],[121.57443,18.09011],[121.57424,18.09011],[121.57414,18.09012],[121.57411,18.09006],[121.57412,18.08974],[121.57394,18.08962],[121.57385,18.08953],[121.57371,18.08964],[121.5737,18.08966],[121.57367,18.08984],[121.5736,18.09003],[121.57353,18.09007],[121.57351,18.08985],[121.57349,18.08978],[121.57338,18.08973],[121.57329,18.08975],[121.57322,18.08984],[121.57319,18.08932],[121.57271,18.08928],[121.57241,18.08925],[121.57151,18.08899],[121.57101,18.08884],[121.57063,18.08843]]]]}},{"type":"Feature","properties":{"id":"LAS-LIQ-036","susceptibility":"moderate","susceptibility_label":"Moderate","barangay":"Gabun","hectares":94.14,"data_source":"LGU Lasam liquefaction (2013)"},"geometry":{"type":"Polygon","coordinates":[[[121.58283,18.08836],[121.58286,18.08834],[121.58294,18.0883],[121.58302,18.08832],[121.58312,18.08835],[121.58322,18.08834],[121.58327,18.08831],[121.58329,18.08826],[121.5833,18.08823],[121.58331,18.08814],[121.5833,18.08808],[121.58314,18.088],[121.58309,18.08796],[121.58305,18.08793],[121.583,18.08784],[121.58302,18.08778],[121.5831,18.08774],[121.5833,18.08766],[121.58343,18.08761],[121.58347,18.08757],[121.5834,18.0875],[121.58332,18.08744],[121.58328,18.0874],[121.58321,18.08736],[121.58315,18.08726],[121.58316,18.08717],[121.58325,18.0871],[121.58335,18.08703],[121.58341,18.087],[121.5835,18.08695],[121.58354,18.08688],[121.58351,18.08674],[121.58345,18.08665],[121.58349,18.08657],[121.58354,18.08655],[121.58357,18.08654],[121.58361,18.08652],[121.58365,18.08652],[121.58367,18.08653],[121.58368,18.08655],[121.58367,18.08659],[121.58368,18.08664],[121.58376,18.08666],[121.58381,18.08664],[121.58386,18.0866],[121.58387,18.08656],[121.58382,18.08642],[121.58373,18.08634],[121.58363,18.08631],[121.58357,18.08632],[121.58356,18.08631],[121.58352,18.0863],[121.5835,18.08626],[121.58346,18.0861],[121.58341,18.08607],[121.58335,18.08605],[121.58333,18.08598],[121.58335,18.08596],[121.5834,18.08592],[121.58348,18.08592],[121.58352,18.0859],[121.58371,18.08593],[121.58385,18.08596],[121.58389,18.08597],[121.58395,18.08598],[121.58402,18.08599],[121.58413,18.08601],[121.58418,18.08602],[121.58426,18.08594],[121.58426,18.08584],[121.58418,18.08571],[121.5841,18.08565],[121.58408,18.08563],[121.58395,18.08558],[121.58389,18.08555],[121.58388,18.08549],[121.58396,18.08543],[121.58403,18.08542],[121.5841,18.08542],[121.58419,18.08545],[121.58423,18.08548],[121.58428,18.08549],[121.58437,18.08541],[121.58436,18.08537],[121.58436,18.08531],[121.58434,18.08524],[121.58412,18.08512],[121.58411,18.08504],[121.58409,18.08497],[121.58406,18.08495],[121.58398,18.08496],[121.58394,18.08498],[121.58384,18.08502],[121.58372,18.08505],[121.58364,18.08502],[121.5836,18.08498],[121.58365,18.08491],[121.5838,18.08477],[121.58394,18.0847],[121.58402,18.08464],[121.58404,18.08455],[121.58395,18.08447],[121.58383,18.08443],[121.58377,18.08431],[121.58383,18.08426],[121.58392,18.08422],[121.58403,18.08424],[121.5841,18.08427],[121.58416,18.08421],[121.58425,18.08403],[121.58431,18.08388],[121.58441,18.08378],[121.5845,18.08374],[121.58459,18.08369],[121.58475,18.0836],[121.58474,18.08355],[121.58471,18.08349],[121.5847,18.08345],[121.58469,18.08339],[121.58473,18.08335],[121.58476,18.08336],[121.58484,18.08337],[121.58488,18.0834],[121.58494,18.08344],[121.585,18.08341],[121.58501,18.08339],[121.58505,18.08336],[121.58509,18.08329],[121.58512,18.08325],[121.58516,18.08325],[121.58518,18.08329],[121.58521,18.08337],[121.58523,18.08344],[121.58526,18.08348],[121.58532,18.08345],[121.58534,18.08343],[121.58539,18.08337],[121.58543,18.08331],[121.58547,18.08319],[121.58549,18.08314],[121.58552,18.083],[121.58553,18.08287],[121.58556,18.08278],[121.58561,18.08276],[121.58568,18.08277],[121.58574,18.08283],[121.58582,18.0829],[121.58583,18.0829],[121.58589,18.08288],[121.5859,18.08286],[121.58595,18.08279],[121.58595,18.08268],[121.58593,18.0825],[121.58587,18.08241],[121.58579,18.08234],[121.58579,18.08215],[121.58586,18.08208],[121.58592,18.08208],[121.58598,18.08211],[121.58605,18.08214],[121.5861,18.0821],[121.58614,18.08204],[121.58614,18.08194],[121.58611,18.08185],[121.58611,18.0818],[121.58614,18.08178],[121.58628,18.08179],[121.58632,18.08178],[121.58636,18.08178],[121.5864,18.08174],[121.5864,18.08159],[121.58638,18.08141],[121.58644,18.0813],[121.58645,18.08127],[121.58643,18.08122],[121.58635,18.08112],[121.58635,18.08107],[121.58637,18.08104],[121.58642,18.08103],[121.58648,18.08109],[121.58652,18.08116],[121.58655,18.08119],[121.58661,18.08124],[121.58668,18.08126],[121.58672,18.08121],[121.58672,18.08113],[121.58668,18.08102],[121.58662,18.0809],[121.58658,18.08088],[121.58654,18.08085],[121.58652,18.08085],[121.58646,18.08083],[121.58645,18.08083],[121.58636,18.08081],[121.58634,18.0808],[121.58627,18.08075],[121.58622,18.0807],[121.58624,18.08064],[121.58629,18.08059],[121.58633,18.08056],[121.58638,18.08054],[121.5864,18.08045],[121.5864,18.08036],[121.58639,18.08032],[121.58632,18.0803],[121.58626,18.08033],[121.58624,18.08033],[121.58623,18.08034],[121.58619,18.08032],[121.58617,18.08026],[121.58618,18.08019],[121.58619,18.08015],[121.58624,18.0801],[121.58627,18.08009],[121.58634,18.08008],[121.58636,18.08007],[121.58643,18.08004],[121.58653,18.08001],[121.58662,18.08],[121.58668,18.07998],[121.58669,18.07997],[121.58672,18.07993],[121.58674,18.07985],[121.58672,18.07978],[121.58667,18.0797],[121.5867,18.07966],[121.58675,18.07963],[121.58686,18.07961],[121.58695,18.07958],[121.58696,18.07957],[121.58696,18.07954],[121.58695,18.07951],[121.58694,18.07947],[121.58692,18.07941],[121.58687,18.07932],[121.58689,18.07929],[121.58695,18.07925],[121.58697,18.07924],[121.58706,18.07923],[121.58714,18.0792],[121.58716,18.07915],[121.5871,18.0791],[121.58704,18.07908],[121.58696,18.07909],[121.58692,18.0791],[121.5869,18.0791],[121.58685,18.07911],[121.58682,18.0791],[121.58677,18.07907],[121.58671,18.07901],[121.58666,18.07897],[121.58654,18.07889],[121.58653,18.07886],[121.58649,18.07879],[121.58654,18.07876],[121.58665,18.07868],[121.58677,18.07863],[121.58697,18.07857],[121.5871,18.07853],[121.58719,18.07846],[121.58726,18.0784],[121.58729,18.07836],[121.58731,18.07835],[121.58733,18.07831],[121.58736,18.07824],[121.58737,18.07819],[121.58739,18.07817],[121.58743,18.07811],[121.58748,18.07801],[121.58749,18.07792],[121.58749,18.07783],[121.58753,18.07776],[121.58764,18.07773],[121.58771,18.07768],[121.58779,18.07765],[121.58784,18.07759],[121.58783,18.07749],[121.58779,18.07737],[121.58778,18.07736],[121.58764,18.07732],[121.58753,18.0773],[121.58747,18.0772],[121.58739,18.07712],[121.58738,18.07706],[121.58742,18.07703],[121.58747,18.077],[121.58757,18.07702],[121.58774,18.07707],[121.58788,18.07713],[121.58799,18.07712],[121.58814,18.07717],[121.58822,18.07724],[121.58831,18.0773],[121.58841,18.0773],[121.58844,18.07724],[121.58848,18.07717],[121.58851,18.07701],[121.58848,18.07694],[121.58846,18.0769],[121.58853,18.07686],[121.58855,18.07684],[121.58865,18.07683],[121.58872,18.07685],[121.58883,18.07692],[121.5889,18.07698],[121.589,18.077],[121.58916,18.07701],[121.58922,18.07702],[121.58926,18.07703],[121.58935,18.07706],[121.58935,18.07714],[121.58933,18.07717],[121.5893,18.07721],[121.58926,18.07732],[121.58928,18.07738],[121.58934,18.07739],[121.58948,18.07732],[121.58951,18.07731],[121.5896,18.07727],[121.58977,18.0772],[121.5898,18.07717],[121.58986,18.07712],[121.58991,18.07702],[121.58991,18.07694],[121.58989,18.07692],[121.58985,18.07686],[121.58977,18.07688],[121.58962,18.07688],[121.58954,18.07687],[121.5895,18.0768],[121.58954,18.07673],[121.58962,18.07665],[121.58966,18.07658],[121.58971,18.07652],[121.58977,18.07648],[121.58986,18.07646],[121.58998,18.07645],[121.59,18.07646],[121.59008,18.07649],[121.59028,18.07654],[121.59038,18.0766],[121.59042,18.07673],[121.59043,18.0768],[121.59042,18.07685],[121.59039,18.07695],[121.59039,18.07699],[121.59041,18.0771],[121.59051,18.07714],[121.59056,18.07714],[121.59059,18.07712],[121.59066,18.07706],[121.59068,18.07703],[121.59074,18.07696],[121.59076,18.07694],[121.59084,18.07683],[121.5909,18.07675],[121.59092,18.07672],[121.59098,18.07658],[121.59103,18.07651],[121.59112,18.07639],[121.5912,18.07626],[121.59123,18.07624],[121.59131,18.07625],[121.59144,18.07632],[121.5915,18.07632],[121.59152,18.07627],[121.59154,18.07619],[121.59151,18.07609],[121.59151,18.07597],[121.59152,18.07591],[121.59157,18.07586],[121.59161,18.07585],[121.59163,18.07586],[121.59169,18.0759],[121.59173,18.07596],[121.59176,18.07605],[121.5918,18.07615],[121.59187,18.07624],[121.59194,18.07625],[121.59199,18.07622],[121.59204,18.07617],[121.59207,18.07613],[121.59211,18.07604],[121.59211,18.07602],[121.59213,18.07599],[121.59216,18.07582],[121.59216,18.07575],[121.59211,18.0757],[121.59206,18.07563],[121.59204,18.07562],[121.59201,18.07561],[121.59195,18.07557],[121.59188,18.07553],[121.59186,18.07547],[121.59178,18.07543],[121.59172,18.07545],[121.59161,18.07543],[121.59157,18.07534],[121.59155,18.0753],[121.59158,18.07527],[121.59161,18.07523],[121.59171,18.07517],[121.59175,18.07516],[121.59193,18.07511],[121.59194,18.07511],[121.59201,18.07502],[121.59202,18.07492],[121.59202,18.07491],[121.59205,18.07481],[121.5921,18.07475],[121.59218,18.0747],[121.59227,18.07473],[121.59239,18.07473],[121.59242,18.07474],[121.59247,18.07471],[121.59251,18.07469],[121.59257,18.07462],[121.59257,18.07457],[121.59254,18.0745],[121.59238,18.0745],[121.59234,18.07447],[121.59235,18.07439],[121.5924,18.07434],[121.59244,18.07433],[121.59258,18.07429],[121.59263,18.07425],[121.59267,18.07419],[121.59282,18.07413],[121.59295,18.07414],[121.59302,18.0742],[121.59306,18.07424],[121.59313,18.07423],[121.59315,18.07418],[121.59316,18.07409],[121.59315,18.07398],[121.59315,18.07395],[121.59318,18.07383],[121.59333,18.07375],[121.59341,18.07374],[121.59346,18.07375],[121.59353,18.07378],[121.59359,18.07379],[121.59364,18.0739],[121.59368,18.07407],[121.59373,18.07417],[121.59383,18.07417],[121.59389,18.07414],[121.59393,18.07408],[121.59394,18.07405],[121.59394,18.07404],[121.59396,18.07395],[121.59396,18.07368],[121.59397,18.07365],[121.59399,18.07357],[121.59406,18.07351],[121.59408,18.0735],[121.59414,18.07348],[121.59416,18.07339],[121.59416,18.07334],[121.59417,18.07325],[121.59424,18.07323],[121.59432,18.07321],[121.59436,18.07323],[121.59449,18.07332],[121.59454,18.07335],[121.59474,18.07348],[121.59474,18.07349],[121.59486,18.07358],[121.59504,18.0736],[121.59506,18.07358],[121.59516,18.07349],[121.59513,18.07337],[121.59513,18.07335],[121.59511,18.07329],[121.59511,18.07326],[121.5951,18.07322],[121.59509,18.07315],[121.59506,18.07305],[121.59504,18.07294],[121.59509,18.07286],[121.59519,18.07288],[121.59525,18.07289],[121.5955,18.07294],[121.59565,18.07296],[121.59568,18.07298],[121.59572,18.07301],[121.59578,18.07305],[121.59594,18.07315],[121.59599,18.07311],[121.59602,18.07308],[121.59612,18.07299],[121.59621,18.073],[121.59626,18.07304],[121.59629,18.07317],[121.59626,18.07325],[121.5963,18.07338],[121.59629,18.07341],[121.59629,18.07359],[121.59618,18.07372],[121.59609,18.07379],[121.59612,18.07395],[121.59622,18.07403],[121.59633,18.07407],[121.59641,18.07409],[121.59656,18.07413],[121.5967,18.07421],[121.59676,18.07427],[121.59679,18.07435],[121.5968,18.07438],[121.59682,18.07445],[121.59682,18.07469],[121.59681,18.0748],[121.59681,18.07487],[121.59682,18.07491],[121.59682,18.07502],[121.59683,18.07512],[121.59687,18.07519],[121.59697,18.07517],[121.597,18.07511],[121.59705,18.075],[121.59709,18.07496],[121.5971,18.07493],[121.59713,18.0749],[121.59721,18.0749],[121.59731,18.07496],[121.59743,18.0751],[121.59747,18.0752],[121.59749,18.07523],[121.59755,18.07533],[121.59762,18.07545],[121.59772,18.07555],[121.59774,18.07562],[121.59769,18.07568],[121.59759,18.07575],[121.5975,18.07584],[121.59749,18.0761],[121.59748,18.07618],[121.59749,18.07622],[121.59749,18.07625],[121.5975,18.07628],[121.59753,18.07648],[121.59754,18.07657],[121.5976,18.07669],[121.59768,18.07671],[121.59774,18.07667],[121.5978,18.07662],[121.59782,18.0766],[121.59789,18.07652],[121.59792,18.07648],[121.59799,18.0764],[121.59804,18.07634],[121.59809,18.07624],[121.59813,18.07598],[121.59814,18.07575],[121.59817,18.07564],[121.59826,18.0756],[121.59839,18.07565],[121.59846,18.07569],[121.59849,18.07572],[121.59856,18.07574],[121.5986,18.0757],[121.59871,18.07568],[121.59882,18.07571],[121.59891,18.07576],[121.59897,18.07581],[121.59888,18.07603],[121.5989,18.07608],[121.59893,18.07614],[121.59894,18.07619],[121.59894,18.07631],[121.59893,18.07639],[121.59894,18.07644],[121.59896,18.07649],[121.59911,18.07651],[121.59927,18.0765],[121.5993,18.07649],[121.59945,18.07646],[121.59948,18.07644],[121.59953,18.0764],[121.59966,18.07631],[121.59975,18.07624],[121.5998,18.07621],[121.59988,18.07615],[121.59993,18.07612],[121.60002,18.07605],[121.60007,18.07602],[121.60013,18.076],[121.60018,18.076],[121.60026,18.07599],[121.60035,18.07599],[121.60043,18.07604],[121.60044,18.0761],[121.60044,18.07619],[121.60042,18.07625],[121.60042,18.07629],[121.60039,18.07636],[121.60037,18.07642],[121.60032,18.07651],[121.60008,18.07661],[121.59997,18.07669],[121.59998,18.07687],[121.59901,18.07945],[121.59818,18.07923],[121.59713,18.07886],[121.59571,18.0788],[121.59473,18.07893],[121.59337,18.07967],[121.59308,18.08132],[121.59148,18.08219],[121.5908,18.08305],[121.58993,18.0833],[121.58728,18.08392],[121.58604,18.08478],[121.58512,18.08577],[121.58419,18.08707],[121.58333,18.0888],[121.58328,18.08887],[121.58324,18.08881],[121.58317,18.0887],[121.58314,18.08863],[121.58312,18.0886],[121.58309,18.0885],[121.583,18.08845],[121.58286,18.08842],[121.58283,18.08836]]]}},{"type":"Feature","properties":{"id":"LAS-LIQ-037","susceptibility":"moderate","susceptibility_label":"Moderate","barangay":"Centro 02","hectares":133.34,"data_source":"LGU Lasam liquefaction (2013)"},"geometry":{"type":"MultiPolygon","coordinates":[[[[121.59749,18.06254],[121.59758,18.06242],[121.59766,18.06231],[121.59775,18.06211],[121.59792,18.06172],[121.59808,18.06143],[121.59821,18.06121],[121.59833,18.06102],[121.59845,18.06089],[121.59856,18.06079],[121.60015,18.0586],[121.60182,18.06029],[121.6019,18.06072],[121.60181,18.06102],[121.60186,18.06124],[121.60207,18.06142],[121.60209,18.06142],[121.60239,18.06149],[121.60282,18.06148],[121.6029,18.06146],[121.60337,18.06138],[121.6038,18.06128],[121.60399,18.06117],[121.60415,18.06099],[121.60434,18.0608],[121.60438,18.06075],[121.60465,18.06082],[121.606,18.06176],[121.60647,18.06327],[121.60626,18.06494],[121.60621,18.06645],[121.60626,18.0678],[121.60649,18.06807],[121.60661,18.06863],[121.60702,18.06912],[121.60786,18.06956],[121.60823,18.0697],[121.60838,18.0697],[121.60923,18.0702],[121.61074,18.07124],[121.61129,18.07245],[121.61106,18.07303],[121.61108,18.07393],[121.61142,18.07411],[121.61175,18.07382],[121.61205,18.07483],[121.61196,18.07607],[121.6115,18.07633],[121.61153,18.07642],[121.61115,18.07653],[121.61054,18.07708],[121.61038,18.07723],[121.61016,18.0773],[121.6101,18.07731],[121.60994,18.07732],[121.60969,18.07713],[121.6096,18.07702],[121.60958,18.07698],[121.60947,18.07684],[121.60929,18.07675],[121.6091,18.07672],[121.60897,18.07683],[121.6089,18.07696],[121.6088,18.07713],[121.60879,18.07716],[121.60856,18.07784],[121.60852,18.07796],[121.60842,18.07799],[121.6083,18.078],[121.60815,18.07781],[121.60787,18.07771],[121.60764,18.07767],[121.60743,18.07766],[121.6072,18.07773],[121.60706,18.07777],[121.60701,18.07778],[121.6069,18.07784],[121.60679,18.07789],[121.6067,18.07788],[121.60651,18.07788],[121.60637,18.07795],[121.60634,18.07805],[121.60648,18.07827],[121.60667,18.07846],[121.60675,18.07861],[121.60677,18.07871],[121.60674,18.07883],[121.60663,18.07904],[121.60658,18.07908],[121.60649,18.07916],[121.60642,18.07919],[121.60632,18.07917],[121.60619,18.07912],[121.60608,18.07902],[121.60599,18.07895],[121.60596,18.07893],[121.60594,18.0789],[121.60588,18.07884],[121.60578,18.07879],[121.60576,18.07879],[121.60571,18.07878],[121.60563,18.07877],[121.60555,18.07879],[121.6055,18.07881],[121.60542,18.07889],[121.60543,18.07903],[121.60542,18.07919],[121.60533,18.07934],[121.60528,18.07939],[121.60509,18.0794],[121.605,18.07936],[121.6049,18.07927],[121.60485,18.07916],[121.60483,18.07904],[121.60498,18.07879],[121.60517,18.07847],[121.60521,18.07843],[121.60532,18.0783],[121.60533,18.07829],[121.60535,18.07823],[121.60538,18.07816],[121.6054,18.07809],[121.6054,18.07807],[121.60539,18.07801],[121.60534,18.07798],[121.60528,18.07796],[121.60512,18.07796],[121.60498,18.07793],[121.60475,18.07797],[121.60463,18.07816],[121.60456,18.07835],[121.60455,18.07838],[121.60446,18.07851],[121.60443,18.07853],[121.60435,18.07857],[121.60428,18.07857],[121.60421,18.07852],[121.60419,18.07851],[121.60411,18.07837],[121.60397,18.07831],[121.60389,18.0783],[121.60386,18.07822],[121.60387,18.07812],[121.60392,18.07803],[121.60406,18.07802],[121.60416,18.07807],[121.60418,18.07803],[121.6042,18.07776],[121.60417,18.07764],[121.60418,18.07757],[121.60426,18.07746],[121.60435,18.07735],[121.60436,18.07733],[121.6044,18.07717],[121.60443,18.07697],[121.60445,18.07676],[121.60462,18.07642],[121.60463,18.07631],[121.60457,18.07624],[121.60446,18.07621],[121.6044,18.07622],[121.60427,18.07626],[121.60419,18.07628],[121.60416,18.07628],[121.60412,18.0763],[121.604,18.07635],[121.60386,18.07633],[121.60374,18.07621],[121.60367,18.0761],[121.6037,18.07599],[121.60376,18.07591],[121.60387,18.07588],[121.60399,18.0758],[121.60404,18.07576],[121.6041,18.07568],[121.60409,18.07563],[121.60407,18.0756],[121.60402,18.07553],[121.60391,18.07537],[121.60386,18.07527],[121.60388,18.07517],[121.60396,18.07508],[121.60404,18.075],[121.60409,18.07492],[121.6041,18.07479],[121.60406,18.0747],[121.60404,18.07467],[121.60399,18.07458],[121.60389,18.0745],[121.60377,18.0744],[121.60368,18.07428],[121.60364,18.07423],[121.60352,18.07403],[121.60351,18.07401],[121.60339,18.07392],[121.60331,18.07383],[121.6032,18.07375],[121.60291,18.07375],[121.6028,18.07383],[121.60263,18.07406],[121.60248,18.07421],[121.60234,18.0744],[121.6023,18.07454],[121.60239,18.07469],[121.60259,18.07475],[121.60278,18.07484],[121.60294,18.07487],[121.60303,18.07493],[121.60319,18.07508],[121.60325,18.07525],[121.60326,18.07536],[121.60323,18.07542],[121.60308,18.07543],[121.60298,18.07538],[121.60287,18.07534],[121.60278,18.07532],[121.60261,18.07524],[121.6025,18.07525],[121.60244,18.07527],[121.60236,18.07529],[121.60224,18.07537],[121.60214,18.07553],[121.6021,18.07566],[121.60205,18.07578],[121.60205,18.07587],[121.6021,18.07597],[121.60215,18.07605],[121.60214,18.07609],[121.60214,18.07619],[121.60209,18.07632],[121.602,18.07645],[121.60197,18.07657],[121.60201,18.07667],[121.60209,18.07676],[121.60217,18.07681],[121.60229,18.07682],[121.60244,18.07687],[121.60246,18.07698],[121.60244,18.07705],[121.60235,18.07713],[121.60216,18.07725],[121.60215,18.07725],[121.60196,18.0774],[121.60171,18.0776],[121.60157,18.07778],[121.60145,18.07779],[121.6013,18.07775],[121.60111,18.07757],[121.60104,18.07751],[121.60099,18.07747],[121.60086,18.07742],[121.60079,18.07739],[121.60071,18.0774],[121.60049,18.07743],[121.60037,18.07742],[121.60028,18.07734],[121.60019,18.0772],[121.60012,18.07711],[121.59998,18.07687],[121.59997,18.07669],[121.60008,18.07661],[121.60032,18.07651],[121.60037,18.07642],[121.60039,18.07636],[121.60042,18.07629],[121.60042,18.07625],[121.60044,18.07619],[121.60044,18.0761],[121.60043,18.07604],[121.60035,18.07599],[121.60026,18.07599],[121.60018,18.076],[121.60013,18.076],[121.60007,18.07602],[121.60002,18.07605],[121.59993,18.07612],[121.59988,18.07615],[121.5998,18.07621],[121.59975,18.07624],[121.59966,18.07631],[121.59953,18.0764],[121.59948,18.07644],[121.59945,18.07646],[121.5993,18.07649],[121.59927,18.0765],[121.59911,18.07651],[121.59896,18.07649],[121.59894,18.07644],[121.59893,18.07639],[121.59894,18.07631],[121.59894,18.07619],[121.59893,18.07614],[121.5989,18.07608],[121.59916,18.07589],[121.59967,18.07549],[121.59975,18.07542],[121.60109,18.0743],[121.6021,18.07349],[121.60293,18.07281],[121.60353,18.0723],[121.60406,18.07186],[121.60468,18.07132],[121.60516,18.07092],[121.60565,18.07048],[121.60578,18.07037],[121.60588,18.07025],[121.60593,18.07016],[121.60597,18.07007],[121.60601,18.06993],[121.60602,18.0698],[121.60602,18.06967],[121.60603,18.0696],[121.60599,18.06948],[121.60595,18.06937],[121.6059,18.06924],[121.60584,18.06916],[121.60577,18.06905],[121.60568,18.06894],[121.60558,18.06882],[121.60543,18.06869],[121.60444,18.06774],[121.6035,18.06683],[121.60309,18.06647],[121.60297,18.06637],[121.60284,18.06627],[121.60265,18.06614],[121.60193,18.06564],[121.60106,18.06506],[121.60027,18.0645],[121.59972,18.06412],[121.599,18.06362],[121.59835,18.06316],[121.59749,18.06254]]],[[[121.61407,18.07502],[121.6141,18.07452],[121.61473,18.07265],[121.6148,18.0717],[121.61511,18.072],[121.61578,18.0726],[121.61583,18.07312],[121.6157,18.07362],[121.61554,18.07405],[121.61516,18.07454],[121.61455,18.07472],[121.61411,18.07496],[121.61407,18.07502]]]]}},{"type":"Feature","properties":{"id":"LAS-LIQ-038","susceptibility":"moderate","susceptibility_label":"Moderate","barangay":"Centro 03","hectares":47.23,"data_source":"LGU Lasam liquefaction (2013)"},"geometry":{"type":"MultiPolygon","coordinates":[[[[121.57582,18.08178],[121.5761,18.08163],[121.57697,18.0808],[121.57623,18.08183],[121.57596,18.08197],[121.57582,18.08178]]],[[[121.57824,18.07918],[121.57845,18.07731],[121.57888,18.07478],[121.57981,18.07373],[121.58129,18.07329],[121.58089,18.07372],[121.58083,18.07368],[121.57995,18.07435],[121.57913,18.07623],[121.57848,18.07847],[121.57895,18.0786],[121.57824,18.07918]]],[[[121.59182,18.05942],[121.59241,18.05871],[121.59466,18.05679],[121.59532,18.05692],[121.59553,18.05699],[121.59601,18.05714],[121.59682,18.05738],[121.59747,18.05734],[121.59775,18.05723],[121.59789,18.05718],[121.59812,18.05717],[121.59843,18.05719],[121.59868,18.0573],[121.59897,18.05749],[121.59925,18.05769],[121.60015,18.0586],[121.59856,18.06079],[121.59845,18.06089],[121.59833,18.06102],[121.59821,18.06121],[121.59808,18.06143],[121.59792,18.06172],[121.59775,18.06211],[121.59766,18.06231],[121.59758,18.06242],[121.59749,18.06254],[121.59739,18.06267],[121.59723,18.06286],[121.59704,18.06315],[121.5969,18.06337],[121.59666,18.06403],[121.59656,18.06434],[121.59651,18.06443],[121.59631,18.06458],[121.59561,18.06478],[121.59658,18.06295],[121.59642,18.06277],[121.59541,18.06267],[121.59297,18.06269],[121.59247,18.06216],[121.59195,18.06145],[121.59189,18.06074],[121.59182,18.05942]]]]}},{"type":"Feature","properties":{"id":"LAS-LIQ-039","susceptibility":"moderate","susceptibility_label":"Moderate","barangay":"San Pedro","hectares":149.62,"data_source":"LGU Lasam liquefaction (2013)"},"geometry":{"type":"Polygon","coordinates":[[[121.54988,18.10056],[121.5499,18.10024],[121.54998,18.09842],[121.55016,18.09839],[121.55025,18.09858],[121.55039,18.09857],[121.55071,18.09854],[121.55107,18.09857],[121.55143,18.09853],[121.55176,18.09863],[121.552,18.09851],[121.55225,18.09841],[121.55247,18.0983],[121.55266,18.09834],[121.55283,18.09828],[121.5532,18.09795],[121.55385,18.09716],[121.55477,18.09666],[121.5559,18.09641],[121.55605,18.0967],[121.5572,18.09657],[121.55842,18.09654],[121.55919,18.0958],[121.55955,18.09556],[121.55995,18.0955],[121.56015,18.09558],[121.56049,18.0954],[121.56069,18.0952],[121.56078,18.09504],[121.5607,18.09481],[121.56051,18.0946],[121.56054,18.09448],[121.56057,18.09419],[121.56065,18.09372],[121.56078,18.09353],[121.56113,18.09328],[121.56147,18.09331],[121.56173,18.09336],[121.56181,18.09317],[121.56201,18.09319],[121.56221,18.09349],[121.56244,18.09358],[121.56248,18.09331],[121.56259,18.09325],[121.56269,18.09338],[121.56273,18.09364],[121.56287,18.09378],[121.56298,18.09366],[121.563,18.0935],[121.5631,18.09323],[121.56328,18.09311],[121.56339,18.09319],[121.56333,18.09345],[121.56322,18.09368],[121.56331,18.09378],[121.56347,18.09385],[121.56366,18.09374],[121.56377,18.09361],[121.56396,18.09361],[121.56411,18.09377],[121.56429,18.09398],[121.56442,18.09419],[121.56454,18.0942],[121.56461,18.0941],[121.56467,18.09395],[121.56478,18.09389],[121.56492,18.09397],[121.565,18.09416],[121.5651,18.09451],[121.56525,18.09459],[121.5654,18.09452],[121.5655,18.09435],[121.56567,18.0942],[121.56588,18.09406],[121.56604,18.094],[121.56619,18.09408],[121.56637,18.09416],[121.56659,18.09422],[121.56678,18.09415],[121.56682,18.09397],[121.56684,18.09376],[121.56667,18.09368],[121.56649,18.09358],[121.56642,18.09342],[121.56651,18.09316],[121.56673,18.09272],[121.56692,18.09273],[121.56708,18.09291],[121.56729,18.09304],[121.56749,18.09313],[121.56777,18.0933],[121.56802,18.0933],[121.56822,18.09318],[121.5683,18.09304],[121.56837,18.09283],[121.56857,18.09289],[121.56874,18.09299],[121.56891,18.09315],[121.56903,18.09336],[121.56922,18.09338],[121.56938,18.09333],[121.56953,18.09325],[121.56954,18.09313],[121.56949,18.09302],[121.56947,18.09285],[121.56939,18.09267],[121.56927,18.09256],[121.56909,18.09245],[121.56908,18.0923],[121.56918,18.09217],[121.56943,18.09216],[121.5697,18.09224],[121.56992,18.09216],[121.56998,18.09197],[121.56994,18.09155],[121.57025,18.09148],[121.57057,18.09153],[121.57084,18.09158],[121.57106,18.09173],[121.57121,18.09194],[121.57142,18.09191],[121.57157,18.0917],[121.57174,18.09149],[121.57175,18.09137],[121.57166,18.09126],[121.57147,18.09122],[121.57134,18.09106],[121.57145,18.09093],[121.57172,18.09088],[121.57196,18.09089],[121.57209,18.09072],[121.57219,18.09045],[121.5721,18.09039],[121.57192,18.09036],[121.57183,18.09028],[121.57191,18.09015],[121.57223,18.09018],[121.57248,18.09006],[121.57222,18.08985],[121.57209,18.08962],[121.57237,18.08957],[121.57285,18.08991],[121.57307,18.08996],[121.57322,18.08984],[121.57329,18.08975],[121.57338,18.08973],[121.57349,18.08978],[121.57351,18.08985],[121.57353,18.09007],[121.5736,18.09003],[121.57367,18.08984],[121.5737,18.08966],[121.57371,18.08964],[121.57385,18.08953],[121.57394,18.08962],[121.57412,18.08974],[121.57411,18.09006],[121.57414,18.09012],[121.57424,18.09011],[121.57443,18.09011],[121.57459,18.09013],[121.57473,18.09024],[121.57479,18.09024],[121.57487,18.09031],[121.57492,18.09035],[121.57497,18.09041],[121.57504,18.09049],[121.57506,18.09047],[121.57515,18.09042],[121.57524,18.09039],[121.57528,18.09036],[121.57532,18.09034],[121.57538,18.09019],[121.57541,18.0901],[121.57545,18.09007],[121.57549,18.09008],[121.57551,18.09012],[121.57555,18.09019],[121.57559,18.09028],[121.57562,18.09034],[121.57561,18.09044],[121.57565,18.0905],[121.57567,18.09052],[121.57573,18.09056],[121.5758,18.09059],[121.57589,18.09066],[121.57599,18.09069],[121.57605,18.09066],[121.57605,18.09063],[121.57606,18.09056],[121.57602,18.09043],[121.57609,18.09033],[121.57614,18.09031],[121.57624,18.09026],[121.57633,18.09025],[121.5764,18.09027],[121.57643,18.09028],[121.57647,18.09029],[121.57658,18.09026],[121.57669,18.09022],[121.5768,18.09022],[121.57682,18.09025],[121.57683,18.0903],[121.57676,18.09039],[121.57668,18.09045],[121.57661,18.09051],[121.57659,18.09056],[121.57656,18.0906],[121.57655,18.09068],[121.57655,18.09077],[121.57654,18.09079],[121.57654,18.09083],[121.57655,18.09088],[121.57658,18.0909],[121.57661,18.09089],[121.57667,18.09084],[121.57677,18.09074],[121.57682,18.09074],[121.57687,18.09075],[121.57687,18.09077],[121.57686,18.09082],[121.57682,18.09089],[121.57681,18.09091],[121.57682,18.09095],[121.5769,18.09099],[121.57699,18.09103],[121.57706,18.09098],[121.57715,18.09093],[121.5772,18.0909],[121.57723,18.09087],[121.57729,18.09082],[121.57732,18.09074],[121.57735,18.0907],[121.57739,18.0907],[121.57743,18.09072],[121.57743,18.09076],[121.57742,18.0908],[121.57738,18.09086],[121.57735,18.09095],[121.5774,18.09099],[121.57741,18.09099],[121.57747,18.091],[121.5775,18.09099],[121.57753,18.09099],[121.57756,18.09098],[121.5776,18.09098],[121.57765,18.09099],[121.57768,18.09099],[121.57772,18.09102],[121.57775,18.09102],[121.57781,18.09097],[121.57784,18.09096],[121.57783,18.09092],[121.57783,18.09087],[121.57785,18.09081],[121.5779,18.09076],[121.57796,18.09074],[121.578,18.09073],[121.57802,18.09076],[121.57812,18.09076],[121.57818,18.09079],[121.57817,18.09084],[121.57814,18.09086],[121.57809,18.0909],[121.57802,18.09095],[121.57802,18.09102],[121.57808,18.09107],[121.57809,18.09108],[121.5781,18.09114],[121.57814,18.09117],[121.57816,18.09119],[121.5782,18.09121],[121.57824,18.09122],[121.57833,18.09122],[121.57837,18.09121],[121.57844,18.09117],[121.57848,18.09115],[121.57851,18.09113],[121.57852,18.09113],[121.57864,18.09109],[121.57871,18.09108],[121.57873,18.09113],[121.57876,18.09121],[121.57878,18.09123],[121.57878,18.09124],[121.5788,18.09126],[121.57891,18.09126],[121.57894,18.09123],[121.57897,18.09119],[121.57901,18.09113],[121.57909,18.09107],[121.57912,18.09108],[121.57913,18.09114],[121.57918,18.09128],[121.57921,18.09136],[121.57933,18.09145],[121.57941,18.09142],[121.57945,18.09141],[121.5795,18.0914],[121.57953,18.09137],[121.57959,18.09137],[121.57961,18.09142],[121.57967,18.09146],[121.57975,18.09144],[121.57983,18.09138],[121.57985,18.09133],[121.5799,18.09125],[121.57989,18.09116],[121.57992,18.09104],[121.57995,18.09102],[121.58,18.09102],[121.58005,18.09101],[121.58006,18.09103],[121.58009,18.09106],[121.58012,18.09114],[121.58016,18.09117],[121.58024,18.09119],[121.58029,18.09114],[121.58031,18.09107],[121.58032,18.0909],[121.58029,18.0908],[121.58024,18.09069],[121.58011,18.09058],[121.57999,18.09052],[121.57997,18.09043],[121.58002,18.09036],[121.5801,18.09032],[121.58013,18.09032],[121.58024,18.09033],[121.58036,18.09034],[121.58046,18.09043],[121.58047,18.09045],[121.58051,18.09054],[121.58058,18.09053],[121.58059,18.09042],[121.58065,18.09039],[121.5807,18.09039],[121.58078,18.09042],[121.58083,18.09053],[121.58087,18.09059],[121.58094,18.09057],[121.58098,18.09055],[121.58103,18.09055],[121.58117,18.09054],[121.58124,18.09051],[121.58128,18.09042],[121.58128,18.09037],[121.58132,18.09033],[121.58135,18.09025],[121.58137,18.09019],[121.58142,18.0902],[121.58152,18.09023],[121.5816,18.09026],[121.58173,18.0903],[121.58191,18.09026],[121.58201,18.09017],[121.58204,18.09009],[121.582,18.08998],[121.58196,18.08993],[121.58195,18.0899],[121.5819,18.08982],[121.58181,18.08979],[121.58182,18.08973],[121.58185,18.08971],[121.5819,18.08969],[121.5822,18.08969],[121.58225,18.08962],[121.58231,18.08951],[121.58233,18.08949],[121.58243,18.08949],[121.58251,18.08957],[121.58264,18.08957],[121.58267,18.08956],[121.5827,18.0895],[121.58271,18.08938],[121.58274,18.08931],[121.58278,18.0893],[121.58284,18.0893],[121.58288,18.08936],[121.58296,18.0894],[121.58222,18.09059],[121.58086,18.0917],[121.57913,18.09367],[121.57789,18.09497],[121.57623,18.09651],[121.57493,18.09806],[121.57376,18.09874],[121.57246,18.09892],[121.57036,18.09911],[121.56993,18.09904],[121.56888,18.09837],[121.56802,18.09787],[121.56647,18.09756],[121.56308,18.09676],[121.56221,18.09676],[121.55876,18.09769],[121.55629,18.09886],[121.5553,18.09966],[121.55345,18.10034],[121.55135,18.10071],[121.54988,18.10056]]]}},{"type":"Feature","properties":{"id":"LAS-LIQ-040","susceptibility":"moderate","susceptibility_label":"Moderate","barangay":"Battalan","hectares":167.2,"data_source":"LGU Lasam liquefaction (2013)"},"geometry":{"type":"MultiPolygon","coordinates":[[[[121.5471,18.09054],[121.54746,18.09056],[121.54776,18.08925],[121.54999,18.09003],[121.55178,18.0904],[121.55456,18.09065],[121.55888,18.09071],[121.5619,18.09059],[121.56456,18.09009],[121.56579,18.08898],[121.56499,18.0875],[121.56388,18.08546],[121.5637,18.08423],[121.56431,18.08305],[121.56555,18.08207],[121.56684,18.08207],[121.56773,18.08234],[121.56787,18.08288],[121.56981,18.08374],[121.57083,18.08345],[121.57153,18.0835],[121.57154,18.08414],[121.57127,18.08721],[121.57113,18.08748],[121.57063,18.08843],[121.57101,18.08884],[121.57151,18.08899],[121.57241,18.08925],[121.57271,18.08928],[121.57319,18.08932],[121.57322,18.08984],[121.57307,18.08996],[121.57285,18.08991],[121.57237,18.08957],[121.57209,18.08962],[121.57222,18.08985],[121.57248,18.09006],[121.57223,18.09018],[121.57191,18.09015],[121.57183,18.09028],[121.57192,18.09036],[121.5721,18.09039],[121.57219,18.09045],[121.57209,18.09072],[121.57196,18.09089],[121.57172,18.09088],[121.57145,18.09093],[121.57134,18.09106],[121.57147,18.09122],[121.57166,18.09126],[121.57175,18.09137],[121.57174,18.09149],[121.57157,18.0917],[121.57142,18.09191],[121.57121,18.09194],[121.57106,18.09173],[121.57084,18.09158],[121.57057,18.09153],[121.57025,18.09148],[121.56994,18.09155],[121.56998,18.09197],[121.56992,18.09216],[121.5697,18.09224],[121.56943,18.09216],[121.56918,18.09217],[121.56908,18.0923],[121.56909,18.09245],[121.56927,18.09256],[121.56939,18.09267],[121.56947,18.09285],[121.56949,18.09302],[121.56954,18.09313],[121.56953,18.09325],[121.56938,18.09333],[121.56922,18.09338],[121.56903,18.09336],[121.56891,18.09315],[121.56874,18.09299],[121.56857,18.09289],[121.56837,18.09283],[121.5683,18.09304],[121.56822,18.09318],[121.56802,18.0933],[121.56777,18.0933],[121.56749,18.09313],[121.56729,18.09304],[121.56708,18.09291],[121.56692,18.09273],[121.56673,18.09272],[121.56651,18.09316],[121.56642,18.09342],[121.56649,18.09358],[121.56667,18.09368],[121.56684,18.09376],[121.56682,18.09397],[121.56678,18.09415],[121.56659,18.09422],[121.56637,18.09416],[121.56619,18.09408],[121.56604,18.094],[121.56588,18.09406],[121.56567,18.0942],[121.5655,18.09435],[121.5654,18.09452],[121.56525,18.09459],[121.5651,18.09451],[121.565,18.09416],[121.56492,18.09397],[121.56478,18.09389],[121.56467,18.09395],[121.56461,18.0941],[121.56454,18.0942],[121.56442,18.09419],[121.56429,18.09398],[121.56411,18.09377],[121.56396,18.09361],[121.56377,18.09361],[121.56366,18.09374],[121.56347,18.09385],[121.56331,18.09378],[121.56322,18.09368],[121.56333,18.09345],[121.56339,18.09319],[121.56328,18.09311],[121.5631,18.09323],[121.563,18.0935],[121.56298,18.09366],[121.56287,18.09378],[121.56273,18.09364],[121.56269,18.09338],[121.56259,18.09325],[121.56248,18.09331],[121.56244,18.09358],[121.56221,18.09349],[121.56201,18.09319],[121.56181,18.09317],[121.56173,18.09336],[121.56147,18.09331],[121.56113,18.09328],[121.56078,18.09353],[121.56065,18.09372],[121.56057,18.09419],[121.56054,18.09448],[121.56051,18.0946],[121.5607,18.09481],[121.56078,18.09504],[121.56069,18.0952],[121.56049,18.0954],[121.56015,18.09558],[121.55995,18.0955],[121.55955,18.09556],[121.55919,18.0958],[121.55842,18.09654],[121.5572,18.09657],[121.55605,18.0967],[121.5559,18.09641],[121.55477,18.09666],[121.5538,18.09517],[121.55372,18.09505],[121.5538,18.09458],[121.55379,18.09425],[121.55361,18.09425],[121.55355,18.09453],[121.55336,18.09469],[121.55304,18.09454],[121.55287,18.09449],[121.55265,18.09463],[121.55253,18.09456],[121.55256,18.09427],[121.55245,18.09409],[121.55217,18.09412],[121.55184,18.09404],[121.55154,18.09399],[121.55129,18.09395],[121.55115,18.09388],[121.55098,18.09401],[121.5509,18.09392],[121.55073,18.09391],[121.55059,18.09372],[121.55023,18.09366],[121.55007,18.09347],[121.54969,18.09346],[121.54975,18.09318],[121.54957,18.0931],[121.54946,18.09293],[121.54929,18.093],[121.54917,18.09289],[121.54911,18.09267],[121.54897,18.09267],[121.5488,18.09274],[121.54871,18.09264],[121.54869,18.09245],[121.54852,18.09233],[121.54839,18.09237],[121.54833,18.09225],[121.54813,18.09221],[121.54792,18.09213],[121.54774,18.09197],[121.54762,18.09185],[121.54768,18.0916],[121.54757,18.09137],[121.54735,18.09121],[121.54729,18.09104],[121.54731,18.09075],[121.5471,18.09054]]],[[[121.57557,18.0819],[121.57582,18.08178],[121.57596,18.08197],[121.57557,18.0819]]]]}},{"type":"Feature","properties":{"id":"LAS-LIQ-041","susceptibility":"moderate","susceptibility_label":"Moderate","barangay":"Magsaysay","hectares":196.45,"data_source":"LGU Lasam liquefaction (2013)"},"geometry":{"type":"Polygon","coordinates":[[[121.52586,18.09118],[121.5261,18.09008],[121.52896,18.08997],[121.53505,18.08671],[121.53643,18.08632],[121.53756,18.08588],[121.53798,18.0858],[121.53872,18.08606],[121.53906,18.08633],[121.5392,18.08638],[121.53809,18.09344],[121.54376,18.09355],[121.54833,18.09225],[121.54839,18.09237],[121.54852,18.09233],[121.54869,18.09245],[121.54871,18.09264],[121.5488,18.09274],[121.54897,18.09267],[121.54911,18.09267],[121.54917,18.09289],[121.54929,18.093],[121.54946,18.09293],[121.54957,18.0931],[121.54975,18.09318],[121.54969,18.09346],[121.55007,18.09347],[121.55023,18.09366],[121.55059,18.09372],[121.55073,18.09391],[121.5509,18.09392],[121.55098,18.09401],[121.55115,18.09388],[121.55129,18.09395],[121.55154,18.09399],[121.55184,18.09404],[121.55217,18.09412],[121.55245,18.09409],[121.55256,18.09427],[121.55253,18.09456],[121.55265,18.09463],[121.55287,18.09449],[121.55304,18.09454],[121.55336,18.09469],[121.55355,18.09453],[121.55361,18.09425],[121.55379,18.09425],[121.5538,18.09458],[121.55372,18.09505],[121.5538,18.09517],[121.55477,18.09666],[121.55385,18.09716],[121.5532,18.09795],[121.55283,18.09828],[121.55266,18.09834],[121.55247,18.0983],[121.55225,18.09841],[121.552,18.09851],[121.55176,18.09863],[121.55143,18.09853],[121.55107,18.09857],[121.55071,18.09854],[121.55039,18.09857],[121.55025,18.09858],[121.55016,18.09839],[121.54998,18.09842],[121.5499,18.10024],[121.54988,18.10056],[121.5495,18.10053],[121.54808,18.09979],[121.54684,18.09849],[121.54579,18.09707],[121.54468,18.09608],[121.54258,18.09497],[121.53974,18.09454],[121.53721,18.09454],[121.5353,18.09583],[121.53468,18.09639],[121.53326,18.0983],[121.5327,18.09874],[121.53085,18.09849],[121.52918,18.098],[121.52853,18.09793],[121.52853,18.09678],[121.52673,18.09746],[121.52647,18.09599],[121.5261,18.09242],[121.5261,18.09147],[121.52586,18.09118]]]}},{"type":"Feature","properties":{"id":"LAS-LIQ-042","susceptibility":"moderate","susceptibility_label":"Moderate","barangay":"Nabannagan East","hectares":58.7,"data_source":"LGU Lasam liquefaction (2013)"},"geometry":{"type":"Polygon","coordinates":[[[121.53809,18.09344],[121.5392,18.08638],[121.54153,18.08738],[121.5432,18.08762],[121.54542,18.0883],[121.54666,18.08886],[121.54776,18.08925],[121.54746,18.09056],[121.5471,18.09054],[121.54731,18.09075],[121.54729,18.09104],[121.54735,18.09121],[121.54757,18.09137],[121.54768,18.0916],[121.54762,18.09185],[121.54774,18.09197],[121.54792,18.09213],[121.54813,18.09221],[121.54833,18.09225],[121.54376,18.09355],[121.53809,18.09344]]]}},{"type":"Feature","properties":{"id":"LAS-LIQ-043","susceptibility":"moderate","susceptibility_label":"Moderate","barangay":"Nabannagan West","hectares":94.51,"data_source":"LGU Lasam liquefaction (2013)"},"geometry":{"type":"Polygon","coordinates":[[[121.51547,18.09017],[121.51664,18.08915],[121.51559,18.08752],[121.51749,18.08609],[121.51806,18.08558],[121.51844,18.08577],[121.51974,18.08633],[121.52134,18.08651],[121.5261,18.08608],[121.52727,18.08565],[121.52869,18.08552],[121.53042,18.08546],[121.53252,18.08528],[121.5369,18.08528],[121.5382,18.08565],[121.53872,18.08606],[121.53798,18.0858],[121.53756,18.08588],[121.53643,18.08632],[121.53505,18.08671],[121.52896,18.08997],[121.5261,18.09008],[121.52586,18.09118],[121.5251,18.09131],[121.52355,18.09164],[121.52191,18.09117],[121.51572,18.09023],[121.51547,18.09017]]]}},{"type":"Feature","properties":{"id":"LAS-LIQ-044","susceptibility":"moderate","susceptibility_label":"Moderate","barangay":"Cabatacan East","hectares":124.43,"data_source":"LGU Lasam liquefaction (2013)"},"geometry":{"type":"Polygon","coordinates":[[[121.5006,18.0917],[121.50066,18.09015],[121.5019,18.08744],[121.50325,18.08639],[121.50418,18.08559],[121.50511,18.08386],[121.50535,18.08281],[121.50538,18.08273],[121.50685,18.08481],[121.50735,18.0849],[121.51091,18.08665],[121.51089,18.08669],[121.51246,18.08861],[121.51547,18.09017],[121.51443,18.09216],[121.51436,18.09278],[121.51425,18.09299],[121.51391,18.09357],[121.51284,18.09429],[121.50933,18.09376],[121.50668,18.09551],[121.50548,18.09491],[121.50332,18.09411],[121.50239,18.09349],[121.50103,18.0925],[121.5006,18.0917]]]}},{"type":"Feature","properties":{"id":"LAS-LIQ-045","susceptibility":"moderate","susceptibility_label":"Moderate","barangay":"Tucalan Passing","hectares":90.2,"data_source":"LGU Lasam liquefaction (2013)"},"geometry":{"type":"Polygon","coordinates":[[[121.50668,18.09551],[121.50933,18.09376],[121.51284,18.09429],[121.51391,18.09357],[121.51425,18.09299],[121.51436,18.09278],[121.51443,18.09216],[121.51547,18.09017],[121.51572,18.09023],[121.52191,18.09117],[121.52355,18.09164],[121.5251,18.09131],[121.52586,18.09118],[121.5261,18.09147],[121.5261,18.09242],[121.52647,18.09599],[121.52673,18.09746],[121.52853,18.09678],[121.52853,18.09793],[121.52727,18.09781],[121.52418,18.09744],[121.52295,18.09633],[121.52103,18.09559],[121.51943,18.09522],[121.51838,18.09509],[121.51659,18.09516],[121.51492,18.09577],[121.51282,18.09627],[121.51109,18.09645],[121.50937,18.09645],[121.50776,18.09608],[121.50739,18.0959],[121.50671,18.09553],[121.50668,18.09551]]]}},{"type":"Feature","properties":{"id":"LAS-LIQ-046","susceptibility":"moderate","susceptibility_label":"Moderate","barangay":"New Orlins","hectares":95.87,"data_source":"LGU Lasam liquefaction (2013)"},"geometry":{"type":"Polygon","coordinates":[[[121.50538,18.08273],[121.50579,18.08176],[121.50653,18.08059],[121.50751,18.07898],[121.50844,18.07824],[121.50992,18.07775],[121.51159,18.07824],[121.51338,18.07947],[121.51455,18.08083],[121.51529,18.08219],[121.51579,18.08355],[121.51659,18.08485],[121.51806,18.08558],[121.51749,18.08609],[121.51559,18.08752],[121.51664,18.08915],[121.51547,18.09017],[121.51246,18.08861],[121.51089,18.08669],[121.51091,18.08665],[121.50735,18.0849],[121.50685,18.08481],[121.50538,18.08273]]]}},{"type":"Feature","properties":{"id":"LAS-LIQ-047","susceptibility":"moderate","susceptibility_label":"Moderate","barangay":"Minanga Norte","hectares":43.15,"data_source":"LGU Lasam liquefaction (2013)"},"geometry":{"type":"MultiPolygon","coordinates":[[[[121.63461,18.09875],[121.63591,18.09848],[121.63643,18.09893],[121.63768,18.09919],[121.63883,18.09916],[121.64017,18.09902],[121.64103,18.0986],[121.64193,18.0976],[121.64251,18.09703],[121.64294,18.09718],[121.64486,18.09853],[121.64557,18.09905],[121.64572,18.09926],[121.64601,18.09983],[121.64661,18.10077],[121.64736,18.10204],[121.64809,18.10316],[121.64946117860394,18.105165983513178],[121.64896630260895,18.105169064549155],[121.64831,18.10449],[121.64671,18.10337],[121.64578,18.10319],[121.64436,18.10344],[121.64325,18.10368],[121.6422,18.10325],[121.64196,18.10066],[121.64134,18.10035],[121.63899,18.10016],[121.63782,18.09979],[121.63615,18.09948],[121.63461,18.09875]]],[[[121.64567,18.0976],[121.64598,18.09764],[121.64613,18.09802],[121.64567,18.0976]]]]}},{"type":"Feature","properties":{"id":"LAS-LIQ-048","susceptibility":"moderate","susceptibility_label":"Moderate","barangay":"Tagao","hectares":307.8,"data_source":"LGU Lasam liquefaction (2013)"},"geometry":{"type":"MultiPolygon","coordinates":[[[[121.56482945316068,18.012265755995106],[121.56570599500003,18.012154360000068],[121.56577402300002,18.012265679000052],[121.56587297300007,18.012327523000067],[121.56604613500008,18.012407920000044],[121.56623166600002,18.012376998000036],[121.56636153800002,18.01228423200007],[121.56652851600006,18.012203835000037],[121.56681918100003,18.012203835000037],[121.56701708100002,18.012197651000065],[121.56722116500009,18.012228573000073],[121.56736340600003,18.012339891000067],[121.56742524900005,18.012426473000062],[121.56738814300002,18.012543976000075],[121.56736959000011,18.01264292600007],[121.56733866800005,18.012748060000035],[121.56723353400002,18.012816088000022],[121.56705418700005,18.012890300000038],[121.56691194700011,18.012989250000032],[121.56685628700006,18.01315622800007],[121.56685628700006,18.013317022000024],[121.56691194700011,18.013397419000057],[121.56704800300008,18.013471631000073],[121.5671964280001,18.013465447000044],[121.56740051200006,18.01340360300003],[121.56751801500002,18.01336649700005],[121.56759841200005,18.013409787000057],[121.5677220990001,18.013490184000034],[121.5678952610001,18.01353965900006],[121.56827869200004,18.01352110600004],[121.56858172700004,18.013570581000067],[121.56880436400002,18.01371900600003],[121.5688971290001,18.013824140000054],[121.56895278900004,18.013978749000046],[121.5690950290001,18.01406533100004],[121.56921871700001,18.014189018000025],[121.56927437600007,18.014337443000045],[121.56933003500001,18.014467315000047],[121.56941661600001,18.014522974000045],[121.56951556600006,18.014553896000052],[121.56965780700011,18.014535343000034],[121.57017729400002,18.014510605000055],[121.5706844120001,18.01443639300004],[121.57104310600005,18.014615739000078],[121.57132140200008,18.01479508600005],[121.57143272100006,18.01495588000006],[121.57148219600003,18.01509812000006],[121.57148838000012,18.01525891400007],[121.57149456500008,18.015407339000035],[121.57139561500003,18.015549579000037],[121.5711853460001,18.015710373000047],[121.57111401054732,18.015757929968565],[121.56938,18.01483],[121.56549,18.01304],[121.56487,18.01236],[121.56482945316068,18.012265755995106]]],[[[121.57445431444069,18.018350797727837],[121.57453727400002,18.018400574000054],[121.57465477700009,18.01846860200004],[121.57479083400005,18.01846860200004],[121.57516189600005,18.018703608000067],[121.57536598000002,18.018889139000066],[121.57555769500004,18.019117961000063],[121.57579888600003,18.01956942000004],[121.57585454500008,18.01969929100005],[121.57596586400007,18.01975495100004],[121.57608336700002,18.019835347000026],[121.57618231700008,18.01986008500006],[121.57629982000003,18.01990956000003],[121.5763307420001,18.019977588000074],[121.57642350700007,18.02005798500005],[121.57658430100003,18.020138382000027],[121.57672035700011,18.02020641000007],[121.57683786000007,18.02020641000007],[121.57696773200007,18.020163119000074],[121.57698010000001,18.020039432000033],[121.57690588800006,18.019748766000077],[121.57685022900012,18.019649816000026],[121.5767883850001,18.01953849800003],[121.57678220100001,18.019420995000075],[121.5768316760001,18.01919217300002],[121.57679456900007,18.018981904000043],[121.57673272600005,18.01885821700006],[121.57664614400005,18.018740714000046],[121.57660285400004,18.018567552000036],[121.5765471950001,18.018505708000077],[121.5765286410001,18.018295439000042],[121.57644824500005,18.018010958000048],[121.57626889800008,18.01762752700006],[121.5761328420001,18.017299756000057],[121.57605244500007,18.017077119000078],[121.5760462610001,18.01691014100004],[121.57608955100011,18.016786453000066],[121.57621323900003,18.01673697800004],[121.57640083000001,18.016735808000078],[121.57681405800008,18.01684772400006],[121.57708093400004,18.017037120000055],[121.57711537000012,18.01722651700004],[121.57724450300009,18.017364259000033],[121.57738224600007,18.017433131000075],[121.57765773100004,18.017286779000074],[121.5777352120001,18.01710599200004],[121.577640513,18.016830507000066],[121.57750277100001,18.016666937000025],[121.57758025100009,18.01639145200005],[121.57772660300009,18.01623649100003],[121.578027915,18.016322581000054],[121.5786391480001,18.016890769000042],[121.57912985600001,18.01708016500004],[121.57950864800011,18.017243734000033],[121.57984439600011,18.017527829000073],[121.58027484100012,18.018121844000063],[121.58081720300004,18.018044364000048],[121.58104964400002,18.01794105700003],[121.58104964400002,18.01773444300005],[121.58086024800002,18.01744173900005],[121.58056754500001,18.01701990300006],[121.5802231880001,18.016563630000064],[121.58000796500005,18.016072922000035],[121.58019736100005,18.01553056000006],[121.58061058900012,18.015237857000045],[121.58088607400009,18.015263684000047],[121.58114434200002,18.015255075000027],[121.58171253000012,18.01530672900003],[121.58207773800007,18.015308419000064],[121.58260785700008,18.01518620400003],[121.58296943200003,18.01495376300005],[121.58329657100012,18.015108724000072],[121.58346874900008,18.015246466000065],[121.58354622900004,18.01554777800004],[121.58352901100011,18.01578882800004],[121.5833310060001,18.016055704000053],[121.58302108500004,18.016443105000064],[121.58290916900012,18.016658328000062],[121.58278003600003,18.017045729000074],[121.58241846100009,18.017545046000066],[121.5821860210001,18.017975492000062],[121.58219462900001,18.01831124000006],[121.58253898600003,18.018483418000073],[121.58283168900005,18.018690032000052],[121.58350318400005,18.01893108200005],[121.58401971900003,18.019327092000026],[121.58450181900002,18.019723102000057],[121.58508722500005,18.02024824600005],[121.58536271000003,18.020420424000065],[121.5856812400001,18.020325726000067],[121.58587924500011,18.020084676000067],[121.5858676470001,18.01929437700005],[121.58597238000004,18.019015100000047],[121.586189493,18.018740914000034],[121.58647903700012,18.01851725100005],[121.58679100000006,18.018377437000026],[121.58713619100001,18.017964427000038],[121.58722363600009,18.01757357300005],[121.58740713200007,18.017384882000044],[121.58771258700006,18.017357549000053],[121.58804602500004,18.017613159000064],[121.58833301800007,18.017874705000054],[121.58863839100002,18.018388306000077],[121.5887325430001,18.018936171000064],[121.58881441800008,18.019251691000022],[121.58895719995189,18.019280631798033],[121.58896,18.01937],[121.58831,18.02006],[121.5911,18.02495],[121.59313,18.02711],[121.59664,18.03103],[121.59657,18.03262],[121.59578,18.03419],[121.59567,18.03452],[121.59317,18.03337],[121.59082,18.03121],[121.5899,18.03059],[121.5894,18.03022],[121.58835,18.02979],[121.58817,18.02973],[121.58617,18.0299],[121.58469,18.02811],[121.58351,18.0265],[121.5824,18.02558],[121.58185,18.02527],[121.5808,18.02527],[121.58006,18.02564],[121.5787,18.02459],[121.57752,18.02292],[121.57666,18.02144],[121.57567,18.01996],[121.57445431444069,18.018350797727837]]]]}},{"type":"Feature","properties":{"id":"LAS-LIQ-049","susceptibility":"moderate","susceptibility_label":"Moderate","barangay":"Calapangan Sur","hectares":202.77,"data_source":"LGU Lasam liquefaction (2013)"},"geometry":{"type":"MultiPolygon","coordinates":[[[[121.58831,18.02006],[121.58896,18.01937],[121.58895719995189,18.019280631798033],[121.5890514670001,18.019299739000076],[121.58934943400004,18.01921648800004],[121.58953644000007,18.019038571000067],[121.58963035600004,18.01872122900005],[121.58972277400005,18.018560437000076],[121.59002646200008,18.018326554000055],[121.59028370400006,18.018178274000036],[121.59102924100011,18.017836671000055],[121.5914449070001,18.01761872700007],[121.59166706700012,18.017401346000042],[121.59200073700003,18.01721791400007],[121.59248967600001,18.016961258000038],[121.59284093800011,18.016867115000025],[121.59316927100008,18.016817047000075],[121.59348600200008,18.016783633000045],[121.59395131100007,18.01680557900005],[121.59439123800007,18.016805154000053],[121.594871839,18.016737952000028],[121.59542190000002,18.016564404000064],[121.59588316400004,18.01641354800006],[121.59655503800002,18.016079700000034],[121.5970532130001,18.01585175200006],[121.59737485900007,18.01576848900004],[121.59775447700008,18.01577406800004],[121.5980840950001,18.01579625100004],[121.59838112000011,18.015951404000077],[121.59863761000008,18.016151026000045],[121.59892346000004,18.016478282000037],[121.59919183400007,18.01672244200006],[121.59955138100008,18.01697716600006],[121.59986714500008,18.01704285900007],[121.60021121900002,18.01702583200006],[121.60041479900008,18.016860027000064],[121.60058493400004,18.016570870000066],[121.60099771300008,18.016039641000077],[121.60140565500001,18.01556828300005],[121.6016834543411,18.01539134890809],[121.6018,18.01539],[121.60215775337248,18.015032246627516],[121.60218079600008,18.015014759000053],[121.60218812519213,18.015001874807872],[121.60248,18.01471],[121.60251,18.01465],[121.603,18.01556],[121.60448,18.01533],[121.60438,18.01585],[121.60416,18.01656],[121.60375,18.01682],[121.60314,18.01913],[121.60414,18.02099],[121.6038,18.02108],[121.604,18.02151],[121.60204,18.02234],[121.60196,18.02216],[121.60077,18.0226],[121.60109,18.0257],[121.59825,18.02935],[121.59664,18.03103],[121.59313,18.02711],[121.5911,18.02495],[121.58831,18.02006]]],[[[121.59824961375196,18.00954722092624],[121.59827,18.00943],[121.59839,18.00919],[121.5985,18.00906],[121.59862,18.00993],[121.59982,18.01103],[121.60102,18.01186],[121.60174,18.01316],[121.60196646026918,18.013598766771526],[121.60196521600005,18.013597641000047],[121.60142475600003,18.01301664700003],[121.60089780800001,18.01239511800003],[121.60035059200004,18.01173981000005],[121.59979662100011,18.01106423500005],[121.59935074100008,18.01065889100005],[121.59885757200004,18.010253546000058],[121.59847925000008,18.009963049000078],[121.59824961375196,18.00954722092624]]],[[[121.60112,18.01051],[121.60201,18.01035],[121.60352,18.01035],[121.60372,18.00994],[121.60375,18.00996],[121.60441,18.01063],[121.60508,18.01106],[121.60523,18.01135],[121.60553,18.01203],[121.60487,18.01269],[121.6044,18.01348],[121.60388,18.01384],[121.60336,18.01394],[121.60221,18.01233],[121.60216,18.01186],[121.6018,18.0116],[121.60138,18.01129],[121.60112,18.01051]]]]}},{"type":"Feature","properties":{"id":"LAS-LIQ-050","susceptibility":"moderate","susceptibility_label":"Moderate","barangay":"Calapangan Norte","hectares":199.12,"data_source":"LGU Lasam liquefaction (2013)"},"geometry":{"type":"Polygon","coordinates":[[[121.59825,18.02935],[121.60109,18.0257],[121.60077,18.0226],[121.60196,18.02216],[121.60204,18.02234],[121.604,18.02151],[121.6038,18.02108],[121.60414,18.02099],[121.60314,18.01913],[121.60375,18.01682],[121.60416,18.01656],[121.60438,18.01585],[121.60448,18.01533],[121.60497,18.01525],[121.60576,18.01483],[121.60602,18.01421],[121.60614,18.01376],[121.60708,18.01622],[121.60757,18.01719],[121.60761,18.01729],[121.60765,18.01735],[121.60806,18.01817],[121.6086,18.01914],[121.60935,18.02041],[121.61149,18.02368],[121.61327,18.0266],[121.61525,18.02927],[121.61316,18.03014],[121.61165,18.0308],[121.60731,18.03269],[121.60696,18.03285],[121.60537,18.03336],[121.60316,18.03419],[121.60172,18.03484],[121.60133,18.03418],[121.60096,18.03348],[121.59825,18.02935]]]}},{"type":"Feature","properties":{"id":"LAS-LIQ-051","susceptibility":"moderate","susceptibility_label":"Moderate","barangay":"Aggunetan","hectares":268.59,"data_source":"LGU Lasam liquefaction (2013)"},"geometry":{"type":"MultiPolygon","coordinates":[[[[121.60731,18.03269],[121.61165,18.0308],[121.61316,18.03014],[121.61525,18.02927],[121.61745,18.03222],[121.61936,18.03463],[121.62088,18.03616],[121.62297,18.03873],[121.62337,18.03928],[121.62426,18.04105],[121.62497,18.04211],[121.62556,18.04296],[121.62573,18.04444],[121.62615,18.04694],[121.62658,18.04867],[121.62333,18.04982],[121.62353,18.05027],[121.61767,18.05222],[121.61472,18.05125],[121.61323,18.05179],[121.61329,18.05054],[121.61502,18.0501],[121.61595,18.04942],[121.61595,18.04813],[121.61463,18.04657],[121.61465,18.04652],[121.61633,18.04533],[121.61449,18.04279],[121.61316,18.04115],[121.61025,18.03964],[121.60951,18.03985],[121.60885,18.03804],[121.60844,18.03686],[121.60758,18.03587],[121.60879,18.03527],[121.60796,18.03375],[121.60731,18.03269]]],[[[121.62756,18.04584],[121.62895,18.04783],[121.62839,18.04802],[121.62823,18.04747],[121.62756,18.04584]]]]}},{"type":"Feature","properties":{"id":"LAS-LIQ-052","susceptibility":"moderate","susceptibility_label":"Moderate","barangay":"Cataliganan","hectares":105.03,"data_source":"LGU Lasam liquefaction (2013)"},"geometry":{"type":"Polygon","coordinates":[[[121.59567,18.03452],[121.59578,18.03419],[121.59657,18.03262],[121.59664,18.03103],[121.59825,18.02935],[121.60096,18.03348],[121.60133,18.03418],[121.60172,18.03484],[121.60316,18.03419],[121.60537,18.03336],[121.60696,18.03285],[121.60731,18.03269],[121.60796,18.03375],[121.60879,18.03527],[121.60758,18.03587],[121.60844,18.03686],[121.60885,18.03804],[121.60951,18.03985],[121.61025,18.03964],[121.61316,18.04115],[121.61449,18.04279],[121.61633,18.04533],[121.61465,18.04652],[121.61463,18.04657],[121.61422,18.04609],[121.61237,18.04467],[121.60971,18.04282],[121.60687,18.0409],[121.60477,18.03924],[121.60193,18.03726],[121.60027,18.03646],[121.59761,18.03541],[121.59567,18.03452]]]}},{"type":"Feature","properties":{"id":"LAS-LIQ-053","susceptibility":"moderate","susceptibility_label":"Moderate","barangay":"Callao Sur","hectares":206.41,"data_source":"LGU Lasam liquefaction (2013)"},"geometry":{"type":"MultiPolygon","coordinates":[[[[121.61321,18.05223],[121.61323,18.05179],[121.61472,18.05125],[121.61767,18.05222],[121.62353,18.05027],[121.62333,18.04982],[121.62658,18.04867],[121.62688,18.04986],[121.62761,18.05267],[121.62823,18.0558],[121.62834,18.05799],[121.62855,18.05976],[121.62948,18.06184],[121.63036,18.06265],[121.62987,18.06284],[121.6211,18.06552],[121.6189,18.06619],[121.61835,18.06438],[121.61818,18.06403],[121.61813,18.06393],[121.61792,18.06265],[121.61991,18.06199],[121.61934,18.05908],[121.6179,18.05649],[121.61571,18.05734],[121.61379,18.05306],[121.61321,18.05223]]],[[[121.62839,18.04802],[121.62895,18.04783],[121.63222,18.05254],[121.6332,18.05385],[121.63422,18.05626],[121.63476,18.05744],[121.635,18.0584],[121.63396,18.05788],[121.63209,18.0558],[121.62881,18.0495],[121.62839,18.04802]]],[[[121.63535,18.0603],[121.63538,18.06008],[121.63542,18.06029],[121.63535,18.0603]]]]}},{"type":"Feature","properties":{"id":"LAS-LIQ-054","susceptibility":"moderate","susceptibility_label":"Moderate","barangay":"Callao Norte","hectares":204.36,"data_source":"LGU Lasam liquefaction (2013)"},"geometry":{"type":"MultiPolygon","coordinates":[[[[121.6189,18.06619],[121.6211,18.06552],[121.62987,18.06284],[121.63036,18.06265],[121.63084,18.06309],[121.63219,18.06507],[121.63313,18.06664],[121.63386,18.06778],[121.63407,18.06841],[121.63396,18.07237],[121.63396,18.07393],[121.63365,18.07737],[121.63355,18.07903],[121.63365,18.0806],[121.63459,18.08257],[121.63542,18.08424],[121.63563,18.08472],[121.63528,18.08483],[121.63364,18.08481],[121.63366,18.08425],[121.63374,18.08355],[121.63241,18.08372],[121.63125,18.08379],[121.63029,18.08385],[121.6301,18.08337],[121.63002,18.08335],[121.63002,18.08321],[121.63,18.08213],[121.63001,18.08211],[121.63019,18.0821],[121.63025,18.08203],[121.63033,18.0818],[121.63035,18.08171],[121.63033,18.08167],[121.6303,18.08158],[121.63037,18.08145],[121.63067,18.08089],[121.6306,18.08037],[121.62986,18.07998],[121.62892,18.0797],[121.62798,18.07927],[121.62696,18.07844],[121.62588,18.07824],[121.62492,18.07814],[121.62452,18.07771],[121.62459,18.077],[121.62499,18.07569],[121.62553,18.07524],[121.62594,18.07485],[121.62611,18.07479],[121.62615,18.07476],[121.62633,18.07461],[121.62631,18.0745],[121.62631,18.07449],[121.62656,18.07425],[121.62759,18.0734],[121.62803,18.07265],[121.62806,18.07175],[121.62789,18.07065],[121.6276,18.0698],[121.62725,18.0691],[121.62668,18.06871],[121.62597,18.0685],[121.62592,18.06848],[121.62581,18.06873],[121.62602,18.07029],[121.62628,18.07093],[121.62623,18.07094],[121.62409,18.07132],[121.62353,18.06963],[121.62292,18.06991],[121.62218,18.07025],[121.62077,18.0709],[121.61946,18.06748],[121.61937,18.06728],[121.61929,18.06706],[121.6189,18.06619]]],[[[121.63511,18.06268],[121.63535,18.0603],[121.63542,18.06029],[121.63547,18.06053],[121.63576,18.06122],[121.63614,18.0627],[121.63594,18.07039],[121.63574,18.07348],[121.63517,18.07547],[121.63532,18.07382],[121.63563,18.07205],[121.63573,18.06726],[121.63542,18.06538],[121.63511,18.06268]]],[[[121.63511,18.08002],[121.63523,18.08048],[121.63511,18.08007],[121.63511,18.08002]]],[[[121.63573,18.08215],[121.63645,18.08371],[121.63708,18.08465],[121.637,18.08463],[121.63605,18.0832],[121.63573,18.08215]]]]}},{"type":"Feature","properties":{"id":"LAS-LIQ-055","susceptibility":"moderate","susceptibility_label":"Moderate","barangay":"Abariongan","hectares":830.8,"data_source":"LGU Lasam liquefaction (2013)"},"geometry":{"type":"MultiPolygon","coordinates":[[[[121.5982292870001,18.009510413000044],[121.59826982200002,18.009125336000068],[121.59843196000008,18.008990221000033],[121.59848581662277,18.008951260774523],[121.5985,18.00906],[121.59839,18.00919],[121.59827,18.00943],[121.59824961375196,18.00954722092624],[121.5982292870001,18.009510413000044]]],[[[121.6016834543411,18.01539134890809],[121.60169046300007,18.015386885000055],[121.60215775337248,18.015032246627516],[121.6018,18.01539],[121.6016834543411,18.01539134890809]]],[[[121.60218812519213,18.015001874807872],[121.60245203663206,18.014537937488658],[121.60251,18.01465],[121.60248,18.01471],[121.60218812519213,18.015001874807872]]]]}}]}
