{"type":"FeatureCollection","properties":{"name":"Lasam flood susceptibility (LGU 2020)","data_source":"LGU Lasam coarse flood zones (demonstration)","vintage":"2020","disclaimer":"Coarse LGU flood layer — not DENR-MGB. Use the Flood tab for official MGB susceptibility."},"features":[{"type":"Feature","properties":{"id":"LAS-FLD-001","susceptibility":"high","susceptibility_label":"High","gridcode":1,"data_source":"LGU Lasam flood (2020)"},"geometry":{"type":"MultiPolygon","coordinates":[[[[121.56608783561443,18.012400969860188],[121.56623166600002,18.012376998000036],[121.56633541900248,18.012302888484335],[121.56642,18.0124],[121.56722815116856,18.012234040385025],[121.56736340600003,18.012339891000067],[121.56742524900005,18.012426473000062],[121.56738814300002,18.012543976000075],[121.56736959000011,18.01264292600007],[121.56733866800005,18.012748060000035],[121.56723353400002,18.012816088000022],[121.56705436074333,18.012890228106805],[121.56707,18.01264],[121.56613,18.01246],[121.56608783561443,18.012400969860188]]],[[[121.567307898506,18.01343166786023],[121.56740051200006,18.01340360300003],[121.56751801500002,18.01336649700005],[121.56759841200005,18.013409787000057],[121.5677220990001,18.013490184000034],[121.56781358567615,18.01351632312582],[121.56765,18.01354],[121.567307898506,18.01343166786023]]],[[[121.56829,18.05756],[121.56883,18.0574],[121.56914,18.05709],[121.56926,18.05699],[121.56962,18.05683],[121.56967,18.05678],[121.56985,18.05678],[121.57019,18.05683],[121.57066,18.05671],[121.57189,18.05663],[121.57249,18.05668],[121.57329,18.05655],[121.57382,18.05663],[121.57396,18.05678],[121.57471,18.057],[121.57566,18.05751],[121.5758,18.05755],[121.57585,18.05772],[121.57612,18.05787],[121.57663,18.05809],[121.57725,18.05905],[121.5773,18.0591],[121.57737,18.05942],[121.57722,18.05992],[121.57751,18.06024],[121.57796,18.06063],[121.57834,18.06121],[121.57928,18.06129],[121.57943,18.06103],[121.57938,18.06045],[121.57961,18.06007],[121.57974,18.05979],[121.58046,18.05898],[121.58113,18.05827],[121.58156,18.05771],[121.58219,18.05703],[121.58304,18.05657],[121.58334,18.05637],[121.58365,18.05643],[121.58374,18.05643],[121.58374,18.05652],[121.58384,18.05652],[121.58384,18.05661],[121.58403,18.05662],[121.58412,18.05662],[121.58412,18.05671],[121.58431,18.05671],[121.58431,18.0568],[121.5845,18.0568],[121.5845,18.05689],[121.58449,18.05707],[121.58459,18.05707],[121.58459,18.05734],[121.58468,18.05734],[121.58472,18.05754],[121.58487,18.05762],[121.58495,18.0579],[121.58623,18.05867],[121.5867,18.05894],[121.5872,18.05928],[121.58759,18.05931],[121.58802,18.05922],[121.58807,18.05918],[121.5884,18.05914],[121.58928,18.05879],[121.59024,18.05855],[121.59051,18.0584],[121.5913,18.05818],[121.59194,18.05722],[121.59254,18.05678],[121.59374,18.05628],[121.59433,18.05624],[121.59433,18.05633],[121.59451,18.05633],[121.5946,18.05643],[121.59577,18.05658],[121.59636,18.05675],[121.59723,18.05708],[121.59832,18.05689],[121.59916,18.05707],[121.59966,18.05737],[121.6001,18.05771],[121.6006,18.05831],[121.60133,18.05888],[121.60162,18.05923],[121.60177,18.05928],[121.60208,18.05982],[121.60218,18.06014],[121.60228,18.06041],[121.60239,18.06111],[121.60302,18.06128],[121.60387,18.06104],[121.60437,18.06063],[121.60455,18.06034],[121.60464,18.05997],[121.60492,18.05949],[121.60484,18.05934],[121.60465,18.05918],[121.60499,18.05909],[121.60552,18.05938],[121.60573,18.0593],[121.60592,18.05931],[121.60592,18.0594],[121.60611,18.0594],[121.60611,18.05958],[121.6062,18.05958],[121.6062,18.05985],[121.6063,18.05985],[121.60629,18.06003],[121.60639,18.06003],[121.60639,18.0603],[121.60648,18.0603],[121.60655,18.06055],[121.60699,18.06127],[121.60708,18.06198],[121.60713,18.06202],[121.60713,18.06239],[121.60722,18.06239],[121.60722,18.06248],[121.60731,18.06248],[121.60731,18.06266],[121.60741,18.06266],[121.60741,18.06275],[121.60746,18.06332],[121.60735,18.06361],[121.60726,18.06397],[121.60716,18.06415],[121.60716,18.06433],[121.60735,18.06442],[121.60725,18.06451],[121.60715,18.06501],[121.6075,18.06518],[121.60734,18.06532],[121.60734,18.06546],[121.60732,18.06596],[121.60704,18.06797],[121.60742,18.06868],[121.60825,18.06921],[121.60953,18.06933],[121.61096,18.06931],[121.61139,18.06952],[121.61198,18.07072],[121.61211,18.07152],[121.61189,18.07248],[121.61154,18.07297],[121.61143,18.0735],[121.61163,18.07367],[121.6121,18.07321],[121.61209,18.07286],[121.61254,18.07297],[121.61296,18.07277],[121.61334,18.07222],[121.61333,18.07179],[121.61362,18.07143],[121.61384,18.07112],[121.61456,18.07089],[121.61602,18.07211],[121.61635,18.07264],[121.61608,18.07383],[121.6152,18.07433],[121.61477,18.07463],[121.61454,18.07532],[121.61432,18.07581],[121.61387,18.07594],[121.61358,18.07613],[121.61321,18.07612],[121.61235,18.07613],[121.61235,18.07657],[121.61257,18.07678],[121.6134,18.0773],[121.61357,18.07748],[121.61404,18.07766],[121.61472,18.07795],[121.61498,18.07884],[121.61526,18.07957],[121.61535,18.07984],[121.61545,18.08012],[121.61685,18.08057],[121.61751,18.08096],[121.61834,18.08128],[121.62041,18.08149],[121.62151,18.08114],[121.62217,18.08116],[121.62336,18.08243],[121.62391,18.08294],[121.62401,18.08316],[121.62434,18.08377],[121.6249,18.08501],[121.62554,18.08525],[121.62604,18.08525],[121.62695,18.0849],[121.62778,18.08481],[121.62788,18.08471],[121.62753,18.08439],[121.6273,18.08345],[121.62686,18.08288],[121.62715,18.08235],[121.62754,18.08219],[121.62808,18.08246],[121.62885,18.08271],[121.6295,18.08283],[121.6299,18.08226],[121.63026,18.08194],[121.63046,18.08166],[121.63045,18.08095],[121.63065,18.08067],[121.63074,18.08039],[121.62955,18.08041],[121.62922,18.0803],[121.62876,18.0803],[121.62863,18.08017],[121.62849,18.07957],[121.62832,18.0793],[121.62766,18.08014],[121.62729,18.07976],[121.62688,18.07951],[121.62678,18.07844],[121.62629,18.07828],[121.62687,18.0783],[121.62698,18.07935],[121.6277,18.07984],[121.62802,18.07937],[121.62831,18.07912],[121.62859,18.0794],[121.62876,18.07994],[121.62886,18.08012],[121.62932,18.08012],[121.6297,18.08031],[121.63063,18.08016],[121.63093,18.08051],[121.63057,18.08118],[121.63074,18.08167],[121.63059,18.0818],[121.63031,18.08207],[121.63007,18.08229],[121.62957,18.08296],[121.62859,18.08282],[121.62745,18.08234],[121.62733,18.08246],[121.62723,18.08255],[121.62707,18.08271],[121.62742,18.08327],[121.62769,18.08427],[121.62797,18.08453],[121.62816,18.0849],[121.6285,18.08523],[121.62992,18.08548],[121.63043,18.08574],[121.6308,18.08629],[121.63079,18.08687],[121.63047,18.08731],[121.63012,18.08763],[121.62946,18.08828],[121.62905,18.08892],[121.6284,18.08951],[121.62786,18.09004],[121.62765,18.09014],[121.62709,18.09056],[121.62659,18.09105],[121.6263,18.09188],[121.62631,18.09278],[121.6266,18.09333],[121.62698,18.09387],[121.62779,18.09407],[121.62849,18.09393],[121.62932,18.09353],[121.63008,18.09296],[121.63059,18.09258],[121.63084,18.09233],[121.63185,18.09171],[121.63303,18.09117],[121.63345,18.09118],[121.63395,18.09117],[121.63446,18.09128],[121.63499,18.09155],[121.63547,18.09236],[121.63579,18.09277],[121.63594,18.09336],[121.63612,18.09399],[121.63638,18.09491],[121.63648,18.09618],[121.63629,18.09689],[121.63629,18.09698],[121.63627,18.09758],[121.63666,18.0977],[121.63736,18.09829],[121.6382,18.09861],[121.63916,18.09873],[121.63961,18.09859],[121.63976,18.09827],[121.63934,18.09847],[121.63911,18.09835],[121.6393,18.09818],[121.63969,18.09771],[121.63969,18.09718],[121.6393,18.09718],[121.63875,18.0969],[121.63818,18.09663],[121.63781,18.09651],[121.6375,18.09605],[121.63753,18.09517],[121.6384,18.09519],[121.63904,18.09561],[121.63942,18.09573],[121.6397,18.09583],[121.64005,18.09592],[121.64017,18.09547],[121.64039,18.09579],[121.64084,18.09593],[121.64145,18.09563],[121.64225,18.09603],[121.64299,18.09621],[121.64473,18.09694],[121.64545,18.09704],[121.64578,18.09709],[121.64581,18.09724],[121.64594,18.09748],[121.64597,18.09772],[121.64537,18.09781],[121.6443,18.09766],[121.64433,18.09811],[121.64492,18.09822],[121.64521,18.09867],[121.64503,18.09898],[121.64463,18.09876],[121.6444,18.09904],[121.64492,18.09925],[121.64475,18.09955],[121.64441,18.09973],[121.64453,18.09997],[121.6442,18.09987],[121.64439,18.09956],[121.64459,18.09939],[121.64402,18.09928],[121.64401,18.09894],[121.64411,18.09884],[121.64463,18.09839],[121.64431,18.0984],[121.64394,18.09838],[121.64331,18.09874],[121.64281,18.09876],[121.64233,18.09815],[121.64261,18.0982],[121.64296,18.09832],[121.64365,18.09756],[121.64351,18.09714],[121.64312,18.097],[121.6426,18.09746],[121.64142,18.09866],[121.64064,18.09904],[121.64,18.09926],[121.63957,18.09935],[121.6394,18.09953],[121.63882,18.09944],[121.63838,18.09933],[121.63771,18.09935],[121.63731,18.09924],[121.63658,18.09907],[121.63592,18.09848],[121.63581,18.09824],[121.63551,18.09786],[121.63534,18.09751],[121.63515,18.09724],[121.63504,18.0968],[121.63458,18.09603],[121.63393,18.09579],[121.63375,18.09551],[121.63337,18.09504],[121.63382,18.09474],[121.63394,18.09498],[121.63425,18.09488],[121.6348,18.09564],[121.63498,18.09515],[121.63496,18.09459],[121.63517,18.0948],[121.63527,18.09489],[121.63559,18.09544],[121.63566,18.09503],[121.63542,18.09374],[121.63528,18.09345],[121.63518,18.09327],[121.63508,18.09306],[121.63471,18.09254],[121.63434,18.09192],[121.63305,18.09186],[121.63264,18.09198],[121.63236,18.09216],[121.63207,18.09234],[121.63127,18.09285],[121.63092,18.09301],[121.62987,18.09379],[121.6287,18.09442],[121.62774,18.09466],[121.62697,18.09449],[121.62658,18.09429],[121.62614,18.09415],[121.62575,18.0936],[121.62563,18.09256],[121.62576,18.09122],[121.62632,18.09056],[121.62727,18.08978],[121.62764,18.0894],[121.62821,18.08891],[121.62851,18.08843],[121.62866,18.0883],[121.62921,18.08774],[121.63022,18.08685],[121.63023,18.08664],[121.63009,18.08649],[121.62994,18.08636],[121.62977,18.08601],[121.62929,18.08576],[121.62834,18.08563],[121.62727,18.08547],[121.6263,18.08579],[121.62539,18.08581],[121.6243,18.08535],[121.62393,18.08476],[121.6238,18.08381],[121.62333,18.08311],[121.62236,18.08209],[121.62178,18.0817],[121.62047,18.08195],[121.61823,18.08183],[121.6176,18.08164],[121.61699,18.08123],[121.61637,18.08098],[121.6155,18.08082],[121.6148,18.08049],[121.61447,18.08003],[121.61451,18.07923],[121.61437,18.0785],[121.61377,18.07819],[121.61271,18.07771],[121.61211,18.07717],[121.61172,18.07665],[121.61135,18.07664],[121.61048,18.07727],[121.60996,18.07729],[121.60965,18.07682],[121.60934,18.07681],[121.60885,18.07798],[121.60847,18.078],[121.6082,18.07771],[121.60787,18.0777],[121.60686,18.0779],[121.60695,18.07806],[121.60723,18.07846],[121.60708,18.07885],[121.60666,18.07912],[121.60596,18.07888],[121.60566,18.07932],[121.60506,18.07933],[121.60505,18.07889],[121.60515,18.07859],[121.60544,18.07808],[121.60516,18.07803],[121.60461,18.07859],[121.60403,18.07842],[121.60401,18.07796],[121.60441,18.07705],[121.60451,18.0766],[121.60466,18.07634],[121.60405,18.07622],[121.60403,18.0758],[121.60415,18.07559],[121.60413,18.07498],[121.60433,18.0748],[121.60421,18.0744],[121.60406,18.07425],[121.60386,18.07407],[121.6036,18.07379],[121.60322,18.07378],[121.60288,18.07401],[121.60298,18.0737],[121.60375,18.07368],[121.60443,18.07448],[121.60444,18.07487],[121.60434,18.07497],[121.6042,18.07509],[121.60442,18.0755],[121.60433,18.0757],[121.60404,18.07595],[121.60425,18.07607],[121.60478,18.07605],[121.60498,18.07623],[121.60489,18.07642],[121.60479,18.0766],[121.6047,18.07714],[121.6046,18.07741],[121.60447,18.0779],[121.60422,18.07812],[121.60466,18.07829],[121.60496,18.07769],[121.60573,18.07781],[121.60563,18.07825],[121.60518,18.07904],[121.60548,18.07905],[121.60571,18.0786],[121.60601,18.07869],[121.60669,18.07896],[121.60692,18.07859],[121.60648,18.07804],[121.60664,18.07763],[121.6076,18.07726],[121.60813,18.07745],[121.60864,18.07771],[121.60876,18.07754],[121.60894,18.07682],[121.60949,18.07646],[121.61028,18.07709],[121.61065,18.07692],[121.612,18.07577],[121.61374,18.07555],[121.61419,18.07482],[121.61448,18.07425],[121.61495,18.07395],[121.61548,18.07371],[121.61576,18.07333],[121.61589,18.07274],[121.61571,18.07236],[121.6148,18.07164],[121.6144,18.07143],[121.61408,18.07167],[121.61366,18.07242],[121.61338,18.07296],[121.61276,18.07332],[121.61256,18.0734],[121.61235,18.07362],[121.61178,18.07403],[121.61118,18.07391],[121.61099,18.07355],[121.61126,18.07223],[121.61163,18.07138],[121.61142,18.07056],[121.61109,18.06988],[121.61089,18.06987],[121.61056,18.06988],[121.60947,18.06977],[121.60901,18.06967],[121.60789,18.06955],[121.60731,18.06912],[121.60694,18.06895],[121.60668,18.06857],[121.60651,18.06795],[121.60683,18.06666],[121.60686,18.06604],[121.60685,18.06582],[121.60688,18.06537],[121.60672,18.06202],[121.60661,18.0617],[121.60623,18.0608],[121.60598,18.06],[121.60579,18.0598],[121.60528,18.05995],[121.60467,18.06084],[121.60421,18.06131],[121.60366,18.06149],[121.60312,18.0615],[121.60293,18.0615],[121.60258,18.06151],[121.602,18.06124],[121.60189,18.06104],[121.60177,18.06018],[121.60154,18.05969],[121.60115,18.0594],[121.60087,18.05923],[121.6004,18.05864],[121.59993,18.05822],[121.59957,18.05775],[121.59867,18.05729],[121.59805,18.05731],[121.59788,18.0573],[121.59705,18.0574],[121.59672,18.0573],[121.59587,18.05695],[121.59484,18.05679],[121.59393,18.05655],[121.59241,18.05715],[121.59181,18.05808],[121.59138,18.05857],[121.59113,18.0586],[121.59034,18.05878],[121.59024,18.05892],[121.58986,18.05892],[121.58986,18.05901],[121.58937,18.05904],[121.5893,18.05918],[121.58882,18.05918],[121.58882,18.05927],[121.58863,18.05927],[121.58863,18.05936],[121.58844,18.05936],[121.58844,18.05945],[121.58816,18.05945],[121.58816,18.05954],[121.58806,18.05954],[121.58778,18.05953],[121.58778,18.05963],[121.58735,18.05967],[121.58717,18.05957],[121.58683,18.05947],[121.58628,18.05919],[121.58604,18.05893],[121.58541,18.05857],[121.58459,18.05796],[121.58435,18.05747],[121.58425,18.0573],[121.58416,18.0571],[121.58393,18.05689],[121.5833,18.05675],[121.58283,18.05698],[121.58205,18.05758],[121.58151,18.05836],[121.58108,18.05874],[121.58046,18.05953],[121.57989,18.06015],[121.57969,18.06055],[121.57971,18.06111],[121.57959,18.06143],[121.579,18.06159],[121.57811,18.06129],[121.57757,18.06072],[121.57733,18.0605],[121.5771,18.06026],[121.57687,18.05923],[121.57676,18.0588],[121.57629,18.05821],[121.57575,18.05787],[121.57509,18.05741],[121.57477,18.05726],[121.57405,18.05709],[121.57378,18.05695],[121.57327,18.05671],[121.57255,18.05685],[121.57245,18.05685],[121.57198,18.05686],[121.57151,18.05684],[121.57075,18.05693],[121.56963,18.05701],[121.56902,18.05746],[121.5685,18.05772],[121.56829,18.05756]],[[121.63999,18.09789],[121.64007,18.09797],[121.64011,18.09786],[121.63999,18.09789]]],[[[121.56991326718706,18.01452317797165],[121.57017729400002,18.014510605000055],[121.5706844120001,18.01443639300004],[121.57078108435934,18.014484728910166],[121.5702,18.01463],[121.56991326718706,18.01452317797165]]],[[[121.57068886594652,18.016001779743313],[121.57079,18.01589],[121.57141778602997,18.015517708284552],[121.57139561500003,18.015549579000037],[121.5711853460001,18.015710373000047],[121.57103692100009,18.015809323000042],[121.57079573100009,18.015970116000062],[121.57068886594652,18.016001779743313]]],[[[121.57636,18.01697],[121.57640586037678,18.0167371703948],[121.57667751094442,18.016810742478295],[121.57683,18.01748],[121.57693,18.01775],[121.57703,18.01853],[121.57729,18.01899],[121.57733,18.01987],[121.57711,18.0201],[121.57697645165536,18.020075917511623],[121.57698010000001,18.020039432000033],[121.57690588800006,18.019748766000077],[121.57687754110722,18.0196983711843],[121.57708,18.01962],[121.57691,18.01893],[121.57665,18.01829],[121.57655,18.01766],[121.57636,18.01697]]],[[[121.57758252571229,18.01676164651704],[121.57784,18.01703],[121.57813,18.01705],[121.57826255769145,18.01654069939605],[121.5786391480001,18.016890769000042],[121.57866320885579,18.016900055642655],[121.57828,18.01731],[121.57772,18.01733],[121.57766070891132,18.017279830617277],[121.5777352120001,18.01710599200004],[121.577640513,18.016830507000066],[121.57758252571229,18.01676164651704]]],[[[121.58013179443257,18.015718319058685],[121.58019736100005,18.01553056000006],[121.58061058900012,18.015237857000045],[121.58088607400009,18.015263684000047],[121.58114434200002,18.015255075000027],[121.58169950621857,18.015305545007386],[121.58072,18.01534],[121.58044,18.01584],[121.58068,18.01652],[121.58154,18.0176],[121.58156,18.01787],[121.58127,18.01806],[121.58117,18.01805],[121.58064,18.01808],[121.5806296154878,18.018071162117273],[121.58081720300004,18.018044364000048],[121.58104964400002,18.01794105700003],[121.58104964400002,18.01773444300005],[121.58104623762526,18.017729178583078],[121.58117,18.01761],[121.58099,18.01742],[121.58089,18.01733],[121.58079,18.01713],[121.58015,18.01631],[121.58013179443257,18.015718319058685]]],[[[121.58216054959723,18.015289327401103],[121.58260785700008,18.01518620400003],[121.58296943200003,18.01495376300005],[121.58329657100012,18.015108724000072],[121.58333565763651,18.015139993218387],[121.58271,18.01527],[121.58216054959723,18.015289327401103]]],[[[121.58248759315306,18.017449577952686],[121.58254,18.01734],[121.58286709115302,18.016784562192996],[121.58278003600003,18.017045729000074],[121.58248759315306,18.017449577952686]]],[[[121.58252881380946,18.01847833191956],[121.58253898600003,18.018483418000073],[121.58254123174171,18.0184850032304],[121.58253,18.01848],[121.58252881380946,18.01847833191956]]],[[[121.58320012182772,18.016219309109925],[121.58353010260932,18.01577354559795],[121.58352901100011,18.01578882800004],[121.5833310060001,18.016055704000053],[121.58320012182772,18.016219309109925]]],[[[121.5845683620641,18.0197827950863],[121.58487893202893,18.02006139481639],[121.5847,18.01996],[121.5845683620641,18.0197827950863]]],[[[121.58546096452253,18.020391213229434],[121.5856812400001,18.020325726000067],[121.58587924500011,18.020084676000067],[121.58587916467353,18.020079202468505],[121.58597,18.02003],[121.58609,18.0189],[121.5864,18.01858],[121.58641883269554,18.018563756800095],[121.58647903700012,18.01851725100005],[121.58679100000006,18.018377437000026],[121.58713619100001,18.017964427000038],[121.58714156682363,18.01794039861462],[121.5872,18.01789],[121.58734815818896,18.017445525433104],[121.58740713200007,18.017384882000044],[121.58771258700006,18.017357549000053],[121.58782678971971,18.017445095581948],[121.58764,18.01753],[121.58741,18.0181],[121.58721,18.01837],[121.58711,18.01856],[121.58656,18.0188],[121.58636,18.01916],[121.58623,18.02043],[121.5856,18.02047],[121.58546096452253,18.020391213229434]]],[[[121.5868,18.01925],[121.58709,18.01867],[121.5874,18.01883],[121.58759,18.01891],[121.58793,18.01909],[121.58867,18.01915],[121.58855,18.01927],[121.58832,18.01929],[121.58726,18.01901],[121.58714,18.01941],[121.58749,18.01972],[121.58774,18.01999],[121.58805,18.02001],[121.58852,18.01999],[121.58854,18.02036],[121.58799,18.02054],[121.58771,18.02036],[121.5872,18.01981],[121.58704,18.01967],[121.5868,18.01925]]],[[[121.58867,18.01915],[121.58870898814659,18.01879910668063],[121.5887325430001,18.018936171000064],[121.58881441800008,18.019251691000022],[121.5890514670001,18.019299739000076],[121.58934943400004,18.01921648800004],[121.58953644000007,18.019038571000067],[121.58963035600004,18.01872122900005],[121.58972277400005,18.018560437000076],[121.59002646200008,18.018326554000055],[121.59028370400006,18.018178274000036],[121.59102924100011,18.017836671000055],[121.5914449070001,18.01761872700007],[121.59166706700012,18.017401346000042],[121.59200073700003,18.01721791400007],[121.59248967600001,18.016961258000038],[121.59284093800011,18.016867115000025],[121.59316927100008,18.016817047000075],[121.59348600200008,18.016783633000045],[121.59395131100007,18.01680557900005],[121.59439123800007,18.016805154000053],[121.594871839,18.016737952000028],[121.59542190000002,18.016564404000064],[121.59588316400004,18.01641354800006],[121.59655503800002,18.016079700000034],[121.5970532130001,18.01585175200006],[121.59737485900007,18.01576848900004],[121.59775447700008,18.01577406800004],[121.5980840950001,18.01579625100004],[121.59838112000011,18.015951404000077],[121.59863761000008,18.016151026000045],[121.59892346000004,18.016478282000037],[121.59919183400007,18.01672244200006],[121.59955138100008,18.01697716600006],[121.59986714500008,18.01704285900007],[121.60021121900002,18.01702583200006],[121.60041479900008,18.016860027000064],[121.60058493400004,18.016570870000066],[121.60099771300008,18.016039641000077],[121.60140565500001,18.01556828300005],[121.60169046300007,18.015386885000055],[121.60218079600008,18.015014759000053],[121.6024627700001,18.014519069000073],[121.60252688956724,18.014283598778963],[121.60254,18.01426],[121.60253591263476,18.014250462814434],[121.60258674500005,18.014063788000044],[121.60227922552195,18.01387312643345],[121.60122648054978,18.012782783426555],[121.60089780800001,18.01239511800003],[121.60035059200004,18.01173981000005],[121.59979662100011,18.01106423500005],[121.59967966427617,18.0109579110871],[121.59948,18.01068],[121.59887235615237,18.010265697376617],[121.59885757200004,18.010253546000058],[121.59866,18.01010183905915],[121.59866,18.01009],[121.59864458167714,18.01009],[121.59847925000008,18.009963049000078],[121.5982292870001,18.009510413000044],[121.59825608208781,18.00925586330197],[121.59831748135933,18.009085619867314],[121.59843196000008,18.008990221000033],[121.59874948000004,18.00876052500007],[121.59936425300009,18.008497051000063],[121.59939874568069,18.008506613337868],[121.5994,18.00851],[121.59948942030191,18.008531750884245],[121.59977553494058,18.00861106988115],[121.5998,18.00866],[121.59925,18.00872],[121.59881,18.00925],[121.59906,18.00974],[121.60021,18.01073],[121.6008,18.01153],[121.60134,18.01214],[121.60217,18.01315],[121.60269,18.01356],[121.60269,18.01365],[121.60279,18.01365],[121.60279,18.01374],[121.60297,18.01374],[121.60304,18.01386],[121.60306,18.01428],[121.60297,18.01428],[121.60297,18.01455],[121.60287,18.01455],[121.60287,18.01473],[121.60282,18.01478],[121.60261,18.0151],[121.60152,18.01601],[121.60078,18.01691],[121.60048,18.01715],[121.59966,18.0171],[121.59902,18.01666],[121.59858,18.01618],[121.59813,18.01583],[121.5972,18.01602],[121.59687,18.01618],[121.59579,18.01662],[121.59487,18.01689],[121.59298,18.01696],[121.59236,18.0172],[121.59156,18.01786],[121.59092,18.01825],[121.59039,18.0184],[121.59,18.0186],[121.58985,18.01902],[121.58966,18.01937],[121.58912,18.01947],[121.58867,18.01915]]],[[[121.59773,18.07619],[121.59785,18.07614],[121.59781,18.07635],[121.59773,18.07619]]],[[[121.59782,18.07645],[121.59813,18.07642],[121.59807,18.07653],[121.59782,18.07645]]],[[[121.59813,18.07633],[121.59823,18.07633],[121.59823,18.07642],[121.59813,18.07642],[121.59813,18.07633]]],[[[121.59823,18.07633],[121.59827,18.07612],[121.59835,18.07628],[121.59823,18.07633]]],[[[121.59834,18.0761],[121.59838,18.07557],[121.59922,18.07549],[121.59934,18.07616],[121.59965,18.07625],[121.59953,18.07638],[121.59923,18.07618],[121.59912,18.07557],[121.59853,18.0757],[121.59834,18.0761]]],[[[121.59965,18.07625],[121.59969,18.07619],[121.59997,18.07602],[121.60022,18.07598],[121.60018,18.07603],[121.5999,18.07621],[121.59965,18.07625]]],[[[121.60022,18.07589],[121.60041,18.07589],[121.6004,18.07598],[121.60022,18.07598],[121.60022,18.07589]]],[[[121.60027,18.00884],[121.60027839463129,18.008764448318367],[121.60037,18.00879536508794],[121.60037,18.00884],[121.60027,18.00884]]],[[[121.6003,18.07698],[121.60031,18.07652],[121.6004,18.07652],[121.6004,18.07698],[121.6003,18.07698]]],[[[121.6004,18.07643],[121.6005,18.07644],[121.60049,18.07653],[121.6004,18.07652],[121.6004,18.07643]]],[[[121.6004,18.07698],[121.60049,18.07698],[121.60049,18.07707],[121.6004,18.07707],[121.6004,18.07698]]],[[[121.60041,18.0758],[121.60069,18.0758],[121.60069,18.07589],[121.60041,18.07589],[121.60041,18.0758]]],[[[121.60049,18.07707],[121.60058,18.07707],[121.60058,18.07716],[121.60049,18.07716],[121.60049,18.07707]]],[[[121.6005,18.07634],[121.60059,18.07635],[121.60059,18.07644],[121.6005,18.07644],[121.6005,18.07634]]],[[[121.60056,18.008859490000074],[121.60058704300002,18.008868617000076],[121.60075,18.008897484416845],[121.60075,18.00893],[121.60056,18.00893],[121.60056,18.008859490000074]]],[[[121.60058,18.07716],[121.60077,18.07716],[121.60077,18.07725],[121.60058,18.07725],[121.60058,18.07716]]],[[[121.60059,18.07626],[121.60069,18.07626],[121.60069,18.07635],[121.60059,18.07635],[121.60059,18.07626]]],[[[121.60069,18.07589],[121.6008,18.07593],[121.60072,18.076],[121.60069,18.07589]]],[[[121.60069,18.07626],[121.60073,18.07605],[121.60081,18.07621],[121.60069,18.07626]]],[[[121.60077,18.07725],[121.60115,18.07725],[121.60115,18.07734],[121.60077,18.07734],[121.60077,18.07725]]],[[[121.60084,18.00894],[121.60099000110363,18.00894],[121.60112,18.008963028972808],[121.60112,18.00903],[121.60084,18.00903],[121.60084,18.00894]]],[[[121.60115,18.07734],[121.6013,18.07738],[121.60153,18.07753],[121.6019,18.07744],[121.60184,18.07756],[121.60157,18.07769],[121.60124,18.07753],[121.60115,18.07734]]],[[[121.60131,18.00903],[121.60141,18.00903],[121.60141,18.00912],[121.60131,18.00912],[121.60131,18.00903]]],[[[121.60169,18.00912],[121.60178,18.00912],[121.60178,18.00921],[121.60169,18.00921],[121.60169,18.00912]]],[[[121.6019,18.07744],[121.60191,18.07735],[121.602,18.07735],[121.602,18.07744],[121.6019,18.07744]]],[[[121.602,18.07726],[121.60219,18.07726],[121.60219,18.07735],[121.602,18.07735],[121.602,18.07726]]],[[[121.60216,18.07645],[121.60229,18.07636],[121.60229,18.07654],[121.60216,18.07645]]],[[[121.60219,18.07717],[121.60228,18.07717],[121.60228,18.07726],[121.60219,18.07726],[121.60219,18.07717]]],[[[121.60225,18.00922],[121.60277,18.0091],[121.60292,18.00931],[121.60225,18.00931],[121.60225,18.00922]]],[[[121.60228,18.07717],[121.60229,18.07708],[121.60247,18.07708],[121.60247,18.07717],[121.60228,18.07717]]],[[[121.60229,18.07609],[121.60239,18.07609],[121.60239,18.07636],[121.60229,18.07636],[121.60229,18.07609]]],[[[121.60229,18.07654],[121.60252,18.07668],[121.60272,18.07676],[121.6028,18.07701],[121.60247,18.07708],[121.60259,18.07687],[121.60233,18.07674],[121.60229,18.07654]]],[[[121.6023,18.07573],[121.60249,18.07526],[121.60288,18.07511],[121.60336,18.07521],[121.60341,18.07501],[121.60328,18.07483],[121.60265,18.0746],[121.60256,18.07422],[121.60288,18.07401],[121.60276,18.07444],[121.60356,18.07486],[121.60347,18.07523],[121.60287,18.07532],[121.60269,18.07556],[121.60252,18.07567],[121.60244,18.07605],[121.60239,18.07609],[121.6023,18.07573]]],[[[121.62309,18.08422],[121.6232,18.08419],[121.62317,18.0843],[121.62309,18.08422]]],[[[121.62551,18.08725],[121.62564,18.08719],[121.6256,18.08749],[121.62551,18.08725]]],[[[121.62561,18.08694],[121.62571,18.08647],[121.62609,18.08634],[121.62656,18.08663],[121.6269,18.0871],[121.62661,18.0877],[121.6261,18.08805],[121.62591,18.08809],[121.62595,18.08795],[121.62645,18.08743],[121.62655,18.08707],[121.62649,18.08678],[121.62607,18.08661],[121.62561,18.08694]]],[[[121.6258,18.08812],[121.62591,18.08809],[121.62588,18.0882],[121.6258,18.08812]]],[[[121.62782,18.09492],[121.62794,18.09489],[121.62791,18.095],[121.62782,18.09492]]],[[[121.62815,18.05094],[121.62838,18.05088],[121.62842,18.05102],[121.62851,18.05174],[121.62872,18.05249],[121.62849,18.05246],[121.62833,18.05173],[121.62823,18.05138],[121.62815,18.05094]]],[[[121.6289,18.05301],[121.62912,18.05296],[121.62932,18.05337],[121.62913,18.05345],[121.6289,18.05301]]],[[[121.62925,18.05363],[121.6294,18.05351],[121.62958,18.05381],[121.62981,18.05428],[121.63026,18.05491],[121.6309,18.05623],[121.63106,18.05727],[121.63123,18.05792],[121.63141,18.05842],[121.63163,18.05881],[121.63176,18.05908],[121.63197,18.05938],[121.63219,18.05983],[121.63342,18.0617],[121.63401,18.06223],[121.63451,18.0634],[121.63471,18.06357],[121.63515,18.06404],[121.63531,18.06453],[121.6354,18.0648],[121.63549,18.06508],[121.63559,18.06534],[121.63568,18.0658],[121.63581,18.06643],[121.63562,18.06643],[121.63488,18.06457],[121.63427,18.06371],[121.634,18.06325],[121.63344,18.06237],[121.63279,18.0616],[121.63181,18.05994],[121.63166,18.05981],[121.63118,18.05902],[121.63121,18.05855],[121.63101,18.05819],[121.63092,18.05781],[121.63069,18.05702],[121.63046,18.056],[121.63034,18.05566],[121.62972,18.05455],[121.62963,18.05428],[121.62952,18.05418],[121.62925,18.05363]]],[[[121.62968,18.09455],[121.6297,18.09424],[121.62993,18.09418],[121.62987,18.09452],[121.62988,18.0947],[121.63031,18.09485],[121.63117,18.09442],[121.63089,18.09491],[121.63028,18.09508],[121.62986,18.09494],[121.62968,18.09455]]],[[[121.63373,18.0745],[121.63401,18.07375],[121.63392,18.07356],[121.63375,18.07324],[121.63396,18.07286],[121.63392,18.06995],[121.63421,18.06994],[121.63432,18.07049],[121.6344,18.07166],[121.6345,18.07257],[121.63448,18.07353],[121.63457,18.07383],[121.63468,18.07414],[121.63465,18.07524],[121.63479,18.07592],[121.63465,18.07618],[121.63446,18.07653],[121.63455,18.07663],[121.63474,18.07681],[121.63483,18.07727],[121.63502,18.07808],[121.6351,18.07863],[121.6352,18.07908],[121.6353,18.07962],[121.63557,18.08026],[121.63555,18.08078],[121.6357,18.08107],[121.63585,18.0808],[121.63584,18.08044],[121.6361,18.08008],[121.63629,18.07954],[121.63649,18.07996],[121.6366,18.08063],[121.6367,18.08081],[121.63658,18.08162],[121.63669,18.08162],[121.6371,18.08161],[121.63697,18.08198],[121.63687,18.08227],[121.63687,18.0827],[121.63671,18.08315],[121.63715,18.08307],[121.63761,18.08274],[121.63772,18.08316],[121.63805,18.08332],[121.63818,18.08398],[121.63829,18.08455],[121.63876,18.08524],[121.63909,18.08525],[121.63884,18.08389],[121.63864,18.08262],[121.63832,18.08133],[121.63793,18.08027],[121.63774,18.08],[121.63737,18.07918],[121.63703,18.07865],[121.63653,18.07735],[121.63668,18.07724],[121.63702,18.07756],[121.63738,18.07837],[121.63748,18.0788],[121.63812,18.07955],[121.63822,18.07964],[121.63821,18.08008],[121.63849,18.08037],[121.63865,18.07969],[121.63861,18.07684],[121.63874,18.07684],[121.63899,18.07721],[121.63918,18.07738],[121.63936,18.07775],[121.63964,18.07802],[121.63965,18.07821],[121.63964,18.07839],[121.63964,18.07848],[121.63944,18.07885],[121.63945,18.07951],[121.63944,18.07984],[121.63995,18.08031],[121.64034,18.08144],[121.64016,18.08178],[121.64038,18.08211],[121.64056,18.08228],[121.6407,18.08271],[121.64112,18.08297],[121.64102,18.08319],[121.64073,18.08327],[121.6405,18.0835],[121.64017,18.0838],[121.64002,18.08421],[121.64025,18.08444],[121.64064,18.08436],[121.64045,18.084],[121.64054,18.0839],[121.64064,18.08382],[121.64082,18.08364],[121.64102,18.08381],[121.64102,18.08409],[121.64083,18.08426],[121.64092,18.08427],[121.64111,18.08427],[121.64129,18.08479],[121.64129,18.08553],[121.64138,18.08581],[121.64137,18.08639],[121.64184,18.08662],[121.64185,18.08609],[121.64185,18.08581],[121.64184,18.08509],[121.64195,18.08518],[121.6422,18.08554],[121.64251,18.08542],[121.64256,18.08349],[121.64234,18.08329],[121.64236,18.08256],[121.64235,18.0817],[121.64238,18.08088],[121.64228,18.07994],[121.64209,18.07921],[121.6421,18.07888],[121.64184,18.07728],[121.64152,18.07615],[121.64087,18.07501],[121.6407,18.07467],[121.64034,18.07415],[121.64015,18.07387],[121.63954,18.07305],[121.6394,18.07278],[121.63911,18.07212],[121.63894,18.07179],[121.63885,18.07151],[121.63866,18.07106],[121.63848,18.07061],[121.63829,18.07015],[121.6382,18.06988],[121.63801,18.06953],[121.63792,18.06925],[121.63746,18.06794],[121.63734,18.06721],[121.63718,18.06689],[121.63719,18.06639],[121.63709,18.0659],[121.63694,18.06479],[121.63682,18.06445],[121.63678,18.06395],[121.63683,18.064],[121.63738,18.06546],[121.63917,18.06802],[121.64035,18.07017],[121.64124,18.07245],[121.64181,18.07352],[121.64203,18.07443],[121.64248,18.07699],[121.64257,18.07892],[121.64319,18.08437],[121.64335,18.08745],[121.64358,18.08969],[121.64384,18.09129],[121.64378,18.09126],[121.64369,18.09108],[121.64356,18.09102],[121.64332,18.09071],[121.643,18.09047],[121.643,18.09029],[121.64281,18.09029],[121.64216,18.08964],[121.64145,18.08924],[121.64098,18.08888],[121.6407,18.0887],[121.64034,18.08818],[121.63938,18.08751],[121.6391,18.08715],[121.63822,18.08617],[121.63791,18.08556],[121.63724,18.08488],[121.63685,18.08469],[121.63686,18.08451],[121.63615,18.0837],[121.63583,18.08305],[121.63555,18.08252],[121.63546,18.08224],[121.63509,18.08121],[121.635,18.0807],[121.63461,18.07949],[121.63438,18.07856],[121.63407,18.07826],[121.63407,18.07817],[121.63408,18.07791],[121.63396,18.07746],[121.63401,18.07567],[121.6339,18.07545],[121.63391,18.07501],[121.63373,18.0745]],[[121.63726,18.08342],[121.63743,18.0835],[121.63748,18.08339],[121.63726,18.08342]],[[121.64025,18.08264],[121.64038,18.0829],[121.64062,18.08282],[121.64041,18.08241],[121.64035,18.08244],[121.64025,18.08264]],[[121.64143,18.08733],[121.64173,18.0874],[121.64198,18.08704],[121.6418,18.08667],[121.64161,18.0868],[121.64143,18.08733]]],[[[121.63408,18.06947],[121.63437,18.06954],[121.63414,18.06985],[121.63408,18.06947]]],[[[121.63437,18.06954],[121.63441,18.06943],[121.63449,18.06951],[121.63437,18.06954]]],[[[121.63562,18.07867],[121.63581,18.07868],[121.63581,18.07904],[121.63562,18.07904],[121.63562,18.07867]]],[[[121.63579,18.06669],[121.63591,18.06666],[121.63587,18.06677],[121.63579,18.06669]]],[[[121.63616,18.06716],[121.63628,18.06711],[121.63624,18.06732],[121.63616,18.06716]]],[[[121.63618,18.07557],[121.63628,18.0752],[121.63623,18.07502],[121.6363,18.07478],[121.63641,18.0747],[121.63636,18.0758],[121.63618,18.07557]]],[[[121.63622,18.07061],[121.63638,18.07031],[121.63645,18.07028],[121.63641,18.07071],[121.63622,18.07061]]],[[[121.63628,18.07415],[121.63642,18.07407],[121.63637,18.07456],[121.63628,18.07415]]],[[[121.63636,18.07623],[121.63649,18.07615],[121.63662,18.07643],[121.63645,18.07655],[121.63636,18.07623]]],[[[121.63668,18.06377],[121.63678,18.06377],[121.63678,18.06386],[121.63668,18.06386],[121.63668,18.06377]]],[[[121.63709,18.08251],[121.6372,18.08248],[121.63717,18.08259],[121.63709,18.08251]]],[[[121.64179,18.08482],[121.64191,18.08477],[121.64187,18.08498],[121.64179,18.08482]]],[[[121.64216,18.08352],[121.6423,18.08342],[121.64242,18.08372],[121.64216,18.08352]]],[[[121.64226,18.08526],[121.64238,18.08523],[121.64234,18.08534],[121.64226,18.08526]]],[[[121.64384,18.09156],[121.64393,18.09157],[121.64393,18.09184],[121.64384,18.09184],[121.64384,18.09156]]],[[[121.64393,18.09193],[121.64404,18.09201],[121.64412,18.09247],[121.64396,18.09239],[121.64393,18.09193]]],[[[121.64393,18.09971],[121.64416,18.09961],[121.64412,18.09994],[121.64401,18.1],[121.64393,18.09971]]],[[[121.64412,18.09256],[121.64421,18.09256],[121.64421,18.09265],[121.64412,18.09265],[121.64412,18.09256]]],[[[121.64421,18.09283],[121.6443,18.09283],[121.6443,18.09292],[121.64421,18.09292],[121.64421,18.09283]]],[[[121.6444,18.10024],[121.64453,18.10015],[121.64453,18.10033],[121.6444,18.10024]]],[[[121.6444,18.10083],[121.64462,18.1007],[121.64462,18.10088],[121.6444,18.10083]]],[[[121.64453,18.09997],[121.64475,18.10002],[121.64453,18.10015],[121.64453,18.09997]]],[[[121.64453,18.10033],[121.64472,18.10034],[121.64472,18.10043],[121.64453,18.10042],[121.64453,18.10033]]],[[[121.64462,18.10061],[121.64472,18.10061],[121.64471,18.1007],[121.64462,18.1007],[121.64462,18.10061]]],[[[121.64462,18.10088],[121.64473,18.10091],[121.64465,18.10099],[121.64462,18.10088]]],[[[121.64469,18.10154],[121.6448,18.10151],[121.64477,18.10162],[121.64469,18.10154]]],[[[121.64472,18.10043],[121.64491,18.10043],[121.6449,18.10061],[121.64472,18.10061],[121.64472,18.10043]]],[[[121.64478,18.10102],[121.64494,18.10094],[121.645,18.10106],[121.64478,18.10102]]],[[[121.6448,18.10142],[121.6449,18.10142],[121.6449,18.10151],[121.6448,18.10151],[121.6448,18.10142]]],[[[121.6449,18.10142],[121.64493,18.10131],[121.64501,18.10139],[121.6449,18.10142]]],[[[121.645,18.10106],[121.64512,18.10111],[121.64503,18.10127],[121.645,18.10106]]]]}},{"type":"Feature","properties":{"id":"LAS-FLD-002","susceptibility":"high","susceptibility_label":"High","gridcode":2,"data_source":"LGU Lasam flood (2020)"},"geometry":{"type":"MultiPolygon","coordinates":[[[[121.52629,18.05651],[121.52637,18.05644],[121.5264,18.05655],[121.52629,18.05651]]],[[[121.5264,18.05655],[121.5265,18.05655],[121.52649,18.05664],[121.5264,18.05664],[121.5264,18.05655]]],[[[121.52649,18.05664],[121.52666,18.05666],[121.52694,18.05693],[121.52696,18.05709],[121.52671,18.05703],[121.52649,18.05664]]],[[[121.52662,18.05641],[121.52665,18.05621],[121.52688,18.05625],[121.52697,18.05655],[121.52662,18.05641]]],[[[121.52696,18.05709],[121.52711,18.05713],[121.52743,18.05732],[121.52729,18.05696],[121.52725,18.05682],[121.52742,18.05693],[121.52758,18.05738],[121.52777,18.05749],[121.52785,18.05761],[121.52796,18.05768],[121.528,18.05773],[121.52811,18.05781],[121.52845,18.05829],[121.52856,18.05837],[121.52864,18.05869],[121.52884,18.05882],[121.52894,18.05944],[121.52868,18.06022],[121.52864,18.06045],[121.52858,18.06049],[121.52843,18.06067],[121.52806,18.06081],[121.52745,18.06153],[121.52755,18.06215],[121.52795,18.06238],[121.5282,18.0623],[121.52853,18.06212],[121.52934,18.06204],[121.53061,18.06181],[121.53125,18.06235],[121.5316,18.0625],[121.53183,18.06264],[121.53183,18.06273],[121.53192,18.06273],[121.53192,18.06282],[121.53202,18.06282],[121.53202,18.06291],[121.53211,18.06292],[121.53215,18.06296],[121.53248,18.06324],[121.53279,18.06372],[121.53356,18.06468],[121.53427,18.06517],[121.53479,18.06533],[121.535,18.06544],[121.53563,18.06561],[121.53639,18.06573],[121.53681,18.06608],[121.53713,18.06662],[121.53728,18.06674],[121.53747,18.06696],[121.53818,18.06725],[121.53893,18.06717],[121.53949,18.06708],[121.54058,18.06697],[121.54067,18.06687],[121.54096,18.06687],[121.541,18.06692],[121.54168,18.06712],[121.5423,18.06762],[121.54326,18.06819],[121.54366,18.06846],[121.5448,18.06854],[121.5458,18.06837],[121.54641,18.068],[121.54682,18.06765],[121.54724,18.06714],[121.54748,18.06678],[121.5481,18.0667],[121.54904,18.06643],[121.54956,18.06632],[121.54981,18.06554],[121.5499,18.06517],[121.55029,18.06382],[121.55017,18.06291],[121.54946,18.06251],[121.54889,18.06171],[121.54903,18.06107],[121.54938,18.06017],[121.54976,18.05966],[121.55001,18.05929],[121.55103,18.05895],[121.55213,18.05904],[121.55259,18.05923],[121.55274,18.05928],[121.55282,18.05939],[121.55315,18.0596],[121.5533,18.05964],[121.5533,18.05973],[121.55339,18.05973],[121.55339,18.05982],[121.55349,18.05982],[121.55349,18.05991],[121.55358,18.05991],[121.55358,18.06],[121.55367,18.06001],[121.55367,18.0601],[121.55377,18.0601],[121.55391,18.06041],[121.55432,18.06151],[121.55475,18.06177],[121.55525,18.06215],[121.55595,18.06263],[121.55643,18.06288],[121.55739,18.0631],[121.55828,18.06334],[121.5588,18.06321],[121.56006,18.06256],[121.56117,18.06183],[121.56164,18.06148],[121.56233,18.06134],[121.56265,18.06107],[121.5635,18.06017],[121.56407,18.05983],[121.56448,18.0593],[121.56497,18.05896],[121.56513,18.05879],[121.56544,18.05869],[121.56554,18.0587],[121.56676,18.05764],[121.56772,18.05726],[121.56801,18.05718],[121.56829,18.05708],[121.56867,18.057],[121.56921,18.05682],[121.56967,18.05678],[121.56962,18.05683],[121.56926,18.05699],[121.56914,18.05709],[121.56883,18.0574],[121.56829,18.05756],[121.5685,18.05772],[121.56902,18.05746],[121.56963,18.05701],[121.57075,18.05693],[121.57151,18.05684],[121.57198,18.05686],[121.57245,18.05685],[121.57255,18.05685],[121.57327,18.05671],[121.57378,18.05695],[121.57405,18.05709],[121.57477,18.05726],[121.57509,18.05741],[121.57575,18.05787],[121.57629,18.05821],[121.57676,18.0588],[121.57687,18.05923],[121.5771,18.06026],[121.57733,18.0605],[121.57757,18.06072],[121.57811,18.06129],[121.579,18.06159],[121.57959,18.06143],[121.57971,18.06111],[121.57969,18.06055],[121.57989,18.06015],[121.58046,18.05953],[121.58108,18.05874],[121.58151,18.05836],[121.58205,18.05758],[121.58283,18.05698],[121.5833,18.05675],[121.58393,18.05689],[121.58416,18.0571],[121.58425,18.0573],[121.58435,18.05747],[121.58459,18.05796],[121.58541,18.05857],[121.58604,18.05893],[121.58628,18.05919],[121.58683,18.05947],[121.58717,18.05957],[121.58735,18.05967],[121.58778,18.05963],[121.58774,18.05967],[121.5874,18.05981],[121.58698,18.05966],[121.5865,18.05955],[121.58604,18.0592],[121.58566,18.05894],[121.58529,18.05865],[121.5844,18.05804],[121.58396,18.05727],[121.58369,18.05703],[121.58296,18.05722],[121.58208,18.0579],[121.58177,18.05841],[121.58084,18.05944],[121.58074,18.05964],[121.58019,18.06009],[121.57988,18.06075],[121.5799,18.06109],[121.57973,18.06168],[121.5784,18.06183],[121.57818,18.06158],[121.57773,18.06139],[121.57733,18.06095],[121.57705,18.06071],[121.5768,18.06016],[121.57664,18.05913],[121.57609,18.05837],[121.57541,18.05796],[121.57463,18.05742],[121.57391,18.05721],[121.57333,18.05689],[121.57162,18.05701],[121.57113,18.05711],[121.56962,18.05727],[121.56889,18.05775],[121.56823,18.05794],[121.56782,18.05808],[121.56734,18.05816],[121.56706,18.05835],[121.56673,18.05844],[121.56644,18.05875],[121.56629,18.05888],[121.5662,18.05897],[121.56591,18.05914],[121.56573,18.05934],[121.56517,18.05979],[121.56487,18.05977],[121.56438,18.06014],[121.5644,18.06038],[121.56392,18.06051],[121.56318,18.06132],[121.56277,18.06156],[121.56217,18.06196],[121.56091,18.06269],[121.56003,18.06305],[121.55962,18.0635],[121.55898,18.06361],[121.55851,18.0638],[121.55787,18.06387],[121.55747,18.0636],[121.5572,18.06348],[121.55633,18.06329],[121.5555,18.06306],[121.55523,18.06276],[121.55483,18.06242],[121.55423,18.06206],[121.55377,18.06135],[121.55361,18.06082],[121.55331,18.06029],[121.55249,18.0596],[121.55178,18.05929],[121.55097,18.05935],[121.55039,18.0595],[121.54985,18.06008],[121.54971,18.06052],[121.54936,18.06142],[121.54937,18.06165],[121.54999,18.0625],[121.55035,18.0626],[121.55066,18.06309],[121.55055,18.06452],[121.55028,18.06524],[121.55022,18.06585],[121.55022,18.06594],[121.55013,18.06594],[121.55013,18.06603],[121.55003,18.06603],[121.55003,18.06657],[121.54988,18.06665],[121.54984,18.06693],[121.54979,18.06698],[121.54896,18.06725],[121.54798,18.06719],[121.54769,18.06734],[121.54752,18.06769],[121.54719,18.06813],[121.54647,18.06844],[121.54589,18.06873],[121.54444,18.06894],[121.54392,18.06883],[121.54344,18.06874],[121.54314,18.06863],[121.54289,18.06837],[121.5425,18.06819],[121.54185,18.06773],[121.54142,18.06747],[121.54068,18.06729],[121.53987,18.06763],[121.53929,18.0678],[121.53796,18.0675],[121.53742,18.0673],[121.53701,18.06709],[121.53676,18.0667],[121.53655,18.06641],[121.536,18.06625],[121.53535,18.06596],[121.53467,18.06571],[121.53382,18.06526],[121.53337,18.06496],[121.5328,18.0646],[121.53246,18.06423],[121.53234,18.06386],[121.53159,18.06304],[121.53097,18.06266],[121.53061,18.06227],[121.53039,18.06208],[121.52934,18.06225],[121.52905,18.0624],[121.52883,18.06249],[121.52841,18.06246],[121.52833,18.06271],[121.52783,18.06266],[121.52726,18.06225],[121.52717,18.06152],[121.52751,18.06098],[121.5281,18.06053],[121.52841,18.06001],[121.52869,18.05931],[121.5283,18.05848],[121.52775,18.05805],[121.52751,18.05766],[121.52702,18.05728],[121.52696,18.05709]],[[121.528,18.05773],[121.52788,18.05776],[121.52796,18.05784],[121.528,18.05773]]],[[[121.52697,18.05655],[121.52706,18.05655],[121.52706,18.05664],[121.52697,18.05664],[121.52697,18.05655]]],[[[121.52706,18.05664],[121.52716,18.05664],[121.52716,18.05673],[121.52706,18.05673],[121.52706,18.05664]]],[[[121.52715,18.05682],[121.52716,18.05673],[121.52725,18.05673],[121.52725,18.05682],[121.52715,18.05682]]],[[[121.5652,18.01328],[121.56558,18.01329],[121.56558,18.01347],[121.5652,18.01346],[121.5652,18.01328]]],[[[121.56556,18.01314],[121.56567,18.01311],[121.56564,18.01322],[121.56556,18.01314]]],[[[121.56563263107894,18.012163683510508],[121.56570599500003,18.012154360000068],[121.56577402300002,18.012265679000052],[121.56587297300007,18.012327523000067],[121.56604613500008,18.012407920000044],[121.56608783561443,18.012400969860188],[121.56613,18.01246],[121.56707,18.01264],[121.56705436074333,18.012890228106805],[121.56705418700005,18.012890300000038],[121.56691194700011,18.012989250000032],[121.56685628700006,18.01315622800007],[121.56685628700006,18.013317022000024],[121.56691194700011,18.013397419000057],[121.56704800300008,18.013471631000073],[121.5671964280001,18.013465447000044],[121.567307898506,18.01343166786023],[121.56765,18.01354],[121.56781358567615,18.01351632312582],[121.5678952610001,18.01353965900006],[121.56827869200004,18.01352110600004],[121.56858172700004,18.013570581000067],[121.56861282828345,18.01359131523557],[121.56771,18.01377],[121.56703,18.01356],[121.56638,18.01279],[121.56593,18.01258],[121.56563263107894,18.012163683510508]]],[[[121.56567,18.01311],[121.56571,18.013],[121.56579,18.01308],[121.56567,18.01311]]],[[[121.56633541900248,18.012302888484335],[121.56636153800002,18.01228423200007],[121.56652851600006,18.012203835000037],[121.56681918100003,18.012203835000037],[121.56701708100002,18.012197651000065],[121.56722116500009,18.012228573000073],[121.56722815116856,18.012234040385025],[121.56642,18.0124],[121.56633541900248,18.012302888484335]]],[[[121.56696,18.09628],[121.56708,18.09625],[121.56704,18.09636],[121.56696,18.09628]]],[[[121.56741,18.09654],[121.56759,18.09641],[121.56806,18.09658],[121.56835,18.09666],[121.56872,18.09679],[121.56953,18.09675],[121.56996,18.09689],[121.57059,18.09731],[121.57103,18.09719],[121.57132,18.09607],[121.57161,18.09564],[121.57206,18.09537],[121.57204,18.09493],[121.57207,18.09455],[121.5718,18.09392],[121.57336,18.09366],[121.57348,18.09345],[121.57366,18.09273],[121.57407,18.09249],[121.57404,18.09204],[121.57417,18.09178],[121.57458,18.09154],[121.57483,18.09078],[121.57511,18.09066],[121.5752,18.09029],[121.57584,18.0898],[121.57613,18.09013],[121.57617,18.08999],[121.57606,18.08976],[121.57595,18.08967],[121.57598,18.08931],[121.57549,18.08922],[121.57551,18.08897],[121.57509,18.08924],[121.57514,18.08846],[121.57468,18.08795],[121.57456,18.08794],[121.57451,18.08817],[121.57418,18.08813],[121.57409,18.08794],[121.57394,18.0881],[121.57374,18.08773],[121.57359,18.08731],[121.57372,18.08731],[121.5739,18.08732],[121.57368,18.08685],[121.57346,18.08645],[121.57367,18.08607],[121.57352,18.0856],[121.57317,18.08595],[121.57314,18.08571],[121.57326,18.08559],[121.57345,18.0855],[121.57355,18.08531],[121.57393,18.08514],[121.57355,18.0849],[121.57365,18.08486],[121.57393,18.08488],[121.57383,18.08469],[121.57421,18.08436],[121.57412,18.08415],[121.57393,18.08415],[121.5742,18.08388],[121.57441,18.08389],[121.57441,18.0837],[121.57451,18.08343],[121.5745,18.08316],[121.5746,18.08325],[121.57478,18.08343],[121.5747,18.08316],[121.5746,18.08298],[121.57507,18.08284],[121.57495,18.08253],[121.57489,18.08262],[121.57475,18.08289],[121.57465,18.08256],[121.57475,18.08212],[121.57491,18.08215],[121.57499,18.08242],[121.57523,18.08252],[121.57514,18.0823],[121.5752,18.08217],[121.57513,18.08202],[121.57531,18.0818],[121.57513,18.08176],[121.57509,18.08171],[121.57481,18.08148],[121.5749,18.08144],[121.57505,18.08145],[121.57548,18.08133],[121.57546,18.08109],[121.57595,18.08082],[121.57584,18.08073],[121.57586,18.08059],[121.57584,18.08041],[121.57623,18.08028],[121.57727,18.08018],[121.57718,18.0801],[121.57671,18.08],[121.57643,18.07976],[121.57661,18.07965],[121.57681,18.07956],[121.5767,18.07938],[121.57698,18.07926],[121.5767,18.07903],[121.57674,18.07865],[121.57662,18.07866],[121.57647,18.07803],[121.5763,18.07838],[121.57606,18.07825],[121.57617,18.07808],[121.57635,18.07793],[121.57644,18.07784],[121.57721,18.07758],[121.57718,18.0772],[121.57739,18.07722],[121.57753,18.07717],[121.57749,18.07731],[121.5773,18.07747],[121.57742,18.0775],[121.57775,18.07748],[121.57823,18.07765],[121.57813,18.07722],[121.57788,18.07749],[121.57786,18.07712],[121.57805,18.07713],[121.57824,18.07712],[121.57858,18.07749],[121.57864,18.07725],[121.57844,18.07703],[121.57815,18.07679],[121.57853,18.07686],[121.57862,18.07696],[121.57886,18.077],[121.579,18.07667],[121.57935,18.07705],[121.57938,18.07696],[121.57927,18.07677],[121.5793,18.07642],[121.57918,18.07632],[121.57958,18.07621],[121.57956,18.07596],[121.57977,18.07597],[121.57999,18.07574],[121.58043,18.07561],[121.58042,18.07543],[121.58052,18.07543],[121.58066,18.07544],[121.5808,18.07543],[121.58098,18.07544],[121.5813,18.07533],[121.58156,18.07535],[121.58166,18.07507],[121.58206,18.07535],[121.5827,18.0752],[121.58269,18.07501],[121.58308,18.07499],[121.58304,18.07559],[121.58357,18.07478],[121.58384,18.07455],[121.58394,18.07434],[121.58422,18.0741],[121.58421,18.07401],[121.58424,18.07365],[121.58412,18.07365],[121.58395,18.07401],[121.58376,18.07354],[121.58389,18.07342],[121.58394,18.07336],[121.58424,18.0734],[121.58421,18.07309],[121.58441,18.07321],[121.58468,18.0728],[121.58495,18.07311],[121.58507,18.07284],[121.5852,18.07263],[121.58612,18.0724],[121.58678,18.07222],[121.58735,18.07214],[121.58772,18.07205],[121.5883,18.07197],[121.58876,18.07187],[121.58938,18.07177],[121.58952,18.0716],[121.58874,18.07167],[121.58839,18.07179],[121.58822,18.07177],[121.58792,18.07187],[121.58756,18.07197],[121.58735,18.07195],[121.5868,18.0721],[121.58612,18.07202],[121.58613,18.07213],[121.58592,18.07221],[121.58595,18.07195],[121.58593,18.07175],[121.58631,18.07179],[121.58641,18.0714],[121.58665,18.0713],[121.58647,18.07099],[121.58691,18.07116],[121.58722,18.07081],[121.58735,18.07097],[121.5875,18.07105],[121.58774,18.07077],[121.58778,18.0711],[121.5883,18.07098],[121.58822,18.07078],[121.58803,18.07065],[121.58815,18.07057],[121.58835,18.07065],[121.58856,18.07091],[121.58895,18.07064],[121.58915,18.07089],[121.5894,18.07099],[121.58969,18.07095],[121.5901,18.07124],[121.59019,18.07157],[121.59071,18.0715],[121.59111,18.07199],[121.59125,18.07198],[121.59137,18.07212],[121.59161,18.07199],[121.5916,18.0718],[121.592,18.07182],[121.59273,18.07167],[121.5935,18.07083],[121.59374,18.07051],[121.5934,18.07058],[121.59342,18.07033],[121.59332,18.07001],[121.59322,18.06992],[121.59314,18.06965],[121.59286,18.06941],[121.59275,18.06907],[121.59253,18.06866],[121.593,18.06891],[121.59339,18.06871],[121.59351,18.06884],[121.59371,18.06893],[121.59389,18.06903],[121.59408,18.06911],[121.59474,18.06948],[121.59559,18.06957],[121.59624,18.06971],[121.59739,18.06959],[121.59773,18.06948],[121.59795,18.0696],[121.59904,18.06999],[121.59927,18.07034],[121.59954,18.07006],[121.59946,18.07034],[121.59921,18.07055],[121.59891,18.07096],[121.59918,18.07169],[121.59914,18.07221],[121.59963,18.07277],[121.59972,18.07305],[121.59987,18.07288],[121.60026,18.07269],[121.60029,18.07277],[121.60019,18.07295],[121.60029,18.07304],[121.60046,18.07341],[121.60057,18.07332],[121.60066,18.07323],[121.60096,18.07314],[121.60095,18.07287],[121.60128,18.07283],[121.60133,18.07277],[121.60155,18.07279],[121.6015,18.07242],[121.6019,18.07215],[121.60204,18.07217],[121.60223,18.07214],[121.60247,18.07217],[121.60245,18.07198],[121.60272,18.07195],[121.60302,18.07212],[121.60329,18.07181],[121.60378,18.07199],[121.60431,18.07263],[121.60445,18.07262],[121.60458,18.07277],[121.6048,18.07295],[121.605,18.07326],[121.60511,18.07335],[121.60507,18.0736],[121.60519,18.07399],[121.60539,18.07432],[121.60537,18.07448],[121.60556,18.07471],[121.6058,18.07485],[121.60575,18.07507],[121.6059,18.0752],[121.60605,18.07537],[121.60651,18.07535],[121.60675,18.07561],[121.60698,18.07571],[121.60714,18.07589],[121.60753,18.07592],[121.60771,18.07572],[121.60773,18.0759],[121.60753,18.07617],[121.60794,18.07629],[121.60789,18.07701],[121.60833,18.07724],[121.60886,18.07655],[121.60938,18.07628],[121.6097,18.07627],[121.61028,18.07673],[121.611,18.07633],[121.61117,18.07615],[121.6115,18.07586],[121.61137,18.07582],[121.61094,18.07593],[121.61066,18.07574],[121.61008,18.07565],[121.60965,18.07518],[121.60899,18.07471],[121.60888,18.07361],[121.6085,18.07293],[121.60827,18.07221],[121.60793,18.07192],[121.60776,18.07156],[121.60721,18.07139],[121.60716,18.07053],[121.60763,18.07003],[121.60798,18.07022],[121.60835,18.0702],[121.60853,18.07041],[121.60898,18.07038],[121.60918,18.07056],[121.609,18.07085],[121.60834,18.07068],[121.60786,18.07108],[121.60795,18.07121],[121.60824,18.07129],[121.60842,18.07157],[121.60923,18.07188],[121.60937,18.07211],[121.60948,18.0726],[121.61012,18.07311],[121.61068,18.07314],[121.61059,18.07294],[121.6104,18.0726],[121.61027,18.07203],[121.61012,18.07176],[121.61003,18.07131],[121.6099,18.07095],[121.61013,18.0704],[121.6104,18.07028],[121.60996,18.06998],[121.6091,18.06985],[121.60746,18.06971],[121.60725,18.06953],[121.60703,18.06929],[121.60667,18.06898],[121.60631,18.06837],[121.60574,18.06802],[121.60562,18.06757],[121.60552,18.06715],[121.60476,18.06662],[121.6045,18.06614],[121.60463,18.06526],[121.6051,18.06495],[121.60565,18.06506],[121.60559,18.06589],[121.60588,18.06621],[121.60611,18.06631],[121.6063,18.06712],[121.60656,18.067],[121.60658,18.06663],[121.60657,18.06636],[121.60659,18.06609],[121.60658,18.06586],[121.60663,18.06503],[121.60649,18.06424],[121.6065,18.06414],[121.6065,18.06405],[121.60651,18.06382],[121.60639,18.06327],[121.6066,18.06274],[121.60661,18.06256],[121.60646,18.06177],[121.60628,18.06144],[121.6061,18.06106],[121.60586,18.06064],[121.60576,18.05998],[121.60528,18.06021],[121.60483,18.06093],[121.60361,18.06196],[121.6034,18.06258],[121.60289,18.06247],[121.60264,18.06194],[121.60199,18.06182],[121.60136,18.06113],[121.60067,18.0616],[121.60085,18.06194],[121.60083,18.06227],[121.60138,18.06243],[121.60152,18.06268],[121.60149,18.06299],[121.60195,18.06357],[121.60178,18.06348],[121.60072,18.06276],[121.60037,18.06266],[121.60019,18.06246],[121.5999,18.06222],[121.59956,18.06149],[121.59911,18.06133],[121.59826,18.06107],[121.59796,18.06066],[121.59819,18.06026],[121.59861,18.05932],[121.60039,18.05921],[121.60013,18.05869],[121.59984,18.05853],[121.59955,18.0584],[121.59958,18.05797],[121.59898,18.05765],[121.59836,18.05743],[121.59693,18.0575],[121.59582,18.05711],[121.59512,18.05702],[121.59384,18.05674],[121.59268,18.05716],[121.59238,18.05753],[121.59195,18.05824],[121.59152,18.05853],[121.59138,18.05857],[121.59181,18.05808],[121.59241,18.05715],[121.59393,18.05655],[121.59484,18.05679],[121.59587,18.05695],[121.59672,18.0573],[121.59705,18.0574],[121.59788,18.0573],[121.59805,18.05731],[121.59867,18.05729],[121.59957,18.05775],[121.59993,18.05822],[121.6004,18.05864],[121.60087,18.05923],[121.60115,18.0594],[121.60154,18.05969],[121.60177,18.06018],[121.60189,18.06104],[121.602,18.06124],[121.60258,18.06151],[121.60293,18.0615],[121.60312,18.0615],[121.60366,18.06149],[121.60421,18.06131],[121.60467,18.06084],[121.60528,18.05995],[121.60579,18.0598],[121.60598,18.06],[121.60623,18.0608],[121.60661,18.0617],[121.60672,18.06202],[121.60688,18.06537],[121.60685,18.06582],[121.60686,18.06604],[121.60683,18.06666],[121.60651,18.06795],[121.60668,18.06857],[121.60694,18.06895],[121.60731,18.06912],[121.60789,18.06955],[121.60901,18.06967],[121.60947,18.06977],[121.61056,18.06988],[121.61089,18.06987],[121.61109,18.06988],[121.61142,18.07056],[121.61163,18.07138],[121.61126,18.07223],[121.61099,18.07355],[121.61118,18.07391],[121.61178,18.07403],[121.61235,18.07362],[121.61256,18.0734],[121.61276,18.07332],[121.61338,18.07296],[121.61366,18.07242],[121.61408,18.07167],[121.6144,18.07143],[121.6148,18.07164],[121.61571,18.07236],[121.61589,18.07274],[121.61576,18.07333],[121.61548,18.07371],[121.61495,18.07395],[121.61448,18.07425],[121.61419,18.07482],[121.61374,18.07555],[121.612,18.07577],[121.61065,18.07692],[121.61028,18.07709],[121.60949,18.07646],[121.60894,18.07682],[121.60876,18.07754],[121.60864,18.07771],[121.60813,18.07745],[121.6076,18.07726],[121.60664,18.07763],[121.60648,18.07804],[121.60692,18.07859],[121.60669,18.07896],[121.60601,18.07869],[121.60571,18.0786],[121.60548,18.07905],[121.60518,18.07904],[121.60563,18.07825],[121.60573,18.07781],[121.60496,18.07769],[121.60466,18.07829],[121.60422,18.07812],[121.60447,18.0779],[121.6046,18.07741],[121.6047,18.07714],[121.60479,18.0766],[121.60489,18.07642],[121.60498,18.07623],[121.60478,18.07605],[121.60425,18.07607],[121.60404,18.07595],[121.60433,18.0757],[121.60442,18.0755],[121.6042,18.07509],[121.60434,18.07497],[121.60444,18.07487],[121.60443,18.07448],[121.60375,18.07368],[121.60298,18.0737],[121.60288,18.07401],[121.60322,18.07378],[121.6036,18.07379],[121.60386,18.07407],[121.60406,18.07425],[121.60421,18.0744],[121.60433,18.0748],[121.60413,18.07498],[121.60415,18.07559],[121.60403,18.0758],[121.60405,18.07622],[121.60466,18.07634],[121.60451,18.0766],[121.60441,18.07705],[121.60401,18.07796],[121.60403,18.07842],[121.60461,18.07859],[121.60516,18.07803],[121.60544,18.07808],[121.60515,18.07859],[121.60505,18.07889],[121.60506,18.07933],[121.60566,18.07932],[121.60596,18.07888],[121.60666,18.07912],[121.60708,18.07885],[121.60723,18.07846],[121.60695,18.07806],[121.60686,18.0779],[121.60787,18.0777],[121.6082,18.07771],[121.60847,18.078],[121.60885,18.07798],[121.60934,18.07681],[121.60965,18.07682],[121.60996,18.07729],[121.61048,18.07727],[121.61135,18.07664],[121.61172,18.07665],[121.61211,18.07717],[121.61271,18.07771],[121.61377,18.07819],[121.61437,18.0785],[121.61451,18.07923],[121.61447,18.08003],[121.6148,18.08049],[121.6155,18.08082],[121.61637,18.08098],[121.61699,18.08123],[121.6176,18.08164],[121.61823,18.08183],[121.62047,18.08195],[121.62178,18.0817],[121.62236,18.08209],[121.62333,18.08311],[121.6238,18.08381],[121.62393,18.08476],[121.6243,18.08535],[121.62539,18.08581],[121.6263,18.08579],[121.62727,18.08547],[121.62834,18.08563],[121.62929,18.08576],[121.62977,18.08601],[121.62994,18.08636],[121.63009,18.08649],[121.63023,18.08664],[121.63022,18.08685],[121.62921,18.08774],[121.62866,18.0883],[121.62851,18.08843],[121.62821,18.08891],[121.62764,18.0894],[121.62727,18.08978],[121.62632,18.09056],[121.62576,18.09122],[121.62563,18.09256],[121.62575,18.0936],[121.62614,18.09415],[121.62658,18.09429],[121.62697,18.09449],[121.62774,18.09466],[121.6287,18.09442],[121.62987,18.09379],[121.63092,18.09301],[121.63127,18.09285],[121.63207,18.09234],[121.63236,18.09216],[121.63264,18.09198],[121.63305,18.09186],[121.63434,18.09192],[121.63471,18.09254],[121.63508,18.09306],[121.63518,18.09327],[121.63528,18.09345],[121.63542,18.09374],[121.63566,18.09503],[121.63559,18.09544],[121.63527,18.09489],[121.63517,18.0948],[121.63496,18.09459],[121.63498,18.09515],[121.6348,18.09564],[121.63425,18.09488],[121.63394,18.09498],[121.63382,18.09474],[121.63337,18.09504],[121.63375,18.09551],[121.63393,18.09579],[121.63458,18.09603],[121.63504,18.0968],[121.63515,18.09724],[121.63534,18.09751],[121.63551,18.09786],[121.63581,18.09824],[121.63592,18.09848],[121.63658,18.09907],[121.63731,18.09924],[121.63771,18.09935],[121.63838,18.09933],[121.63882,18.09944],[121.6394,18.09953],[121.63957,18.09935],[121.64,18.09926],[121.64064,18.09904],[121.64142,18.09866],[121.6426,18.09746],[121.64312,18.097],[121.64351,18.09714],[121.64365,18.09756],[121.64296,18.09832],[121.64261,18.0982],[121.64233,18.09815],[121.64281,18.09876],[121.64331,18.09874],[121.64394,18.09838],[121.64431,18.0984],[121.64463,18.09839],[121.64411,18.09884],[121.64401,18.09894],[121.64402,18.09928],[121.64459,18.09939],[121.64439,18.09956],[121.6442,18.09987],[121.64453,18.09997],[121.64441,18.09973],[121.64475,18.09955],[121.64492,18.09925],[121.6444,18.09904],[121.64463,18.09876],[121.64503,18.09898],[121.64521,18.09867],[121.64492,18.09822],[121.64433,18.09811],[121.6443,18.09766],[121.64537,18.09781],[121.64597,18.09772],[121.64602,18.09777],[121.64729,18.10093],[121.64793,18.10204],[121.64964,18.10472],[121.64969,18.10489],[121.64916,18.10495],[121.6488,18.10474],[121.6486,18.10466],[121.64819,18.10437],[121.64792,18.10404],[121.64766,18.10384],[121.64757,18.1033],[121.64729,18.10293],[121.64715,18.10261],[121.64644,18.10246],[121.64607,18.1025],[121.64568,18.10271],[121.64551,18.10292],[121.64508,18.10309],[121.64488,18.10332],[121.64479,18.10332],[121.64479,18.10341],[121.64448,18.10361],[121.64441,18.10386],[121.64428,18.10392],[121.64422,18.10404],[121.64397,18.10399],[121.64371,18.10399],[121.64285,18.10435],[121.64242,18.10443],[121.64181,18.10406],[121.64114,18.10391],[121.64055,18.1041],[121.6403,18.10394],[121.64068,18.10361],[121.64077,18.10324],[121.64088,18.10295],[121.64119,18.10268],[121.64098,18.10228],[121.64235,18.10216],[121.64288,18.10199],[121.64305,18.10142],[121.64287,18.10072],[121.64227,18.10034],[121.64134,18.09961],[121.64058,18.09963],[121.63927,18.10032],[121.63863,18.10016],[121.63815,18.10007],[121.63787,18.09997],[121.63697,18.09983],[121.63604,18.09956],[121.63571,18.09887],[121.63511,18.09844],[121.63495,18.09747],[121.63477,18.09677],[121.63413,18.09619],[121.63376,18.09602],[121.63337,18.09551],[121.63315,18.09541],[121.6322,18.09523],[121.63179,18.09524],[121.6311,18.09577],[121.6307,18.09585],[121.63035,18.09567],[121.62994,18.09568],[121.6293,18.09521],[121.62911,18.09521],[121.62885,18.09574],[121.62902,18.0964],[121.62901,18.09661],[121.62901,18.09676],[121.62975,18.09674],[121.63034,18.09722],[121.63105,18.09744],[121.63089,18.09757],[121.63078,18.098],[121.63006,18.09832],[121.62966,18.09883],[121.62951,18.09896],[121.62935,18.09944],[121.62889,18.09954],[121.62861,18.09964],[121.62831,18.09962],[121.62805,18.09936],[121.62796,18.09907],[121.62826,18.09854],[121.62824,18.09815],[121.62672,18.09799],[121.62636,18.09725],[121.62607,18.09699],[121.62532,18.09681],[121.62504,18.09671],[121.62471,18.09672],[121.62423,18.0967],[121.62368,18.09651],[121.62326,18.09607],[121.62306,18.09589],[121.62281,18.09589],[121.62239,18.09617],[121.62241,18.09679],[121.62203,18.09712],[121.62192,18.09735],[121.6222,18.0976],[121.62234,18.09774],[121.62277,18.09788],[121.62262,18.098],[121.62191,18.09816],[121.62141,18.09852],[121.62144,18.09922],[121.62101,18.09972],[121.62072,18.10082],[121.62047,18.10093],[121.62027,18.10103],[121.62008,18.10142],[121.61963,18.10181],[121.61951,18.10131],[121.6198,18.10054],[121.61935,18.09939],[121.61922,18.09871],[121.61908,18.0983],[121.61896,18.09767],[121.61839,18.09786],[121.61811,18.09815],[121.61731,18.09844],[121.61719,18.09856],[121.61614,18.09909],[121.61604,18.0992],[121.61584,18.09996],[121.61557,18.10008],[121.61513,18.10036],[121.61476,18.10035],[121.6145,18.10035],[121.61415,18.10071],[121.61391,18.1007],[121.61368,18.10071],[121.61363,18.10066],[121.61348,18.10061],[121.6134,18.10043],[121.613,18.1001],[121.61274,18.09943],[121.61239,18.09865],[121.61205,18.09853],[121.61165,18.09873],[121.61133,18.09927],[121.61151,18.0996],[121.6116,18.09987],[121.6105,18.10067],[121.61034,18.101],[121.61047,18.10134],[121.61044,18.10164],[121.61004,18.10181],[121.60921,18.10195],[121.60923,18.10212],[121.60904,18.10229],[121.60856,18.10193],[121.60819,18.10195],[121.60809,18.10171],[121.60829,18.10139],[121.60847,18.10093],[121.60866,18.10078],[121.60879,18.10028],[121.60875,18.09981],[121.6088,18.0993],[121.60916,18.09887],[121.60925,18.09841],[121.60883,18.09796],[121.60816,18.09819],[121.60786,18.09785],[121.60756,18.09699],[121.60805,18.09679],[121.60843,18.09659],[121.60861,18.09497],[121.6093,18.09489],[121.60949,18.09468],[121.60943,18.09403],[121.60982,18.09394],[121.61,18.09354],[121.60971,18.09312],[121.60915,18.093],[121.6089,18.09325],[121.60886,18.09348],[121.60866,18.09366],[121.60853,18.09416],[121.60791,18.09483],[121.60772,18.09483],[121.60772,18.09492],[121.60753,18.09492],[121.60753,18.09501],[121.6072,18.09505],[121.60684,18.09523],[121.60605,18.09534],[121.60559,18.0955],[121.60508,18.09561],[121.60476,18.09627],[121.60347,18.09705],[121.60255,18.09782],[121.60208,18.0981],[121.60156,18.09887],[121.60111,18.09907],[121.60089,18.0993],[121.60015,18.0988],[121.5998,18.09891],[121.59976,18.09957],[121.60006,18.10012],[121.59968,18.10025],[121.5995,18.10024],[121.59931,18.10034],[121.59912,18.10032],[121.59894,18.10042],[121.59884,18.10041],[121.59857,18.10043],[121.59837,18.10032],[121.59818,18.10023],[121.59772,18.09988],[121.59733,18.09986],[121.59722,18.09986],[121.59682,18.09965],[121.59658,18.09977],[121.59639,18.09985],[121.59586,18.10012],[121.59508,18.1],[121.59469,18.09966],[121.59452,18.09931],[121.59384,18.09921],[121.59356,18.09902],[121.59343,18.09929],[121.5931,18.0991],[121.59289,18.09892],[121.59291,18.09865],[121.59264,18.09842],[121.5931,18.09803],[121.59329,18.09748],[121.59339,18.09731],[121.59358,18.09649],[121.5942,18.09638],[121.59438,18.09608],[121.59423,18.09552],[121.59455,18.09531],[121.59523,18.09535],[121.59617,18.09509],[121.59671,18.09543],[121.59715,18.09573],[121.59762,18.09539],[121.59803,18.09553],[121.5986,18.09562],[121.59894,18.09574],[121.59968,18.09571],[121.60075,18.09577],[121.60143,18.09548],[121.60145,18.09511],[121.60115,18.09501],[121.60039,18.09492],[121.59988,18.09473],[121.59945,18.09471],[121.59888,18.09474],[121.59889,18.09448],[121.59861,18.09418],[121.5985,18.09408],[121.59853,18.09366],[121.59838,18.09338],[121.59871,18.09327],[121.59885,18.09328],[121.59908,18.09327],[121.59944,18.09346],[121.59989,18.09337],[121.60071,18.09307],[121.60117,18.09284],[121.60259,18.09301],[121.60358,18.09219],[121.60409,18.09198],[121.6043,18.09169],[121.60434,18.09155],[121.60477,18.09132],[121.60466,18.0911],[121.60423,18.09074],[121.60419,18.09014],[121.60435,18.08886],[121.60478,18.08868],[121.60501,18.08821],[121.60556,18.08791],[121.60573,18.08755],[121.60613,18.08752],[121.60664,18.08765],[121.60705,18.08763],[121.60807,18.0879],[121.60839,18.08793],[121.60899,18.08769],[121.6101,18.08758],[121.61085,18.08737],[121.61132,18.08741],[121.61157,18.08728],[121.61241,18.08743],[121.61343,18.08821],[121.61399,18.08826],[121.61443,18.08814],[121.61453,18.08815],[121.6148,18.08813],[121.6151,18.08834],[121.6154,18.08832],[121.61573,18.08869],[121.61621,18.0889],[121.61622,18.08915],[121.61619,18.0895],[121.61641,18.08988],[121.61654,18.09075],[121.61743,18.09124],[121.61875,18.09097],[121.61961,18.09116],[121.6201,18.09143],[121.62109,18.09164],[121.62161,18.09235],[121.62234,18.09227],[121.62243,18.09209],[121.62282,18.09198],[121.62281,18.09181],[121.62324,18.09185],[121.62371,18.09168],[121.62413,18.09183],[121.62448,18.09194],[121.62494,18.09246],[121.62525,18.09249],[121.62545,18.09215],[121.62552,18.09137],[121.62537,18.0912],[121.62499,18.09104],[121.62491,18.09066],[121.62447,18.08922],[121.62431,18.08849],[121.6249,18.08824],[121.62511,18.0879],[121.62498,18.08744],[121.62455,18.0874],[121.6245,18.08736],[121.62463,18.08724],[121.62512,18.08694],[121.62483,18.08654],[121.62418,18.08624],[121.62418,18.08605],[121.62437,18.08571],[121.62369,18.0849],[121.62308,18.08476],[121.6224,18.0845],[121.62212,18.08432],[121.62155,18.08422],[121.6209,18.084],[121.62051,18.0844],[121.62023,18.08421],[121.61975,18.08412],[121.61914,18.08366],[121.61877,18.08394],[121.61854,18.08464],[121.61835,18.08483],[121.61832,18.08411],[121.61844,18.08357],[121.61863,18.0834],[121.61846,18.08321],[121.61826,18.0832],[121.61815,18.08329],[121.61797,18.08357],[121.61762,18.08404],[121.61719,18.08473],[121.61701,18.08473],[121.61673,18.08472],[121.61616,18.08509],[121.61567,18.08507],[121.61481,18.08523],[121.6145,18.08495],[121.61418,18.08462],[121.6139,18.08436],[121.61373,18.08401],[121.61315,18.08387],[121.61326,18.08327],[121.61367,18.08326],[121.6142,18.08328],[121.61476,18.08318],[121.61511,18.08301],[121.61558,18.08287],[121.61576,18.08256],[121.61602,18.08204],[121.61655,18.08181],[121.61658,18.08125],[121.61591,18.08102],[121.6153,18.08087],[121.61435,18.08038],[121.61421,18.08092],[121.61397,18.08056],[121.61295,18.08051],[121.61221,18.08108],[121.61195,18.08109],[121.61175,18.08091],[121.61162,18.08063],[121.61087,18.08053],[121.61068,18.07972],[121.6102,18.0797],[121.60959,18.07972],[121.60941,18.07917],[121.60901,18.07903],[121.6081,18.07923],[121.60798,18.07972],[121.60743,18.0802],[121.60725,18.08055],[121.60592,18.08114],[121.6057,18.08173],[121.60579,18.08203],[121.60584,18.08208],[121.60588,18.08231],[121.60598,18.08249],[121.60576,18.08258],[121.6056,18.08276],[121.60547,18.08284],[121.60551,18.08248],[121.60545,18.08179],[121.60563,18.08133],[121.6056,18.08093],[121.60466,18.08076],[121.6042,18.08057],[121.60342,18.08045],[121.60251,18.08093],[121.60244,18.08151],[121.60244,18.08187],[121.60239,18.08229],[121.60217,18.08196],[121.60232,18.08122],[121.60227,18.08046],[121.60196,18.08048],[121.60149,18.08035],[121.60071,18.07982],[121.59987,18.07971],[121.59929,18.07936],[121.59886,18.07923],[121.59867,18.07902],[121.59816,18.07891],[121.59778,18.07881],[121.5973,18.07893],[121.59674,18.07889],[121.59655,18.0789],[121.59636,18.07889],[121.59585,18.07906],[121.5957,18.07857],[121.59417,18.0789],[121.59353,18.07941],[121.59322,18.0796],[121.5929,18.07993],[121.59259,18.08056],[121.59302,18.08133],[121.59312,18.08224],[121.59286,18.08269],[121.59172,18.08294],[121.59161,18.08288],[121.59183,18.08214],[121.59176,18.08202],[121.59105,18.08326],[121.59031,18.08416],[121.58971,18.08426],[121.58962,18.08445],[121.58952,18.08444],[121.58931,18.08454],[121.58911,18.08496],[121.58926,18.08509],[121.58921,18.0858],[121.58942,18.08598],[121.58931,18.08626],[121.58932,18.08647],[121.58931,18.08663],[121.58912,18.08679],[121.58898,18.08693],[121.58872,18.08747],[121.58874,18.08787],[121.58873,18.08798],[121.58847,18.0882],[121.58778,18.08831],[121.58756,18.08843],[121.58762,18.08951],[121.58715,18.08979],[121.58646,18.08974],[121.58618,18.08989],[121.58636,18.0902],[121.58622,18.09068],[121.58567,18.09143],[121.58569,18.09193],[121.58539,18.09218],[121.58521,18.09237],[121.58497,18.09236],[121.58478,18.09237],[121.58464,18.09236],[121.58454,18.09236],[121.58435,18.09226],[121.58412,18.09227],[121.58398,18.09226],[121.58383,18.09227],[121.58332,18.09253],[121.58312,18.09262],[121.58303,18.09289],[121.58291,18.0931],[121.58271,18.09327],[121.58236,18.09324],[121.58226,18.09325],[121.58228,18.0937],[121.58188,18.09378],[121.58189,18.09387],[121.58187,18.09414],[121.58198,18.09424],[121.58197,18.09442],[121.58217,18.09451],[121.58225,18.09482],[121.58166,18.09458],[121.58103,18.09469],[121.58084,18.09459],[121.58046,18.0945],[121.58037,18.0944],[121.58018,18.09424],[121.58018,18.09413],[121.57988,18.09404],[121.57971,18.09422],[121.57953,18.09421],[121.57933,18.09431],[121.57907,18.09439],[121.579,18.09417],[121.57952,18.09403],[121.57942,18.09393],[121.57914,18.09396],[121.57905,18.09374],[121.57844,18.09391],[121.57827,18.09426],[121.57773,18.09431],[121.57763,18.09403],[121.57765,18.09383],[121.57744,18.09385],[121.57715,18.09369],[121.57696,18.09384],[121.57715,18.09416],[121.57692,18.09434],[121.57682,18.09401],[121.57658,18.09403],[121.57661,18.09357],[121.5764,18.09339],[121.57642,18.09314],[121.57627,18.09269],[121.57605,18.09293],[121.57603,18.09284],[121.57604,18.09268],[121.57586,18.09229],[121.57566,18.09211],[121.57584,18.09179],[121.57586,18.09149],[121.57576,18.0913],[121.57614,18.09121],[121.57623,18.09112],[121.57642,18.09096],[121.57593,18.09066],[121.57569,18.0904],[121.57558,18.09048],[121.57548,18.09077],[121.57512,18.09108],[121.57483,18.09167],[121.57436,18.09206],[121.57424,18.09266],[121.57386,18.09298],[121.57359,18.09378],[121.5731,18.0939],[121.57211,18.09407],[121.57226,18.09449],[121.57224,18.09489],[121.57226,18.09537],[121.57214,18.09561],[121.57169,18.09574],[121.57138,18.09656],[121.57122,18.09748],[121.57081,18.09762],[121.57023,18.09741],[121.56975,18.09705],[121.56924,18.09701],[121.56865,18.09704],[121.56844,18.09694],[121.56806,18.09685],[121.56788,18.09675],[121.56741,18.09654]],[[121.57923,18.07718],[121.57935,18.07715],[121.57926,18.07707],[121.57923,18.07718]],[[121.57886,18.077],[121.57885,18.07727],[121.57923,18.07727],[121.57923,18.07718],[121.57908,18.07715],[121.57886,18.077]],[[121.58389,18.07342],[121.58392,18.07353],[121.58401,18.07345],[121.58389,18.07342]],[[121.58778,18.0711],[121.58757,18.07114],[121.58773,18.07122],[121.58778,18.0711]],[[121.59137,18.07212],[121.59124,18.07217],[121.59133,18.07233],[121.59137,18.07212]],[[121.59374,18.07051],[121.59406,18.0703],[121.59382,18.07023],[121.59374,18.07051]],[[121.60128,18.07283],[121.60119,18.07305],[121.60141,18.07293],[121.60128,18.07283]],[[121.60069,18.07626],[121.60081,18.07621],[121.60073,18.07605],[121.60069,18.07626]],[[121.60059,18.07635],[121.60069,18.07635],[121.60069,18.07626],[121.60059,18.07626],[121.60059,18.07635]],[[121.6005,18.07644],[121.60059,18.07644],[121.60059,18.07635],[121.6005,18.07634],[121.6005,18.07644]],[[121.6004,18.07652],[121.60049,18.07653],[121.6005,18.07644],[121.6004,18.07643],[121.6004,18.07652]],[[121.6004,18.07698],[121.6004,18.07652],[121.60031,18.07652],[121.6003,18.07698],[121.6004,18.07698]],[[121.60049,18.07707],[121.60049,18.07698],[121.6004,18.07698],[121.6004,18.07707],[121.60049,18.07707]],[[121.60058,18.07716],[121.60058,18.07707],[121.60049,18.07707],[121.60049,18.07716],[121.60058,18.07716]],[[121.60077,18.07725],[121.60077,18.07716],[121.60058,18.07716],[121.60058,18.07725],[121.60077,18.07725]],[[121.60115,18.07734],[121.60115,18.07725],[121.60077,18.07725],[121.60077,18.07734],[121.60115,18.07734]],[[121.6019,18.07744],[121.60153,18.07753],[121.6013,18.07738],[121.60115,18.07734],[121.60124,18.07753],[121.60157,18.07769],[121.60184,18.07756],[121.6019,18.07744]],[[121.602,18.07735],[121.60191,18.07735],[121.6019,18.07744],[121.602,18.07744],[121.602,18.07735]],[[121.60219,18.07726],[121.602,18.07726],[121.602,18.07735],[121.60219,18.07735],[121.60219,18.07726]],[[121.60228,18.07717],[121.60219,18.07717],[121.60219,18.07726],[121.60228,18.07726],[121.60228,18.07717]],[[121.60247,18.07708],[121.60229,18.07708],[121.60228,18.07717],[121.60247,18.07717],[121.60247,18.07708]],[[121.60229,18.07654],[121.60233,18.07674],[121.60259,18.07687],[121.60247,18.07708],[121.6028,18.07701],[121.60272,18.07676],[121.60252,18.07668],[121.60229,18.07654]],[[121.60229,18.07636],[121.60216,18.07645],[121.60229,18.07654],[121.60229,18.07636]],[[121.60239,18.07609],[121.60229,18.07609],[121.60229,18.07636],[121.60239,18.07636],[121.60239,18.07609]],[[121.60288,18.07401],[121.60256,18.07422],[121.60265,18.0746],[121.60328,18.07483],[121.60341,18.07501],[121.60336,18.07521],[121.60288,18.07511],[121.60249,18.07526],[121.6023,18.07573],[121.60239,18.07609],[121.60244,18.07605],[121.60252,18.07567],[121.60269,18.07556],[121.60287,18.07532],[121.60347,18.07523],[121.60356,18.07486],[121.60276,18.07444],[121.60288,18.07401]],[[121.64462,18.10088],[121.64465,18.10099],[121.64473,18.10091],[121.64462,18.10088]],[[121.64462,18.1007],[121.6444,18.10083],[121.64462,18.10088],[121.64462,18.1007]],[[121.64472,18.10061],[121.64462,18.10061],[121.64462,18.1007],[121.64471,18.1007],[121.64472,18.10061]],[[121.64472,18.10043],[121.64472,18.10061],[121.6449,18.10061],[121.64491,18.10043],[121.64472,18.10043]],[[121.64453,18.10033],[121.64453,18.10042],[121.64472,18.10043],[121.64472,18.10034],[121.64453,18.10033]],[[121.64453,18.10015],[121.6444,18.10024],[121.64453,18.10033],[121.64453,18.10015]],[[121.64453,18.09997],[121.64453,18.10015],[121.64475,18.10002],[121.64453,18.09997]],[[121.64492,18.09925],[121.64512,18.09923],[121.64495,18.09906],[121.64492,18.09925]],[[121.61363,18.10066],[121.61374,18.10063],[121.61366,18.10055],[121.61363,18.10066]],[[121.57357,18.08551],[121.57368,18.08555],[121.57365,18.08544],[121.57357,18.08551]],[[121.57368,18.08555],[121.57372,18.08566],[121.5738,18.08558],[121.57368,18.08555]],[[121.57385,18.08576],[121.57393,18.08584],[121.57397,18.08573],[121.57385,18.08576]],[[121.57391,18.0876],[121.57407,18.08775],[121.57414,18.08754],[121.57391,18.0876]],[[121.57412,18.08739],[121.5742,18.08747],[121.57424,18.08736],[121.57412,18.08739]],[[121.57422,18.08431],[121.57444,18.0846],[121.57436,18.0842],[121.57422,18.08431]],[[121.57529,18.08243],[121.57545,18.08251],[121.5755,18.0824],[121.57529,18.08243]],[[121.57549,18.0818],[121.57557,18.08188],[121.5756,18.08177],[121.57549,18.0818]],[[121.57568,18.08198],[121.57576,18.08206],[121.57579,18.08195],[121.57568,18.08198]],[[121.57575,18.0815],[121.57601,18.08162],[121.57608,18.08141],[121.57575,18.0815]],[[121.57588,18.0921],[121.57596,18.09218],[121.57599,18.09207],[121.57588,18.0921]],[[121.57597,18.09159],[121.57605,18.09183],[121.5762,18.09174],[121.57609,18.09153],[121.57597,18.09159]],[[121.57614,18.08091],[121.57625,18.08107],[121.57637,18.08087],[121.57614,18.08091]],[[121.57624,18.09239],[121.57642,18.09264],[121.57646,18.09234],[121.57624,18.09239]],[[121.57625,18.08046],[121.57633,18.08062],[121.57637,18.08042],[121.57625,18.08046]],[[121.57626,18.09147],[121.57634,18.09155],[121.57638,18.09144],[121.57626,18.09147]],[[121.57646,18.08976],[121.57662,18.08984],[121.57667,18.08972],[121.57646,18.08976]],[[121.57691,18.09364],[121.57699,18.09372],[121.57702,18.09361],[121.57691,18.09364]],[[121.57718,18.09348],[121.57727,18.09364],[121.57731,18.09343],[121.57718,18.09348]],[[121.57729,18.0931],[121.57737,18.09318],[121.5774,18.09307],[121.57729,18.0931]],[[121.57746,18.08017],[121.57792,18.08034],[121.57794,18.0802],[121.57764,18.08011],[121.5776,18.08006],[121.57746,18.08017]],[[121.57776,18.09365],[121.57784,18.09373],[121.57787,18.09362],[121.57776,18.09365]],[[121.57783,18.09402],[121.57815,18.09409],[121.57806,18.09389],[121.57783,18.09402]],[[121.57804,18.09374],[121.57812,18.09382],[121.57815,18.09371],[121.57804,18.09374]],[[121.57822,18.09375],[121.57838,18.09383],[121.57844,18.09371],[121.57822,18.09375]],[[121.57844,18.09371],[121.57865,18.09369],[121.57847,18.09352],[121.57844,18.09371]],[[121.57851,18.0802],[121.579,18.08032],[121.57911,18.08016],[121.57851,18.0802]],[[121.58106,18.09431],[121.58114,18.09439],[121.58117,18.09428],[121.58106,18.09431]],[[121.58153,18.09413],[121.58161,18.09421],[121.58165,18.0941],[121.58153,18.09413]],[[121.5823,18.09278],[121.58248,18.09295],[121.58251,18.09275],[121.5823,18.09278]],[[121.58256,18.09272],[121.58273,18.09288],[121.58279,18.09266],[121.58256,18.09272]],[[121.5838,18.09101],[121.58391,18.09135],[121.58409,18.09128],[121.58403,18.09095],[121.5838,18.09101]],[[121.58391,18.09207],[121.58399,18.09215],[121.58403,18.09204],[121.58391,18.09207]],[[121.58403,18.09159],[121.58403,18.09204],[121.58427,18.0921],[121.58435,18.09172],[121.58446,18.09164],[121.5845,18.09159],[121.58403,18.09159]],[[121.58429,18.09137],[121.5845,18.09141],[121.58445,18.09129],[121.58429,18.09137]],[[121.58432,18.07346],[121.58443,18.07372],[121.5847,18.0733],[121.58474,18.07316],[121.58432,18.07346]],[[121.58439,18.09011],[121.58447,18.09035],[121.58462,18.09027],[121.58451,18.09005],[121.58439,18.09011]],[[121.5845,18.09141],[121.5845,18.09159],[121.58456,18.09162],[121.58465,18.09179],[121.58494,18.09165],[121.58497,18.09159],[121.58481,18.09157],[121.58467,18.09143],[121.5845,18.09141]],[[121.58457,18.09089],[121.58474,18.09098],[121.58479,18.09078],[121.58457,18.09089]],[[121.58486,18.09081],[121.58495,18.09089],[121.58498,18.09078],[121.58486,18.09081]],[[121.58497,18.09159],[121.58509,18.09156],[121.58501,18.09148],[121.58497,18.09159]],[[121.58544,18.08973],[121.58552,18.08981],[121.58556,18.0897],[121.58544,18.08973]],[[121.5858,18.0894],[121.58616,18.08956],[121.5867,18.08936],[121.58687,18.08915],[121.5866,18.0888],[121.5863,18.08885],[121.58618,18.08912],[121.58607,18.0892],[121.58599,18.0893],[121.58588,18.08929],[121.5858,18.0894]],[[121.58803,18.07124],[121.58814,18.0714],[121.58825,18.0712],[121.58803,18.07124]],[[121.58811,18.08417],[121.58837,18.08417],[121.58868,18.08381],[121.58872,18.08349],[121.58857,18.08352],[121.58811,18.08417]],[[121.58842,18.07114],[121.58851,18.07122],[121.58854,18.07111],[121.58842,18.07114]],[[121.58859,18.07108],[121.58876,18.07123],[121.58882,18.07102],[121.58859,18.07108]],[[121.589,18.08198],[121.58908,18.08206],[121.58911,18.08195],[121.589,18.08198]],[[121.58911,18.08195],[121.58923,18.08192],[121.58915,18.08184],[121.58911,18.08195]],[[121.59363,18.07009],[121.59371,18.07017],[121.59374,18.07006],[121.59363,18.07009]],[[121.59507,18.07832],[121.59516,18.0784],[121.59519,18.07829],[121.59507,18.07832]],[[121.59582,18.07824],[121.59619,18.07811],[121.59623,18.07794],[121.59592,18.07798],[121.59582,18.07824]],[[121.59623,18.07794],[121.59635,18.07791],[121.59627,18.07783],[121.59623,18.07794]],[[121.59659,18.07761],[121.59667,18.07769],[121.59671,18.07758],[121.59659,18.07761]],[[121.59688,18.07743],[121.59696,18.07751],[121.59699,18.0774],[121.59688,18.07743]],[[121.59699,18.0774],[121.59711,18.07737],[121.59703,18.07729],[121.59699,18.0774]],[[121.59714,18.07701],[121.59723,18.07719],[121.59782,18.07742],[121.59823,18.07669],[121.59808,18.07673],[121.59776,18.07691],[121.59714,18.07701]],[[121.5972,18.07041],[121.59748,18.07055],[121.59752,18.06982],[121.59731,18.06987],[121.5972,18.07041]],[[121.59773,18.07619],[121.59781,18.07635],[121.59785,18.07614],[121.59773,18.07619]],[[121.59782,18.07645],[121.59807,18.07653],[121.59813,18.07642],[121.59782,18.07645]],[[121.59813,18.07633],[121.59813,18.07642],[121.59823,18.07642],[121.59823,18.07633],[121.59813,18.07633]],[[121.59823,18.07633],[121.59835,18.07628],[121.59827,18.07612],[121.59823,18.07633]],[[121.59833,18.0714],[121.5984,18.07174],[121.59859,18.07183],[121.59874,18.07154],[121.59865,18.07136],[121.59833,18.0714]],[[121.59834,18.0761],[121.59853,18.0757],[121.59912,18.07557],[121.59923,18.07618],[121.59953,18.07638],[121.59965,18.07625],[121.59934,18.07616],[121.59922,18.07549],[121.59838,18.07557],[121.59834,18.0761]],[[121.59965,18.07625],[121.5999,18.07621],[121.60018,18.07603],[121.60022,18.07598],[121.59997,18.07602],[121.59969,18.07619],[121.59965,18.07625]],[[121.60022,18.07589],[121.60022,18.07598],[121.6004,18.07598],[121.60041,18.07589],[121.60022,18.07589]],[[121.60041,18.0758],[121.60041,18.07589],[121.60069,18.07589],[121.60069,18.0758],[121.60041,18.0758]],[[121.60066,18.07424],[121.60079,18.07463],[121.60112,18.0744],[121.60157,18.07444],[121.60207,18.07405],[121.60242,18.07384],[121.60282,18.07341],[121.60331,18.07301],[121.60336,18.07266],[121.60287,18.07272],[121.60249,18.07314],[121.6018,18.0736],[121.60132,18.07386],[121.60107,18.07413],[121.60066,18.07424]],[[121.60069,18.07589],[121.60072,18.076],[121.6008,18.07593],[121.60069,18.07589]],[[121.60125,18.06067],[121.60135,18.06083],[121.60147,18.06063],[121.60125,18.06067]],[[121.60428,18.07279],[121.60436,18.07287],[121.6044,18.07276],[121.60428,18.07279]],[[121.60536,18.07738],[121.60585,18.07766],[121.60633,18.07757],[121.60672,18.0773],[121.60657,18.07658],[121.60621,18.07644],[121.60616,18.07693],[121.60592,18.07689],[121.60569,18.07675],[121.60546,18.07689],[121.60536,18.07738]],[[121.60719,18.07606],[121.60727,18.07614],[121.6073,18.07603],[121.60719,18.07606]],[[121.60744,18.07822],[121.60765,18.0784],[121.60773,18.07825],[121.60766,18.07811],[121.60744,18.07822]],[[121.6079,18.07834],[121.60802,18.07888],[121.60864,18.07864],[121.60851,18.0783],[121.6079,18.07834]],[[121.60897,18.10201],[121.60905,18.10209],[121.60908,18.10198],[121.60897,18.10201]],[[121.60933,18.07763],[121.6094,18.078],[121.6098,18.07808],[121.60994,18.07843],[121.61042,18.07852],[121.61066,18.07817],[121.61049,18.07774],[121.60997,18.07764],[121.60993,18.07759],[121.60933,18.07763]],[[121.6104,18.07368],[121.61051,18.0742],[121.61076,18.07394],[121.61063,18.07362],[121.6104,18.07368]],[[121.61064,18.07446],[121.61077,18.07472],[121.61081,18.07443],[121.61064,18.07446]],[[121.61079,18.07842],[121.61111,18.07853],[121.61116,18.07823],[121.61084,18.07827],[121.61079,18.07842]],[[121.61098,18.07455],[121.61106,18.07463],[121.61109,18.07452],[121.61098,18.07455]],[[121.61145,18.07447],[121.61153,18.07455],[121.61157,18.07444],[121.61145,18.07447]],[[121.61196,18.08072],[121.61204,18.08088],[121.61208,18.08068],[121.61196,18.08072]],[[121.61208,18.0742],[121.61243,18.07445],[121.61312,18.07388],[121.61315,18.07362],[121.61308,18.07345],[121.61293,18.0735],[121.6121,18.07395],[121.61208,18.0742]],[[121.61277,18.09525],[121.61289,18.09602],[121.61321,18.09635],[121.61362,18.09654],[121.6145,18.097],[121.61503,18.09673],[121.61569,18.09647],[121.61597,18.09629],[121.61634,18.09613],[121.61673,18.09584],[121.61741,18.09576],[121.61796,18.09549],[121.61853,18.09523],[121.61855,18.09487],[121.61791,18.09454],[121.61704,18.09424],[121.6163,18.09448],[121.61553,18.09413],[121.61542,18.09402],[121.61506,18.09403],[121.61486,18.09385],[121.61461,18.09359],[121.614,18.09348],[121.61375,18.09321],[121.61354,18.09311],[121.6135,18.09307],[121.61307,18.09314],[121.61316,18.09338],[121.61342,18.09362],[121.61366,18.09406],[121.61353,18.09459],[121.61277,18.09525]],[[121.61324,18.07314],[121.61342,18.07339],[121.61347,18.07309],[121.61324,18.07314]],[[121.61403,18.08012],[121.61419,18.08027],[121.61426,18.08006],[121.61403,18.08012]],[[121.61416,18.07218],[121.6143,18.07249],[121.61474,18.07253],[121.61475,18.07241],[121.61433,18.07175],[121.61419,18.07186],[121.61416,18.07218]],[[121.61656,18.08241],[121.61674,18.08255],[121.61679,18.08225],[121.61656,18.08241]],[[121.61701,18.08167],[121.61715,18.08257],[121.61738,18.08283],[121.61744,18.08266],[121.61732,18.08202],[121.61708,18.08162],[121.61701,18.08167]],[[121.62309,18.08422],[121.62317,18.0843],[121.6232,18.08419],[121.62309,18.08422]],[[121.62474,18.09379],[121.62514,18.09396],[121.62521,18.09369],[121.62502,18.09342],[121.62482,18.09347],[121.62474,18.09379]],[[121.62489,18.09333],[121.62526,18.09317],[121.62531,18.09288],[121.62499,18.09293],[121.62489,18.09333]],[[121.62551,18.08725],[121.6256,18.08749],[121.62564,18.08719],[121.62551,18.08725]],[[121.62561,18.08694],[121.62607,18.08661],[121.62649,18.08678],[121.62655,18.08707],[121.62645,18.08743],[121.62595,18.08795],[121.62591,18.08809],[121.6261,18.08805],[121.62661,18.0877],[121.6269,18.0871],[121.62656,18.08663],[121.62609,18.08634],[121.62571,18.08647],[121.62561,18.08694]],[[121.6258,18.08812],[121.62588,18.0882],[121.62591,18.08809],[121.6258,18.08812]],[[121.62782,18.09492],[121.62791,18.095],[121.62794,18.09489],[121.62782,18.09492]],[[121.62858,18.09537],[121.62866,18.09545],[121.62869,18.09534],[121.62858,18.09537]],[[121.62968,18.09455],[121.62986,18.09494],[121.63028,18.09508],[121.63089,18.09491],[121.63117,18.09442],[121.63031,18.09485],[121.62988,18.0947],[121.62987,18.09452],[121.62993,18.09418],[121.6297,18.09424],[121.62968,18.09455]],[[121.64393,18.09971],[121.64401,18.1],[121.64412,18.09994],[121.64416,18.09961],[121.64393,18.09971]],[[121.64469,18.10154],[121.64477,18.10162],[121.6448,18.10151],[121.64469,18.10154]],[[121.64478,18.10102],[121.645,18.10106],[121.64494,18.10094],[121.64478,18.10102]],[[121.6448,18.10142],[121.6448,18.10151],[121.6449,18.10151],[121.6449,18.10142],[121.6448,18.10142]],[[121.6449,18.09802],[121.64499,18.0981],[121.64502,18.09799],[121.6449,18.09802]],[[121.6449,18.10142],[121.64501,18.10139],[121.64493,18.10131],[121.6449,18.10142]],[[121.645,18.10106],[121.64503,18.10127],[121.64512,18.10111],[121.645,18.10106]],[[121.64509,18.09901],[121.64517,18.09909],[121.6452,18.09898],[121.64509,18.09901]]],[[[121.56911,18.01417],[121.56911249161503,18.0140827934738],[121.56921871700001,18.014189018000025],[121.56926056686906,18.014300618402608],[121.56926,18.0143],[121.56911,18.01417]]],[[[121.5694849450424,18.014544326912105],[121.56951556600006,18.014553896000052],[121.56965780700011,18.014535343000034],[121.56991326718706,18.01452317797165],[121.5702,18.01463],[121.57078108435934,18.014484728910166],[121.57104310600005,18.014615739000078],[121.57119097656978,18.01471103373325],[121.56972,18.01475],[121.5694849450424,18.014544326912105]]],[[[121.56958,18.01509],[121.57029,18.01504],[121.57034,18.01518],[121.57009,18.01537],[121.5698,18.01553],[121.56958,18.01509]]],[[[121.56985,18.05669],[121.57028,18.05665],[121.57123,18.05657],[121.5719,18.05643],[121.57248,18.05651],[121.57326,18.05634],[121.57373,18.05652],[121.57382,18.05663],[121.57329,18.05655],[121.57249,18.05668],[121.57189,18.05663],[121.57066,18.05671],[121.57019,18.05683],[121.56985,18.05678],[121.56985,18.05669]]],[[[121.57041,18.0162],[121.57053,18.01569],[121.57051,18.01526],[121.57106,18.01545],[121.57137,18.01523],[121.57123852887217,18.01474167866804],[121.57132140200008,18.01479508600005],[121.57143272100006,18.01495588000006],[121.57148219600003,18.01509812000006],[121.57148838000012,18.01525891400007],[121.57149456500008,18.015407339000035],[121.57141778602997,18.015517708284552],[121.57079,18.01589],[121.57068886594652,18.016001779743313],[121.57062875300005,18.01601959100003],[121.5705112500001,18.01614327900006],[121.5704679590001,18.016285519000064],[121.57045559000005,18.01639683800005],[121.57054835600002,18.016464866000035],[121.5706844120001,18.016508157000032],[121.57084520600006,18.016532894000022],[121.57099981500005,18.016520525000033],[121.57130284900006,18.016613291000056],[121.57193983900004,18.01674934700003],[121.57229234800002,18.016978169000026],[121.57260775100008,18.01724409700006],[121.57287986300003,18.01741107500004],[121.57311486900005,18.017565684000033],[121.57345501000009,18.017720293000025],[121.5737580440001,18.017905824000024],[121.57420950300002,18.018196489000047],[121.5744135870001,18.01832636100005],[121.57453727400002,18.018400574000054],[121.57465477700009,18.01846860200004],[121.57479083400005,18.01846860200004],[121.57516189600005,18.018703608000067],[121.57536598000002,18.018889139000066],[121.57555769500004,18.019117961000063],[121.57579888600003,18.01956942000004],[121.57585454500008,18.01969929100005],[121.57596586400007,18.01975495100004],[121.57608336700002,18.019835347000026],[121.57618231700008,18.01986008500006],[121.57629982000003,18.01990956000003],[121.5763307420001,18.019977588000074],[121.57642350700007,18.02005798500005],[121.57658430100003,18.020138382000027],[121.57672035700011,18.02020641000007],[121.57683786000007,18.02020641000007],[121.57696773200007,18.020163119000074],[121.57697645165536,18.020075917511623],[121.57711,18.0201],[121.57733,18.01987],[121.57729,18.01899],[121.57703,18.01853],[121.57693,18.01775],[121.57683,18.01748],[121.57667751094442,18.016810742478295],[121.57681405800008,18.01684772400006],[121.57708093400004,18.017037120000055],[121.57711537000012,18.01722651700004],[121.57724450300009,18.017364259000033],[121.57738224600007,18.017433131000075],[121.57765773100004,18.017286779000074],[121.57766070891132,18.017279830617277],[121.57772,18.01733],[121.57828,18.01731],[121.57866320885579,18.016900055642655],[121.57912985600001,18.01708016500004],[121.57950864800011,18.017243734000033],[121.57984439600011,18.017527829000073],[121.58027484100012,18.018121844000063],[121.5806296154878,18.018071162117273],[121.58064,18.01808],[121.58117,18.01805],[121.58127,18.01806],[121.58156,18.01787],[121.58154,18.0176],[121.58068,18.01652],[121.58044,18.01584],[121.58072,18.01534],[121.58169950621857,18.015305545007386],[121.58171253000012,18.01530672900003],[121.58207773800007,18.015308419000064],[121.58216054959723,18.015289327401103],[121.58271,18.01527],[121.58333565763651,18.015139993218387],[121.58346874900008,18.015246466000065],[121.58354622900004,18.01554777800004],[121.58353010260932,18.01577354559795],[121.58320012182772,18.016219309109925],[121.58302108500004,18.016443105000064],[121.58290916900012,18.016658328000062],[121.58286709115302,18.016784562192996],[121.58254,18.01734],[121.58248759315306,18.017449577952686],[121.58241846100009,18.017545046000066],[121.5821860210001,18.017975492000062],[121.58219462900001,18.01831124000006],[121.58252881380946,18.01847833191956],[121.58253,18.01848],[121.58254123174171,18.0184850032304],[121.58283168900005,18.018690032000052],[121.58350318400005,18.01893108200005],[121.58401971900003,18.019327092000026],[121.58450181900002,18.019723102000057],[121.5845683620641,18.0197827950863],[121.5847,18.01996],[121.58487893202893,18.02006139481639],[121.58508722500005,18.02024824600005],[121.58536271000003,18.020420424000065],[121.58546096452253,18.020391213229434],[121.5856,18.02047],[121.58623,18.02043],[121.58636,18.01916],[121.58656,18.0188],[121.58711,18.01856],[121.58721,18.01837],[121.58741,18.0181],[121.58764,18.01753],[121.58782678971971,18.017445095581948],[121.58804602500004,18.017613159000064],[121.58833301800007,18.017874705000054],[121.58863839100002,18.018388306000077],[121.58870898814659,18.01879910668063],[121.58867,18.01915],[121.58912,18.01947],[121.58966,18.01937],[121.58985,18.01902],[121.59,18.0186],[121.59039,18.0184],[121.59092,18.01825],[121.59156,18.01786],[121.59236,18.0172],[121.59298,18.01696],[121.59487,18.01689],[121.59579,18.01662],[121.59687,18.01618],[121.5972,18.01602],[121.59813,18.01583],[121.59858,18.01618],[121.59902,18.01666],[121.59966,18.0171],[121.60048,18.01715],[121.60078,18.01691],[121.60152,18.01601],[121.60261,18.0151],[121.60282,18.01478],[121.60287,18.01473],[121.60282,18.01538],[121.60211,18.01569],[121.60058,18.01729],[121.59958,18.01732],[121.59931,18.01719],[121.59878,18.01692],[121.59782,18.01674],[121.59771,18.01664],[121.59758,18.01637],[121.59682,18.01651],[121.59478,18.01725],[121.59438,18.01726],[121.59287,18.01708],[121.59255,18.0177],[121.59172,18.01834],[121.59109,18.01858],[121.59034,18.01867],[121.58965,18.01955],[121.58885,18.01967],[121.58871,18.01992],[121.58859,18.02081],[121.58747,18.0209],[121.58719,18.02108],[121.58682,18.02099],[121.58657,18.02099],[121.58581,18.02088],[121.58558,18.02098],[121.58528,18.02118],[121.5849,18.02134],[121.58464,18.02161],[121.58454,18.02169],[121.58436,18.02187],[121.58388,18.02189],[121.58387,18.02138],[121.58398,18.02106],[121.58417,18.02054],[121.58418,18.02026],[121.58404,18.02011],[121.58389,18.01997],[121.5837,18.01977],[121.58322,18.01988],[121.58289,18.02022],[121.58273,18.01989],[121.58239,18.02024],[121.58219,18.02041],[121.58192,18.02068],[121.58145,18.02057],[121.58172,18.01996],[121.58183,18.01915],[121.58201,18.01896],[121.58232,18.01869],[121.58173,18.01815],[121.58195,18.01796],[121.58193,18.01741],[121.58231,18.01673],[121.5822,18.0159],[121.58178,18.01588],[121.58156,18.01598],[121.58123,18.01614],[121.58109,18.01589],[121.58092,18.01552],[121.58072,18.01568],[121.5807,18.01603],[121.5809,18.01652],[121.58106,18.01666],[121.58128,18.01697],[121.58146,18.01725],[121.58177,18.01739],[121.58161,18.01816],[121.58023,18.01833],[121.57989,18.01863],[121.57969,18.0192],[121.57903,18.01942],[121.57767,18.0186],[121.57766,18.01831],[121.5778,18.01818],[121.57822,18.01839],[121.57836,18.01829],[121.57879,18.01785],[121.57909,18.01786],[121.57921,18.01764],[121.57891,18.0175],[121.57868,18.01738],[121.57711,18.01806],[121.5772,18.01848],[121.57748,18.01925],[121.57738,18.01993],[121.57723,18.02032],[121.57737,18.02047],[121.57764,18.02071],[121.57775,18.02092],[121.57803,18.02132],[121.57788,18.02155],[121.57746,18.02137],[121.5769,18.02091],[121.57656,18.02076],[121.57623,18.02046],[121.57598,18.01994],[121.57533,18.02033],[121.57517,18.02081],[121.57493,18.02068],[121.57539,18.02006],[121.5753,18.01973],[121.57511,18.01946],[121.57522,18.01936],[121.57502,18.01919],[121.57485,18.01883],[121.57474,18.01873],[121.57444,18.01842],[121.57382,18.018],[121.57371,18.01809],[121.57371,18.01827],[121.57361,18.01818],[121.57345,18.01801],[121.57324,18.0179],[121.57286,18.01773],[121.57257,18.01743],[121.57186,18.0176],[121.5723,18.01706],[121.57148,18.01674],[121.57042,18.01649],[121.57041,18.0162]],[[121.58867,18.01915],[121.58793,18.01909],[121.58759,18.01891],[121.5874,18.01883],[121.58709,18.01867],[121.5868,18.01925],[121.58704,18.01967],[121.5872,18.01981],[121.58771,18.02036],[121.58799,18.02054],[121.58854,18.02036],[121.58852,18.01999],[121.58805,18.02001],[121.58774,18.01999],[121.58749,18.01972],[121.58714,18.01941],[121.58726,18.01901],[121.58832,18.01929],[121.58855,18.01927],[121.58867,18.01915]],[[121.58177,18.01561],[121.58188,18.01578],[121.58233,18.01563],[121.58237,18.01558],[121.58177,18.01561]]],[[[121.57213,18.08855],[121.57224,18.08852],[121.57221,18.08863],[121.57213,18.08855]]],[[[121.57215,18.08584],[121.57226,18.08581],[121.57223,18.08592],[121.57215,18.08584]]],[[[121.57223,18.08756],[121.57231,18.08741],[121.57234,18.08761],[121.57223,18.08756]]],[[[121.57231,18.08855],[121.57253,18.08852],[121.57247,18.08863],[121.57231,18.08855]]],[[[121.57233,18.08674],[121.57245,18.08671],[121.57241,18.08682],[121.57233,18.08674]]],[[[121.57234,18.08761],[121.57249,18.08757],[121.57258,18.0873],[121.57282,18.08721],[121.57267,18.08748],[121.57255,18.08783],[121.57234,18.08761]]],[[[121.57236,18.08832],[121.57241,18.08804],[121.57281,18.08789],[121.57302,18.0884],[121.57282,18.08837],[121.57264,18.08816],[121.57236,18.08832]]],[[[121.57268,18.08761],[121.57291,18.08744],[121.57286,18.08774],[121.57268,18.08761]]],[[[121.57269,18.08642],[121.57311,18.08626],[121.57307,18.0865],[121.57269,18.08642]]],[[[121.57296,18.0876],[121.57339,18.08744],[121.57338,18.08771],[121.57305,18.08767],[121.57296,18.0876]]],[[[121.57316,18.08794],[121.57329,18.08789],[121.57325,18.0881],[121.57316,18.08794]]],[[[121.57318,18.08657],[121.57339,18.08654],[121.57334,18.08665],[121.57318,18.08657]]],[[[121.57329,18.08485],[121.57341,18.08482],[121.57337,18.08493],[121.57329,18.08485]]],[[[121.5733,18.08723],[121.57352,18.08734],[121.57339,18.08744],[121.5733,18.08723]]],[[[121.57334,18.08469],[121.57347,18.08443],[121.57363,18.0847],[121.57341,18.08482],[121.57334,18.08469]]],[[[121.57338,18.08771],[121.5735,18.08774],[121.57341,18.08782],[121.57338,18.08771]]],[[[121.57354,18.08811],[121.57376,18.08808],[121.57371,18.08819],[121.57354,18.08811]]],[[[121.57382,18.05663],[121.57457,18.0568],[121.57546,18.05716],[121.5758,18.05755],[121.57566,18.05751],[121.57471,18.057],[121.57396,18.05678],[121.57382,18.05663]]],[[[121.57395,18.06029],[121.57414,18.06003],[121.57436,18.05998],[121.5743,18.0601],[121.57421,18.06046],[121.57395,18.06029]]],[[[121.57402,18.08838],[121.57413,18.08835],[121.5741,18.08846],[121.57402,18.08838]]],[[[121.5743,18.08829],[121.57442,18.08826],[121.57438,18.08837],[121.5743,18.08829]]],[[[121.57435,18.08215],[121.57447,18.08212],[121.57443,18.08223],[121.57435,18.08215]]],[[[121.57451,18.08817],[121.57472,18.08822],[121.57463,18.08839],[121.57451,18.08817]]],[[[121.57464,18.08209],[121.57472,18.08201],[121.57475,18.08212],[121.57464,18.08209]]],[[[121.57472,18.08118],[121.57504,18.08113],[121.57487,18.08134],[121.57472,18.08118]]],[[[121.57477,18.08848],[121.57498,18.08845],[121.57493,18.08856],[121.57477,18.08848]]],[[[121.57491,18.08181],[121.57513,18.08176],[121.57501,18.08197],[121.57491,18.08181]]],[[[121.57512,18.08116],[121.57523,18.08113],[121.5752,18.08124],[121.57512,18.08116]]],[[[121.5754,18.08056],[121.57549,18.08048],[121.57552,18.08059],[121.5754,18.08056]]],[[[121.5754,18.09291],[121.5757,18.09288],[121.57567,18.09317],[121.5754,18.09291]]],[[[121.57548,18.09328],[121.57598,18.09324],[121.57595,18.09359],[121.57567,18.09339],[121.57555,18.0936],[121.57548,18.09328]]],[[[121.57552,18.08059],[121.57563,18.08062],[121.57555,18.0807],[121.57552,18.08059]]],[[[121.57579,18.09092],[121.57591,18.09089],[121.57588,18.091],[121.57579,18.09092]]],[[[121.5758,18.05755],[121.57606,18.05762],[121.57676,18.05802],[121.57725,18.05881],[121.5773,18.0591],[121.57725,18.05905],[121.57663,18.05809],[121.57612,18.05787],[121.57585,18.05772],[121.5758,18.05755]]],[[[121.57586,18.0799],[121.57619,18.07969],[121.57614,18.07998],[121.57586,18.0799]]],[[[121.57598,18.07766],[121.5762,18.07761],[121.57608,18.07782],[121.57598,18.07766]]],[[[121.5760462610001,18.01691014100004],[121.57608955100011,18.016786453000066],[121.57621323900003,18.01673697800004],[121.57640083000001,18.016735808000078],[121.57640586037678,18.0167371703948],[121.57636,18.01697],[121.57655,18.01766],[121.57665,18.01829],[121.57691,18.01893],[121.57708,18.01962],[121.57687754110722,18.0196983711843],[121.57685022900012,18.019649816000026],[121.5767883850001,18.01953849800003],[121.57678220100001,18.019420995000075],[121.5768316760001,18.01919217300002],[121.57679456900007,18.018981904000043],[121.57673272600005,18.01885821700006],[121.57664614400005,18.018740714000046],[121.57660285400004,18.018567552000036],[121.5765471950001,18.018505708000077],[121.5765286410001,18.018295439000042],[121.57644824500005,18.018010958000048],[121.57626889800008,18.01762752700006],[121.5761328420001,18.017299756000057],[121.57605244500007,18.017077119000078],[121.5760462610001,18.01691014100004]]],[[[121.57613,18.07946],[121.57628,18.07942],[121.57628,18.07969],[121.57619,18.07969],[121.57613,18.07946]]],[[[121.57628,18.07942],[121.57643,18.07914],[121.57651,18.07938],[121.57628,18.07942]]],[[[121.57664,18.07739],[121.57696,18.07735],[121.57691,18.07756],[121.57664,18.07739]]],[[[121.5768,18.09438],[121.57692,18.09434],[121.57688,18.09454],[121.5768,18.09438]]],[[[121.57717,18.06102],[121.57728,18.06099],[121.57725,18.0611],[121.57717,18.06102]]],[[[121.57719,18.09401],[121.5773,18.09398],[121.57727,18.09409],[121.57719,18.09401]]],[[[121.57722,18.05992],[121.57737,18.05942],[121.5773,18.0591],[121.57744,18.05923],[121.57762,18.0596],[121.57815,18.0602],[121.57833,18.06075],[121.57891,18.06105],[121.57913,18.06078],[121.57912,18.06044],[121.57944,18.05993],[121.58041,18.05869],[121.58056,18.05853],[121.58087,18.05826],[121.58123,18.05782],[121.58144,18.05752],[121.58247,18.05665],[121.58303,18.0564],[121.58294,18.0562],[121.5823,18.05622],[121.58154,18.05571],[121.58097,18.05542],[121.5805,18.0552],[121.5806,18.05498],[121.58094,18.05469],[121.58116,18.05438],[121.58132,18.05393],[121.58181,18.05392],[121.58195,18.05405],[121.5818,18.05436],[121.58116,18.05464],[121.58115,18.05499],[121.58164,18.05551],[121.58222,18.05581],[121.58264,18.05539],[121.58322,18.05563],[121.5835,18.0562],[121.58356,18.05625],[121.58356,18.05634],[121.58365,18.05634],[121.58365,18.05643],[121.58334,18.05637],[121.58304,18.05657],[121.58219,18.05703],[121.58156,18.05771],[121.58113,18.05827],[121.58046,18.05898],[121.57974,18.05979],[121.57961,18.06007],[121.57938,18.06045],[121.57943,18.06103],[121.57928,18.06129],[121.57834,18.06121],[121.57796,18.06063],[121.57751,18.06024],[121.57722,18.05992]]],[[[121.57737,18.0941],[121.57749,18.09407],[121.57746,18.09418],[121.57737,18.0941]]],[[[121.57750277100001,18.016666937000025],[121.57758025100009,18.01639145200005],[121.57772660300009,18.01623649100003],[121.578027915,18.016322581000054],[121.57826255769145,18.01654069939605],[121.57813,18.01705],[121.57784,18.01703],[121.57758252571229,18.01676164651704],[121.57750277100001,18.016666937000025]]],[[[121.57753,18.07717],[121.57757,18.07697],[121.57765,18.07712],[121.57753,18.07717]]],[[[121.57794,18.09464],[121.57805,18.09461],[121.57802,18.09472],[121.57794,18.09464]]],[[[121.57805,18.09461],[121.57809,18.09433],[121.57822,18.09458],[121.57805,18.09461]]],[[[121.57849,18.09413],[121.57891,18.09404],[121.579,18.09417],[121.5786,18.09426],[121.57849,18.09413]]],[[[121.57987,18.0755],[121.57995,18.07542],[121.58005,18.07544],[121.58029,18.07538],[121.58023,18.0756],[121.57987,18.0755]]],[[[121.58000796500005,18.016072922000035],[121.58013179443257,18.015718319058685],[121.58015,18.01631],[121.58079,18.01713],[121.58089,18.01733],[121.58099,18.01742],[121.58117,18.01761],[121.58104623762526,18.017729178583078],[121.58086024800002,18.01744173900005],[121.58056754500001,18.01701990300006],[121.5802231880001,18.016563630000064],[121.58000796500005,18.016072922000035]]],[[[121.58128,18.01662],[121.58161,18.01657],[121.58174,18.01691],[121.5814,18.01687],[121.58128,18.01662]]],[[[121.5813,18.07508],[121.58142,18.07503],[121.58138,18.07524],[121.5813,18.07508]]],[[[121.5821,18.09431],[121.58221,18.09428],[121.58218,18.09439],[121.5821,18.09431]]],[[[121.58219,18.09396],[121.5824,18.09392],[121.58243,18.09399],[121.58262,18.09406],[121.5824,18.09413],[121.58219,18.09396]]],[[[121.58224,18.07509],[121.58237,18.07504],[121.58233,18.07524],[121.58224,18.07509]]],[[[121.58238,18.09377],[121.5825,18.09374],[121.58247,18.09385],[121.58238,18.09377]]],[[[121.58283,18.05879],[121.58297,18.05869],[121.58306,18.0589],[121.58283,18.05879]]],[[[121.58284,18.09379],[121.58307,18.09375],[121.58295,18.09395],[121.58284,18.09379]]],[[[121.58334,18.09297],[121.58345,18.09294],[121.58342,18.09305],[121.58334,18.09297]]],[[[121.58339,18.07417],[121.58351,18.07414],[121.58347,18.07425],[121.58339,18.07417]]],[[[121.58342,18.09314],[121.58364,18.09303],[121.58359,18.09323],[121.58342,18.09314]]],[[[121.58343,18.02212],[121.58355,18.02209],[121.58351,18.0222],[121.58343,18.02212]]],[[[121.5836,18.09284],[121.58383,18.09267],[121.58378,18.09297],[121.5836,18.09284]]],[[[121.58374,18.05643],[121.58384,18.05643],[121.58384,18.05652],[121.58374,18.05652],[121.58374,18.05643]]],[[[121.58384,18.05652],[121.58393,18.05652],[121.58403,18.05653],[121.58403,18.05662],[121.58384,18.05661],[121.58384,18.05652]]],[[[121.58387,18.07309],[121.58399,18.07306],[121.58396,18.07317],[121.58387,18.07309]]],[[[121.584,18.09279],[121.58411,18.09276],[121.58408,18.09287],[121.584,18.09279]]],[[[121.58412,18.05662],[121.58421,18.05662],[121.58421,18.05671],[121.58412,18.05671],[121.58412,18.05662]]],[[[121.58431,18.05671],[121.5845,18.05671],[121.5845,18.0568],[121.58431,18.0568],[121.58431,18.05671]]],[[[121.58449,18.05707],[121.5845,18.05689],[121.58459,18.05689],[121.58459,18.05707],[121.58449,18.05707]]],[[[121.58459,18.05716],[121.58468,18.05716],[121.58468,18.05734],[121.58459,18.05734],[121.58459,18.05716]]],[[[121.58468,18.05734],[121.58478,18.05734],[121.58478,18.05743],[121.58487,18.05744],[121.58487,18.05762],[121.58472,18.05754],[121.58468,18.05734]]],[[[121.58487,18.05762],[121.5851,18.05776],[121.58539,18.05788],[121.586,18.05835],[121.58689,18.05885],[121.58736,18.05913],[121.58807,18.05918],[121.58802,18.05922],[121.58759,18.05931],[121.5872,18.05928],[121.5867,18.05894],[121.58623,18.05867],[121.58495,18.0579],[121.58487,18.05762]]],[[[121.58531,18.09282],[121.58544,18.09277],[121.5854,18.09298],[121.58531,18.09282]]],[[[121.58547,18.07203],[121.58579,18.07199],[121.58574,18.0722],[121.58547,18.07203]]],[[[121.5856,18.09282],[121.58572,18.09277],[121.58568,18.09298],[121.5856,18.09282]]],[[[121.5858676470001,18.01929437700005],[121.58597238000004,18.019015100000047],[121.586189493,18.018740914000034],[121.58641883269554,18.018563756800095],[121.5864,18.01858],[121.58609,18.0189],[121.58597,18.02003],[121.58587916467353,18.020079202468505],[121.5858676470001,18.01929437700005]]],[[[121.58714156682363,18.01794039861462],[121.58722363600009,18.01757357300005],[121.58734815818896,18.017445525433104],[121.5872,18.01789],[121.58714156682363,18.01794039861462]]],[[[121.58748,18.07068],[121.5876,18.07065],[121.58756,18.07076],[121.58748,18.07068]]],[[[121.58778,18.05953],[121.58806,18.05954],[121.58806,18.05963],[121.58778,18.05963],[121.58778,18.05953]]],[[[121.58806,18.09097],[121.58817,18.09076],[121.58838,18.09071],[121.58834,18.0911],[121.58806,18.09097]]],[[[121.58807,18.05918],[121.58815,18.05908],[121.58925,18.05868],[121.59,18.0585],[121.59048,18.05824],[121.59104,18.05804],[121.5921,18.05688],[121.59199,18.05655],[121.59152,18.05645],[121.59174,18.05635],[121.59219,18.05581],[121.59221,18.05563],[121.59202,18.05531],[121.59268,18.05555],[121.59277,18.0565],[121.59355,18.05619],[121.59433,18.05615],[121.59433,18.05624],[121.59374,18.05628],[121.59254,18.05678],[121.59194,18.05722],[121.5913,18.05818],[121.59051,18.0584],[121.59024,18.05855],[121.58928,18.05879],[121.5884,18.05914],[121.58807,18.05918]]],[[[121.58808,18.0902],[121.5882,18.09017],[121.58816,18.09028],[121.58808,18.0902]]],[[[121.58816,18.05945],[121.58835,18.05945],[121.58835,18.05954],[121.58816,18.05954],[121.58816,18.05945]]],[[[121.58829,18.08958],[121.58844,18.08932],[121.58853,18.08913],[121.58878,18.08881],[121.58901,18.08832],[121.58916,18.08828],[121.58949,18.08869],[121.58958,18.08887],[121.58986,18.08923],[121.58995,18.08948],[121.58957,18.08923],[121.58932,18.08949],[121.5892,18.08923],[121.58914,18.08914],[121.58901,18.08942],[121.58887,18.08926],[121.58864,18.0895],[121.58829,18.08958]]],[[[121.58835,18.07065],[121.58841,18.07044],[121.58867,18.07061],[121.58835,18.07065]]],[[[121.58844,18.05936],[121.58863,18.05936],[121.58863,18.05945],[121.58844,18.05945],[121.58844,18.05936]]],[[[121.58863,18.05927],[121.58882,18.05927],[121.58882,18.05936],[121.58863,18.05936],[121.58863,18.05927]]],[[[121.58882,18.05918],[121.5892,18.05918],[121.5892,18.05927],[121.58882,18.05927],[121.58882,18.05918]]],[[[121.58886,18.0548],[121.58905,18.05475],[121.589,18.05522],[121.58886,18.0548]]],[[[121.58898,18.05735],[121.58931,18.05729],[121.58945,18.05751],[121.58964,18.05751],[121.58984,18.05771],[121.58982,18.05788],[121.58945,18.05769],[121.58917,18.0577],[121.58898,18.05735]]],[[[121.58912,18.05536],[121.5892,18.05528],[121.58923,18.05539],[121.58912,18.05536]]],[[[121.58923,18.05539],[121.58935,18.05544],[121.58927,18.0556],[121.58923,18.05539]]],[[[121.5893,18.05918],[121.58937,18.05904],[121.58986,18.05901],[121.58978,18.05911],[121.5893,18.05918]]],[[[121.5894,18.05563],[121.58948,18.05555],[121.58951,18.05566],[121.5894,18.05563]]],[[[121.58946,18.02126],[121.59025,18.02094],[121.5916,18.02078],[121.59126,18.02062],[121.59169,18.02046],[121.59201,18.02063],[121.59239,18.02031],[121.59249,18.02012],[121.59268,18.01996],[121.59259,18.01958],[121.5924,18.01941],[121.59241,18.01922],[121.59222,18.01906],[121.59242,18.01904],[121.593,18.01975],[121.59372,18.02024],[121.59569,18.02002],[121.5957,18.02028],[121.59569,18.02051],[121.5957,18.02069],[121.59559,18.02088],[121.5956,18.02105],[121.59557,18.02141],[121.59579,18.0215],[121.59609,18.02191],[121.59682,18.02179],[121.59692,18.02168],[121.59729,18.02188],[121.5977,18.02174],[121.59789,18.02215],[121.59795,18.02207],[121.5981,18.02162],[121.59833,18.02161],[121.59882,18.02164],[121.59913,18.02157],[121.59917,18.02152],[121.59981,18.02132],[121.59969,18.02168],[121.60013,18.02182],[121.60017,18.02158],[121.60044,18.02149],[121.60022,18.02187],[121.60037,18.02207],[121.60053,18.02175],[121.60069,18.02209],[121.60098,18.02199],[121.60106,18.02227],[121.60116,18.02235],[121.60129,18.02262],[121.60144,18.02263],[121.60182,18.02254],[121.60204,18.02255],[121.60265,18.02242],[121.60281,18.022],[121.60249,18.02201],[121.60248,18.02182],[121.6025,18.02155],[121.60197,18.02139],[121.60173,18.02119],[121.60175,18.02096],[121.60173,18.02056],[121.60184,18.02064],[121.60196,18.02119],[121.60241,18.02084],[121.6024,18.02055],[121.60286,18.02058],[121.60288,18.02029],[121.60287,18.02017],[121.60328,18.01992],[121.60316,18.01947],[121.60336,18.0193],[121.60308,18.01905],[121.6032,18.01842],[121.60357,18.01826],[121.60354,18.01763],[121.60384,18.0173],[121.604,18.01813],[121.60439,18.01815],[121.6045,18.01796],[121.60464,18.01754],[121.60522,18.01738],[121.60545,18.01697],[121.60566,18.01654],[121.60648,18.0164],[121.60662,18.01581],[121.60658,18.01518],[121.60665,18.01512],[121.60706,18.01617],[121.60772,18.01752],[121.60776,18.01766],[121.60766,18.01757],[121.60733,18.01722],[121.60692,18.01766],[121.60661,18.01688],[121.60646,18.01689],[121.6065,18.01778],[121.60611,18.01751],[121.60593,18.01742],[121.60578,18.01818],[121.60594,18.01841],[121.60629,18.01823],[121.60643,18.01819],[121.60652,18.0185],[121.60719,18.01841],[121.60775,18.01849],[121.6079,18.01825],[121.60795,18.01802],[121.60801,18.01805],[121.60838,18.01878],[121.60841,18.01893],[121.60813,18.01875],[121.60779,18.0188],[121.60742,18.01925],[121.60726,18.01932],[121.60694,18.01891],[121.60676,18.01918],[121.60711,18.01944],[121.60699,18.01991],[121.60714,18.01996],[121.60712,18.02032],[121.60732,18.02023],[121.6075,18.01987],[121.60797,18.02027],[121.60788,18.02042],[121.60769,18.02059],[121.60788,18.0206],[121.60813,18.02059],[121.60841,18.02144],[121.60946,18.02305],[121.60975,18.02345],[121.61007,18.02427],[121.6103,18.02451],[121.61064,18.02481],[121.6115,18.02571],[121.61207,18.02601],[121.61246,18.02583],[121.61252,18.02547],[121.61264,18.02556],[121.61312,18.02633],[121.6136,18.02705],[121.61364,18.02719],[121.6134,18.02705],[121.61319,18.02696],[121.61267,18.0278],[121.61283,18.0284],[121.61291,18.02886],[121.6132,18.02927],[121.61319,18.02958],[121.61319,18.02982],[121.61394,18.03049],[121.61403,18.03067],[121.61418,18.03096],[121.6146,18.03094],[121.61499,18.03114],[121.61601,18.03133],[121.61604,18.03294],[121.6159,18.03265],[121.61553,18.0327],[121.61572,18.03323],[121.6159,18.0334],[121.61599,18.03358],[121.61614,18.03385],[121.61627,18.03412],[121.61656,18.03449],[121.61702,18.03448],[121.61732,18.03493],[121.61787,18.03504],[121.61816,18.03523],[121.61865,18.03521],[121.61974,18.03586],[121.61985,18.03543],[121.61891,18.03441],[121.61873,18.03414],[121.6183,18.03352],[121.61822,18.03328],[121.61844,18.03349],[121.6192,18.03442],[121.62103,18.03635],[121.6232,18.039],[121.62452,18.04146],[121.62574,18.04323],[121.6277,18.04604],[121.62789,18.04631],[121.63004,18.0494],[121.63023,18.04967],[121.63219,18.05249],[121.63319,18.05385],[121.63468,18.05731],[121.6349,18.05798],[121.63551,18.0606],[121.63599,18.06182],[121.63661,18.06342],[121.63668,18.06377],[121.63668,18.06386],[121.63678,18.06386],[121.63678,18.06395],[121.63682,18.06445],[121.63694,18.06479],[121.63709,18.0659],[121.63719,18.06639],[121.63718,18.06689],[121.63734,18.06721],[121.63746,18.06794],[121.63792,18.06925],[121.63801,18.06953],[121.6382,18.06988],[121.63829,18.07015],[121.63848,18.07061],[121.63866,18.07106],[121.63885,18.07151],[121.63894,18.07179],[121.63911,18.07212],[121.6394,18.07278],[121.63954,18.07305],[121.64015,18.07387],[121.64034,18.07415],[121.6407,18.07467],[121.64087,18.07501],[121.64152,18.07615],[121.64184,18.07728],[121.6421,18.07888],[121.64209,18.07921],[121.64228,18.07994],[121.64238,18.08088],[121.64235,18.0817],[121.64236,18.08256],[121.64234,18.08329],[121.64256,18.08349],[121.64251,18.08542],[121.6422,18.08554],[121.64195,18.08518],[121.64184,18.08509],[121.64185,18.08581],[121.64185,18.08609],[121.64184,18.08662],[121.64137,18.08639],[121.64138,18.08581],[121.64129,18.08553],[121.64129,18.08479],[121.64111,18.08427],[121.64092,18.08427],[121.64083,18.08426],[121.64102,18.08409],[121.64102,18.08381],[121.64082,18.08364],[121.64064,18.08382],[121.64054,18.0839],[121.64045,18.084],[121.64064,18.08436],[121.64025,18.08444],[121.64002,18.08421],[121.64017,18.0838],[121.6405,18.0835],[121.64073,18.08327],[121.64102,18.08319],[121.64112,18.08297],[121.6407,18.08271],[121.64056,18.08228],[121.64038,18.08211],[121.64016,18.08178],[121.64034,18.08144],[121.63995,18.08031],[121.63944,18.07984],[121.63945,18.07951],[121.63944,18.07885],[121.63964,18.07848],[121.63964,18.07839],[121.63965,18.07821],[121.63964,18.07802],[121.63936,18.07775],[121.63918,18.07738],[121.63899,18.07721],[121.63874,18.07684],[121.63861,18.07684],[121.63865,18.07969],[121.63849,18.08037],[121.63821,18.08008],[121.63822,18.07964],[121.63812,18.07955],[121.63748,18.0788],[121.63738,18.07837],[121.63702,18.07756],[121.63668,18.07724],[121.63653,18.07735],[121.63703,18.07865],[121.63737,18.07918],[121.63774,18.08],[121.63793,18.08027],[121.63832,18.08133],[121.63864,18.08262],[121.63884,18.08389],[121.63909,18.08525],[121.63876,18.08524],[121.63829,18.08455],[121.63818,18.08398],[121.63805,18.08332],[121.63772,18.08316],[121.63761,18.08274],[121.63715,18.08307],[121.63671,18.08315],[121.63687,18.0827],[121.63687,18.08227],[121.63697,18.08198],[121.6371,18.08161],[121.63669,18.08162],[121.63658,18.08162],[121.6367,18.08081],[121.6366,18.08063],[121.63649,18.07996],[121.63629,18.07954],[121.6361,18.08008],[121.63584,18.08044],[121.63585,18.0808],[121.6357,18.08107],[121.63555,18.08078],[121.63557,18.08026],[121.6353,18.07962],[121.6352,18.07908],[121.6351,18.07863],[121.63502,18.07808],[121.63483,18.07727],[121.63474,18.07681],[121.63455,18.07663],[121.63446,18.07653],[121.63465,18.07618],[121.63479,18.07592],[121.63465,18.07524],[121.63468,18.07414],[121.63457,18.07383],[121.63448,18.07353],[121.6345,18.07257],[121.6344,18.07166],[121.63432,18.07049],[121.63421,18.06994],[121.63392,18.06995],[121.63396,18.07286],[121.63375,18.07324],[121.63392,18.07356],[121.63401,18.07375],[121.63373,18.0745],[121.63391,18.07501],[121.6339,18.07545],[121.63401,18.07567],[121.63396,18.07746],[121.63408,18.07791],[121.63407,18.07817],[121.63407,18.07826],[121.63438,18.07856],[121.63461,18.07949],[121.635,18.0807],[121.63509,18.08121],[121.63546,18.08224],[121.63555,18.08252],[121.63583,18.08305],[121.63615,18.0837],[121.63686,18.08451],[121.63685,18.08469],[121.63724,18.08488],[121.63791,18.08556],[121.63822,18.08617],[121.6391,18.08715],[121.63938,18.08751],[121.64034,18.08818],[121.6407,18.0887],[121.64098,18.08888],[121.64145,18.08924],[121.64216,18.08964],[121.64281,18.09029],[121.64262,18.09029],[121.64262,18.0902],[121.64253,18.0902],[121.64214,18.08973],[121.64187,18.08965],[121.64174,18.08952],[121.64082,18.0894],[121.64022,18.08978],[121.64031,18.08932],[121.64048,18.08858],[121.64031,18.08841],[121.63939,18.08797],[121.63919,18.08769],[121.6389,18.08721],[121.63845,18.08679],[121.63818,18.0864],[121.63759,18.08605],[121.63714,18.08605],[121.63679,18.08594],[121.63703,18.0856],[121.63732,18.08534],[121.63714,18.08497],[121.63685,18.08496],[121.63647,18.08496],[121.6367,18.08454],[121.63622,18.08418],[121.63541,18.08392],[121.63489,18.08344],[121.63478,18.08323],[121.63431,18.08323],[121.63432,18.08311],[121.63367,18.08331],[121.6328,18.08331],[121.63251,18.08349],[121.63188,18.08348],[121.63146,18.08357],[121.6311,18.08356],[121.63074,18.08368],[121.63047,18.08341],[121.62997,18.08329],[121.62944,18.08303],[121.62847,18.083],[121.62818,18.08326],[121.62817,18.08357],[121.62867,18.08439],[121.62918,18.08491],[121.62948,18.08492],[121.62987,18.08491],[121.6302,18.08525],[121.6308,18.08539],[121.6308,18.08555],[121.63079,18.0859],[121.63122,18.08661],[121.63173,18.08708],[121.63173,18.08728],[121.63145,18.08754],[121.63164,18.08764],[121.63198,18.08764],[121.63218,18.08868],[121.63267,18.08891],[121.63294,18.08918],[121.63331,18.08936],[121.63372,18.08963],[121.63425,18.08938],[121.63446,18.0892],[121.63474,18.08893],[121.63503,18.08884],[121.6354,18.08866],[121.6367,18.08878],[121.63688,18.08929],[121.63644,18.08999],[121.63677,18.09045],[121.63709,18.0903],[121.63732,18.09129],[121.63775,18.09157],[121.63793,18.09193],[121.63828,18.09194],[121.63869,18.09185],[121.63916,18.0917],[121.63887,18.09246],[121.63913,18.09311],[121.63934,18.09312],[121.63976,18.09311],[121.64032,18.09348],[121.6411,18.09308],[121.64138,18.0928],[121.64199,18.09295],[121.64198,18.09331],[121.64216,18.09365],[121.64179,18.09416],[121.64205,18.09457],[121.64251,18.09472],[121.64333,18.09441],[121.64377,18.09441],[121.64441,18.09452],[121.64459,18.09436],[121.64443,18.09405],[121.64432,18.09345],[121.64388,18.09324],[121.64387,18.09297],[121.64401,18.09285],[121.64368,18.09223],[121.6437,18.09143],[121.64365,18.09138],[121.64365,18.0912],[121.64356,18.0912],[121.64356,18.09102],[121.64369,18.09108],[121.64378,18.09126],[121.64384,18.09129],[121.64384,18.09184],[121.64393,18.09184],[121.64393,18.09193],[121.64396,18.09239],[121.64412,18.09247],[121.64412,18.09265],[121.64421,18.09265],[121.64421,18.09292],[121.6443,18.09292],[121.6446,18.09393],[121.64528,18.09582],[121.64578,18.09709],[121.64545,18.09704],[121.64473,18.09694],[121.64299,18.09621],[121.64225,18.09603],[121.64145,18.09563],[121.64084,18.09593],[121.64039,18.09579],[121.64017,18.09547],[121.64005,18.09592],[121.6397,18.09583],[121.63942,18.09573],[121.63904,18.09561],[121.6384,18.09519],[121.63753,18.09517],[121.6375,18.09605],[121.63781,18.09651],[121.63818,18.09663],[121.63875,18.0969],[121.6393,18.09718],[121.63969,18.09718],[121.63969,18.09771],[121.6393,18.09818],[121.63911,18.09835],[121.63934,18.09847],[121.63976,18.09827],[121.63961,18.09859],[121.63916,18.09873],[121.6382,18.09861],[121.63736,18.09829],[121.63666,18.0977],[121.63627,18.09758],[121.63629,18.09698],[121.63629,18.09689],[121.63648,18.09618],[121.63638,18.09491],[121.63612,18.09399],[121.63594,18.09336],[121.63579,18.09277],[121.63547,18.09236],[121.63499,18.09155],[121.63446,18.09128],[121.63395,18.09117],[121.63345,18.09118],[121.63303,18.09117],[121.63185,18.09171],[121.63084,18.09233],[121.63059,18.09258],[121.63008,18.09296],[121.62932,18.09353],[121.62849,18.09393],[121.62779,18.09407],[121.62698,18.09387],[121.6266,18.09333],[121.62631,18.09278],[121.6263,18.09188],[121.62659,18.09105],[121.62709,18.09056],[121.62765,18.09014],[121.62786,18.09004],[121.6284,18.08951],[121.62905,18.08892],[121.62946,18.08828],[121.63012,18.08763],[121.63047,18.08731],[121.63079,18.08687],[121.6308,18.08629],[121.63043,18.08574],[121.62992,18.08548],[121.6285,18.08523],[121.62816,18.0849],[121.62797,18.08453],[121.62769,18.08427],[121.62742,18.08327],[121.62707,18.08271],[121.62723,18.08255],[121.62733,18.08246],[121.62745,18.08234],[121.62859,18.08282],[121.62957,18.08296],[121.63007,18.08229],[121.63031,18.08207],[121.63059,18.0818],[121.63074,18.08167],[121.63057,18.08118],[121.63093,18.08051],[121.63063,18.08016],[121.6297,18.08031],[121.62932,18.08012],[121.62886,18.08012],[121.62876,18.07994],[121.62859,18.0794],[121.62831,18.07912],[121.62802,18.07937],[121.6277,18.07984],[121.62698,18.07935],[121.62687,18.0783],[121.62629,18.07828],[121.62678,18.07844],[121.62688,18.07951],[121.62729,18.07976],[121.62766,18.08014],[121.62832,18.0793],[121.62849,18.07957],[121.62863,18.08017],[121.62876,18.0803],[121.62922,18.0803],[121.62955,18.08041],[121.63074,18.08039],[121.63065,18.08067],[121.63045,18.08095],[121.63046,18.08166],[121.63026,18.08194],[121.6299,18.08226],[121.6295,18.08283],[121.62885,18.08271],[121.62808,18.08246],[121.62754,18.08219],[121.62715,18.08235],[121.62686,18.08288],[121.6273,18.08345],[121.62753,18.08439],[121.62788,18.08471],[121.62778,18.08481],[121.62695,18.0849],[121.62604,18.08525],[121.62554,18.08525],[121.6249,18.08501],[121.62434,18.08377],[121.62401,18.08316],[121.62391,18.08294],[121.62336,18.08243],[121.62217,18.08116],[121.62151,18.08114],[121.62041,18.08149],[121.61834,18.08128],[121.61751,18.08096],[121.61685,18.08057],[121.61545,18.08012],[121.61535,18.07984],[121.61526,18.07957],[121.61498,18.07884],[121.61472,18.07795],[121.61404,18.07766],[121.61357,18.07748],[121.6134,18.0773],[121.61257,18.07678],[121.61235,18.07657],[121.61235,18.07613],[121.61321,18.07612],[121.61358,18.07613],[121.61387,18.07594],[121.61432,18.07581],[121.61454,18.07532],[121.61477,18.07463],[121.6152,18.07433],[121.61608,18.07383],[121.61635,18.07264],[121.61602,18.07211],[121.61456,18.07089],[121.61384,18.07112],[121.61362,18.07143],[121.61333,18.07179],[121.61334,18.07222],[121.61296,18.07277],[121.61254,18.07297],[121.61209,18.07286],[121.6121,18.07321],[121.61163,18.07367],[121.61143,18.0735],[121.61154,18.07297],[121.61189,18.07248],[121.61211,18.07152],[121.61198,18.07072],[121.61139,18.06952],[121.61096,18.06931],[121.60953,18.06933],[121.60825,18.06921],[121.60742,18.06868],[121.60704,18.06797],[121.60732,18.06596],[121.60734,18.06546],[121.60734,18.06532],[121.6075,18.06518],[121.60715,18.06501],[121.60725,18.06451],[121.60735,18.06442],[121.60716,18.06433],[121.60716,18.06415],[121.60726,18.06397],[121.60735,18.06361],[121.60746,18.06332],[121.60741,18.06275],[121.6075,18.06275],[121.6075,18.06284],[121.60756,18.06325],[121.60753,18.06414],[121.6077,18.06493],[121.60752,18.06605],[121.60742,18.06641],[121.60743,18.06667],[121.60723,18.06739],[121.60733,18.06814],[121.60788,18.0684],[121.60816,18.06867],[121.60873,18.06869],[121.60873,18.06859],[121.60853,18.06849],[121.60855,18.06787],[121.60845,18.06777],[121.60846,18.0675],[121.60817,18.06723],[121.60817,18.06705],[121.60847,18.06598],[121.60838,18.06569],[121.60781,18.0657],[121.6079,18.0656],[121.60847,18.0655],[121.60838,18.06533],[121.60804,18.06485],[121.60853,18.06429],[121.60835,18.06378],[121.60891,18.064],[121.60927,18.06383],[121.60975,18.06429],[121.60923,18.06523],[121.60913,18.06552],[121.60881,18.06622],[121.60903,18.06707],[121.60902,18.06748],[121.61022,18.06765],[121.61053,18.06815],[121.61065,18.06875],[121.61156,18.06948],[121.61218,18.0703],[121.61248,18.0706],[121.61306,18.07015],[121.61354,18.07007],[121.61409,18.06989],[121.61429,18.07005],[121.61429,18.07044],[121.61401,18.07069],[121.61485,18.07081],[121.61562,18.07145],[121.61636,18.07193],[121.61655,18.07247],[121.61641,18.07334],[121.61729,18.07346],[121.61719,18.07371],[121.61691,18.07407],[121.61672,18.07511],[121.61598,18.07544],[121.61581,18.07578],[121.61548,18.07578],[121.61511,18.07577],[121.61481,18.0759],[121.6149,18.0764],[121.61501,18.0766],[121.61498,18.07729],[121.61517,18.07767],[121.61547,18.07794],[121.61545,18.07857],[121.61563,18.07875],[121.61619,18.07877],[121.61714,18.07848],[121.61687,18.07823],[121.61706,18.07813],[121.61744,18.07802],[121.61744,18.07769],[121.61745,18.07733],[121.61726,18.0768],[121.61736,18.07669],[121.61764,18.07643],[121.61765,18.07624],[121.61746,18.07607],[121.61763,18.07605],[121.61793,18.0762],[121.61793,18.07606],[121.61774,18.07571],[121.61784,18.0757],[121.61798,18.0757],[121.61813,18.07543],[121.61794,18.07508],[121.61889,18.07589],[121.61888,18.07553],[121.61835,18.07489],[121.61861,18.07374],[121.61843,18.07327],[121.61833,18.07309],[121.61824,18.0729],[121.61814,18.07272],[121.61824,18.07254],[121.61824,18.07221],[121.61976,18.07136],[121.61954,18.07138],[121.61853,18.07173],[121.61816,18.07191],[121.61815,18.07155],[121.61825,18.07146],[121.61815,18.07137],[121.61806,18.07118],[121.61788,18.07136],[121.61787,18.071],[121.61806,18.07083],[121.61779,18.07081],[121.61764,18.07109],[121.61746,18.07098],[121.61766,18.07061],[121.61741,18.07037],[121.61718,18.07003],[121.61688,18.06989],[121.61675,18.06964],[121.61675,18.06955],[121.6165,18.06943],[121.61638,18.06918],[121.61628,18.069],[121.61633,18.06887],[121.61597,18.06881],[121.61573,18.06842],[121.61609,18.06848],[121.61601,18.06827],[121.61591,18.06819],[121.61583,18.068],[121.61572,18.06792],[121.61548,18.06761],[121.61525,18.06774],[121.61521,18.0676],[121.61504,18.06748],[121.61488,18.06726],[121.6147,18.06768],[121.61436,18.06762],[121.61413,18.06766],[121.61404,18.06753],[121.61381,18.06738],[121.61387,18.06709],[121.6136,18.06699],[121.61377,18.06656],[121.61404,18.06646],[121.6142,18.06626],[121.61449,18.06632],[121.61437,18.06573],[121.61455,18.06532],[121.61434,18.06499],[121.61443,18.06481],[121.61485,18.06489],[121.61501,18.06466],[121.61489,18.06439],[121.61505,18.06392],[121.61475,18.06397],[121.61458,18.06359],[121.61481,18.06343],[121.61458,18.06328],[121.61435,18.06332],[121.61426,18.06311],[121.61415,18.06303],[121.61399,18.06282],[121.61369,18.06261],[121.61364,18.06243],[121.61353,18.06236],[121.61335,18.06165],[121.61354,18.06137],[121.61345,18.06104],[121.61324,18.0614],[121.61308,18.06144],[121.61322,18.06085],[121.61304,18.06066],[121.61275,18.06067],[121.61277,18.06034],[121.61257,18.05983],[121.61211,18.05903],[121.61192,18.05876],[121.61188,18.05853],[121.61166,18.05847],[121.61194,18.05821],[121.61155,18.05822],[121.61165,18.05794],[121.61181,18.05764],[121.61137,18.05723],[121.61136,18.0565],[121.61175,18.05638],[121.61176,18.05597],[121.61158,18.0556],[121.61126,18.05544],[121.6105,18.05529],[121.61017,18.05496],[121.60977,18.05476],[121.60896,18.05477],[121.60913,18.05413],[121.60932,18.05378],[121.60932,18.05368],[121.6096,18.05369],[121.60993,18.05368],[121.61061,18.0537],[121.61112,18.05351],[121.61131,18.05333],[121.6115,18.05316],[121.61164,18.05276],[121.61187,18.05253],[121.61207,18.05244],[121.61236,18.05226],[121.61272,18.05227],[121.6132,18.05183],[121.61322,18.05118],[121.61321,18.0504],[121.61338,18.04977],[121.61365,18.04951],[121.61466,18.0501],[121.61473,18.05002],[121.61485,18.04947],[121.61544,18.04949],[121.61622,18.04935],[121.61644,18.04895],[121.61633,18.04848],[121.61584,18.04789],[121.61548,18.04696],[121.61499,18.04664],[121.6144,18.04604],[121.61392,18.04576],[121.61363,18.04557],[121.61298,18.04558],[121.61279,18.04521],[121.61261,18.04485],[121.61205,18.04467],[121.61193,18.04496],[121.61207,18.04579],[121.61174,18.0462],[121.61164,18.04677],[121.61089,18.04591],[121.61099,18.04547],[121.61114,18.04507],[121.61081,18.04474],[121.61035,18.04475],[121.61025,18.0442],[121.61012,18.04396],[121.61044,18.04367],[121.61009,18.04294],[121.60973,18.04293],[121.6094,18.04293],[121.60921,18.04283],[121.60877,18.04284],[121.60862,18.04236],[121.60816,18.04251],[121.60772,18.04229],[121.60752,18.04245],[121.60725,18.04309],[121.60695,18.04309],[121.60657,18.043],[121.60593,18.04287],[121.60574,18.04231],[121.60572,18.04137],[121.60592,18.04119],[121.6058,18.04107],[121.60541,18.0407],[121.60495,18.04014],[121.60546,18.0395],[121.60513,18.03911],[121.60452,18.03892],[121.60424,18.03882],[121.60367,18.03873],[121.60357,18.03818],[121.60271,18.03755],[121.60241,18.03771],[121.60208,18.03836],[121.60128,18.0382],[121.6017,18.03782],[121.6016,18.03753],[121.60137,18.03709],[121.60161,18.03665],[121.60146,18.03585],[121.60116,18.03557],[121.60096,18.03528],[121.60078,18.03501],[121.60067,18.03479],[121.60019,18.03444],[121.59965,18.03455],[121.59928,18.03454],[121.59891,18.03465],[121.59877,18.03451],[121.59851,18.03463],[121.59852,18.03436],[121.59833,18.03399],[121.59787,18.03398],[121.59729,18.03435],[121.59663,18.03424],[121.59694,18.03396],[121.59673,18.03344],[121.59663,18.03326],[121.59649,18.03283],[121.59608,18.03262],[121.59551,18.03253],[121.59496,18.03225],[121.59437,18.03234],[121.59398,18.03243],[121.59357,18.03242],[121.59315,18.03243],[121.59315,18.03224],[121.59343,18.03224],[121.59334,18.03215],[121.59315,18.03206],[121.59315,18.03165],[121.59316,18.03147],[121.59315,18.03098],[121.59343,18.03071],[121.59363,18.03062],[121.59368,18.03057],[121.59387,18.03066],[121.59382,18.03044],[121.59383,18.03024],[121.59346,18.02966],[121.59317,18.02926],[121.59317,18.02916],[121.59289,18.02881],[121.59272,18.02845],[121.59261,18.02835],[121.59252,18.02788],[121.59225,18.02765],[121.59214,18.02726],[121.59206,18.0269],[121.59183,18.0267],[121.59202,18.02636],[121.59209,18.02538],[121.59187,18.02519],[121.59189,18.02492],[121.59179,18.02464],[121.5917,18.02435],[121.59151,18.02419],[121.59138,18.02391],[121.59086,18.02364],[121.59052,18.02348],[121.59038,18.02337],[121.5902,18.02298],[121.58991,18.02273],[121.58992,18.02264],[121.58991,18.02246],[121.59006,18.02233],[121.58993,18.02191],[121.58946,18.02126]],[[121.59913,18.02157],[121.59919,18.02169],[121.59935,18.02161],[121.59913,18.02157]],[[121.60689,18.02],[121.60678,18.02003],[121.60686,18.02011],[121.60689,18.02]],[[121.60699,18.01991],[121.60689,18.01991],[121.60689,18.02],[121.60699,18.02],[121.60699,18.01991]],[[121.61633,18.06887],[121.61655,18.06883],[121.61648,18.06859],[121.61633,18.06887]],[[121.61521,18.0676],[121.61532,18.06757],[121.61524,18.06749],[121.61521,18.0676]],[[121.61364,18.06243],[121.61397,18.06256],[121.61453,18.06246],[121.61434,18.06206],[121.61397,18.06198],[121.61372,18.06215],[121.61364,18.06243]],[[121.61188,18.05853],[121.61199,18.0585],[121.61191,18.05842],[121.61188,18.05853]],[[121.59387,18.03066],[121.5939,18.03077],[121.59398,18.03069],[121.59387,18.03066]],[[121.59826,18.02187],[121.59834,18.02195],[121.59838,18.02184],[121.59826,18.02187]],[[121.60232,18.02111],[121.60241,18.02126],[121.60244,18.02106],[121.60232,18.02111]],[[121.60292,18.02245],[121.60357,18.02237],[121.60386,18.02216],[121.604,18.02172],[121.60428,18.02138],[121.60485,18.02127],[121.60515,18.02105],[121.60513,18.02094],[121.60527,18.0206],[121.60523,18.02031],[121.6053,18.01987],[121.60506,18.01984],[121.605,18.0199],[121.60476,18.0198],[121.60366,18.02005],[121.60345,18.02039],[121.6033,18.02043],[121.60334,18.02057],[121.60348,18.02092],[121.60324,18.02101],[121.60341,18.02129],[121.60325,18.02166],[121.603,18.02197],[121.60292,18.02245]],[[121.60299,18.02058],[121.60311,18.02061],[121.60308,18.0205],[121.60299,18.02058]],[[121.60311,18.02061],[121.60316,18.02092],[121.60333,18.02078],[121.60311,18.02061]],[[121.60318,18.0204],[121.6033,18.02043],[121.60327,18.02032],[121.60318,18.0204]],[[121.60336,18.01991],[121.60354,18.02],[121.60359,18.0198],[121.60336,18.01991]],[[121.60562,18.04026],[121.60602,18.04036],[121.60607,18.04006],[121.60566,18.0401],[121.60562,18.04026]],[[121.60883,18.06877],[121.6091,18.06894],[121.60915,18.06873],[121.60883,18.06877]],[[121.61046,18.04376],[121.61058,18.0438],[121.61055,18.04369],[121.61046,18.04376]],[[121.61058,18.0438],[121.61058,18.04389],[121.61067,18.04389],[121.61067,18.0438],[121.61058,18.0438]],[[121.61067,18.04389],[121.61067,18.04398],[121.61077,18.04398],[121.61077,18.04389],[121.61067,18.04389]],[[121.61077,18.04398],[121.6108,18.04409],[121.61088,18.04401],[121.61077,18.04398]],[[121.61103,18.04419],[121.61111,18.04427],[121.61114,18.04416],[121.61103,18.04419]],[[121.61115,18.02617],[121.6114,18.0264],[121.61153,18.02632],[121.61147,18.02609],[121.61115,18.02617]],[[121.6112,18.0443],[121.61154,18.04456],[121.61164,18.04441],[121.61146,18.04431],[121.61142,18.04425],[121.6112,18.0443]],[[121.61186,18.05786],[121.61194,18.05802],[121.61198,18.05781],[121.61186,18.05786]],[[121.61248,18.05919],[121.61264,18.05938],[121.61298,18.05942],[121.61334,18.05932],[121.6141,18.05869],[121.61509,18.05855],[121.61533,18.05887],[121.61552,18.05938],[121.616,18.05966],[121.61589,18.06057],[121.61651,18.06107],[121.61616,18.06152],[121.61634,18.06169],[121.61689,18.06189],[121.61733,18.06214],[121.61821,18.06206],[121.61824,18.0618],[121.61795,18.0616],[121.61748,18.0614],[121.6172,18.06096],[121.61691,18.06061],[121.61655,18.05999],[121.61608,18.05942],[121.61599,18.05868],[121.61572,18.05846],[121.61562,18.05779],[121.61533,18.05734],[121.61525,18.05676],[121.61431,18.05685],[121.61407,18.05656],[121.61366,18.05661],[121.61361,18.05702],[121.61426,18.0573],[121.61467,18.0578],[121.61392,18.05833],[121.61353,18.05841],[121.61321,18.05862],[121.61251,18.05891],[121.61248,18.05919]],[[121.61385,18.06677],[121.61397,18.06699],[121.61405,18.06691],[121.61399,18.06668],[121.61385,18.06677]],[[121.61414,18.06709],[121.61424,18.06726],[121.61444,18.06719],[121.61436,18.06705],[121.61414,18.06709]],[[121.61425,18.06681],[121.61433,18.06689],[121.61437,18.06678],[121.61425,18.06681]],[[121.61453,18.06564],[121.6147,18.06572],[121.61475,18.0656],[121.61453,18.06564]],[[121.61461,18.0558],[121.61469,18.05606],[121.61494,18.05598],[121.61483,18.05575],[121.61461,18.0558]],[[121.61473,18.06368],[121.61489,18.06383],[121.61496,18.06362],[121.61473,18.06368]],[[121.61475,18.06041],[121.61503,18.06085],[121.61508,18.06037],[121.61475,18.06041]],[[121.61481,18.06611],[121.6149,18.06626],[121.61494,18.06606],[121.61481,18.06611]],[[121.61481,18.06692],[121.61489,18.06708],[121.61493,18.06687],[121.61481,18.06692]],[[121.61492,18.06509],[121.6151,18.06526],[121.61513,18.06506],[121.61492,18.06509]],[[121.615,18.06655],[121.61517,18.06663],[121.61522,18.06651],[121.615,18.06655]],[[121.61505,18.06121],[121.61513,18.06129],[121.61516,18.06118],[121.61505,18.06121]],[[121.6153,18.05059],[121.61547,18.05092],[121.61584,18.05082],[121.61572,18.05052],[121.6153,18.05059]],[[121.6154,18.07436],[121.61565,18.07459],[121.61582,18.0745],[121.61572,18.07429],[121.6154,18.07436]],[[121.61545,18.06734],[121.6158,18.06746],[121.61569,18.06715],[121.61545,18.06734]],[[121.61564,18.07976],[121.61596,18.07993],[121.61587,18.07971],[121.61564,18.07976]],[[121.61567,18.06655],[121.61575,18.06662],[121.61578,18.06651],[121.61567,18.06655]],[[121.61575,18.06692],[121.61585,18.06708],[121.61597,18.06688],[121.61575,18.06692]],[[121.61587,18.06357],[121.61595,18.06383],[121.61614,18.06373],[121.61619,18.06354],[121.61587,18.06357]],[[121.61592,18.06795],[121.6161,18.06808],[121.61615,18.06778],[121.61592,18.06795]],[[121.61604,18.06727],[121.61612,18.06735],[121.61616,18.06724],[121.61604,18.06727]],[[121.61662,18.06931],[121.61702,18.0694],[121.61706,18.06923],[121.61699,18.06896],[121.61684,18.069],[121.61662,18.06931]],[[121.61707,18.0689],[121.61715,18.06898],[121.61718,18.06887],[121.61707,18.0689]],[[121.61717,18.06854],[121.61725,18.06862],[121.61728,18.06851],[121.61717,18.06854]],[[121.61733,18.06991],[121.61758,18.06999],[121.61765,18.06987],[121.61733,18.06991]],[[121.61746,18.07876],[121.61762,18.07884],[121.61767,18.07873],[121.61746,18.07876]],[[121.61752,18.07019],[121.61761,18.07035],[121.61765,18.07014],[121.61752,18.07019]],[[121.61757,18.07677],[121.61766,18.07685],[121.61769,18.07674],[121.61757,18.07677]],[[121.6179,18.07063],[121.61799,18.07071],[121.61802,18.0706],[121.6179,18.07063]],[[121.61835,18.07086],[121.61853,18.07099],[121.61859,18.07069],[121.61835,18.07086]],[[121.61836,18.07118],[121.61863,18.07136],[121.61877,18.07114],[121.61836,18.07118]],[[121.61848,18.07901],[121.61877,18.07923],[121.61913,18.0789],[121.6189,18.07856],[121.61876,18.0786],[121.61877,18.07878],[121.61848,18.07901]],[[121.61952,18.06732],[121.62009,18.06788],[121.6205,18.06772],[121.62045,18.06731],[121.62061,18.0668],[121.62051,18.06655],[121.62035,18.06659],[121.61987,18.06686],[121.61952,18.06732]],[[121.61962,18.07852],[121.61975,18.07883],[121.62026,18.07865],[121.62008,18.07853],[121.62004,18.07847],[121.61962,18.07852]],[[121.6216,18.04212],[121.62188,18.04256],[121.6219,18.04234],[121.62183,18.04207],[121.6216,18.04212]],[[121.62246,18.04409],[121.62254,18.04417],[121.62257,18.04406],[121.62246,18.04409]],[[121.62301,18.04049],[121.62352,18.04036],[121.62346,18.03982],[121.62335,18.0399],[121.62322,18.04005],[121.62305,18.04018],[121.62301,18.04049]],[[121.62319,18.04458],[121.62335,18.04474],[121.62342,18.04452],[121.62319,18.04458]],[[121.62338,18.04495],[121.62351,18.04528],[121.62363,18.04514],[121.62351,18.04488],[121.62338,18.04495]],[[121.62347,18.08156],[121.62363,18.08188],[121.62375,18.08172],[121.62379,18.08148],[121.62347,18.08156]],[[121.6236,18.04174],[121.62369,18.04193],[121.62389,18.04187],[121.62384,18.04176],[121.62398,18.04169],[121.62401,18.04154],[121.6236,18.04174]],[[121.62367,18.04557],[121.62375,18.04572],[121.62379,18.04552],[121.62367,18.04557]],[[121.62397,18.04191],[121.62423,18.04211],[121.6241,18.04181],[121.62397,18.04191]],[[121.62469,18.04665],[121.62477,18.04691],[121.62503,18.04683],[121.62491,18.04661],[121.62469,18.04665]],[[121.62499,18.0696],[121.62542,18.06949],[121.62549,18.0692],[121.62508,18.06925],[121.62499,18.0696]],[[121.62503,18.04819],[121.62519,18.0482],[121.62552,18.04819],[121.62561,18.04865],[121.6257,18.04892],[121.62551,18.04926],[121.62608,18.04997],[121.62673,18.04952],[121.62645,18.04919],[121.62619,18.04895],[121.62607,18.0481],[121.62557,18.04734],[121.62507,18.0474],[121.62503,18.04819]],[[121.62511,18.07831],[121.62524,18.07863],[121.62555,18.07855],[121.62548,18.07836],[121.62527,18.0783],[121.62524,18.07824],[121.62511,18.07831]],[[121.62651,18.08054],[121.62668,18.08062],[121.62673,18.08051],[121.62651,18.08054]],[[121.62659,18.04551],[121.62668,18.04575],[121.62672,18.04545],[121.62659,18.04551]],[[121.62681,18.05303],[121.62698,18.05327],[121.62709,18.05335],[121.62722,18.05353],[121.62719,18.05308],[121.62713,18.05295],[121.62681,18.05303]],[[121.62686,18.05178],[121.62731,18.05209],[121.62775,18.05186],[121.62779,18.05135],[121.62743,18.05087],[121.62692,18.05096],[121.62686,18.05178]],[[121.62755,18.05466],[121.62773,18.05496],[121.62873,18.05615],[121.62893,18.05633],[121.62922,18.05687],[121.62954,18.05783],[121.63051,18.05817],[121.63056,18.05802],[121.63044,18.0578],[121.63045,18.05752],[121.63,18.05668],[121.62989,18.05636],[121.62969,18.05607],[121.62972,18.05546],[121.62915,18.05482],[121.62888,18.05442],[121.62859,18.05427],[121.6284,18.05418],[121.62835,18.05413],[121.62787,18.05422],[121.62755,18.05466]],[[121.62792,18.0829],[121.628,18.08298],[121.62803,18.08287],[121.62792,18.0829]],[[121.62815,18.05094],[121.62823,18.05138],[121.62833,18.05173],[121.62849,18.05246],[121.62872,18.05249],[121.62851,18.05174],[121.62842,18.05102],[121.62838,18.05088],[121.62815,18.05094]],[[121.6289,18.05301],[121.62913,18.05345],[121.62932,18.05337],[121.62912,18.05296],[121.6289,18.05301]],[[121.62925,18.05363],[121.62952,18.05418],[121.62963,18.05428],[121.62972,18.05455],[121.63034,18.05566],[121.63046,18.056],[121.63069,18.05702],[121.63092,18.05781],[121.63101,18.05819],[121.63121,18.05855],[121.63118,18.05902],[121.63166,18.05981],[121.63181,18.05994],[121.63279,18.0616],[121.63344,18.06237],[121.634,18.06325],[121.63427,18.06371],[121.63488,18.06457],[121.63562,18.06643],[121.63581,18.06643],[121.63568,18.0658],[121.63559,18.06534],[121.63549,18.06508],[121.6354,18.0648],[121.63531,18.06453],[121.63515,18.06404],[121.63471,18.06357],[121.63451,18.0634],[121.63401,18.06223],[121.63342,18.0617],[121.63219,18.05983],[121.63197,18.05938],[121.63176,18.05908],[121.63163,18.05881],[121.63141,18.05842],[121.63123,18.05792],[121.63106,18.05727],[121.6309,18.05623],[121.63026,18.05491],[121.62981,18.05428],[121.62958,18.05381],[121.6294,18.05351],[121.62925,18.05363]],[[121.62946,18.08863],[121.62961,18.08879],[121.62969,18.08848],[121.62946,18.08863]],[[121.63032,18.06295],[121.6305,18.06324],[121.63076,18.06323],[121.63116,18.06335],[121.63097,18.06369],[121.63167,18.06401],[121.63221,18.06442],[121.63295,18.06428],[121.63286,18.06388],[121.63274,18.06377],[121.63296,18.06301],[121.63286,18.06269],[121.63231,18.06219],[121.6323,18.06189],[121.63234,18.06118],[121.63196,18.06098],[121.63131,18.06083],[121.63123,18.06075],[121.63033,18.0608],[121.63041,18.06206],[121.6306,18.06257],[121.63051,18.06278],[121.63032,18.06295]],[[121.63069,18.0516],[121.63089,18.05189],[121.63107,18.05176],[121.63111,18.05153],[121.63069,18.0516]],[[121.6322,18.06493],[121.63253,18.06522],[121.63267,18.06501],[121.63305,18.06514],[121.63331,18.06531],[121.63319,18.06502],[121.63295,18.06486],[121.63279,18.0649],[121.63265,18.06469],[121.63271,18.06456],[121.6323,18.0646],[121.6322,18.06493]],[[121.63271,18.06637],[121.63302,18.06658],[121.63339,18.06646],[121.63333,18.06586],[121.63327,18.06574],[121.63312,18.06577],[121.63304,18.06597],[121.63282,18.06604],[121.63271,18.06637]],[[121.63297,18.06558],[121.63305,18.06566],[121.63308,18.06555],[121.63297,18.06558]],[[121.63408,18.06947],[121.63414,18.06985],[121.63437,18.06954],[121.63408,18.06947]],[[121.63437,18.06954],[121.63449,18.06951],[121.63441,18.06943],[121.63437,18.06954]],[[121.63562,18.07867],[121.63562,18.07904],[121.63581,18.07904],[121.63581,18.07868],[121.63562,18.07867]],[[121.63579,18.06669],[121.63587,18.06677],[121.63591,18.06666],[121.63579,18.06669]],[[121.63616,18.06716],[121.63624,18.06732],[121.63628,18.06711],[121.63616,18.06716]],[[121.63618,18.07557],[121.63636,18.0758],[121.63641,18.0747],[121.6363,18.07478],[121.63623,18.07502],[121.63628,18.0752],[121.63618,18.07557]],[[121.63622,18.07061],[121.63641,18.07071],[121.63645,18.07028],[121.63638,18.07031],[121.63622,18.07061]],[[121.63628,18.07415],[121.63637,18.07456],[121.63642,18.07407],[121.63628,18.07415]],[[121.63636,18.07623],[121.63645,18.07655],[121.63662,18.07643],[121.63649,18.07615],[121.63636,18.07623]],[[121.63709,18.08251],[121.63717,18.08259],[121.6372,18.08248],[121.63709,18.08251]],[[121.64179,18.08482],[121.64187,18.08498],[121.64191,18.08477],[121.64179,18.08482]],[[121.64216,18.08352],[121.64242,18.08372],[121.6423,18.08342],[121.64216,18.08352]],[[121.64226,18.08526],[121.64234,18.08534],[121.64238,18.08523],[121.64226,18.08526]]],[[[121.58951,18.05566],[121.58967,18.05563],[121.5898,18.05557],[121.5898,18.05566],[121.58989,18.05566],[121.58989,18.05576],[121.58998,18.05576],[121.59001,18.05591],[121.59015,18.05605],[121.59017,18.05621],[121.58967,18.05588],[121.58951,18.05566]]],[[[121.58986,18.05892],[121.59024,18.05892],[121.59024,18.05901],[121.58986,18.05901],[121.58986,18.05892]]],[[[121.59017,18.05621],[121.59026,18.05621],[121.59026,18.05639],[121.59017,18.05639],[121.59017,18.05621]]],[[[121.59024,18.05892],[121.59034,18.05878],[121.59113,18.0586],[121.59138,18.05857],[121.59132,18.05866],[121.59059,18.05889],[121.59024,18.05892]]],[[[121.59026,18.05639],[121.59059,18.05632],[121.59086,18.05638],[121.59096,18.05659],[121.59035,18.05673],[121.59026,18.05639]]],[[[121.59098,18.05635],[121.5914,18.05631],[121.59132,18.05643],[121.59098,18.05635]]],[[[121.59136,18.05663],[121.59149,18.05658],[121.59152,18.05664],[121.59167,18.05671],[121.59151,18.05688],[121.59136,18.05663]]],[[[121.59159,18.05363],[121.5917,18.0536],[121.59167,18.05371],[121.59159,18.05363]]],[[[121.59201,18.0683],[121.59244,18.06824],[121.59238,18.06863],[121.59201,18.0683]]],[[[121.59278,18.05591],[121.5932,18.05587],[121.5933,18.05609],[121.59291,18.05626],[121.59278,18.05591]]],[[[121.59317,18.05411],[121.59336,18.05385],[121.59354,18.05414],[121.59358,18.05443],[121.59337,18.05438],[121.59317,18.05411]]],[[[121.59345,18.0305],[121.59358,18.03026],[121.59368,18.03057],[121.59345,18.0305]]],[[[121.59358,18.05443],[121.59368,18.05443],[121.59368,18.05452],[121.59358,18.05452],[121.59358,18.05443]]],[[[121.59367,18.05528],[121.59375,18.05481],[121.59368,18.05452],[121.59393,18.05459],[121.59383,18.0552],[121.59367,18.05528]]],[[[121.59433,18.05624],[121.59451,18.05624],[121.59451,18.05633],[121.59433,18.05633],[121.59433,18.05624]]],[[[121.59451,18.05633],[121.59579,18.05638],[121.59616,18.05648],[121.59655,18.05657],[121.59719,18.05674],[121.5991,18.05688],[121.60026,18.0575],[121.60041,18.05733],[121.60051,18.05669],[121.60065,18.05665],[121.60053,18.05716],[121.6006,18.05811],[121.60169,18.05902],[121.60177,18.05928],[121.60162,18.05923],[121.60133,18.05888],[121.6006,18.05831],[121.6001,18.05771],[121.59966,18.05737],[121.59916,18.05707],[121.59832,18.05689],[121.59723,18.05708],[121.59636,18.05675],[121.59577,18.05658],[121.5946,18.05643],[121.59451,18.05633]]],[[[121.59483,18.0595],[121.59505,18.05885],[121.59516,18.05878],[121.59519,18.05883],[121.59542,18.05898],[121.59557,18.05919],[121.59599,18.05935],[121.59613,18.05956],[121.59588,18.06014],[121.59538,18.06026],[121.59493,18.05992],[121.59483,18.0595]]],[[[121.59635,18.03445],[121.59658,18.0343],[121.59649,18.0346],[121.59635,18.03445]]],[[[121.59654,18.06035],[121.59666,18.06032],[121.59662,18.06043],[121.59654,18.06035]]],[[[121.59825608208781,18.00925586330197],[121.59826982200002,18.009125336000068],[121.59831748135933,18.009085619867314],[121.59825608208781,18.00925586330197]]],[[[121.59833,18.05858],[121.59865,18.05853],[121.59877,18.0588],[121.59844,18.05911],[121.59833,18.05858]]],[[[121.59864458167714,18.01009],[121.59866,18.01009],[121.59866,18.01010183905915],[121.59864458167714,18.01009]]],[[[121.59881,18.00925],[121.59925,18.00872],[121.5998,18.00866],[121.60003,18.00871],[121.60019554834582,18.00873648773533],[121.60027839463129,18.008764448318367],[121.60027,18.00884],[121.6005022517725,18.00884],[121.60056,18.008859490000074],[121.60056,18.00893],[121.60075,18.00893],[121.60084,18.00894],[121.60084,18.00903],[121.60131,18.00903],[121.60131,18.00912],[121.60169,18.00912],[121.60169,18.00921],[121.60178,18.00921],[121.60225,18.00922],[121.60225,18.00931],[121.60292,18.00931],[121.60304,18.00937],[121.6031,18.00949],[121.60249,18.00945],[121.6013,18.00929],[121.6,18.00896],[121.59933,18.00897],[121.59909,18.00941],[121.6005,18.01088],[121.60087,18.01133],[121.60153,18.01206],[121.60262,18.01335],[121.60269,18.01356],[121.60217,18.01315],[121.60134,18.01214],[121.6008,18.01153],[121.60021,18.01073],[121.59906,18.00974],[121.59881,18.00925]]],[[[121.59887235615237,18.010265697376617],[121.59948,18.01068],[121.59967966427617,18.0109579110871],[121.59935074100008,18.01065889100005],[121.59887235615237,18.010265697376617]]],[[[121.59893,18.02115],[121.59904,18.02112],[121.59901,18.02123],[121.59893,18.02115]]],[[[121.60005,18.02153],[121.60014,18.02137],[121.60017,18.02158],[121.60005,18.02153]]],[[[121.60065,18.05665],[121.60072,18.05653],[121.60084,18.05647],[121.60084,18.05665],[121.60065,18.05665]]],[[[121.60084,18.05647],[121.60088,18.05636],[121.60096,18.05644],[121.60084,18.05647]]],[[[121.6011,18.02081],[121.60122,18.02078],[121.60119,18.02089],[121.6011,18.02081]]],[[[121.60122648054978,18.012782783426555],[121.60227922552195,18.01387312643345],[121.60224895700003,18.01385436000004],[121.60196521600005,18.013597641000047],[121.60142475600003,18.01301664700003],[121.60122648054978,18.012782783426555]]],[[[121.60139,18.02099],[121.6015,18.02096],[121.60147,18.02107],[121.60139,18.02099]]],[[[121.60177,18.05928],[121.60199,18.05934],[121.60219,18.05968],[121.60229,18.06003],[121.60279,18.06083],[121.60316,18.06104],[121.60385,18.06094],[121.60392,18.06043],[121.60359,18.0605],[121.60324,18.06063],[121.60321,18.06035],[121.60335,18.0599],[121.60323,18.05951],[121.60312,18.05933],[121.60361,18.05925],[121.60394,18.05907],[121.60446,18.05898],[121.60451,18.05893],[121.6046,18.05893],[121.60504,18.05897],[121.60539,18.05909],[121.60564,18.05912],[121.60573,18.0593],[121.60552,18.05938],[121.60499,18.05909],[121.60465,18.05918],[121.60484,18.05934],[121.60492,18.05949],[121.60464,18.05997],[121.60455,18.06034],[121.60437,18.06063],[121.60387,18.06104],[121.60302,18.06128],[121.60239,18.06111],[121.60228,18.06041],[121.60218,18.06014],[121.60208,18.05982],[121.60177,18.05928]]],[[[121.60179,18.06261],[121.60212,18.06253],[121.60206,18.06284],[121.60179,18.06261]]],[[[121.60194,18.02155],[121.60206,18.02151],[121.60202,18.02171],[121.60194,18.02155]]],[[[121.60212,18.07196],[121.60223,18.07193],[121.6022,18.07204],[121.60212,18.07196]]],[[[121.60252688956724,18.014283598778963],[121.60253591263476,18.014250462814434],[121.60254,18.01426],[121.60252688956724,18.014283598778963]]],[[[121.60269,18.01356],[121.60279,18.01356],[121.60279,18.01365],[121.60269,18.01365],[121.60269,18.01356]]],[[[121.60279,18.01365],[121.60298,18.01365],[121.60297,18.01374],[121.60279,18.01374],[121.60279,18.01365]]],[[[121.6028,18.01223],[121.60295,18.0119],[121.60303,18.01143],[121.60329,18.01105],[121.60378,18.01078],[121.60404,18.01031],[121.60426,18.01046],[121.60442,18.01068],[121.60438,18.01073],[121.60427,18.01081],[121.60393,18.01127],[121.60372,18.01201],[121.60333,18.01233],[121.6028,18.01223]]],[[[121.60287,18.01455],[121.60297,18.01455],[121.60297,18.01473],[121.60287,18.01473],[121.60287,18.01455]]],[[[121.605,18.0199],[121.60512,18.01993],[121.60504,18.02001],[121.605,18.0199]]],[[[121.60297,18.01374],[121.60328,18.01379],[121.60313,18.01424],[121.60306,18.01428],[121.60304,18.01386],[121.60297,18.01374]]],[[[121.60297,18.01428],[121.60306,18.01428],[121.60306,18.01455],[121.60297,18.01455],[121.60297,18.01428]]],[[[121.6031,18.00949],[121.6032,18.00949],[121.6032,18.00959],[121.6031,18.00958],[121.6031,18.00949]]],[[[121.60324,18.07117],[121.60356,18.07077],[121.60351,18.07053],[121.60375,18.07049],[121.60371,18.07087],[121.60348,18.0712],[121.60324,18.07117]]],[[[121.60345,18.02062],[121.60358,18.02052],[121.60371,18.02082],[121.60345,18.02062]]],[[[121.60455,18.06222],[121.60477,18.06219],[121.60471,18.0623],[121.60455,18.06222]]],[[[121.60532,18.01184],[121.60545,18.01177],[121.60551,18.01189],[121.60554,18.01222],[121.60545,18.01217],[121.60532,18.01184]]],[[[121.60616,18.07693],[121.60638,18.07698],[121.60648,18.07723],[121.60621,18.07714],[121.60616,18.07693]]],[[[121.60554,18.01222],[121.60563,18.01222],[121.60563,18.0124],[121.60554,18.0124],[121.60554,18.01222]]],[[[121.60563,18.01249],[121.60568,18.01254],[121.60613,18.01374],[121.60628,18.01422],[121.60618,18.01413],[121.60567,18.01356],[121.60563,18.01249]]],[[[121.6058,18.07485],[121.60592,18.07464],[121.60602,18.0748],[121.6058,18.07485]]],[[[121.60592,18.05931],[121.60602,18.05931],[121.60602,18.0594],[121.60592,18.0594],[121.60592,18.05931]]],[[[121.60605,18.07517],[121.60612,18.07505],[121.60627,18.07512],[121.60646,18.07503],[121.60641,18.07524],[121.60605,18.07517]]],[[[121.60611,18.05949],[121.6062,18.05949],[121.6062,18.05958],[121.60611,18.05958],[121.60611,18.05949]]],[[[121.6062,18.05967],[121.6063,18.05967],[121.6063,18.05985],[121.6062,18.05985],[121.6062,18.05967]]],[[[121.60628,18.01422],[121.60637,18.01422],[121.60637,18.01431],[121.60628,18.01431],[121.60628,18.01422]]],[[[121.60629,18.06003],[121.6063,18.05985],[121.60639,18.05985],[121.60639,18.06003],[121.60629,18.06003]]],[[[121.60639,18.06003],[121.60648,18.06003],[121.60648,18.0603],[121.60639,18.0603],[121.60639,18.06003]]],[[[121.60643,18.01819],[121.60651,18.01792],[121.60681,18.01799],[121.60674,18.01832],[121.60643,18.01819]]],[[[121.60644,18.0747],[121.60656,18.07467],[121.60652,18.07478],[121.60644,18.0747]]],[[[121.60648,18.0603],[121.60664,18.06042],[121.60688,18.06073],[121.60726,18.06101],[121.60713,18.06175],[121.60713,18.06202],[121.60708,18.06198],[121.60699,18.06127],[121.60655,18.06055],[121.60648,18.0603]]],[[[121.60713,18.06221],[121.60722,18.06221],[121.60722,18.06239],[121.60713,18.06239],[121.60713,18.06221]]],[[[121.60722,18.06239],[121.60731,18.06239],[121.60731,18.06248],[121.60722,18.06248],[121.60722,18.06239]]],[[[121.60731,18.06257],[121.60741,18.06257],[121.60741,18.06266],[121.60731,18.06266],[121.60731,18.06257]]],[[[121.60776,18.01766],[121.60786,18.01766],[121.60785,18.01784],[121.60776,18.01784],[121.60776,18.01766]]],[[[121.60785,18.01784],[121.60795,18.01784],[121.60795,18.01802],[121.60785,18.01802],[121.60785,18.01784]]],[[[121.60841,18.01893],[121.60861,18.01906],[121.60869,18.01938],[121.6085,18.01925],[121.60841,18.01893]]],[[[121.60869,18.01938],[121.60879,18.01938],[121.60878,18.01957],[121.60869,18.01956],[121.60869,18.01938]]],[[[121.60878,18.01957],[121.60892,18.01969],[121.60939,18.02046],[121.61126,18.02333],[121.61187,18.02428],[121.61196,18.02456],[121.61176,18.02439],[121.61104,18.0234],[121.6108,18.02287],[121.61027,18.02214],[121.60995,18.0216],[121.60929,18.02061],[121.6089,18.01992],[121.60878,18.01957]]],[[[121.6092,18.05731],[121.60943,18.05725],[121.60937,18.05747],[121.6092,18.05731]]],[[[121.6098,18.06725],[121.60992,18.0672],[121.60988,18.0674],[121.6098,18.06725]]],[[[121.61035,18.05748],[121.61057,18.05744],[121.61051,18.05756],[121.61035,18.05748]]],[[[121.61112,18.0563],[121.61124,18.05627],[121.6112,18.05638],[121.61112,18.0563]]],[[[121.61196,18.02456],[121.61205,18.02456],[121.61205,18.02465],[121.61196,18.02465],[121.61196,18.02456]]],[[[121.61205,18.02465],[121.61216,18.02472],[121.61224,18.02501],[121.61209,18.02494],[121.61205,18.02465]]],[[[121.61224,18.02501],[121.61238,18.02508],[121.61242,18.02528],[121.61228,18.02521],[121.61224,18.02501]]],[[[121.61242,18.02528],[121.61252,18.02529],[121.61252,18.02547],[121.61242,18.02547],[121.61242,18.02528]]],[[[121.61297,18.06147],[121.61308,18.06144],[121.61305,18.06155],[121.61297,18.06147]]],[[[121.61324,18.04911],[121.61347,18.04906],[121.61362,18.04928],[121.61353,18.04946],[121.61324,18.04911]]],[[[121.61364,18.02719],[121.61373,18.02719],[121.61373,18.02728],[121.61364,18.02728],[121.61364,18.02719]]],[[[121.61373,18.02728],[121.61382,18.02728],[121.61382,18.02737],[121.61373,18.02737],[121.61373,18.02728]]],[[[121.61382,18.02737],[121.61392,18.02737],[121.61392,18.02755],[121.61382,18.02755],[121.61382,18.02737]]],[[[121.61386,18.06798],[121.61398,18.06795],[121.61395,18.06806],[121.61386,18.06798]]],[[[121.61423,18.06781],[121.61455,18.06777],[121.61465,18.06798],[121.61423,18.06781]]],[[[121.61457,18.02837],[121.61467,18.02837],[121.61466,18.02855],[121.61457,18.02855],[121.61457,18.02837]]],[[[121.61466,18.02855],[121.61476,18.02855],[121.61476,18.02864],[121.61466,18.02864],[121.61466,18.02855]]],[[[121.61471,18.0678],[121.61492,18.06777],[121.61489,18.06797],[121.61471,18.0678]]],[[[121.61504,18.02901],[121.61513,18.02901],[121.61513,18.0291],[121.61504,18.0291],[121.61504,18.02901]]],[[[121.61513,18.02919],[121.61523,18.02919],[121.61523,18.02928],[121.61513,18.02928],[121.61513,18.02919]]],[[[121.61523,18.02928],[121.61532,18.02928],[121.61532,18.02937],[121.61523,18.02937],[121.61523,18.02928]]],[[[121.61537,18.06862],[121.61548,18.06859],[121.61545,18.0687],[121.61537,18.06862]]],[[[121.61539,18.06805],[121.61568,18.06805],[121.61568,18.06823],[121.61539,18.06823],[121.61539,18.06805]]],[[[121.61551,18.02964],[121.6156,18.02964],[121.6156,18.02974],[121.61551,18.02973],[121.61551,18.02964]]],[[[121.61569,18.02992],[121.61579,18.02992],[121.61579,18.03001],[121.61569,18.03001],[121.61569,18.02992]]],[[[121.61579,18.03001],[121.61588,18.03001],[121.61588,18.0301],[121.61579,18.0301],[121.61579,18.03001]]],[[[121.61607,18.03046],[121.61629,18.03065],[121.61705,18.03168],[121.61709,18.03182],[121.61634,18.03119],[121.61613,18.03096],[121.61607,18.03046]]],[[[121.61668,18.07017],[121.6168,18.07014],[121.61676,18.07025],[121.61668,18.07017]]],[[[121.61696,18.07017],[121.61708,18.07014],[121.61705,18.07025],[121.61696,18.07017]]],[[[121.61709,18.03182],[121.61724,18.0319],[121.61728,18.0321],[121.61714,18.03202],[121.61709,18.03182]]],[[[121.61711,18.07292],[121.61734,18.07276],[121.61747,18.07307],[121.61711,18.07292]]],[[[121.61728,18.0321],[121.61747,18.03219],[121.61756,18.03237],[121.61734,18.03231],[121.61728,18.0321]]],[[[121.61766,18.03255],[121.61782,18.03267],[121.61817,18.03312],[121.61822,18.03328],[121.61807,18.03324],[121.61773,18.03281],[121.61766,18.03255]]],[[[121.61787,18.07187],[121.61801,18.07177],[121.6181,18.07198],[121.61787,18.07187]]],[[[121.62439,18.08739],[121.6245,18.08736],[121.62447,18.08747],[121.62439,18.08739]]],[[[121.63726,18.08342],[121.63748,18.08339],[121.63743,18.0835],[121.63726,18.08342]]],[[[121.63999,18.09789],[121.64011,18.09786],[121.64007,18.09797],[121.63999,18.09789]]],[[[121.64025,18.08264],[121.64035,18.08244],[121.64041,18.08241],[121.64062,18.08282],[121.64038,18.0829],[121.64025,18.08264]]],[[[121.64143,18.08733],[121.64161,18.0868],[121.6418,18.08667],[121.64198,18.08704],[121.64173,18.0874],[121.64143,18.08733]]],[[[121.64281,18.09029],[121.643,18.09029],[121.643,18.09047],[121.64287,18.09041],[121.64281,18.09029]]],[[[121.643,18.09047],[121.64332,18.09071],[121.64356,18.09102],[121.64341,18.09098],[121.643,18.09065],[121.643,18.09047]]],[[[121.64969,18.10489],[121.64979,18.10489],[121.64978,18.10498],[121.64969,18.10498],[121.64969,18.10489]]]]}},{"type":"Feature","properties":{"id":"LAS-FLD-003","susceptibility":"moderate","susceptibility_label":"Moderate","gridcode":3,"data_source":"LGU Lasam flood (2020)"},"geometry":{"type":"MultiPolygon","coordinates":[[[[121.48174,18.0431],[121.48183,18.0431],[121.48183,18.04319],[121.48249,18.04319],[121.4825,18.0431],[121.48302,18.04307],[121.48334,18.04289],[121.48371,18.04298],[121.48399,18.04333],[121.48394,18.04298],[121.48401,18.04294],[121.48401,18.04303],[121.4841,18.04303],[121.4841,18.04357],[121.48386,18.04352],[121.48363,18.04353],[121.48242,18.04343],[121.48254,18.04333],[121.48259,18.04324],[121.48203,18.04343],[121.48192,18.04355],[121.48174,18.04355],[121.48174,18.0431]],[[121.48285,18.04336],[121.48341,18.04336],[121.48344,18.0432],[121.48299,18.04322],[121.48285,18.04336]]],[[[121.4841,18.04357],[121.48419,18.04357],[121.48419,18.04366],[121.4841,18.04366],[121.4841,18.04357]]],[[[121.48419,18.04366],[121.48429,18.04366],[121.48433,18.04386],[121.48447,18.04393],[121.48447,18.04429],[121.48456,18.0443],[121.48461,18.04461],[121.48471,18.04566],[121.48582,18.04616],[121.48648,18.04643],[121.48695,18.04671],[121.48742,18.04698],[121.48779,18.04726],[121.48831,18.0474],[121.48847,18.04761],[121.48869,18.04776],[121.48869,18.04785],[121.48878,18.04785],[121.48878,18.04794],[121.48897,18.04794],[121.48897,18.04803],[121.48907,18.04804],[121.48906,18.04813],[121.48916,18.04813],[121.48916,18.04822],[121.48925,18.04822],[121.48925,18.04831],[121.48935,18.04831],[121.48935,18.0484],[121.48944,18.0484],[121.48953,18.04858],[121.48972,18.04867],[121.4898,18.04896],[121.48991,18.04904],[121.48996,18.0495],[121.49018,18.04967],[121.49018,18.04976],[121.49028,18.04976],[121.49011,18.0504],[121.49024,18.05073],[121.4902,18.05102],[121.49046,18.05144],[121.49145,18.05153],[121.49187,18.05158],[121.49187,18.05167],[121.49196,18.05167],[121.49196,18.05176],[121.49215,18.05176],[121.49225,18.05188],[121.49262,18.05195],[121.49273,18.0521],[121.493,18.05204],[121.49309,18.05204],[121.49309,18.05213],[121.49319,18.05213],[121.49319,18.05222],[121.49347,18.05223],[121.49347,18.05232],[121.49356,18.05232],[121.49363,18.05244],[121.49406,18.05265],[121.49422,18.05268],[121.49422,18.05277],[121.49441,18.05278],[121.49453,18.05292],[121.49547,18.05327],[121.49592,18.05333],[121.49596,18.05349],[121.49698,18.05391],[121.49793,18.05401],[121.49874,18.05389],[121.49884,18.05389],[121.49893,18.0539],[121.50029,18.05399],[121.50089,18.05415],[121.5012,18.05382],[121.5013,18.05382],[121.5013,18.05391],[121.50139,18.05391],[121.50139,18.054],[121.50158,18.05401],[121.50158,18.05419],[121.50167,18.05419],[121.50167,18.05428],[121.50176,18.05428],[121.50176,18.05446],[121.50186,18.05446],[121.50186,18.05455],[121.50195,18.05455],[121.50195,18.05464],[121.50214,18.05464],[121.50214,18.05473],[121.50233,18.05473],[121.50242,18.05474],[121.50242,18.05483],[121.50261,18.05483],[121.50261,18.05492],[121.5028,18.05492],[121.50284,18.05497],[121.50374,18.05517],[121.50435,18.05561],[121.50482,18.05598],[121.50534,18.05635],[121.50608,18.05715],[121.50678,18.0572],[121.50691,18.05674],[121.5068,18.05599],[121.50672,18.0549],[121.50645,18.05416],[121.5064,18.05341],[121.5065,18.05341],[121.5065,18.05332],[121.50659,18.05332],[121.50659,18.05323],[121.50669,18.05323],[121.50669,18.05314],[121.50687,18.053],[121.50724,18.05251],[121.50799,18.05195],[121.50811,18.0518],[121.50821,18.0518],[121.50821,18.05171],[121.5083,18.05171],[121.50831,18.05153],[121.50849,18.05153],[121.5085,18.05144],[121.50871,18.0514],[121.50878,18.05126],[121.50925,18.05126],[121.50925,18.05135],[121.50954,18.05136],[121.50963,18.05136],[121.50967,18.05141],[121.51033,18.05159],[121.51057,18.05164],[121.51066,18.05175],[121.51125,18.05187],[121.51155,18.05206],[121.5117,18.0521],[121.5117,18.05219],[121.51198,18.05219],[121.51198,18.05228],[121.51236,18.05228],[121.51236,18.05219],[121.51265,18.05219],[121.51265,18.0521],[121.51274,18.0521],[121.51274,18.05201],[121.51293,18.05202],[121.51293,18.05193],[121.51331,18.05193],[121.51331,18.05184],[121.51369,18.05184],[121.51369,18.05175],[121.51426,18.05175],[121.51425,18.05184],[121.51473,18.05185],[121.5152,18.05185],[121.51529,18.05195],[121.51599,18.05201],[121.51614,18.05111],[121.51696,18.05101],[121.51733,18.05074],[121.51759,18.05063],[121.51724,18.0502],[121.51711,18.04961],[121.51721,18.04969],[121.51734,18.04984],[121.5178,18.05022],[121.51785,18.05079],[121.51776,18.05079],[121.51776,18.05088],[121.51757,18.05088],[121.51757,18.05097],[121.51738,18.05097],[121.51738,18.05106],[121.51686,18.05119],[121.51632,18.0513],[121.51627,18.05166],[121.51639,18.05196],[121.51753,18.05228],[121.51812,18.05233],[121.51812,18.05242],[121.51831,18.05242],[121.51831,18.05251],[121.51859,18.05251],[121.51869,18.05263],[121.51906,18.0527],[121.51911,18.05274],[121.51984,18.05304],[121.52127,18.0538],[121.52405,18.05363],[121.52444,18.05391],[121.5245,18.05403],[121.52494,18.05425],[121.5251,18.05428],[121.5251,18.05437],[121.52519,18.05437],[121.52519,18.05446],[121.52528,18.05446],[121.52528,18.05455],[121.52538,18.05455],[121.52538,18.05464],[121.52547,18.05464],[121.52553,18.05486],[121.52575,18.05491],[121.52599,18.05523],[121.52612,18.05551],[121.52633,18.05588],[121.52674,18.05586],[121.52698,18.05612],[121.5273,18.0566],[121.52758,18.05696],[121.52767,18.05715],[121.52845,18.05801],[121.52856,18.05837],[121.52845,18.05829],[121.52811,18.05781],[121.528,18.05773],[121.52796,18.05768],[121.52785,18.05761],[121.52777,18.05749],[121.52758,18.05738],[121.52742,18.05693],[121.52725,18.05682],[121.52729,18.05696],[121.52743,18.05732],[121.52711,18.05713],[121.52696,18.05709],[121.52702,18.05728],[121.52751,18.05766],[121.52775,18.05805],[121.5283,18.05848],[121.52869,18.05931],[121.52841,18.06001],[121.5281,18.06053],[121.52751,18.06098],[121.52717,18.06152],[121.52726,18.06225],[121.52783,18.06266],[121.52833,18.06271],[121.52824,18.06289],[121.52791,18.06284],[121.52704,18.06247],[121.5263,18.06255],[121.52592,18.06282],[121.52582,18.0624],[121.52499,18.06201],[121.52462,18.06116],[121.52491,18.06065],[121.52509,18.06074],[121.5249,18.06108],[121.52489,18.06154],[121.52507,18.06172],[121.52563,18.06201],[121.52611,18.06202],[121.52631,18.06183],[121.52673,18.06142],[121.52722,18.06098],[121.52754,18.06066],[121.52807,18.06042],[121.52831,18.05979],[121.52833,18.05908],[121.52803,18.05849],[121.52771,18.05818],[121.52589,18.05635],[121.52565,18.05627],[121.52551,18.05604],[121.52522,18.05568],[121.52502,18.0552],[121.52449,18.05476],[121.52419,18.05459],[121.5237,18.05424],[121.52311,18.05415],[121.52236,18.05425],[121.52198,18.05419],[121.52129,18.05429],[121.52069,18.05416],[121.52003,18.05376],[121.51957,18.05363],[121.51903,18.05324],[121.51851,18.05304],[121.51807,18.05292],[121.51724,18.0526],[121.51657,18.05244],[121.51604,18.0524],[121.51601,18.05235],[121.51495,18.05226],[121.51411,18.0521],[121.51327,18.0523],[121.51321,18.05238],[121.51274,18.05238],[121.51274,18.05247],[121.51264,18.05247],[121.51264,18.05256],[121.51255,18.05255],[121.51236,18.05255],[121.51236,18.05264],[121.51198,18.05264],[121.51198,18.05273],[121.51189,18.05273],[121.51188,18.05291],[121.51183,18.05287],[121.51162,18.05261],[121.51042,18.05214],[121.50947,18.05171],[121.50895,18.05177],[121.50838,18.05217],[121.5083,18.05243],[121.50786,18.05274],[121.50696,18.05352],[121.50713,18.05428],[121.50729,18.05454],[121.50747,18.05502],[121.50755,18.056],[121.50736,18.05662],[121.50731,18.05712],[121.50731,18.05721],[121.50722,18.05721],[121.50721,18.0583],[121.50716,18.05834],[121.50707,18.05852],[121.50696,18.05871],[121.50593,18.05867],[121.50594,18.05843],[121.50517,18.0574],[121.50471,18.05648],[121.50409,18.05604],[121.50207,18.055],[121.50148,18.05486],[121.50115,18.05487],[121.50089,18.05485],[121.50044,18.05455],[121.49983,18.05427],[121.49822,18.05432],[121.49756,18.05429],[121.49729,18.0543],[121.49608,18.05405],[121.49587,18.05382],[121.49518,18.05363],[121.49353,18.05277],[121.49323,18.05263],[121.49304,18.05254],[121.49174,18.05198],[121.49144,18.05199],[121.49064,18.05172],[121.49018,18.05161],[121.48963,18.05132],[121.48966,18.05063],[121.48954,18.05017],[121.48958,18.04935],[121.48957,18.04902],[121.48927,18.04859],[121.48826,18.04799],[121.48798,18.0478],[121.4876,18.04771],[121.48702,18.0471],[121.48662,18.04702],[121.48662,18.04693],[121.48652,18.04693],[121.48652,18.04684],[121.48634,18.04684],[121.48626,18.0467],[121.48605,18.04666],[121.48606,18.04657],[121.48596,18.04657],[121.48596,18.04647],[121.48577,18.04647],[121.48577,18.04638],[121.48568,18.04638],[121.48568,18.04629],[121.48549,18.04629],[121.48549,18.0462],[121.48521,18.0462],[121.48521,18.04611],[121.48511,18.04611],[121.48512,18.04602],[121.48493,18.04601],[121.48493,18.04592],[121.48474,18.04592],[121.48471,18.04577],[121.48446,18.04565],[121.48446,18.04556],[121.48436,18.04556],[121.48446,18.04488],[121.48432,18.04452],[121.48424,18.04406],[121.48419,18.04402],[121.48419,18.04366]],[[121.52697,18.05655],[121.52688,18.05625],[121.52665,18.05621],[121.52662,18.05641],[121.52697,18.05655]],[[121.52706,18.05664],[121.52706,18.05655],[121.52697,18.05655],[121.52697,18.05664],[121.52706,18.05664]],[[121.52716,18.05673],[121.52716,18.05664],[121.52706,18.05664],[121.52706,18.05673],[121.52716,18.05673]],[[121.52725,18.05682],[121.52725,18.05673],[121.52716,18.05673],[121.52715,18.05682],[121.52725,18.05682]],[[121.5264,18.05655],[121.52637,18.05644],[121.52629,18.05651],[121.5264,18.05655]],[[121.52649,18.05664],[121.5265,18.05655],[121.5264,18.05655],[121.5264,18.05664],[121.52649,18.05664]],[[121.52696,18.05709],[121.52694,18.05693],[121.52666,18.05666],[121.52649,18.05664],[121.52671,18.05703],[121.52696,18.05709]],[[121.48976,18.05057],[121.48984,18.05124],[121.49008,18.05129],[121.48993,18.05053],[121.48989,18.05048],[121.48976,18.05057]],[[121.48988,18.05024],[121.48996,18.05032],[121.48999,18.05021],[121.48988,18.05024]],[[121.50594,18.05791],[121.50612,18.05807],[121.50655,18.05811],[121.50623,18.05771],[121.50594,18.05791]],[[121.50655,18.05811],[121.50655,18.0582],[121.50664,18.0582],[121.50664,18.05811],[121.50655,18.05811]],[[121.50664,18.0582],[121.50668,18.05831],[121.50676,18.05823],[121.50664,18.0582]]],[[[121.51692,18.04897],[121.51749,18.04898],[121.51749,18.04907],[121.51702,18.04906],[121.51701,18.04943],[121.51692,18.04943],[121.51692,18.04897]]],[[[121.51701,18.04943],[121.51711,18.04943],[121.51711,18.04961],[121.51701,18.04961],[121.51701,18.04943]]],[[[121.51749,18.04907],[121.5176,18.0491],[121.51752,18.04918],[121.51749,18.04907]]],[[[121.51765,18.04921],[121.51777,18.04916],[121.51773,18.04937],[121.51765,18.04921]]],[[[121.51773,18.04951],[121.51786,18.04943],[121.51782,18.04982],[121.51773,18.04951]]],[[[121.51784,18.05003],[121.51792,18.04996],[121.51795,18.05007],[121.51784,18.05003]]],[[[121.51795,18.05007],[121.51824,18.05007],[121.51824,18.05016],[121.51795,18.05016],[121.51795,18.05007]]],[[[121.51824,18.05007],[121.51848,18.04973],[121.51852,18.04998],[121.51843,18.04998],[121.51843,18.05007],[121.51824,18.05007]]],[[[121.52542,18.06064],[121.5255,18.06032],[121.5258,18.06025],[121.52573,18.06049],[121.52542,18.06064]]],[[[121.52596,18.09597],[121.52607,18.09594],[121.52604,18.09605],[121.52596,18.09597]]],[[[121.52621,18.0875],[121.52637,18.08742],[121.52643,18.08754],[121.52621,18.0875]]],[[[121.52641,18.09753],[121.52653,18.09748],[121.52649,18.09769],[121.52641,18.09753]]],[[[121.52641,18.09823],[121.52653,18.0982],[121.52649,18.09831],[121.52641,18.09823]]],[[[121.52643,18.08754],[121.52679,18.08758],[121.52703,18.08784],[121.52652,18.08768],[121.52643,18.08754]]],[[[121.52651,18.09661],[121.52673,18.09658],[121.52668,18.09669],[121.52651,18.09661]]],[[[121.52652,18.09625],[121.52664,18.09622],[121.5266,18.09633],[121.52652,18.09625]]],[[[121.52653,18.09543],[121.52664,18.0954],[121.52661,18.09551],[121.52653,18.09543]]],[[[121.52653,18.0982],[121.52656,18.09809],[121.52664,18.09817],[121.52653,18.0982]]],[[[121.5266,18.09689],[121.52692,18.09685],[121.52685,18.09697],[121.5266,18.09689]]],[[[121.52669,18.0986],[121.52681,18.09857],[121.52677,18.09868],[121.52669,18.0986]]],[[[121.52678,18.08803],[121.52689,18.088],[121.52686,18.08811],[121.52678,18.08803]]],[[[121.52681,18.09526],[121.52693,18.09523],[121.5269,18.09533],[121.52681,18.09526]]],[[[121.52682,18.09435],[121.52694,18.09432],[121.5269,18.09443],[121.52682,18.09435]]],[[[121.52682,18.09471],[121.52693,18.09468],[121.5269,18.09479],[121.52682,18.09471]]],[[[121.52683,18.09354],[121.52694,18.09351],[121.52691,18.09362],[121.52683,18.09354]]],[[[121.52686,18.09417],[121.52706,18.09411],[121.52716,18.09428],[121.52694,18.09432],[121.52686,18.09417]]],[[[121.52687,18.09635],[121.52726,18.09627],[121.52724,18.09609],[121.52735,18.096],[121.5274,18.09577],[121.52787,18.09599],[121.52799,18.09583],[121.52755,18.09568],[121.52779,18.09548],[121.52819,18.09559],[121.52831,18.09541],[121.52847,18.09565],[121.52853,18.09569],[121.52853,18.09596],[121.52872,18.09596],[121.52872,18.09623],[121.52881,18.09623],[121.52885,18.09609],[121.52919,18.09601],[121.52907,18.0954],[121.52925,18.09537],[121.52935,18.09573],[121.52945,18.09544],[121.52941,18.09521],[121.52962,18.09517],[121.52974,18.09546],[121.52983,18.09527],[121.5298,18.09511],[121.53009,18.09491],[121.5299,18.09473],[121.52963,18.09477],[121.52971,18.09447],[121.5299,18.09434],[121.52954,18.09409],[121.5299,18.09399],[121.53006,18.0942],[121.53011,18.09412],[121.53008,18.09394],[121.53026,18.09382],[121.53038,18.09366],[121.53065,18.09371],[121.53053,18.09345],[121.53084,18.09337],[121.53095,18.09321],[121.53143,18.09313],[121.53134,18.09292],[121.53113,18.09297],[121.53084,18.09286],[121.53115,18.09267],[121.53105,18.09233],[121.53077,18.0924],[121.53057,18.09267],[121.53048,18.0925],[121.5306,18.09232],[121.53057,18.09218],[121.53068,18.09204],[121.53078,18.09196],[121.53088,18.09187],[121.5304,18.09177],[121.53079,18.09169],[121.53078,18.09141],[121.53098,18.0915],[121.53117,18.0916],[121.53116,18.09134],[121.53145,18.09106],[121.53155,18.09106],[121.53164,18.09097],[121.53202,18.09085],[121.53192,18.09078],[121.53145,18.09079],[121.53145,18.09069],[121.53231,18.09044],[121.53204,18.09017],[121.53177,18.09003],[121.53138,18.09042],[121.53126,18.08979],[121.53108,18.08988],[121.53123,18.09016],[121.53081,18.09014],[121.53061,18.09024],[121.53047,18.09051],[121.53032,18.09032],[121.53033,18.0901],[121.53032,18.08988],[121.53061,18.08987],[121.53066,18.08992],[121.53098,18.09004],[121.53061,18.08952],[121.53062,18.08942],[121.53052,18.08934],[121.53029,18.08909],[121.52992,18.08886],[121.52967,18.08852],[121.52969,18.08834],[121.52963,18.0882],[121.52996,18.08827],[121.52985,18.08798],[121.52913,18.08783],[121.52866,18.08811],[121.52884,18.0877],[121.52881,18.08754],[121.52904,18.0874],[121.52926,18.08744],[121.52952,18.0874],[121.53003,18.08773],[121.53031,18.08812],[121.53063,18.08806],[121.53089,18.08811],[121.531,18.08797],[121.53115,18.08794],[121.53121,18.08742],[121.53156,18.08745],[121.5321,18.08727],[121.53234,18.08736],[121.53267,18.08754],[121.533,18.08756],[121.53297,18.08714],[121.53337,18.087],[121.53361,18.08696],[121.53369,18.08686],[121.53426,18.08704],[121.53456,18.08697],[121.53494,18.08706],[121.53509,18.08684],[121.53505,18.08667],[121.53571,18.08682],[121.53613,18.08667],[121.53621,18.08636],[121.53641,18.08641],[121.53649,18.0863],[121.53655,18.08626],[121.53658,18.08641],[121.53674,18.08648],[121.53687,18.0863],[121.53709,18.08616],[121.53737,18.08634],[121.53757,18.0863],[121.53753,18.08613],[121.53759,18.08587],[121.53783,18.08578],[121.53799,18.08557],[121.53822,18.08542],[121.5383,18.08531],[121.53839,18.08543],[121.53878,18.08535],[121.53916,18.08481],[121.53924,18.0846],[121.53945,18.08453],[121.53963,18.08442],[121.54006,18.08452],[121.54023,18.08428],[121.54063,18.08437],[121.54055,18.08469],[121.54065,18.08488],[121.54082,18.08446],[121.54139,18.08483],[121.54155,18.08479],[121.54166,18.08495],[121.54189,18.08503],[121.54201,18.08475],[121.54235,18.08496],[121.54266,18.08508],[121.54278,18.08525],[121.54295,18.085],[121.54276,18.08471],[121.54303,18.08475],[121.54312,18.08454],[121.54323,18.08447],[121.54327,18.08442],[121.54339,18.08449],[121.54342,18.08465],[121.54323,18.08477],[121.54331,18.08493],[121.54361,18.08474],[121.54368,18.08464],[121.54425,18.08455],[121.544,18.08441],[121.54366,18.08448],[121.54372,18.08424],[121.54369,18.0841],[121.54375,18.08397],[121.5435,18.08391],[121.54336,18.08411],[121.54314,18.08412],[121.54334,18.08382],[121.54312,18.08374],[121.54315,18.08364],[121.54281,18.08347],[121.54288,18.08386],[121.54261,18.084],[121.54276,18.0833],[121.543,18.08324],[121.54295,18.08301],[121.54268,18.08289],[121.54287,18.08274],[121.54284,18.08235],[121.54327,18.08283],[121.54353,18.0827],[121.5435,18.08232],[121.54379,18.08193],[121.54363,18.08175],[121.54352,18.08166],[121.54372,18.0815],[121.5436,18.08099],[121.54335,18.08078],[121.54363,18.08074],[121.54382,18.08095],[121.54391,18.08085],[121.5441,18.08069],[121.54381,18.08057],[121.54355,18.08059],[121.54353,18.08031],[121.54368,18.08006],[121.54302,18.07999],[121.54307,18.07985],[121.54326,18.07976],[121.54324,18.07937],[121.54352,18.07967],[121.54364,18.07968],[121.54392,18.07966],[121.54402,18.0801],[121.54436,18.08025],[121.54452,18.08058],[121.54458,18.0805],[121.54467,18.08031],[121.54477,18.08023],[121.54488,18.08001],[121.54543,18.08039],[121.54609,18.08015],[121.54637,18.08001],[121.54647,18.08033],[121.54656,18.08033],[121.54682,18.08034],[121.54696,18.07979],[121.54704,18.07988],[121.54731,18.08029],[121.54748,18.07978],[121.5478,18.0798],[121.54798,18.07961],[121.54817,18.07945],[121.54797,18.07943],[121.54745,18.0797],[121.54739,18.07954],[121.54761,18.07943],[121.54789,18.07931],[121.5478,18.07907],[121.54762,18.07891],[121.54789,18.07888],[121.54799,18.07907],[121.54798,18.07925],[121.54818,18.07935],[121.54896,18.07932],[121.54922,18.07945],[121.54941,18.07944],[121.54938,18.07989],[121.5495,18.0799],[121.54978,18.07981],[121.54992,18.07982],[121.55007,18.07981],[121.55018,18.08018],[121.55053,18.08036],[121.55067,18.08035],[121.55086,18.08037],[121.55119,18.08035],[121.55119,18.08056],[121.55138,18.08072],[121.55163,18.08099],[121.5518,18.08059],[121.55165,18.08055],[121.55167,18.08036],[121.55145,18.08027],[121.55157,18.08],[121.55188,18.08003],[121.55216,18.07957],[121.55212,18.07918],[121.55244,18.07893],[121.55252,18.07883],[121.55271,18.07869],[121.55272,18.07857],[121.55269,18.07821],[121.55282,18.0782],[121.55317,18.07845],[121.55338,18.07794],[121.55358,18.07767],[121.55377,18.07704],[121.55389,18.07694],[121.55398,18.07618],[121.55396,18.07605],[121.55399,18.07582],[121.55396,18.07553],[121.55454,18.07514],[121.55492,18.07499],[121.55483,18.07487],[121.55468,18.07475],[121.55501,18.07392],[121.55525,18.07365],[121.55551,18.07345],[121.5559,18.07261],[121.55673,18.07269],[121.55717,18.07246],[121.55768,18.07264],[121.55786,18.07274],[121.55842,18.0729],[121.5588,18.0732],[121.5591,18.07337],[121.5592,18.07398],[121.55975,18.0741],[121.55983,18.07465],[121.55995,18.07475],[121.56014,18.07523],[121.55982,18.07564],[121.56015,18.07578],[121.56044,18.07643],[121.56114,18.07674],[121.56171,18.07682],[121.56237,18.0771],[121.56375,18.07728],[121.56416,18.07756],[121.56448,18.0781],[121.56537,18.0782],[121.56541,18.07781],[121.56526,18.07743],[121.56574,18.07681],[121.56582,18.07654],[121.56567,18.07658],[121.56525,18.0769],[121.56525,18.07672],[121.56535,18.07672],[121.56535,18.07663],[121.56557,18.0765],[121.56566,18.07621],[121.56543,18.07589],[121.56561,18.07563],[121.56583,18.07557],[121.56619,18.07567],[121.56645,18.07552],[121.56649,18.07546],[121.56677,18.07546],[121.56706,18.07547],[121.56715,18.07547],[121.56715,18.07556],[121.56791,18.07556],[121.56791,18.07565],[121.5681,18.07566],[121.56819,18.07566],[121.56819,18.07575],[121.56847,18.07575],[121.56847,18.07584],[121.56866,18.07584],[121.56866,18.07593],[121.56885,18.07593],[121.56885,18.07602],[121.56904,18.07602],[121.56904,18.07611],[121.56932,18.07612],[121.56932,18.07603],[121.56947,18.07599],[121.56965,18.07553],[121.56989,18.07522],[121.57084,18.07522],[121.57084,18.07513],[121.57103,18.07513],[121.57103,18.07495],[121.57112,18.07495],[121.57113,18.07468],[121.57103,18.07468],[121.57103,18.07459],[121.57094,18.07459],[121.57094,18.0745],[121.57084,18.0745],[121.57071,18.07437],[121.57047,18.07425],[121.57012,18.07373],[121.56922,18.07417],[121.56891,18.07404],[121.56901,18.07343],[121.56958,18.07292],[121.56968,18.07264],[121.56982,18.07224],[121.56912,18.07207],[121.56983,18.07143],[121.57,18.07095],[121.57017,18.07111],[121.57039,18.07156],[121.57064,18.07097],[121.57055,18.07075],[121.5705,18.0707],[121.5705,18.07043],[121.57041,18.07043],[121.57041,18.07034],[121.57031,18.07034],[121.57024,18.0702],[121.57003,18.07016],[121.56981,18.06969],[121.56994,18.06916],[121.57004,18.06916],[121.57004,18.06907],[121.57023,18.06907],[121.57023,18.06898],[121.57047,18.06895],[121.57094,18.06868],[121.57161,18.06894],[121.5717,18.06887],[121.57175,18.06827],[121.57184,18.06827],[121.57184,18.06791],[121.57175,18.06791],[121.57175,18.06782],[121.57168,18.06744],[121.57142,18.06733],[121.57128,18.06716],[121.57091,18.06711],[121.57033,18.06744],[121.5704,18.06801],[121.57019,18.06813],[121.56925,18.06821],[121.56887,18.06866],[121.56874,18.06946],[121.56849,18.06948],[121.56832,18.06919],[121.56821,18.06829],[121.5681,18.0682],[121.56813,18.06797],[121.56808,18.06756],[121.56826,18.06743],[121.56822,18.06711],[121.56808,18.06676],[121.56821,18.06648],[121.56857,18.06605],[121.56861,18.06576],[121.5685,18.06567],[121.56861,18.0655],[121.5686,18.0654],[121.5687,18.06523],[121.56879,18.06504],[121.56899,18.06496],[121.56897,18.0648],[121.56915,18.0646],[121.56937,18.06451],[121.56936,18.06436],[121.56974,18.06421],[121.56961,18.0641],[121.56983,18.06386],[121.57014,18.06388],[121.57044,18.06357],[121.5707,18.06371],[121.5708,18.06339],[121.57118,18.06308],[121.57127,18.06298],[121.5716,18.0632],[121.57174,18.06308],[121.57183,18.0628],[121.57194,18.06281],[121.57192,18.06254],[121.57194,18.06236],[121.57193,18.06219],[121.57237,18.06217],[121.5727,18.06231],[121.5733,18.06263],[121.57376,18.06266],[121.57453,18.06255],[121.57521,18.0622],[121.57555,18.06233],[121.57551,18.0629],[121.57569,18.0631],[121.57606,18.06255],[121.57642,18.06274],[121.57628,18.06229],[121.57591,18.06197],[121.576,18.06166],[121.57617,18.06151],[121.57586,18.06137],[121.57546,18.06077],[121.57393,18.06066],[121.57364,18.06055],[121.57257,18.06061],[121.57195,18.06033],[121.57167,18.06018],[121.57102,18.06006],[121.57099,18.05966],[121.5711,18.05955],[121.57148,18.05944],[121.57129,18.05929],[121.57048,18.05923],[121.57004,18.06],[121.57007,18.06061],[121.56988,18.06094],[121.56986,18.06117],[121.57024,18.06164],[121.57012,18.0624],[121.56957,18.06261],[121.56923,18.06259],[121.56868,18.06278],[121.56844,18.06241],[121.56801,18.06228],[121.56806,18.06204],[121.56826,18.06188],[121.56824,18.06162],[121.56864,18.06159],[121.56888,18.06186],[121.56938,18.06204],[121.56941,18.06167],[121.56929,18.06125],[121.56932,18.06094],[121.56883,18.06053],[121.5687,18.06038],[121.5677,18.06045],[121.56594,18.06024],[121.56505,18.06031],[121.56493,18.06067],[121.56458,18.06086],[121.5641,18.06103],[121.56392,18.06112],[121.56339,18.06124],[121.5632,18.06156],[121.56304,18.06188],[121.56278,18.06202],[121.5622,18.06218],[121.5611,18.06282],[121.56021,18.06317],[121.55952,18.0637],[121.55888,18.06379],[121.55861,18.06389],[121.55795,18.064],[121.55761,18.06446],[121.55738,18.06452],[121.55732,18.06473],[121.55723,18.06473],[121.55722,18.06482],[121.55722,18.06491],[121.55713,18.06491],[121.55713,18.065],[121.55669,18.06495],[121.55705,18.0648],[121.55723,18.06426],[121.55748,18.06405],[121.55746,18.06382],[121.55671,18.06348],[121.55624,18.06351],[121.55549,18.0632],[121.55492,18.06323],[121.55422,18.0638],[121.55356,18.06419],[121.55321,18.06476],[121.55297,18.06451],[121.55314,18.06406],[121.55402,18.06337],[121.55436,18.06322],[121.55454,18.06313],[121.55508,18.06293],[121.55468,18.06243],[121.55408,18.06232],[121.55393,18.06199],[121.55322,18.06121],[121.55251,18.06099],[121.55221,18.06053],[121.55192,18.06013],[121.55173,18.05983],[121.55174,18.05958],[121.55174,18.05948],[121.55123,18.0595],[121.55075,18.06013],[121.55012,18.06147],[121.55002,18.06165],[121.54992,18.06186],[121.54993,18.06221],[121.55006,18.06233],[121.55006,18.06242],[121.55025,18.06242],[121.55025,18.06251],[121.55035,18.06251],[121.55035,18.0626],[121.54999,18.0625],[121.54937,18.06165],[121.54936,18.06142],[121.54971,18.06052],[121.54985,18.06008],[121.55039,18.0595],[121.55097,18.05935],[121.55178,18.05929],[121.55249,18.0596],[121.55331,18.06029],[121.55361,18.06082],[121.55377,18.06135],[121.55423,18.06206],[121.55483,18.06242],[121.55523,18.06276],[121.5555,18.06306],[121.55633,18.06329],[121.5572,18.06348],[121.55747,18.0636],[121.55787,18.06387],[121.55851,18.0638],[121.55898,18.06361],[121.55962,18.0635],[121.56003,18.06305],[121.56091,18.06269],[121.56217,18.06196],[121.56277,18.06156],[121.56318,18.06132],[121.56392,18.06051],[121.5644,18.06038],[121.56438,18.06014],[121.56487,18.05977],[121.56517,18.05979],[121.56573,18.05934],[121.56591,18.05914],[121.5662,18.05897],[121.56629,18.05888],[121.56644,18.05875],[121.56673,18.05844],[121.56706,18.05835],[121.56734,18.05816],[121.56782,18.05808],[121.56823,18.05794],[121.56889,18.05775],[121.56962,18.05727],[121.57113,18.05711],[121.57162,18.05701],[121.57333,18.05689],[121.57391,18.05721],[121.57463,18.05742],[121.57541,18.05796],[121.57609,18.05837],[121.57664,18.05913],[121.5768,18.06016],[121.57705,18.06071],[121.57733,18.06095],[121.57773,18.06139],[121.57818,18.06158],[121.5784,18.06183],[121.57973,18.06168],[121.5799,18.06109],[121.57988,18.06075],[121.58019,18.06009],[121.58074,18.05964],[121.58084,18.05944],[121.58177,18.05841],[121.58208,18.0579],[121.58296,18.05722],[121.58369,18.05703],[121.58396,18.05727],[121.5844,18.05804],[121.58529,18.05865],[121.58566,18.05894],[121.58604,18.0592],[121.5865,18.05955],[121.58698,18.05966],[121.5874,18.05981],[121.58774,18.05967],[121.58778,18.05963],[121.58806,18.05963],[121.58806,18.05954],[121.58835,18.05954],[121.5883,18.05959],[121.58767,18.05993],[121.58814,18.06003],[121.58877,18.05961],[121.5895,18.05941],[121.58966,18.05942],[121.5895,18.05982],[121.58856,18.05998],[121.58811,18.06028],[121.58735,18.06039],[121.58688,18.06057],[121.58607,18.06065],[121.5857,18.06126],[121.58512,18.06136],[121.58476,18.06096],[121.58451,18.0611],[121.58422,18.06118],[121.58394,18.06139],[121.58417,18.06179],[121.58479,18.0619],[121.5849,18.06203],[121.58484,18.06271],[121.58524,18.06305],[121.58552,18.06381],[121.58462,18.06434],[121.58415,18.06408],[121.58361,18.06426],[121.58342,18.06466],[121.5832,18.06478],[121.58335,18.06452],[121.58344,18.0642],[121.58324,18.06366],[121.5825,18.06334],[121.58252,18.06311],[121.5825,18.06293],[121.58183,18.06298],[121.58166,18.06333],[121.58142,18.0636],[121.58126,18.06307],[121.58075,18.06297],[121.58062,18.0636],[121.58047,18.06409],[121.58071,18.06449],[121.58081,18.06471],[121.58078,18.06503],[121.58112,18.06509],[121.58117,18.06514],[121.58155,18.06522],[121.58192,18.06533],[121.58253,18.06546],[121.58306,18.06605],[121.58324,18.06633],[121.58365,18.06683],[121.58375,18.06692],[121.58375,18.06701],[121.58385,18.06701],[121.58385,18.0671],[121.58404,18.0671],[121.58404,18.06719],[121.58432,18.06719],[121.58432,18.0671],[121.58451,18.0671],[121.58451,18.06701],[121.58466,18.06697],[121.58531,18.06651],[121.58576,18.06626],[121.58589,18.06595],[121.58635,18.06569],[121.58692,18.06578],[121.5876,18.06555],[121.58764,18.0655],[121.5881,18.06543],[121.58832,18.06493],[121.58867,18.06536],[121.5893,18.06529],[121.58934,18.06524],[121.58968,18.06515],[121.59029,18.0648],[121.59085,18.06409],[121.5908,18.06365],[121.591,18.06377],[121.59115,18.06381],[121.59115,18.0639],[121.59134,18.0639],[121.59144,18.06403],[121.5921,18.06393],[121.59224,18.06347],[121.5927,18.06313],[121.59276,18.06291],[121.59286,18.06292],[121.59286,18.06283],[121.59319,18.06254],[121.59284,18.06208],[121.59192,18.062],[121.59187,18.06196],[121.59168,18.06187],[121.59117,18.0616],[121.59081,18.06158],[121.59031,18.06211],[121.5897,18.06214],[121.58955,18.06167],[121.58888,18.06218],[121.58861,18.06264],[121.58893,18.06292],[121.58838,18.06303],[121.58785,18.06275],[121.58742,18.0632],[121.58751,18.06366],[121.58788,18.06398],[121.58776,18.06428],[121.5876,18.06419],[121.58732,18.064],[121.58699,18.06396],[121.58704,18.06382],[121.58714,18.06365],[121.58723,18.0631],[121.58742,18.06261],[121.58723,18.06249],[121.58664,18.06269],[121.5863,18.06246],[121.58555,18.06234],[121.58552,18.06202],[121.58573,18.06191],[121.58661,18.06183],[121.58692,18.0615],[121.58774,18.0618],[121.58791,18.06166],[121.58805,18.06122],[121.5887,18.06157],[121.58886,18.06149],[121.58902,18.06131],[121.58932,18.06119],[121.58944,18.06068],[121.58952,18.06076],[121.58966,18.06121],[121.59023,18.06126],[121.59082,18.06095],[121.59148,18.06101],[121.59196,18.06081],[121.59216,18.06047],[121.59219,18.06012],[121.59169,18.05997],[121.59142,18.05987],[121.59096,18.05974],[121.59078,18.05934],[121.59032,18.05918],[121.5892,18.05927],[121.5892,18.05918],[121.5893,18.05918],[121.58978,18.05911],[121.58986,18.05901],[121.59024,18.05901],[121.59024,18.05892],[121.59059,18.05889],[121.59132,18.05866],[121.59138,18.05857],[121.59152,18.05853],[121.59195,18.05824],[121.59238,18.05753],[121.59268,18.05716],[121.59384,18.05674],[121.59512,18.05702],[121.59582,18.05711],[121.59693,18.0575],[121.59836,18.05743],[121.59898,18.05765],[121.59958,18.05797],[121.59955,18.0584],[121.59984,18.05853],[121.60013,18.05869],[121.60039,18.05921],[121.59861,18.05932],[121.59819,18.06026],[121.59796,18.06066],[121.59826,18.06107],[121.59911,18.06133],[121.59956,18.06149],[121.5999,18.06222],[121.60019,18.06246],[121.60037,18.06266],[121.60072,18.06276],[121.60178,18.06348],[121.60195,18.06357],[121.60149,18.06299],[121.60152,18.06268],[121.60138,18.06243],[121.60083,18.06227],[121.60085,18.06194],[121.60067,18.0616],[121.60136,18.06113],[121.60199,18.06182],[121.60264,18.06194],[121.60289,18.06247],[121.6034,18.06258],[121.60361,18.06196],[121.60483,18.06093],[121.60528,18.06021],[121.60576,18.05998],[121.60586,18.06064],[121.6061,18.06106],[121.60628,18.06144],[121.60646,18.06177],[121.60661,18.06256],[121.6066,18.06274],[121.60639,18.06327],[121.60651,18.06382],[121.6065,18.06405],[121.6065,18.06414],[121.60649,18.06424],[121.60663,18.06503],[121.60658,18.06586],[121.60659,18.06609],[121.60657,18.06636],[121.60658,18.06663],[121.60656,18.067],[121.6063,18.06712],[121.60611,18.06631],[121.60588,18.06621],[121.60559,18.06589],[121.60565,18.06506],[121.6051,18.06495],[121.60463,18.06526],[121.6045,18.06614],[121.60476,18.06662],[121.60552,18.06715],[121.60562,18.06757],[121.60574,18.06802],[121.60631,18.06837],[121.60667,18.06898],[121.60703,18.06929],[121.60725,18.06953],[121.60746,18.06971],[121.6091,18.06985],[121.60996,18.06998],[121.6104,18.07028],[121.61013,18.0704],[121.6099,18.07095],[121.61003,18.07131],[121.61012,18.07176],[121.61027,18.07203],[121.6104,18.0726],[121.61059,18.07294],[121.61068,18.07314],[121.61012,18.07311],[121.60948,18.0726],[121.60937,18.07211],[121.60923,18.07188],[121.60842,18.07157],[121.60824,18.07129],[121.60795,18.07121],[121.60786,18.07108],[121.60834,18.07068],[121.609,18.07085],[121.60918,18.07056],[121.60898,18.07038],[121.60853,18.07041],[121.60835,18.0702],[121.60798,18.07022],[121.60763,18.07003],[121.60716,18.07053],[121.60721,18.07139],[121.60776,18.07156],[121.60793,18.07192],[121.60827,18.07221],[121.6085,18.07293],[121.60888,18.07361],[121.60899,18.07471],[121.60965,18.07518],[121.61008,18.07565],[121.61066,18.07574],[121.61094,18.07593],[121.61137,18.07582],[121.6115,18.07586],[121.61117,18.07615],[121.611,18.07633],[121.61028,18.07673],[121.6097,18.07627],[121.60938,18.07628],[121.60886,18.07655],[121.60833,18.07724],[121.60789,18.07701],[121.60794,18.07629],[121.60753,18.07617],[121.60773,18.0759],[121.60771,18.07572],[121.60753,18.07592],[121.60714,18.07589],[121.60698,18.07571],[121.60675,18.07561],[121.60651,18.07535],[121.60605,18.07537],[121.6059,18.0752],[121.60575,18.07507],[121.6058,18.07485],[121.60556,18.07471],[121.60537,18.07448],[121.60539,18.07432],[121.60519,18.07399],[121.60507,18.0736],[121.60511,18.07335],[121.605,18.07326],[121.6048,18.07295],[121.60458,18.07277],[121.60445,18.07262],[121.60431,18.07263],[121.60378,18.07199],[121.60329,18.07181],[121.60302,18.07212],[121.60272,18.07195],[121.60245,18.07198],[121.60247,18.07217],[121.60223,18.07214],[121.60204,18.07217],[121.6019,18.07215],[121.6015,18.07242],[121.60155,18.07279],[121.60133,18.07277],[121.60128,18.07283],[121.60095,18.07287],[121.60096,18.07314],[121.60066,18.07323],[121.60057,18.07332],[121.60046,18.07341],[121.60029,18.07304],[121.60019,18.07295],[121.60029,18.07277],[121.60026,18.07269],[121.59987,18.07288],[121.59972,18.07305],[121.59963,18.07277],[121.59914,18.07221],[121.59918,18.07169],[121.59891,18.07096],[121.59921,18.07055],[121.59946,18.07034],[121.59954,18.07006],[121.59927,18.07034],[121.59904,18.06999],[121.59795,18.0696],[121.59773,18.06948],[121.59739,18.06959],[121.59624,18.06971],[121.59559,18.06957],[121.59474,18.06948],[121.59408,18.06911],[121.59389,18.06903],[121.59371,18.06893],[121.59351,18.06884],[121.59339,18.06871],[121.593,18.06891],[121.59253,18.06866],[121.59275,18.06907],[121.59286,18.06941],[121.59314,18.06965],[121.59322,18.06992],[121.59332,18.07001],[121.59342,18.07033],[121.5934,18.07058],[121.59374,18.07051],[121.5935,18.07083],[121.59273,18.07167],[121.592,18.07182],[121.5916,18.0718],[121.59161,18.07199],[121.59137,18.07212],[121.59125,18.07198],[121.59111,18.07199],[121.59071,18.0715],[121.59019,18.07157],[121.5901,18.07124],[121.58969,18.07095],[121.5894,18.07099],[121.58915,18.07089],[121.58895,18.07064],[121.58856,18.07091],[121.58835,18.07065],[121.58815,18.07057],[121.58803,18.07065],[121.58822,18.07078],[121.5883,18.07098],[121.58778,18.0711],[121.58774,18.07077],[121.5875,18.07105],[121.58735,18.07097],[121.58722,18.07081],[121.58691,18.07116],[121.58647,18.07099],[121.58665,18.0713],[121.58641,18.0714],[121.58631,18.07179],[121.58593,18.07175],[121.58595,18.07195],[121.58592,18.07221],[121.58613,18.07213],[121.58612,18.07202],[121.5868,18.0721],[121.58735,18.07195],[121.58756,18.07197],[121.58792,18.07187],[121.58822,18.07177],[121.58839,18.07179],[121.58874,18.07167],[121.58952,18.0716],[121.58938,18.07177],[121.58876,18.07187],[121.5883,18.07197],[121.58772,18.07205],[121.58735,18.07214],[121.58678,18.07222],[121.58612,18.0724],[121.5852,18.07263],[121.58507,18.07284],[121.58495,18.07311],[121.58468,18.0728],[121.58441,18.07321],[121.58421,18.07309],[121.58424,18.0734],[121.58394,18.07336],[121.58389,18.07342],[121.58376,18.07354],[121.58395,18.07401],[121.58412,18.07365],[121.58424,18.07365],[121.58421,18.07401],[121.58422,18.0741],[121.58394,18.07434],[121.58384,18.07455],[121.58357,18.07478],[121.58304,18.07559],[121.58308,18.07499],[121.58269,18.07501],[121.5827,18.0752],[121.58206,18.07535],[121.58166,18.07507],[121.58156,18.07535],[121.5813,18.07533],[121.58098,18.07544],[121.5808,18.07543],[121.58066,18.07544],[121.58052,18.07543],[121.58042,18.07543],[121.58043,18.07561],[121.57999,18.07574],[121.57977,18.07597],[121.57956,18.07596],[121.57958,18.07621],[121.57918,18.07632],[121.5793,18.07642],[121.57927,18.07677],[121.57938,18.07696],[121.57935,18.07705],[121.579,18.07667],[121.57886,18.077],[121.57862,18.07696],[121.57853,18.07686],[121.57815,18.07679],[121.57844,18.07703],[121.57864,18.07725],[121.57858,18.07749],[121.57824,18.07712],[121.57805,18.07713],[121.57786,18.07712],[121.57788,18.07749],[121.57813,18.07722],[121.57823,18.07765],[121.57775,18.07748],[121.57742,18.0775],[121.5773,18.07747],[121.57749,18.07731],[121.57753,18.07717],[121.57739,18.07722],[121.57718,18.0772],[121.57721,18.07758],[121.57644,18.07784],[121.57635,18.07793],[121.57617,18.07808],[121.57606,18.07825],[121.5763,18.07838],[121.57647,18.07803],[121.57662,18.07866],[121.57674,18.07865],[121.5767,18.07903],[121.57698,18.07926],[121.5767,18.07938],[121.57681,18.07956],[121.57661,18.07965],[121.57643,18.07976],[121.57671,18.08],[121.57718,18.0801],[121.57727,18.08018],[121.57623,18.08028],[121.57584,18.08041],[121.57586,18.08059],[121.57584,18.08073],[121.57595,18.08082],[121.57546,18.08109],[121.57548,18.08133],[121.57505,18.08145],[121.5749,18.08144],[121.57481,18.08148],[121.57509,18.08171],[121.57513,18.08176],[121.57531,18.0818],[121.57513,18.08202],[121.5752,18.08217],[121.57514,18.0823],[121.57523,18.08252],[121.57499,18.08242],[121.57491,18.08215],[121.57475,18.08212],[121.57465,18.08256],[121.57475,18.08289],[121.57489,18.08262],[121.57495,18.08253],[121.57507,18.08284],[121.5746,18.08298],[121.5747,18.08316],[121.57478,18.08343],[121.5746,18.08325],[121.5745,18.08316],[121.57451,18.08343],[121.57441,18.0837],[121.57441,18.08389],[121.5742,18.08388],[121.57393,18.08415],[121.57412,18.08415],[121.57421,18.08436],[121.57383,18.08469],[121.57393,18.08488],[121.57365,18.08486],[121.57355,18.0849],[121.57393,18.08514],[121.57355,18.08531],[121.57345,18.0855],[121.57326,18.08559],[121.57314,18.08571],[121.57317,18.08595],[121.57352,18.0856],[121.57367,18.08607],[121.57346,18.08645],[121.57368,18.08685],[121.5739,18.08732],[121.57372,18.08731],[121.57359,18.08731],[121.57374,18.08773],[121.57394,18.0881],[121.57409,18.08794],[121.57418,18.08813],[121.57451,18.08817],[121.57456,18.08794],[121.57468,18.08795],[121.57514,18.08846],[121.57509,18.08924],[121.57551,18.08897],[121.57549,18.08922],[121.57598,18.08931],[121.57595,18.08967],[121.57606,18.08976],[121.57617,18.08999],[121.57613,18.09013],[121.57584,18.0898],[121.5752,18.09029],[121.57511,18.09066],[121.57483,18.09078],[121.57458,18.09154],[121.57417,18.09178],[121.57404,18.09204],[121.57407,18.09249],[121.57366,18.09273],[121.57348,18.09345],[121.57336,18.09366],[121.5718,18.09392],[121.57207,18.09455],[121.57204,18.09493],[121.57206,18.09537],[121.57161,18.09564],[121.57132,18.09607],[121.57103,18.09719],[121.57059,18.09731],[121.56996,18.09689],[121.56953,18.09675],[121.56872,18.09679],[121.56835,18.09666],[121.56806,18.09658],[121.56759,18.09641],[121.56741,18.09654],[121.56788,18.09675],[121.56806,18.09685],[121.56844,18.09694],[121.56865,18.09704],[121.56924,18.09701],[121.56975,18.09705],[121.57023,18.09741],[121.57081,18.09762],[121.57122,18.09748],[121.57138,18.09656],[121.57169,18.09574],[121.57214,18.09561],[121.57226,18.09537],[121.57224,18.09489],[121.57226,18.09449],[121.57211,18.09407],[121.5731,18.0939],[121.57359,18.09378],[121.57386,18.09298],[121.57424,18.09266],[121.57436,18.09206],[121.57483,18.09167],[121.57512,18.09108],[121.57548,18.09077],[121.57558,18.09048],[121.57569,18.0904],[121.57593,18.09066],[121.57642,18.09096],[121.57623,18.09112],[121.57614,18.09121],[121.57576,18.0913],[121.57586,18.09149],[121.57584,18.09179],[121.57566,18.09211],[121.57586,18.09229],[121.57604,18.09268],[121.57603,18.09284],[121.57605,18.09293],[121.57627,18.09269],[121.57642,18.09314],[121.5764,18.09339],[121.57661,18.09357],[121.57658,18.09403],[121.57682,18.09401],[121.57692,18.09434],[121.57715,18.09416],[121.57696,18.09384],[121.57715,18.09369],[121.57744,18.09385],[121.57765,18.09383],[121.57763,18.09403],[121.57773,18.09431],[121.57827,18.09426],[121.57844,18.09391],[121.57905,18.09374],[121.57914,18.09396],[121.57942,18.09393],[121.57952,18.09403],[121.579,18.09417],[121.57907,18.09439],[121.57933,18.09431],[121.57953,18.09421],[121.57971,18.09422],[121.57988,18.09404],[121.58018,18.09413],[121.58018,18.09424],[121.58037,18.0944],[121.58046,18.0945],[121.58084,18.09459],[121.58103,18.09469],[121.58166,18.09458],[121.58225,18.09482],[121.58217,18.09451],[121.58197,18.09442],[121.58198,18.09424],[121.58187,18.09414],[121.58189,18.09387],[121.58188,18.09378],[121.58228,18.0937],[121.58226,18.09325],[121.58236,18.09324],[121.58271,18.09327],[121.58291,18.0931],[121.58303,18.09289],[121.58312,18.09262],[121.58332,18.09253],[121.58383,18.09227],[121.58398,18.09226],[121.58412,18.09227],[121.58435,18.09226],[121.58454,18.09236],[121.58464,18.09236],[121.58478,18.09237],[121.58497,18.09236],[121.58521,18.09237],[121.58539,18.09218],[121.58569,18.09193],[121.58567,18.09143],[121.58622,18.09068],[121.58636,18.0902],[121.58618,18.08989],[121.58646,18.08974],[121.58715,18.08979],[121.58762,18.08951],[121.58756,18.08843],[121.58778,18.08831],[121.58847,18.0882],[121.58873,18.08798],[121.58874,18.08787],[121.58872,18.08747],[121.58898,18.08693],[121.58912,18.08679],[121.58931,18.08663],[121.58932,18.08647],[121.58931,18.08626],[121.58942,18.08598],[121.58921,18.0858],[121.58926,18.08509],[121.58911,18.08496],[121.58931,18.08454],[121.58952,18.08444],[121.58962,18.08445],[121.58971,18.08426],[121.59031,18.08416],[121.59105,18.08326],[121.59176,18.08202],[121.59183,18.08214],[121.59161,18.08288],[121.59172,18.08294],[121.59286,18.08269],[121.59312,18.08224],[121.59302,18.08133],[121.59259,18.08056],[121.5929,18.07993],[121.59322,18.0796],[121.59353,18.07941],[121.59417,18.0789],[121.5957,18.07857],[121.59585,18.07906],[121.59636,18.07889],[121.59655,18.0789],[121.59674,18.07889],[121.5973,18.07893],[121.59778,18.07881],[121.59816,18.07891],[121.59867,18.07902],[121.59886,18.07923],[121.59929,18.07936],[121.59987,18.07971],[121.60071,18.07982],[121.60149,18.08035],[121.60196,18.08048],[121.60227,18.08046],[121.60232,18.08122],[121.60217,18.08196],[121.60239,18.08229],[121.60244,18.08187],[121.60253,18.08187],[121.60253,18.08259],[121.60252,18.08278],[121.60248,18.08319],[121.60233,18.08341],[121.60224,18.08341],[121.60223,18.0835],[121.60214,18.0835],[121.60214,18.08359],[121.60204,18.08359],[121.60204,18.08368],[121.60195,18.08367],[121.60195,18.08377],[121.60185,18.08376],[121.60185,18.08385],[121.60118,18.08388],[121.6011,18.08403],[121.60091,18.08403],[121.60091,18.08412],[121.60036,18.08408],[121.60044,18.08393],[121.60072,18.08394],[121.60072,18.08385],[121.60091,18.08385],[121.60091,18.08367],[121.601,18.08367],[121.60101,18.08349],[121.6011,18.08349],[121.6011,18.0834],[121.6016,18.08336],[121.60175,18.08298],[121.60219,18.08235],[121.60208,18.08211],[121.60175,18.08199],[121.60202,18.08165],[121.60206,18.08142],[121.60219,18.08134],[121.6021,18.08101],[121.60188,18.08087],[121.60172,18.08066],[121.6015,18.0806],[121.60142,18.08049],[121.60108,18.08036],[121.60076,18.08028],[121.60056,18.08002],[121.59986,18.0799],[121.59905,18.07982],[121.59867,18.07959],[121.59824,18.07965],[121.59793,18.07927],[121.59683,18.07934],[121.59637,18.07953],[121.59596,18.07963],[121.59514,18.08049],[121.59502,18.08113],[121.59483,18.08105],[121.59466,18.08043],[121.59438,18.07998],[121.59418,18.07995],[121.59372,18.08014],[121.59305,18.08023],[121.59286,18.08053],[121.59304,18.08095],[121.59309,18.08099],[121.59309,18.08135],[121.59318,18.08135],[121.59318,18.08162],[121.59327,18.08162],[121.59327,18.0818],[121.59334,18.08317],[121.59311,18.08358],[121.59264,18.08378],[121.59202,18.08409],[121.5916,18.08419],[121.59113,18.0843],[121.59084,18.08473],[121.59065,18.08489],[121.59056,18.08508],[121.59046,18.08526],[121.59036,18.08545],[121.59073,18.08578],[121.59092,18.08624],[121.5903,18.08638],[121.58982,18.08686],[121.58969,18.08752],[121.58954,18.08774],[121.58931,18.08779],[121.58922,18.08811],[121.58935,18.08819],[121.58935,18.08828],[121.58944,18.08828],[121.58944,18.08837],[121.58963,18.08837],[121.58963,18.08846],[121.58982,18.08847],[121.58987,18.0886],[121.59001,18.08908],[121.5904,18.08958],[121.59066,18.08965],[121.59075,18.08983],[121.59125,18.09007],[121.59141,18.0901],[121.59148,18.09025],[121.59169,18.09029],[121.59169,18.09038],[121.59188,18.09038],[121.59208,18.09069],[121.5923,18.09123],[121.59191,18.09169],[121.59183,18.09191],[121.59232,18.09206],[121.59228,18.09243],[121.59172,18.09277],[121.59144,18.09295],[121.59092,18.09304],[121.59063,18.09348],[121.59029,18.09375],[121.58996,18.09457],[121.58948,18.09496],[121.58918,18.09529],[121.58887,18.09529],[121.58943,18.09465],[121.58953,18.09384],[121.58975,18.09335],[121.58953,18.09262],[121.58907,18.09249],[121.58861,18.09229],[121.58747,18.09219],[121.58691,18.09279],[121.58678,18.09308],[121.58683,18.09377],[121.58694,18.09387],[121.58701,18.09431],[121.58697,18.09474],[121.58612,18.09492],[121.58566,18.09488],[121.58537,18.0949],[121.5846,18.09476],[121.58462,18.09514],[121.5856,18.09588],[121.58554,18.09653],[121.58574,18.09688],[121.58582,18.09736],[121.58563,18.09751],[121.58536,18.09781],[121.58473,18.09796],[121.5842,18.09777],[121.58387,18.09779],[121.58319,18.09815],[121.58263,18.0981],[121.58222,18.09763],[121.58148,18.09768],[121.58101,18.09785],[121.58028,18.09793],[121.58015,18.09822],[121.58108,18.09887],[121.58042,18.09937],[121.58033,18.09947],[121.57958,18.09964],[121.5791,18.09927],[121.57871,18.0991],[121.57835,18.0987],[121.57781,18.09873],[121.57722,18.09894],[121.57744,18.09933],[121.57837,18.09967],[121.57878,18.09996],[121.57894,18.10013],[121.57881,18.10035],[121.57871,18.10065],[121.57832,18.10097],[121.57834,18.10121],[121.57832,18.1014],[121.57782,18.10152],[121.57732,18.10096],[121.57701,18.10112],[121.5772,18.10161],[121.57728,18.10195],[121.57679,18.10216],[121.57662,18.10234],[121.57653,18.10214],[121.57634,18.10216],[121.57578,18.1017],[121.57513,18.1016],[121.57445,18.10196],[121.57436,18.10062],[121.57402,18.10051],[121.57358,18.10099],[121.57341,18.10189],[121.57364,18.10208],[121.5738,18.1027],[121.57371,18.10329],[121.57347,18.10369],[121.57311,18.10364],[121.57288,18.10367],[121.5726,18.10363],[121.57189,18.10249],[121.57138,18.10239],[121.57123,18.10283],[121.57202,18.10344],[121.57193,18.10397],[121.57163,18.10423],[121.57136,18.10462],[121.57065,18.10464],[121.57003,18.10418],[121.56946,18.10429],[121.56923,18.1047],[121.56936,18.10527],[121.56966287372981,18.105632455447157],[121.56846620940836,18.105644188167215],[121.56846,18.10552],[121.56847,18.10534],[121.56837,18.10525],[121.56838,18.105],[121.56782,18.10487],[121.56741,18.10425],[121.5669,18.1045],[121.5665,18.1051],[121.56583,18.10479],[121.56572,18.10426],[121.56612,18.10355],[121.56598,18.10307],[121.5652,18.10326],[121.56499,18.10306],[121.56467,18.10273],[121.56421,18.10232],[121.56396,18.10163],[121.5641,18.10146],[121.56524,18.1017],[121.56594,18.10173],[121.56605,18.10053],[121.56719,18.09995],[121.56709,18.09971],[121.56634,18.09936],[121.56599,18.09918],[121.56568,18.09927],[121.56528,18.09952],[121.56472,18.09962],[121.56436,18.0998],[121.56378,18.0999],[121.56322,18.10015],[121.56296,18.10053],[121.56237,18.1005],[121.562,18.10051],[121.56161,18.10026],[121.5611,18.10059],[121.56083,18.10049],[121.5604,18.10004],[121.56001,18.10015],[121.55929,18.10039],[121.55876,18.1005],[121.55802,18.10111],[121.55768,18.10132],[121.55727,18.10173],[121.55708,18.10174],[121.55653,18.10162],[121.55603,18.10185],[121.55601,18.10226],[121.55607,18.10231],[121.55611,18.10245],[121.55661,18.10276],[121.55657,18.10356],[121.55625,18.10383],[121.55534,18.10407],[121.55506,18.10416],[121.55477,18.10424],[121.5544,18.10452],[121.55378,18.10465],[121.55393,18.10478],[121.55344,18.10487],[121.55345,18.10468],[121.5527,18.1047],[121.55246,18.10444],[121.55171,18.10421],[121.55119,18.1034],[121.55091,18.10332],[121.55065,18.10318],[121.55016,18.10285],[121.54948,18.10258],[121.54906,18.10213],[121.54859,18.10199],[121.54828,18.10157],[121.54799,18.1014],[121.54754,18.10106],[121.54737,18.09996],[121.54682,18.09976],[121.54626,18.10012],[121.54592,18.10066],[121.54583,18.10074],[121.54557,18.101],[121.54477,18.1011],[121.5446,18.10091],[121.54425,18.1006],[121.54413,18.10003],[121.54452,18.09956],[121.54461,18.09937],[121.54404,18.0992],[121.54374,18.099],[121.54346,18.09842],[121.54366,18.09807],[121.54339,18.0982],[121.54321,18.09801],[121.54302,18.09783],[121.54293,18.09747],[121.54256,18.09735],[121.54284,18.09711],[121.54293,18.09684],[121.54303,18.09657],[121.54302,18.09627],[121.54275,18.09602],[121.54261,18.09588],[121.54246,18.09603],[121.54247,18.09629],[121.54237,18.09629],[121.54228,18.09637],[121.54261,18.09656],[121.54274,18.09629],[121.54285,18.09621],[121.54283,18.09673],[121.54197,18.09683],[121.542,18.09623],[121.5417,18.09638],[121.54171,18.09673],[121.54161,18.09683],[121.54151,18.09701],[121.54119,18.097],[121.54109,18.09669],[121.54056,18.09673],[121.54059,18.09638],[121.54023,18.09608],[121.54054,18.09557],[121.54038,18.09456],[121.53984,18.09452],[121.54017,18.09511],[121.53997,18.09509],[121.53964,18.09511],[121.53879,18.09498],[121.53843,18.09501],[121.53813,18.0949],[121.53801,18.09525],[121.53804,18.09558],[121.53746,18.09553],[121.53734,18.09554],[121.53711,18.09579],[121.5368,18.09592],[121.5367,18.09646],[121.5365,18.0968],[121.53651,18.09699],[121.53686,18.09696],[121.53712,18.09702],[121.53707,18.09707],[121.53706,18.09727],[121.53678,18.09778],[121.53678,18.09798],[121.53724,18.09839],[121.53669,18.09863],[121.53619,18.09877],[121.53575,18.09855],[121.5356,18.09884],[121.5354,18.0989],[121.53545,18.09945],[121.53474,18.10105],[121.53436,18.10092],[121.5344,18.10039],[121.53429,18.10021],[121.53408,18.10065],[121.53332,18.10078],[121.53307,18.10097],[121.53322,18.10119],[121.53335,18.10091],[121.53356,18.10093],[121.53354,18.1013],[121.53304,18.10127],[121.53288,18.10109],[121.53233,18.10112],[121.53222,18.10099],[121.53266,18.1008],[121.53222,18.10083],[121.53194,18.10073],[121.53178,18.10074],[121.53164,18.10029],[121.53147,18.10064],[121.53114,18.10081],[121.531,18.10036],[121.53068,18.09995],[121.53073,18.09923],[121.53072,18.09909],[121.53092,18.09901],[121.5312,18.09881],[121.53063,18.09856],[121.53064,18.09845],[121.53011,18.0985],[121.53021,18.09873],[121.52997,18.0989],[121.52978,18.09841],[121.52941,18.09816],[121.52923,18.09828],[121.52893,18.09835],[121.52872,18.09847],[121.52857,18.09826],[121.52836,18.09818],[121.52818,18.09807],[121.52808,18.09809],[121.52804,18.09785],[121.52846,18.09801],[121.52866,18.09799],[121.52878,18.09826],[121.52891,18.09793],[121.52809,18.0977],[121.52828,18.09753],[121.52846,18.09756],[121.52838,18.09744],[121.52799,18.09736],[121.52791,18.09726],[121.52772,18.09711],[121.52781,18.0969],[121.528,18.09676],[121.52779,18.09671],[121.52736,18.09695],[121.52725,18.09642],[121.52688,18.09646],[121.52687,18.09635]],[[121.52881,18.09623],[121.52878,18.09629],[121.52859,18.09638],[121.52866,18.09648],[121.52912,18.09627],[121.52895,18.09617],[121.52881,18.09623]],[[121.53073,18.092],[121.53077,18.09211],[121.53085,18.09203],[121.53073,18.092]],[[121.53066,18.08992],[121.53054,18.08995],[121.53062,18.09003],[121.53066,18.08992]],[[121.53115,18.08794],[121.53118,18.08805],[121.53126,18.08797],[121.53115,18.08794]],[[121.53361,18.08696],[121.53365,18.08717],[121.53373,18.08701],[121.53361,18.08696]],[[121.54147,18.08531],[121.5415,18.08542],[121.54158,18.08534],[121.54147,18.08531]],[[121.54166,18.08495],[121.54132,18.0851],[121.54124,18.08496],[121.54108,18.08504],[121.54126,18.08526],[121.54147,18.08531],[121.54162,18.08509],[121.54166,18.08495]],[[121.54375,18.08397],[121.54398,18.08406],[121.54385,18.08384],[121.54375,18.08397]],[[121.543,18.08324],[121.54304,18.08345],[121.54321,18.08335],[121.543,18.08324]],[[121.5518,18.08059],[121.55192,18.08056],[121.55184,18.08048],[121.5518,18.08059]],[[121.56592,18.07645],[121.56603,18.07642],[121.56595,18.07634],[121.56592,18.07645]],[[121.56582,18.07654],[121.56592,18.07654],[121.56592,18.07645],[121.56582,18.07645],[121.56582,18.07654]],[[121.56826,18.06743],[121.56829,18.06754],[121.56837,18.06747],[121.56826,18.06743]],[[121.6058,18.07485],[121.60602,18.0748],[121.60592,18.07464],[121.6058,18.07485]],[[121.58835,18.07065],[121.58867,18.07061],[121.58841,18.07044],[121.58835,18.07065]],[[121.57753,18.07717],[121.57765,18.07712],[121.57757,18.07697],[121.57753,18.07717]],[[121.57513,18.08176],[121.57491,18.08181],[121.57501,18.08197],[121.57513,18.08176]],[[121.57475,18.08212],[121.57472,18.08201],[121.57464,18.08209],[121.57475,18.08212]],[[121.57451,18.08817],[121.57463,18.08839],[121.57472,18.08822],[121.57451,18.08817]],[[121.57692,18.09434],[121.5768,18.09438],[121.57688,18.09454],[121.57692,18.09434]],[[121.579,18.09417],[121.57891,18.09404],[121.57849,18.09413],[121.5786,18.09426],[121.579,18.09417]],[[121.54109,18.09669],[121.54121,18.09666],[121.54112,18.09658],[121.54109,18.09669]],[[121.5354,18.0989],[121.53537,18.0987],[121.53528,18.09885],[121.5354,18.0989]],[[121.53011,18.0985],[121.53006,18.09838],[121.5299,18.09846],[121.53011,18.0985]],[[121.52735,18.0964],[121.52745,18.09671],[121.52756,18.09662],[121.52749,18.09631],[121.52735,18.0964]],[[121.52763,18.09641],[121.52789,18.09662],[121.52777,18.09632],[121.52763,18.09641]],[[121.52783,18.09616],[121.52812,18.09627],[121.52798,18.09648],[121.5282,18.09663],[121.52828,18.09692],[121.52844,18.09689],[121.52856,18.09672],[121.52882,18.09677],[121.52894,18.09667],[121.52847,18.09656],[121.5282,18.09638],[121.52843,18.09605],[121.52811,18.09612],[121.52791,18.09608],[121.52783,18.09616]],[[121.52819,18.0972],[121.52836,18.09735],[121.52842,18.09713],[121.52819,18.0972]],[[121.52859,18.09744],[121.52867,18.09752],[121.52871,18.09741],[121.52859,18.09744]],[[121.52876,18.09727],[121.52909,18.09744],[121.5289,18.09714],[121.52876,18.09727]],[[121.52916,18.09717],[121.52924,18.09725],[121.52927,18.09714],[121.52916,18.09717]],[[121.52925,18.09789],[121.52933,18.09797],[121.52936,18.09786],[121.52925,18.09789]],[[121.52948,18.0957],[121.52963,18.09599],[121.52967,18.09561],[121.52948,18.0957]],[[121.52993,18.09591],[121.53001,18.09599],[121.53004,18.09588],[121.52993,18.09591]],[[121.52998,18.08843],[121.53006,18.08859],[121.5301,18.08838],[121.52998,18.08843]],[[121.53012,18.09439],[121.5303,18.09474],[121.53063,18.09467],[121.53038,18.09455],[121.53034,18.09435],[121.53012,18.09439]],[[121.53079,18.09384],[121.53088,18.09392],[121.53091,18.09381],[121.53079,18.09384]],[[121.53103,18.09689],[121.53128,18.09719],[121.53136,18.09679],[121.53103,18.09689]],[[121.53118,18.09229],[121.53126,18.09258],[121.53179,18.09238],[121.53187,18.0921],[121.53172,18.09214],[121.53153,18.09225],[121.53145,18.09213],[121.53118,18.09229]],[[121.53119,18.08939],[121.53141,18.08951],[121.53132,18.08929],[121.53119,18.08939]],[[121.53125,18.09195],[121.53149,18.09156],[121.53126,18.09162],[121.53125,18.09195]],[[121.53168,18.08978],[121.53176,18.08986],[121.53179,18.08975],[121.53168,18.08978]],[[121.53213,18.09069],[121.5323,18.09077],[121.53235,18.09066],[121.53213,18.09069]],[[121.53232,18.09039],[121.53278,18.09052],[121.53315,18.09066],[121.53303,18.09033],[121.53287,18.09035],[121.53269,18.09025],[121.53255,18.09021],[121.5325,18.09026],[121.53232,18.09039]],[[121.53243,18.09018],[121.53255,18.09021],[121.53251,18.0901],[121.53243,18.09018]],[[121.53519,18.08686],[121.53527,18.08709],[121.53531,18.08679],[121.53519,18.08686]],[[121.53825,18.09471],[121.53833,18.09479],[121.53837,18.09468],[121.53825,18.09471]],[[121.53835,18.09435],[121.53843,18.09443],[121.53846,18.09432],[121.53835,18.09435]],[[121.5389,18.09451],[121.53898,18.09466],[121.53969,18.09482],[121.53979,18.09469],[121.53941,18.09455],[121.53931,18.09442],[121.5389,18.09451]],[[121.53928,18.08469],[121.53936,18.08477],[121.53939,18.08466],[121.53928,18.08469]],[[121.53973,18.08463],[121.5399,18.08479],[121.53996,18.08457],[121.53973,18.08463]],[[121.54145,18.09663],[121.54153,18.09671],[121.54156,18.0966],[121.54145,18.09663]],[[121.54191,18.09592],[121.54217,18.096],[121.54223,18.09588],[121.54191,18.09592]],[[121.54211,18.08507],[121.54219,18.08515],[121.54223,18.08504],[121.54211,18.08507]],[[121.54324,18.08508],[121.5434,18.08516],[121.54345,18.08505],[121.54324,18.08508]],[[121.54343,18.08325],[121.54365,18.08336],[121.54356,18.08315],[121.54343,18.08325]],[[121.54352,18.08365],[121.5436,18.08376],[121.5439,18.08366],[121.54394,18.08361],[121.54352,18.08365]],[[121.54355,18.08237],[121.54363,18.08245],[121.54366,18.08234],[121.54355,18.08237]],[[121.54364,18.08282],[121.54372,18.0829],[121.54376,18.08279],[121.54364,18.08282]],[[121.54381,18.08312],[121.54399,18.08329],[121.54416,18.08347],[121.54427,18.08329],[121.54418,18.0832],[121.54413,18.08307],[121.54381,18.08312]],[[121.54381,18.08473],[121.54397,18.08481],[121.54402,18.08469],[121.54381,18.08473]],[[121.54383,18.08146],[121.544,18.08155],[121.54405,18.08135],[121.54383,18.08146]],[[121.54393,18.08201],[121.54401,18.08209],[121.54405,18.08198],[121.54393,18.08201]],[[121.544,18.08356],[121.5441,18.08372],[121.54422,18.08352],[121.544,18.08356]],[[121.54402,18.08246],[121.5441,18.08254],[121.54414,18.08243],[121.54402,18.08246]],[[121.54427,18.08459],[121.54443,18.08473],[121.54459,18.08452],[121.54427,18.08459]],[[121.54448,18.08284],[121.54458,18.083],[121.5447,18.0828],[121.54448,18.08284]],[[121.5446,18.0812],[121.54468,18.08128],[121.54471,18.08117],[121.5446,18.0812]],[[121.54478,18.08177],[121.54486,18.08192],[121.5449,18.08172],[121.54478,18.08177]],[[121.54495,18.08303],[121.54526,18.08307],[121.54522,18.08286],[121.54495,18.08303]],[[121.54514,18.08437],[121.54522,18.08445],[121.54525,18.08434],[121.54514,18.08437]],[[121.54526,18.08058],[121.54542,18.08066],[121.54547,18.08055],[121.54526,18.08058]],[[121.54526,18.08307],[121.5453,18.08319],[121.54538,18.08311],[121.54526,18.08307]],[[121.54535,18.08364],[121.54571,18.08372],[121.54566,18.08353],[121.54574,18.08326],[121.54543,18.08333],[121.54535,18.08364]],[[121.54552,18.08449],[121.54563,18.08452],[121.5456,18.08441],[121.54552,18.08449]],[[121.54563,18.08452],[121.54566,18.08463],[121.54575,18.08456],[121.54563,18.08452]],[[121.5457,18.08394],[121.54579,18.0841],[121.54583,18.08389],[121.5457,18.08394]],[[121.5458,18.08348],[121.54597,18.08356],[121.54602,18.08344],[121.5458,18.08348]],[[121.54644,18.08691],[121.54652,18.08699],[121.54656,18.08688],[121.54644,18.08691]],[[121.54647,18.08384],[121.54664,18.084],[121.54668,18.08381],[121.54647,18.08384]],[[121.54754,18.08014],[121.54762,18.08022],[121.54765,18.08011],[121.54754,18.08014]],[[121.55252,18.06012],[121.5526,18.0602],[121.55263,18.06009],[121.55252,18.06012]],[[121.55409,18.07558],[121.55417,18.07566],[121.55421,18.07555],[121.55409,18.07558]],[[121.56586,18.07892],[121.56622,18.0792],[121.56666,18.07904],[121.56677,18.07859],[121.56651,18.07841],[121.56647,18.07835],[121.56607,18.07845],[121.56586,18.07892]],[[121.56676,18.077],[121.56701,18.07712],[121.56705,18.07664],[121.56692,18.0767],[121.56676,18.077]],[[121.56696,18.09628],[121.56704,18.09636],[121.56708,18.09625],[121.56696,18.09628]],[[121.56796,18.07933],[121.56802,18.07967],[121.56863,18.07976],[121.56984,18.0794],[121.57009,18.07904],[121.56981,18.07861],[121.56977,18.07847],[121.56934,18.0785],[121.56907,18.07897],[121.56879,18.07913],[121.56819,18.07901],[121.56796,18.07933]],[[121.56973,18.05754],[121.56982,18.05762],[121.56985,18.05751],[121.56973,18.05754]],[[121.57049,18.10094],[121.57059,18.10146],[121.5711,18.10201],[121.57153,18.10104],[121.57148,18.10089],[121.57049,18.10094]],[[121.5705,18.07191],[121.57063,18.07201],[121.57083,18.07226],[121.57138,18.07241],[121.57196,18.07234],[121.57247,18.07269],[121.57288,18.0732],[121.57306,18.07292],[121.57289,18.07249],[121.57278,18.07187],[121.57221,18.07178],[121.57172,18.07205],[121.5713,18.07174],[121.57106,18.07143],[121.57067,18.07149],[121.5705,18.07191]],[[121.57098,18.07531],[121.57137,18.07554],[121.57153,18.07538],[121.57131,18.07505],[121.57098,18.07531]],[[121.57151,18.05722],[121.57171,18.05738],[121.57294,18.0573],[121.57306,18.05717],[121.57151,18.05722]],[[121.57171,18.07957],[121.57199,18.07965],[121.57264,18.07938],[121.57241,18.07903],[121.57201,18.07908],[121.57171,18.07957]],[[121.57194,18.0671],[121.57194,18.068],[121.572,18.06822],[121.57261,18.06835],[121.57292,18.06885],[121.57318,18.06888],[121.57357,18.06859],[121.57361,18.06828],[121.57344,18.06785],[121.57387,18.06733],[121.57377,18.06662],[121.5733,18.06676],[121.57291,18.06722],[121.57234,18.06675],[121.57209,18.06694],[121.57204,18.0671],[121.57194,18.0671]],[[121.57213,18.08855],[121.57221,18.08863],[121.57224,18.08852],[121.57213,18.08855]],[[121.57215,18.08584],[121.57223,18.08592],[121.57226,18.08581],[121.57215,18.08584]],[[121.57223,18.08756],[121.57234,18.08761],[121.57231,18.08741],[121.57223,18.08756]],[[121.57231,18.08855],[121.57247,18.08863],[121.57253,18.08852],[121.57231,18.08855]],[[121.57233,18.08674],[121.57241,18.08682],[121.57245,18.08671],[121.57233,18.08674]],[[121.57234,18.08761],[121.57255,18.08783],[121.57267,18.08748],[121.57282,18.08721],[121.57258,18.0873],[121.57249,18.08757],[121.57234,18.08761]],[[121.57236,18.08832],[121.57264,18.08816],[121.57282,18.08837],[121.57302,18.0884],[121.57281,18.08789],[121.57241,18.08804],[121.57236,18.08832]],[[121.57268,18.08761],[121.57286,18.08774],[121.57291,18.08744],[121.57268,18.08761]],[[121.57269,18.08642],[121.57307,18.0865],[121.57311,18.08626],[121.57269,18.08642]],[[121.57296,18.0876],[121.57305,18.08767],[121.57338,18.08771],[121.57339,18.08744],[121.57296,18.0876]],[[121.57316,18.08794],[121.57325,18.0881],[121.57329,18.08789],[121.57316,18.08794]],[[121.57318,18.08657],[121.57334,18.08665],[121.57339,18.08654],[121.57318,18.08657]],[[121.57329,18.08485],[121.57337,18.08493],[121.57341,18.08482],[121.57329,18.08485]],[[121.5733,18.08723],[121.57339,18.08744],[121.57352,18.08734],[121.5733,18.08723]],[[121.57334,18.08469],[121.57341,18.08482],[121.57363,18.0847],[121.57347,18.08443],[121.57334,18.08469]],[[121.57338,18.08771],[121.57341,18.08782],[121.5735,18.08774],[121.57338,18.08771]],[[121.57354,18.08811],[121.57371,18.08819],[121.57376,18.08808],[121.57354,18.08811]],[[121.57395,18.06029],[121.57421,18.06046],[121.5743,18.0601],[121.57436,18.05998],[121.57414,18.06003],[121.57395,18.06029]],[[121.57402,18.08838],[121.5741,18.08846],[121.57413,18.08835],[121.57402,18.08838]],[[121.5743,18.08829],[121.57438,18.08837],[121.57442,18.08826],[121.5743,18.08829]],[[121.57435,18.08215],[121.57443,18.08223],[121.57447,18.08212],[121.57435,18.08215]],[[121.57472,18.08118],[121.57487,18.08134],[121.57504,18.08113],[121.57472,18.08118]],[[121.57477,18.08848],[121.57493,18.08856],[121.57498,18.08845],[121.57477,18.08848]],[[121.57512,18.08116],[121.5752,18.08124],[121.57523,18.08113],[121.57512,18.08116]],[[121.5754,18.08056],[121.57552,18.08059],[121.57549,18.08048],[121.5754,18.08056]],[[121.5754,18.09291],[121.57567,18.09317],[121.5757,18.09288],[121.5754,18.09291]],[[121.57548,18.09328],[121.57555,18.0936],[121.57567,18.09339],[121.57595,18.09359],[121.57598,18.09324],[121.57548,18.09328]],[[121.57552,18.08059],[121.57555,18.0807],[121.57563,18.08062],[121.57552,18.08059]],[[121.57579,18.09092],[121.57588,18.091],[121.57591,18.09089],[121.57579,18.09092]],[[121.57586,18.0799],[121.57614,18.07998],[121.57619,18.07969],[121.57586,18.0799]],[[121.57598,18.07766],[121.57608,18.07782],[121.5762,18.07761],[121.57598,18.07766]],[[121.57613,18.07946],[121.57619,18.07969],[121.57628,18.07969],[121.57628,18.07942],[121.57613,18.07946]],[[121.57628,18.07942],[121.57651,18.07938],[121.57643,18.07914],[121.57628,18.07942]],[[121.57636,18.06472],[121.57645,18.06483],[121.5765,18.06487],[121.57653,18.06516],[121.57668,18.06524],[121.57668,18.06533],[121.57715,18.06533],[121.57715,18.06524],[121.57734,18.06524],[121.57734,18.06515],[121.57753,18.06515],[121.57753,18.06506],[121.57773,18.065],[121.57843,18.06461],[121.57809,18.06411],[121.57844,18.06367],[121.57861,18.0632],[121.57905,18.06349],[121.57929,18.06335],[121.57903,18.06304],[121.57883,18.06304],[121.57843,18.06278],[121.57872,18.06252],[121.57902,18.0621],[121.57877,18.06195],[121.57874,18.06204],[121.57858,18.06249],[121.57818,18.0625],[121.57779,18.06231],[121.57766,18.0619],[121.57699,18.06168],[121.57671,18.0622],[121.57693,18.06327],[121.57694,18.06382],[121.57683,18.06402],[121.57657,18.06414],[121.57636,18.06472]],[[121.57664,18.07739],[121.57691,18.07756],[121.57696,18.07735],[121.57664,18.07739]],[[121.57717,18.06102],[121.57725,18.0611],[121.57728,18.06099],[121.57717,18.06102]],[[121.57719,18.09401],[121.57727,18.09409],[121.5773,18.09398],[121.57719,18.09401]],[[121.57737,18.0941],[121.57746,18.09418],[121.57749,18.09407],[121.57737,18.0941]],[[121.57794,18.09464],[121.57802,18.09472],[121.57805,18.09461],[121.57794,18.09464]],[[121.57805,18.09461],[121.57822,18.09458],[121.57809,18.09433],[121.57805,18.09461]],[[121.57873,18.0636],[121.5789,18.06375],[121.57896,18.06354],[121.57873,18.0636]],[[121.57924,18.06746],[121.57938,18.06748],[121.57993,18.06703],[121.58002,18.06675],[121.58027,18.06634],[121.58012,18.06621],[121.58008,18.06617],[121.57983,18.0663],[121.57929,18.06692],[121.57924,18.06746]],[[121.5795,18.06225],[121.57966,18.06239],[121.58053,18.06214],[121.58147,18.06191],[121.58149,18.06176],[121.58035,18.06199],[121.58034,18.06183],[121.58037,18.06154],[121.5803,18.06138],[121.58004,18.06145],[121.58008,18.06201],[121.5795,18.06225]],[[121.57987,18.0755],[121.58023,18.0756],[121.58029,18.07538],[121.58005,18.07544],[121.57995,18.07542],[121.57987,18.0755]],[[121.58008,18.06071],[121.58021,18.06115],[121.58053,18.06098],[121.5804,18.06066],[121.58008,18.06071]],[[121.58023,18.06522],[121.58038,18.06573],[121.58069,18.06592],[121.58092,18.06575],[121.58116,18.06538],[121.58079,18.06523],[121.58075,18.06518],[121.58023,18.06522]],[[121.58093,18.06062],[121.58126,18.06079],[121.58177,18.06043],[121.58243,18.06026],[121.58249,18.05995],[121.58204,18.06011],[121.58172,18.06006],[121.58093,18.06062]],[[121.5813,18.07508],[121.58138,18.07524],[121.58142,18.07503],[121.5813,18.07508]],[[121.5821,18.09431],[121.58218,18.09439],[121.58221,18.09428],[121.5821,18.09431]],[[121.58219,18.09396],[121.5824,18.09413],[121.58262,18.09406],[121.58243,18.09399],[121.5824,18.09392],[121.58219,18.09396]],[[121.58224,18.07509],[121.58233,18.07524],[121.58237,18.07504],[121.58224,18.07509]],[[121.58238,18.09377],[121.58247,18.09385],[121.5825,18.09374],[121.58238,18.09377]],[[121.58274,18.0598],[121.58301,18.05971],[121.58306,18.0595],[121.58284,18.05955],[121.58274,18.0598]],[[121.58283,18.05879],[121.58306,18.0589],[121.58297,18.05869],[121.58283,18.05879]],[[121.58284,18.09379],[121.58295,18.09395],[121.58307,18.09375],[121.58284,18.09379]],[[121.58321,18.05829],[121.58358,18.05864],[121.58363,18.05824],[121.58321,18.05829]],[[121.58334,18.09297],[121.58342,18.09305],[121.58345,18.09294],[121.58334,18.09297]],[[121.58339,18.07417],[121.58347,18.07425],[121.58351,18.07414],[121.58339,18.07417]],[[121.58342,18.09314],[121.58359,18.09323],[121.58364,18.09303],[121.58342,18.09314]],[[121.5835,18.05946],[121.58357,18.05968],[121.58393,18.05981],[121.58401,18.05966],[121.58379,18.05953],[121.58372,18.05941],[121.5835,18.05946]],[[121.5836,18.09284],[121.58378,18.09297],[121.58383,18.09267],[121.5836,18.09284]],[[121.58387,18.07309],[121.58396,18.07317],[121.58399,18.07306],[121.58387,18.07309]],[[121.584,18.09279],[121.58408,18.09287],[121.58411,18.09276],[121.584,18.09279]],[[121.58483,18.05874],[121.58493,18.05891],[121.58512,18.05885],[121.58505,18.0587],[121.58483,18.05874]],[[121.58531,18.09282],[121.5854,18.09298],[121.58544,18.09277],[121.58531,18.09282]],[[121.58547,18.07203],[121.58574,18.0722],[121.58579,18.07199],[121.58547,18.07203]],[[121.5856,18.09282],[121.58568,18.09298],[121.58572,18.09277],[121.5856,18.09282]],[[121.58699,18.0909],[121.58711,18.09129],[121.58724,18.09192],[121.58762,18.0918],[121.58785,18.09144],[121.58758,18.09093],[121.58734,18.09062],[121.58703,18.0907],[121.58699,18.0909]],[[121.58748,18.07068],[121.58756,18.07076],[121.5876,18.07065],[121.58748,18.07068]],[[121.58753,18.06661],[121.58769,18.067],[121.5882,18.06726],[121.58853,18.06707],[121.58863,18.06769],[121.58914,18.06781],[121.58953,18.06759],[121.58965,18.06718],[121.58995,18.06683],[121.59003,18.06647],[121.58966,18.06598],[121.58928,18.06583],[121.58924,18.06578],[121.58894,18.06594],[121.58882,18.06646],[121.58872,18.06654],[121.58837,18.06596],[121.58802,18.06601],[121.58753,18.06661]],[[121.58806,18.09097],[121.58834,18.0911],[121.58838,18.09071],[121.58817,18.09076],[121.58806,18.09097]],[[121.58808,18.0902],[121.58816,18.09028],[121.5882,18.09017],[121.58808,18.0902]],[[121.58829,18.08958],[121.58864,18.0895],[121.58887,18.08926],[121.58901,18.08942],[121.58914,18.08914],[121.5892,18.08923],[121.58932,18.08949],[121.58957,18.08923],[121.58995,18.08948],[121.58986,18.08923],[121.58958,18.08887],[121.58949,18.08869],[121.58916,18.08828],[121.58901,18.08832],[121.58878,18.08881],[121.58853,18.08913],[121.58844,18.08932],[121.58829,18.08958]],[[121.58862,18.09114],[121.589,18.09133],[121.58936,18.0912],[121.58929,18.09094],[121.58918,18.09077],[121.58914,18.09063],[121.58872,18.09067],[121.58862,18.09114]],[[121.58996,18.0656],[121.59014,18.0659],[121.59062,18.06604],[121.59098,18.06629],[121.59143,18.06657],[121.5912,18.06682],[121.59071,18.06711],[121.59066,18.0676],[121.59092,18.06805],[121.59058,18.06846],[121.59078,18.06882],[121.59103,18.06945],[121.59157,18.06916],[121.59141,18.06842],[121.59153,18.06828],[121.59169,18.06815],[121.59178,18.06806],[121.59192,18.06802],[121.59234,18.0678],[121.59259,18.06801],[121.59285,18.06856],[121.59296,18.06848],[121.5932,18.06812],[121.59365,18.0681],[121.59455,18.06824],[121.59458,18.06864],[121.59437,18.069],[121.5947,18.06922],[121.59535,18.06919],[121.59626,18.06958],[121.59756,18.06926],[121.59776,18.06891],[121.59786,18.0686],[121.59834,18.06831],[121.59819,18.06788],[121.59773,18.06785],[121.59687,18.0679],[121.59665,18.0677],[121.59675,18.06747],[121.59719,18.0671],[121.59751,18.06659],[121.59821,18.06605],[121.59899,18.06582],[121.59919,18.06566],[121.59937,18.06534],[121.59914,18.06509],[121.5987,18.06506],[121.59837,18.06517],[121.59782,18.06533],[121.5976,18.06552],[121.59728,18.06585],[121.59668,18.06636],[121.59649,18.06732],[121.59617,18.06723],[121.59583,18.06705],[121.59529,18.06716],[121.59412,18.06776],[121.59392,18.06731],[121.5939,18.06696],[121.59401,18.06684],[121.59496,18.06657],[121.59523,18.06634],[121.59525,18.06605],[121.59487,18.06571],[121.59503,18.06533],[121.59534,18.06507],[121.5952,18.0649],[121.59485,18.06468],[121.59453,18.06433],[121.5941,18.06444],[121.5939,18.06527],[121.59368,18.06545],[121.59346,18.06568],[121.59303,18.06577],[121.59261,18.06621],[121.59244,18.06622],[121.59231,18.06585],[121.59221,18.06522],[121.59203,18.06539],[121.59185,18.06611],[121.59166,18.06612],[121.59131,18.06564],[121.59115,18.06495],[121.59073,18.06492],[121.59057,18.06506],[121.59048,18.06516],[121.59029,18.06516],[121.59029,18.06534],[121.58996,18.0656]],[[121.59201,18.0683],[121.59238,18.06863],[121.59244,18.06824],[121.59201,18.0683]],[[121.59483,18.0595],[121.59493,18.05992],[121.59538,18.06026],[121.59588,18.06014],[121.59613,18.05956],[121.59599,18.05935],[121.59557,18.05919],[121.59542,18.05898],[121.59519,18.05883],[121.59516,18.05878],[121.59505,18.05885],[121.59483,18.0595]],[[121.59654,18.06035],[121.59662,18.06043],[121.59666,18.06032],[121.59654,18.06035]],[[121.59832,18.06741],[121.59875,18.0677],[121.59919,18.06756],[121.59923,18.06714],[121.59915,18.06694],[121.59836,18.06699],[121.59832,18.06741]],[[121.59833,18.05858],[121.59844,18.05911],[121.59877,18.0588],[121.59865,18.05853],[121.59833,18.05858]],[[121.5993,18.07133],[121.59983,18.07204],[121.60027,18.07192],[121.60035,18.07106],[121.60016,18.07065],[121.59948,18.0707],[121.5993,18.07133]],[[121.5997,18.06986],[121.60002,18.07041],[121.60048,18.07017],[121.60074,18.06979],[121.60049,18.06962],[121.60046,18.06957],[121.59976,18.0696],[121.5997,18.06986]],[[121.60179,18.06261],[121.60206,18.06284],[121.60212,18.06253],[121.60179,18.06261]],[[121.60212,18.07196],[121.6022,18.07204],[121.60223,18.07193],[121.60212,18.07196]],[[121.60324,18.07117],[121.60348,18.0712],[121.60371,18.07087],[121.60375,18.07049],[121.60351,18.07053],[121.60356,18.07077],[121.60324,18.07117]],[[121.60455,18.06222],[121.60471,18.0623],[121.60477,18.06219],[121.60455,18.06222]],[[121.60605,18.07517],[121.60641,18.07524],[121.60646,18.07503],[121.60627,18.07512],[121.60612,18.07505],[121.60605,18.07517]],[[121.60644,18.0747],[121.60652,18.07478],[121.60656,18.07467],[121.60644,18.0747]]],[[[121.52689,18.09751],[121.5271,18.09749],[121.52707,18.09768],[121.52689,18.09751]]],[[[121.52697,18.09726],[121.5272,18.09722],[121.52708,18.09742],[121.52697,18.09726]]],[[[121.52702,18.09108],[121.52715,18.09098],[121.52724,18.09119],[121.52702,18.09108]]],[[[121.52705,18.08769],[121.52728,18.08764],[121.52739,18.0878],[121.52784,18.08796],[121.52803,18.08822],[121.52774,18.08831],[121.52753,18.08802],[121.52705,18.08769]]],[[[121.52707,18.0874],[121.52718,18.08737],[121.52715,18.08748],[121.52707,18.0874]]],[[[121.52708,18.09554],[121.52736,18.09547],[121.5274,18.09577],[121.52719,18.09573],[121.52708,18.09554]]],[[[121.52709,18.0951],[121.52721,18.09505],[121.52717,18.09525],[121.52709,18.0951]]],[[[121.52722,18.09474],[121.5275,18.0946],[121.52762,18.09486],[121.52722,18.09474]]],[[[121.52726,18.09842],[121.52737,18.09839],[121.52734,18.0985],[121.52726,18.09842]]],[[[121.52727,18.09433],[121.52741,18.09423],[121.52753,18.09453],[121.52727,18.09433]]],[[[121.52727,18.09501],[121.52761,18.09492],[121.52769,18.09505],[121.5274,18.09517],[121.52727,18.09501]]],[[[121.52727,18.09716],[121.52739,18.09713],[121.52735,18.09724],[121.52727,18.09716]]],[[[121.52729,18.09816],[121.52773,18.09795],[121.52794,18.09802],[121.52784,18.09826],[121.52797,18.0986],[121.52769,18.09875],[121.52762,18.09834],[121.52747,18.0983],[121.52744,18.09824],[121.52729,18.09816]]],[[[121.52731,18.09183],[121.52752,18.0918],[121.52747,18.09191],[121.52731,18.09183]]],[[[121.52737,18.09839],[121.52738,18.0983],[121.52747,18.0983],[121.52747,18.09839],[121.52737,18.09839]]],[[[121.52745,18.06153],[121.52806,18.06081],[121.52843,18.06067],[121.52858,18.06049],[121.52864,18.06045],[121.52859,18.06077],[121.52844,18.06103],[121.52823,18.06144],[121.52847,18.06194],[121.52915,18.0614],[121.52962,18.0613],[121.5302,18.06132],[121.53045,18.06159],[121.53066,18.06168],[121.53131,18.06223],[121.53177,18.06244],[121.53183,18.06264],[121.5316,18.0625],[121.53125,18.06235],[121.53061,18.06181],[121.52934,18.06204],[121.52853,18.06212],[121.5282,18.0623],[121.52795,18.06238],[121.52755,18.06215],[121.52745,18.06153]]],[[[121.52745,18.09761],[121.52757,18.09758],[121.52754,18.09769],[121.52745,18.09761]]],[[[121.52751,18.0942],[121.52768,18.09403],[121.52779,18.09424],[121.52751,18.0942]]],[[[121.52756,18.08712],[121.52775,18.08701],[121.52788,18.08728],[121.52773,18.0874],[121.52756,18.08712]]],[[[121.52758,18.09445],[121.52769,18.09442],[121.52766,18.09453],[121.52758,18.09445]]],[[[121.52765,18.08854],[121.52806,18.0886],[121.52812,18.08864],[121.52812,18.08873],[121.52789,18.08878],[121.52812,18.08891],[121.52802,18.0894],[121.52785,18.08931],[121.5279,18.08905],[121.52778,18.08896],[121.5278,18.08879],[121.52765,18.08854]]],[[[121.52767,18.09472],[121.52778,18.09469],[121.52775,18.0948],[121.52767,18.09472]]],[[[121.52769,18.09505],[121.5279,18.0951],[121.52781,18.09526],[121.52769,18.09505]]],[[[121.52775,18.09767],[121.52791,18.09746],[121.52795,18.09776],[121.52775,18.09767]]],[[[121.52776,18.09356],[121.52798,18.09352],[121.52806,18.09366],[121.52786,18.09373],[121.52776,18.09356]]],[[[121.52779,18.08996],[121.52792,18.0899],[121.52788,18.0902],[121.52779,18.08996]]],[[[121.52779,18.09424],[121.52803,18.0942],[121.52823,18.09393],[121.52845,18.09388],[121.52849,18.09406],[121.52889,18.09419],[121.52892,18.09434],[121.52877,18.09439],[121.52859,18.09438],[121.5284,18.09448],[121.52859,18.09465],[121.52858,18.09474],[121.52875,18.09536],[121.52849,18.0951],[121.52831,18.09465],[121.52817,18.0944],[121.52802,18.09456],[121.52792,18.09464],[121.52793,18.09438],[121.52779,18.09424]]],[[[121.52788,18.05776],[121.528,18.05773],[121.52796,18.05784],[121.52788,18.05776]]],[[[121.52788,18.08972],[121.5282,18.08954],[121.52832,18.08985],[121.52788,18.08972]]],[[[121.5279,18.09888],[121.5281,18.09862],[121.52832,18.09858],[121.52819,18.09878],[121.5279,18.09888]]],[[[121.52795,18.09776],[121.52804,18.09776],[121.52804,18.09785],[121.52795,18.09785],[121.52795,18.09776]]],[[[121.52798,18.09352],[121.52802,18.09331],[121.52811,18.09347],[121.52798,18.09352]]],[[[121.528,18.0874],[121.52822,18.08728],[121.52818,18.08748],[121.528,18.0874]]],[[[121.52802,18.09479],[121.52816,18.09469],[121.52825,18.0949],[121.52802,18.09479]]],[[[121.52812,18.08864],[121.52815,18.08844],[121.52833,18.08861],[121.52812,18.08864]]],[[[121.52812,18.08873],[121.52825,18.08882],[121.52812,18.08891],[121.52812,18.08873]]],[[[121.52817,18.09048],[121.52839,18.09045],[121.52833,18.09056],[121.52817,18.09048]]],[[[121.52825,18.09331],[121.52833,18.09323],[121.52836,18.09334],[121.52825,18.09331]]],[[[121.52827,18.09356],[121.52836,18.09334],[121.52849,18.09344],[121.52827,18.09356]]],[[[121.52833,18.06271],[121.52841,18.06246],[121.52883,18.06249],[121.52905,18.0624],[121.52934,18.06225],[121.53039,18.06208],[121.53061,18.06227],[121.53097,18.06266],[121.53159,18.06304],[121.53234,18.06386],[121.53246,18.06423],[121.5328,18.0646],[121.53337,18.06496],[121.53382,18.06526],[121.53467,18.06571],[121.53535,18.06596],[121.536,18.06625],[121.53655,18.06641],[121.53676,18.0667],[121.53701,18.06709],[121.53742,18.0673],[121.53796,18.0675],[121.53929,18.0678],[121.53987,18.06763],[121.54068,18.06729],[121.54142,18.06747],[121.54185,18.06773],[121.5425,18.06819],[121.54289,18.06837],[121.54314,18.06863],[121.54344,18.06874],[121.54392,18.06883],[121.54444,18.06894],[121.54589,18.06873],[121.54647,18.06844],[121.54719,18.06813],[121.54752,18.06769],[121.54769,18.06734],[121.54798,18.06719],[121.54896,18.06725],[121.54979,18.06698],[121.54984,18.06693],[121.54979,18.06707],[121.5494,18.06752],[121.54959,18.0682],[121.54904,18.06814],[121.54847,18.06771],[121.54772,18.06766],[121.54752,18.06802],[121.54738,18.06881],[121.54676,18.06926],[121.54592,18.06959],[121.54543,18.06955],[121.54505,18.06984],[121.54438,18.06992],[121.54352,18.07027],[121.54305,18.07018],[121.54371,18.0699],[121.54372,18.06973],[121.54362,18.06934],[121.54364,18.06901],[121.54335,18.0691],[121.54323,18.06933],[121.5426,18.06968],[121.54283,18.07009],[121.54237,18.06992],[121.54193,18.06945],[121.54129,18.0692],[121.54103,18.06882],[121.5407,18.06872],[121.54024,18.06847],[121.53943,18.06842],[121.53817,18.06854],[121.53801,18.06825],[121.53825,18.06824],[121.53849,18.06826],[121.53863,18.06825],[121.53881,18.06826],[121.53894,18.06803],[121.53836,18.06779],[121.53769,18.06761],[121.53717,18.06743],[121.53726,18.06775],[121.53788,18.06794],[121.53773,18.06842],[121.53719,18.06828],[121.53657,18.06789],[121.53655,18.06751],[121.53658,18.06699],[121.53646,18.06686],[121.53575,18.06657],[121.5353,18.0668],[121.5346,18.06676],[121.53447,18.06698],[121.53457,18.06732],[121.5348,18.06772],[121.53457,18.06796],[121.53429,18.06794],[121.53416,18.06844],[121.53338,18.06864],[121.53324,18.06839],[121.53299,18.06786],[121.53246,18.06767],[121.53195,18.06793],[121.53137,18.06776],[121.53135,18.06749],[121.53198,18.06771],[121.53265,18.06748],[121.53307,18.06757],[121.53337,18.06839],[121.53368,18.06829],[121.53382,18.06776],[121.53392,18.06749],[121.53423,18.06645],[121.53524,18.06652],[121.5354,18.06623],[121.53506,18.06605],[121.53429,18.06574],[121.53375,18.06541],[121.53322,18.06511],[121.53237,18.06451],[121.53199,18.06371],[121.53158,18.06342],[121.53089,18.06326],[121.53074,18.06313],[121.5306,18.06299],[121.52989,18.06286],[121.52911,18.06263],[121.52838,18.06266],[121.52833,18.06271]]],[[[121.52837,18.09892],[121.52883,18.09876],[121.5286,18.09912],[121.52837,18.09892]]],[[[121.52845,18.09388],[121.52856,18.09376],[121.52868,18.09397],[121.52845,18.09388]]],[[[121.52853,18.09551],[121.52882,18.09551],[121.52881,18.09587],[121.52891,18.09587],[121.52891,18.09596],[121.52872,18.09596],[121.52859,18.09572],[121.52853,18.09569],[121.52853,18.09551]]],[[[121.52856,18.05837],[121.52875,18.05846],[121.52884,18.05882],[121.52864,18.05869],[121.52856,18.05837]]],[[[121.5286,18.09912],[121.52871,18.09916],[121.52863,18.09923],[121.5286,18.09912]]],[[[121.52864,18.06045],[121.52868,18.06022],[121.52894,18.05944],[121.52884,18.05882],[121.52889,18.05886],[121.52912,18.05923],[121.52887,18.06004],[121.52883,18.06027],[121.52873,18.06027],[121.52873,18.06045],[121.52864,18.06045]]],[[[121.52879,18.09324],[121.52921,18.09307],[121.52915,18.09347],[121.52879,18.09324]]],[[[121.52883,18.08977],[121.52915,18.08973],[121.52912,18.08979],[121.5289,18.08989],[121.52883,18.08977]]],[[[121.52885,18.09376],[121.52899,18.09357],[121.52955,18.09349],[121.52963,18.09329],[121.52974,18.09322],[121.52978,18.09308],[121.52998,18.09298],[121.52982,18.09278],[121.52979,18.09254],[121.52995,18.09243],[121.5299,18.09224],[121.52998,18.09214],[121.53011,18.09232],[121.53032,18.0924],[121.53028,18.09255],[121.53011,18.09267],[121.53003,18.0929],[121.5303,18.09285],[121.53043,18.09287],[121.53035,18.09318],[121.53053,18.09345],[121.53039,18.0935],[121.53012,18.09342],[121.53001,18.09372],[121.52972,18.09389],[121.52954,18.09383],[121.52941,18.09387],[121.52946,18.09402],[121.52935,18.09433],[121.52922,18.09412],[121.52896,18.09403],[121.52889,18.09389],[121.52924,18.094],[121.52934,18.0938],[121.52916,18.09386],[121.52885,18.09376]],[[121.52974,18.09341],[121.5299,18.09357],[121.52997,18.09335],[121.52974,18.09341]]],[[[121.52889,18.09466],[121.52901,18.09461],[121.52897,18.09481],[121.52889,18.09466]]],[[[121.52891,18.09587],[121.52894,18.09576],[121.52902,18.09584],[121.52891,18.09587]]],[[[121.52892,18.09434],[121.52904,18.09437],[121.52895,18.09445],[121.52892,18.09434]]],[[[121.52901,18.09139],[121.52923,18.09136],[121.52918,18.09147],[121.52901,18.09139]]],[[[121.52907,18.09465],[121.52948,18.09461],[121.52939,18.09482],[121.52947,18.09507],[121.52919,18.09499],[121.52907,18.09465]]],[[[121.52909,18.09284],[121.52941,18.0928],[121.52937,18.09286],[121.52916,18.09297],[121.52909,18.09284]]],[[[121.52913,18.08824],[121.52925,18.08819],[121.52922,18.0884],[121.52913,18.08824]]],[[[121.52913,18.0894],[121.52925,18.08937],[121.52921,18.08948],[121.52913,18.0894]]],[[[121.52923,18.09136],[121.52931,18.09126],[121.53005,18.09106],[121.53083,18.09078],[121.53126,18.09074],[121.53071,18.09106],[121.53031,18.09113],[121.52965,18.09131],[121.52923,18.09136]]],[[[121.52932,18.08813],[121.52959,18.08799],[121.52963,18.0882],[121.52949,18.08827],[121.52932,18.08813]]],[[[121.52934,18.09835],[121.52945,18.09832],[121.52942,18.09843],[121.52934,18.09835]]],[[[121.52939,18.09176],[121.5296,18.09172],[121.52955,18.09184],[121.52939,18.09176]]],[[[121.52944,18.09223],[121.52975,18.09238],[121.52979,18.09254],[121.52944,18.0925],[121.52944,18.09223]]],[[[121.52947,18.09301],[121.52974,18.09287],[121.52978,18.09308],[121.52955,18.09318],[121.52947,18.09301]]],[[[121.52974,18.08992],[121.5298,18.08969],[121.53,18.08965],[121.53004,18.08979],[121.5302,18.09004],[121.52974,18.08992]]],[[[121.52979,18.08933],[121.52988,18.08916],[121.53,18.08937],[121.52979,18.08933]]],[[[121.53,18.08937],[121.53011,18.08945],[121.53023,18.08961],[121.53035,18.0897],[121.5301,18.08977],[121.53,18.08937]]],[[[121.53079,18.10405],[121.53101,18.10393],[121.53097,18.10413],[121.53079,18.10405]]],[[[121.5309,18.09035],[121.53113,18.09029],[121.53106,18.0905],[121.5309,18.09035]]],[[[121.53108,18.10425],[121.5312,18.1042],[121.53116,18.10441],[121.53108,18.10425]]],[[[121.53109,18.10333],[121.53121,18.1033],[121.53117,18.10341],[121.53109,18.10333]]],[[[121.53115,18.10362],[121.53145,18.10317],[121.53126,18.103],[121.53178,18.10285],[121.53173,18.10353],[121.53171,18.10362],[121.53148,18.10337],[121.53135,18.10358],[121.53164,18.10371],[121.53144,18.10389],[121.53144,18.10401],[121.53192,18.10385],[121.5319,18.10404],[121.53162,18.10416],[121.53172,18.10425],[121.53179,18.10443],[121.53135,18.1042],[121.53125,18.10379],[121.53115,18.10362]]],[[[121.53129,18.10119],[121.53141,18.10113],[121.53149,18.10127],[121.53137,18.10143],[121.53129,18.10119]]],[[[121.53165,18.1046],[121.53186,18.10457],[121.53183,18.10476],[121.53165,18.1046]]],[[[121.53183,18.06264],[121.53192,18.06264],[121.53192,18.06273],[121.53183,18.06273],[121.53183,18.06264]]],[[[121.53184,18.10354],[121.53196,18.10349],[121.53192,18.10369],[121.53184,18.10354]]],[[[121.53192,18.06273],[121.53202,18.06273],[121.53202,18.06282],[121.53192,18.06282],[121.53192,18.06273]]],[[[121.53196,18.10349],[121.53201,18.10337],[121.53218,18.10345],[121.53196,18.10349]]],[[[121.53202,18.06282],[121.53211,18.06282],[121.53211,18.06292],[121.53202,18.06291],[121.53202,18.06282]]],[[[121.53211,18.06292],[121.53249,18.06298],[121.53298,18.06353],[121.53337,18.06374],[121.53411,18.06407],[121.53523,18.06497],[121.53554,18.06506],[121.53591,18.06531],[121.53642,18.06547],[121.53736,18.06597],[121.53756,18.06599],[121.53793,18.06597],[121.53864,18.06616],[121.53922,18.06626],[121.53935,18.06641],[121.53945,18.06649],[121.53945,18.06668],[121.53954,18.06668],[121.53954,18.06677],[121.53964,18.06677],[121.53964,18.06686],[121.54067,18.06687],[121.54058,18.06697],[121.53949,18.06708],[121.53893,18.06717],[121.53818,18.06725],[121.53747,18.06696],[121.53728,18.06674],[121.53713,18.06662],[121.53681,18.06608],[121.53639,18.06573],[121.53563,18.06561],[121.535,18.06544],[121.53479,18.06533],[121.53427,18.06517],[121.53356,18.06468],[121.53279,18.06372],[121.53248,18.06324],[121.53215,18.06296],[121.53211,18.06292]]],[[[121.53655,18.08626],[121.5366,18.08615],[121.53676,18.08623],[121.53655,18.08626]]],[[[121.5371,18.09598],[121.53732,18.09594],[121.53743,18.09616],[121.53718,18.09624],[121.5371,18.09598]]],[[[121.53712,18.09702],[121.53723,18.09681],[121.5375,18.09693],[121.53738,18.09714],[121.53712,18.09702]]],[[[121.53756,18.09628],[121.53798,18.09621],[121.53817,18.0965],[121.53772,18.09661],[121.53756,18.09628]]],[[[121.53852,18.09544],[121.53874,18.09541],[121.53869,18.09552],[121.53852,18.09544]]],[[[121.53958,18.08022],[121.53986,18.08001],[121.53995,18.07991],[121.54019,18.07987],[121.53995,18.08017],[121.53958,18.08022]]],[[[121.53964,18.09601],[121.53996,18.09596],[121.53979,18.09617],[121.53964,18.09601]]],[[[121.54019,18.07987],[121.54024,18.07979],[121.54066,18.07992],[121.54048,18.08],[121.54019,18.07987]]],[[[121.54078,18.09717],[121.5409,18.09714],[121.54086,18.09725],[121.54078,18.09717]]],[[[121.54079,18.07993],[121.54083,18.07977],[121.54147,18.07991],[121.54151,18.08006],[121.54128,18.08001],[121.54079,18.07993]]],[[[121.5408,18.08325],[121.54092,18.08322],[121.54088,18.08333],[121.5408,18.08325]]],[[[121.54096,18.06687],[121.5414,18.06692],[121.54209,18.06715],[121.54231,18.06693],[121.54266,18.06692],[121.54315,18.06694],[121.54337,18.06684],[121.54391,18.06649],[121.54438,18.06648],[121.5453,18.06674],[121.54567,18.06637],[121.5463,18.06623],[121.54681,18.06607],[121.54717,18.06645],[121.54788,18.06669],[121.54904,18.06611],[121.54885,18.06501],[121.54855,18.06458],[121.54827,18.06401],[121.54796,18.06387],[121.54793,18.06303],[121.54878,18.06265],[121.54889,18.0611],[121.54908,18.0606],[121.54918,18.0602],[121.54938,18.05984],[121.54957,18.0595],[121.54941,18.0593],[121.54883,18.05942],[121.54858,18.05992],[121.54834,18.05964],[121.54862,18.05939],[121.54881,18.05903],[121.54901,18.05902],[121.54923,18.05903],[121.54991,18.05893],[121.55013,18.0585],[121.55086,18.05813],[121.55141,18.05835],[121.55156,18.0585],[121.55175,18.05859],[121.55199,18.05884],[121.55236,18.05891],[121.55243,18.05905],[121.55264,18.05909],[121.55274,18.05928],[121.55259,18.05923],[121.55213,18.05904],[121.55103,18.05895],[121.55001,18.05929],[121.54976,18.05966],[121.54938,18.06017],[121.54903,18.06107],[121.54889,18.06171],[121.54946,18.06251],[121.55017,18.06291],[121.55029,18.06382],[121.5499,18.06517],[121.54981,18.06554],[121.54956,18.06632],[121.54904,18.06643],[121.5481,18.0667],[121.54748,18.06678],[121.54724,18.06714],[121.54682,18.06765],[121.54641,18.068],[121.5458,18.06837],[121.5448,18.06854],[121.54366,18.06846],[121.54326,18.06819],[121.5423,18.06762],[121.54168,18.06712],[121.541,18.06692],[121.54096,18.06687]]],[[[121.54151,18.08006],[121.5417,18.08007],[121.5417,18.08016],[121.54151,18.08016],[121.54151,18.08006]]],[[[121.5417,18.08016],[121.54189,18.08016],[121.54189,18.08025],[121.5417,18.08025],[121.5417,18.08016]]],[[[121.54189,18.08025],[121.54222,18.0802],[121.54231,18.08027],[121.54199,18.08038],[121.54189,18.08025]]],[[[121.54201,18.09736],[121.54212,18.09733],[121.54209,18.09744],[121.54201,18.09736]]],[[[121.54268,18.08436],[121.54289,18.08432],[121.54284,18.08444],[121.54268,18.08436]]],[[[121.5428,18.08009],[121.54302,18.07999],[121.54299,18.08025],[121.5428,18.08009]]],[[[121.54315,18.08438],[121.54324,18.0843],[121.54327,18.08442],[121.54315,18.08438]]],[[[121.54318,18.08031],[121.5433,18.08026],[121.54326,18.08046],[121.54318,18.08031]]],[[[121.54319,18.08059],[121.54327,18.08051],[121.5433,18.08062],[121.54319,18.08059]]],[[[121.54327,18.08228],[121.54338,18.08225],[121.54335,18.08236],[121.54327,18.08228]]],[[[121.5433,18.08062],[121.54342,18.08065],[121.54333,18.08073],[121.5433,18.08062]]],[[[121.54336,18.08115],[121.54349,18.08107],[121.54361,18.08135],[121.54344,18.08147],[121.54336,18.08115]]],[[[121.54336,18.08201],[121.54357,18.08198],[121.54352,18.08209],[121.54336,18.08201]]],[[[121.54337,18.06945],[121.54349,18.06942],[121.54345,18.06953],[121.54337,18.06945]]],[[[121.54564,18.07963],[121.54577,18.07955],[121.5458,18.07961],[121.54599,18.07972],[121.54586,18.07986],[121.54564,18.07963]]],[[[121.54612,18.07986],[121.54624,18.07983],[121.5462,18.07994],[121.54612,18.07986]]],[[[121.54639,18.07986],[121.54662,18.07974],[121.54657,18.07994],[121.54639,18.07986]]],[[[121.54669,18.07923],[121.5469,18.0792],[121.54687,18.0794],[121.54669,18.07923]]],[[[121.54689,18.07878],[121.547,18.07875],[121.54697,18.07886],[121.54689,18.07878]]],[[[121.54802,18.0787],[121.54814,18.07867],[121.5481,18.07878],[121.54802,18.0787]]],[[[121.54821,18.07915],[121.54832,18.07912],[121.54829,18.07923],[121.54821,18.07915]]],[[[121.54922,18.07918],[121.54955,18.07913],[121.54937,18.07935],[121.54922,18.07918]]],[[[121.54984,18.06693],[121.54988,18.06665],[121.55003,18.06657],[121.55003,18.06676],[121.54993,18.06675],[121.54993,18.06694],[121.54984,18.06693]]],[[[121.55003,18.06603],[121.55013,18.06603],[121.55013,18.06648],[121.55003,18.06648],[121.55003,18.06603]]],[[[121.55013,18.06594],[121.55022,18.06594],[121.55022,18.06603],[121.55013,18.06603],[121.55013,18.06594]]],[[[121.55022,18.06585],[121.55028,18.06524],[121.55055,18.06452],[121.55066,18.06309],[121.55035,18.0626],[121.55054,18.0626],[121.55068,18.06282],[121.55083,18.06349],[121.55069,18.06449],[121.55046,18.06517],[121.55028,18.06581],[121.55022,18.06585]]],[[[121.55274,18.05928],[121.55292,18.05928],[121.55292,18.05937],[121.55311,18.05937],[121.55311,18.05946],[121.55321,18.05946],[121.55321,18.05955],[121.5533,18.05955],[121.5533,18.05964],[121.55315,18.0596],[121.55282,18.05939],[121.55274,18.05928]]],[[[121.5533,18.05964],[121.55339,18.05964],[121.55339,18.05973],[121.5533,18.05973],[121.5533,18.05964]]],[[[121.55339,18.05973],[121.55349,18.05973],[121.55349,18.05982],[121.55339,18.05982],[121.55339,18.05973]]],[[[121.55349,18.05982],[121.55358,18.05982],[121.55358,18.05991],[121.55349,18.05991],[121.55349,18.05982]]],[[[121.55358,18.05991],[121.55367,18.05992],[121.55367,18.06001],[121.55358,18.06],[121.55358,18.05991]]],[[[121.55367,18.06001],[121.55377,18.06001],[121.55377,18.0601],[121.55367,18.0601],[121.55367,18.06001]]],[[[121.55377,18.0601],[121.55396,18.0601],[121.5545,18.06075],[121.55476,18.06096],[121.55486,18.06108],[121.55525,18.06124],[121.5557,18.06151],[121.55591,18.06177],[121.55619,18.06188],[121.55664,18.06215],[121.55699,18.06257],[121.55752,18.06288],[121.55795,18.06297],[121.55844,18.06315],[121.55841,18.06301],[121.55811,18.06288],[121.55934,18.06272],[121.56001,18.06237],[121.5605,18.06199],[121.56105,18.06168],[121.56077,18.06104],[121.56091,18.06082],[121.56084,18.06027],[121.56109,18.05947],[121.56093,18.05929],[121.56071,18.0592],[121.5604,18.05877],[121.56013,18.05873],[121.55968,18.05883],[121.55918,18.059],[121.55865,18.0589],[121.55873,18.05873],[121.55884,18.05865],[121.55888,18.0586],[121.55916,18.0586],[121.55917,18.05851],[121.55954,18.05851],[121.55954,18.05842],[121.55983,18.05842],[121.55983,18.05833],[121.56062,18.05839],[121.56138,18.05861],[121.56139,18.05875],[121.56136,18.05902],[121.5614,18.05947],[121.56122,18.06062],[121.56144,18.0611],[121.5618,18.061],[121.56259,18.06038],[121.56311,18.0602],[121.56365,18.05977],[121.56395,18.05937],[121.56418,18.05918],[121.5644,18.05882],[121.56454,18.05839],[121.56493,18.05853],[121.56507,18.05823],[121.56526,18.05791],[121.56474,18.05798],[121.56443,18.05832],[121.56413,18.0582],[121.56422,18.05796],[121.56445,18.05744],[121.56395,18.05687],[121.56377,18.05671],[121.56401,18.05668],[121.5643,18.05681],[121.56474,18.0573],[121.56566,18.05755],[121.56622,18.05744],[121.56672,18.05726],[121.5673,18.05717],[121.56763,18.05681],[121.56858,18.05673],[121.56863,18.05668],[121.56985,18.05669],[121.56985,18.05678],[121.56967,18.05678],[121.56921,18.05682],[121.56867,18.057],[121.56829,18.05708],[121.56801,18.05718],[121.56772,18.05726],[121.56676,18.05764],[121.56554,18.0587],[121.56544,18.05869],[121.56513,18.05879],[121.56497,18.05896],[121.56448,18.0593],[121.56407,18.05983],[121.5635,18.06017],[121.56265,18.06107],[121.56233,18.06134],[121.56164,18.06148],[121.56117,18.06183],[121.56006,18.06256],[121.5588,18.06321],[121.55828,18.06334],[121.55739,18.0631],[121.55643,18.06288],[121.55595,18.06263],[121.55525,18.06215],[121.55475,18.06177],[121.55432,18.06151],[121.55391,18.06041],[121.55377,18.0601]],[[121.55431,18.06094],[121.55439,18.06102],[121.55442,18.06091],[121.55431,18.06094]],[[121.55459,18.06143],[121.5547,18.06146],[121.55467,18.06135],[121.55459,18.06143]],[[121.5547,18.06146],[121.55477,18.0616],[121.55498,18.06164],[121.55491,18.0615],[121.5547,18.06146]],[[121.55498,18.06164],[121.55501,18.06175],[121.5551,18.06167],[121.55498,18.06164]],[[121.55543,18.06207],[121.55555,18.0621],[121.55551,18.06199],[121.55543,18.06207]],[[121.55555,18.0621],[121.5556,18.06222],[121.55576,18.06214],[121.55555,18.0621]]],[[[121.56042,18.04366],[121.56057,18.04383],[121.56064,18.04439],[121.56079,18.04443],[121.56069,18.04455],[121.56054,18.04447],[121.56042,18.04366]]],[[[121.56079,18.04443],[121.56082,18.04432],[121.56091,18.0444],[121.56079,18.04443]]],[[[121.56093,18.04425],[121.56094,18.04411],[121.56132,18.04393],[121.56141,18.04384],[121.56151,18.04375],[121.5616,18.04366],[121.56165,18.04362],[121.56158,18.04429],[121.56122,18.04411],[121.56093,18.04425]]],[[[121.56157,18.01305],[121.56186,18.01286],[121.56203538203708,18.012620842676704],[121.56240010519592,18.012574491553043],[121.56237,18.01272],[121.56228,18.01272],[121.56228,18.0129],[121.56213,18.01294],[121.56186,18.01304],[121.56157,18.01305]]],[[[121.56163,18.06329],[121.56215,18.06323],[121.56267,18.06382],[121.56298,18.06424],[121.56294,18.06474],[121.56271,18.06472],[121.56257,18.06427],[121.56244,18.06392],[121.56174,18.06362],[121.56163,18.06329]]],[[[121.56172,18.04357],[121.56208,18.04304],[121.5626,18.04299],[121.56256,18.04304],[121.56208,18.0434],[121.56172,18.04357]]],[[[121.56249,18.04059],[121.56263,18.04042],[121.56281,18.04065],[121.56249,18.04059]]],[[[121.56272,18.04516],[121.56282,18.04502],[121.56347,18.04443],[121.56317,18.04399],[121.56358,18.04413],[121.56372,18.04418],[121.56372,18.04427],[121.56382,18.04427],[121.56381,18.04436],[121.56391,18.04436],[121.564,18.04473],[121.56436,18.04495],[121.56466,18.045],[121.56475,18.0451],[121.56543,18.04525],[121.56576,18.04498],[121.56617,18.04453],[121.56722,18.04431],[121.56736,18.04407],[121.56762,18.04353],[121.56782,18.04352],[121.56803,18.0437],[121.56834,18.04405],[121.5689,18.04425],[121.56942,18.0443],[121.56962,18.04378],[121.56965,18.04348],[121.56954,18.04336],[121.56925,18.04327],[121.56898,18.04317],[121.56869,18.04309],[121.56837,18.04297],[121.56781,18.04312],[121.56741,18.0429],[121.56675,18.04312],[121.56621,18.04293],[121.56548,18.04298],[121.56539,18.04278],[121.56529,18.0426],[121.56559,18.04252],[121.56578,18.04189],[121.56549,18.04171],[121.56536,18.04156],[121.5652,18.04143],[121.56512,18.04125],[121.56492,18.04116],[121.56476,18.04098],[121.56455,18.04106],[121.56456,18.04124],[121.56392,18.04115],[121.56308,18.04096],[121.56281,18.04065],[121.56309,18.04059],[121.56343,18.04062],[121.56366,18.04037],[121.5639,18.04024],[121.56409,18.04025],[121.56418,18.04016],[121.56466,18.04007],[121.56465,18.03989],[121.5649,18.03955],[121.56505,18.03872],[121.56494,18.03854],[121.56511,18.03826],[121.56469,18.03829],[121.56456,18.03807],[121.56459,18.0378],[121.56434,18.03793],[121.56411,18.03774],[121.56447,18.03727],[121.56472,18.03723],[121.56476,18.03737],[121.5649,18.0376],[121.56551,18.03785],[121.56561,18.03819],[121.56589,18.0383],[121.56624,18.03826],[121.56665,18.03804],[121.56674,18.03773],[121.56739,18.03727],[121.56751,18.03702],[121.56773,18.03666],[121.56828,18.03634],[121.56855,18.03649],[121.5695,18.03658],[121.56976,18.03673],[121.56989,18.03744],[121.5701,18.03761],[121.57055,18.03745],[121.57045,18.03659],[121.57033,18.0364],[121.57038,18.03607],[121.57104,18.03596],[121.57085,18.03482],[121.57145,18.0347],[121.57168,18.03443],[121.57191,18.03435],[121.57235,18.03488],[121.57257,18.03524],[121.57282,18.03534],[121.5729,18.03544],[121.57305,18.03542],[121.57343,18.03547],[121.57401,18.03541],[121.57413,18.03552],[121.57382,18.03601],[121.57327,18.03615],[121.57306,18.03627],[121.57254,18.03621],[121.57196,18.03661],[121.57176,18.03669],[121.57167,18.0368],[121.57203,18.03676],[121.57223,18.03695],[121.5719,18.03737],[121.57158,18.03746],[121.57155,18.03785],[121.57203,18.03805],[121.57283,18.03835],[121.57298,18.03851],[121.57317,18.0385],[121.57288,18.03916],[121.57306,18.0395],[121.57343,18.03967],[121.57354,18.03987],[121.57352,18.04012],[121.57363,18.04024],[121.57408,18.04044],[121.57424,18.04096],[121.57439,18.04128],[121.57485,18.04168],[121.57482,18.04211],[121.57497,18.04238],[121.57521,18.04295],[121.57464,18.04361],[121.57477,18.04412],[121.57535,18.04415],[121.57559,18.04396],[121.57602,18.0435],[121.57623,18.04364],[121.57642,18.04423],[121.57681,18.04441],[121.57693,18.04466],[121.57737,18.04486],[121.57755,18.04496],[121.5778,18.04507],[121.57749,18.04548],[121.57701,18.04672],[121.57662,18.04719],[121.57722,18.04737],[121.57703,18.04802],[121.57734,18.04828],[121.57743,18.04866],[121.57754,18.04908],[121.57733,18.04945],[121.57775,18.04952],[121.57795,18.04935],[121.57834,18.04868],[121.57865,18.04805],[121.57916,18.0484],[121.57938,18.04829],[121.57953,18.04768],[121.5798,18.04777],[121.58047,18.04831],[121.58106,18.04844],[121.58149,18.04896],[121.58167,18.04924],[121.58213,18.04956],[121.58255,18.05008],[121.58249,18.05086],[121.58358,18.05106],[121.58392,18.05124],[121.58407,18.05128],[121.58411,18.05133],[121.58475,18.05169],[121.58544,18.05179],[121.58571,18.05205],[121.5845,18.05225],[121.58438,18.05271],[121.58382,18.05321],[121.58357,18.05394],[121.58315,18.05406],[121.58339,18.05474],[121.58371,18.05458],[121.58395,18.05449],[121.58418,18.05478],[121.58362,18.05528],[121.58356,18.05625],[121.5835,18.0562],[121.58322,18.05563],[121.58264,18.05539],[121.58222,18.05581],[121.58164,18.05551],[121.58115,18.05499],[121.58116,18.05464],[121.5818,18.05436],[121.58195,18.05405],[121.58181,18.05392],[121.58132,18.05393],[121.58116,18.05438],[121.58094,18.05469],[121.5806,18.05498],[121.5805,18.0552],[121.58097,18.05542],[121.58154,18.05571],[121.5823,18.05622],[121.58294,18.0562],[121.58303,18.0564],[121.58247,18.05665],[121.58144,18.05752],[121.58123,18.05782],[121.58087,18.05826],[121.58056,18.05853],[121.58041,18.05869],[121.57944,18.05993],[121.57912,18.06044],[121.57913,18.06078],[121.57891,18.06105],[121.57833,18.06075],[121.57815,18.0602],[121.57762,18.0596],[121.57744,18.05923],[121.5773,18.0591],[121.57725,18.05881],[121.57676,18.05802],[121.57606,18.05762],[121.5758,18.05755],[121.57546,18.05716],[121.57457,18.0568],[121.57382,18.05663],[121.57373,18.05652],[121.57326,18.05634],[121.57248,18.05651],[121.5719,18.05643],[121.57123,18.05657],[121.57028,18.05665],[121.56985,18.05669],[121.57001,18.05648],[121.57009,18.05627],[121.57027,18.05639],[121.57042,18.05643],[121.57042,18.05652],[121.5709,18.05652],[121.57113,18.05648],[121.57142,18.0563],[121.57209,18.05621],[121.57228,18.05602],[121.57343,18.05614],[121.57411,18.0566],[121.57451,18.05658],[121.57481,18.05669],[121.57549,18.05679],[121.57595,18.057],[121.57594,18.05723],[121.5763,18.0574],[121.57673,18.05769],[121.57679,18.0576],[121.57678,18.05733],[121.57689,18.05733],[121.57744,18.0577],[121.57784,18.05758],[121.57837,18.05712],[121.57854,18.05681],[121.57841,18.05653],[121.57831,18.05644],[121.57852,18.05615],[121.57839,18.05563],[121.57807,18.05579],[121.57765,18.05615],[121.57774,18.05626],[121.57812,18.05637],[121.57813,18.05665],[121.57774,18.05653],[121.57734,18.05632],[121.57692,18.05645],[121.5768,18.05634],[121.57669,18.05624],[121.57672,18.05572],[121.57645,18.05543],[121.57548,18.05533],[121.57521,18.05524],[121.57463,18.05515],[121.5744,18.05467],[121.57335,18.0541],[121.57399,18.05354],[121.57367,18.05279],[121.5731,18.05277],[121.57251,18.05296],[121.57258,18.05278],[121.57268,18.05269],[121.57298,18.0522],[121.57341,18.05242],[121.57409,18.05231],[121.57411,18.05198],[121.57409,18.05163],[121.57445,18.05126],[121.57462,18.05138],[121.57467,18.05271],[121.57464,18.05332],[121.57535,18.05388],[121.57569,18.0538],[121.57602,18.05369],[121.57716,18.05374],[121.57767,18.05339],[121.57743,18.05306],[121.57629,18.0531],[121.57598,18.05283],[121.57597,18.05254],[121.57646,18.05195],[121.57647,18.05165],[121.57621,18.05137],[121.5759,18.05127],[121.57533,18.05116],[121.57577,18.05076],[121.57666,18.05063],[121.57651,18.05021],[121.57629,18.0501],[121.57568,18.04982],[121.57465,18.049],[121.57404,18.04915],[121.57383,18.04971],[121.57385,18.05035],[121.57364,18.05035],[121.57323,18.05008],[121.57288,18.05016],[121.5724,18.05051],[121.57207,18.05021],[121.57228,18.04966],[121.57213,18.04925],[121.57216,18.04866],[121.57151,18.04844],[121.57138,18.04852],[121.57134,18.04857],[121.57104,18.0486],[121.57096,18.04875],[121.57072,18.04867],[121.57105,18.04846],[121.57158,18.04826],[121.57224,18.04811],[121.57213,18.04708],[121.5714,18.04708],[121.57103,18.04707],[121.57044,18.04717],[121.56954,18.04714],[121.56932,18.04724],[121.56919,18.0476],[121.56894,18.04733],[121.56876,18.04679],[121.56837,18.04688],[121.5675,18.04723],[121.56667,18.04699],[121.56602,18.04668],[121.56601,18.0465],[121.56625,18.04587],[121.56607,18.04586],[121.56588,18.04587],[121.56548,18.04586],[121.56484,18.04667],[121.56479,18.04658],[121.56469,18.04587],[121.56394,18.04575],[121.56396,18.04523],[121.56367,18.04495],[121.5633,18.04494],[121.56272,18.04516]],[[121.56568,18.04263],[121.56584,18.04278],[121.56591,18.04257],[121.56568,18.04263]],[[121.56645,18.04069],[121.56704,18.04076],[121.56748,18.04043],[121.56738,18.04003],[121.5671,18.03991],[121.56706,18.03986],[121.56656,18.03992],[121.56645,18.04069]],[[121.56718,18.04605],[121.56767,18.04584],[121.56758,18.04565],[121.56726,18.0457],[121.56718,18.04605]],[[121.56871,18.04289],[121.56888,18.04297],[121.56893,18.04286],[121.56871,18.04289]],[[121.56938,18.04298],[121.56946,18.04306],[121.56949,18.04295],[121.56938,18.04298]],[[121.56957,18.04254],[121.57047,18.04238],[121.57115,18.04192],[121.57094,18.04161],[121.57049,18.04147],[121.57045,18.04143],[121.56967,18.04148],[121.56957,18.04254]],[[121.57186,18.03897],[121.57225,18.03897],[121.57217,18.03882],[121.57186,18.03897]],[[121.57248,18.04813],[121.57261,18.04826],[121.57276,18.04831],[121.57276,18.0484],[121.57304,18.0484],[121.57309,18.04845],[121.57389,18.04844],[121.57486,18.04864],[121.57507,18.04832],[121.57498,18.04809],[121.5746,18.04775],[121.5747,18.04746],[121.57495,18.047],[121.57528,18.04626],[121.57467,18.04602],[121.57416,18.04612],[121.574,18.04674],[121.57386,18.04665],[121.57327,18.04619],[121.57264,18.0464],[121.57248,18.04813]],[[121.57315,18.04509],[121.57371,18.04515],[121.57396,18.04496],[121.57354,18.04434],[121.57344,18.04442],[121.57331,18.04484],[121.57315,18.04509]],[[121.57722,18.05166],[121.57817,18.05205],[121.57862,18.05219],[121.57927,18.05169],[121.57968,18.05157],[121.57988,18.05147],[121.58008,18.05105],[121.58001,18.05071],[121.57846,18.05079],[121.57834,18.05144],[121.57789,18.05113],[121.57733,18.05142],[121.57722,18.05166]],[[121.57786,18.05473],[121.57846,18.05517],[121.57916,18.05501],[121.57921,18.0547],[121.57889,18.05446],[121.57885,18.05441],[121.57861,18.05445],[121.5783,18.05462],[121.57786,18.05473]],[[121.57907,18.05753],[121.57916,18.05779],[121.57941,18.05771],[121.5793,18.05748],[121.57907,18.05753]],[[121.57984,18.05671],[121.58086,18.05686],[121.58124,18.05669],[121.58115,18.05601],[121.58073,18.05551],[121.5805,18.05557],[121.58085,18.05589],[121.58003,18.05603],[121.57984,18.05671]],[[121.58041,18.05444],[121.58087,18.05451],[121.58074,18.05415],[121.58041,18.05444]]],[[[121.56276,18.04294],[121.56298,18.04291],[121.56292,18.04302],[121.56276,18.04294]]],[[[121.56298,18.04291],[121.56303,18.04269],[121.56311,18.04222],[121.56325,18.04215],[121.56317,18.04246],[121.56324,18.04277],[121.56298,18.04291]]],[[[121.56332,18.04214],[121.56393,18.0421],[121.56384,18.04222],[121.56332,18.04214]]],[[[121.56357,18.03719],[121.56378,18.03713],[121.56382,18.03727],[121.564,18.03742],[121.56404,18.03799],[121.56385,18.03757],[121.56357,18.03719]]],[[[121.56365,18.01435],[121.56384,18.01402],[121.56415,18.01405],[121.56433,18.01404],[121.56429,18.01345],[121.56487,18.01324],[121.56522,18.01301],[121.56534,18.01254],[121.56497,18.01243],[121.5647490130453,18.012275978789148],[121.56563263107894,18.012163683510508],[121.56593,18.01258],[121.56638,18.01279],[121.56703,18.01356],[121.56771,18.01377],[121.56861282828345,18.01359131523557],[121.56880436400002,18.01371900600003],[121.5688971290001,18.013824140000054],[121.56895278900004,18.013978749000046],[121.5690950290001,18.01406533100004],[121.56911249161503,18.0140827934738],[121.56911,18.01417],[121.56926,18.0143],[121.56926056686906,18.014300618402608],[121.56927437600007,18.014337443000045],[121.56933003500001,18.014467315000047],[121.56941661600001,18.014522974000045],[121.5694849450424,18.014544326912105],[121.56972,18.01475],[121.57119097656978,18.01471103373325],[121.57123852887217,18.01474167866804],[121.57137,18.01523],[121.57106,18.01545],[121.57051,18.01526],[121.57053,18.01569],[121.57041,18.0162],[121.57042,18.01649],[121.57148,18.01674],[121.5723,18.01706],[121.57186,18.0176],[121.57257,18.01743],[121.57286,18.01773],[121.57324,18.0179],[121.57345,18.01801],[121.57361,18.01818],[121.57371,18.01827],[121.57371,18.01809],[121.57382,18.018],[121.57444,18.01842],[121.57474,18.01873],[121.57485,18.01883],[121.57502,18.01919],[121.57522,18.01936],[121.57511,18.01946],[121.5753,18.01973],[121.57539,18.02006],[121.57493,18.02068],[121.57517,18.02081],[121.57533,18.02033],[121.57598,18.01994],[121.57623,18.02046],[121.57656,18.02076],[121.5769,18.02091],[121.57746,18.02137],[121.57788,18.02155],[121.57803,18.02132],[121.57775,18.02092],[121.57764,18.02071],[121.57737,18.02047],[121.57723,18.02032],[121.57738,18.01993],[121.57748,18.01925],[121.5772,18.01848],[121.57711,18.01806],[121.57868,18.01738],[121.57891,18.0175],[121.57921,18.01764],[121.57909,18.01786],[121.57879,18.01785],[121.57836,18.01829],[121.57822,18.01839],[121.5778,18.01818],[121.57766,18.01831],[121.57767,18.0186],[121.57903,18.01942],[121.57969,18.0192],[121.57989,18.01863],[121.58023,18.01833],[121.58161,18.01816],[121.58177,18.01739],[121.58146,18.01725],[121.58128,18.01697],[121.58106,18.01666],[121.5809,18.01652],[121.5807,18.01603],[121.58072,18.01568],[121.58092,18.01552],[121.58109,18.01589],[121.58123,18.01614],[121.58156,18.01598],[121.58178,18.01588],[121.5822,18.0159],[121.58231,18.01673],[121.58193,18.01741],[121.58195,18.01796],[121.58173,18.01815],[121.58232,18.01869],[121.58201,18.01896],[121.58183,18.01915],[121.58172,18.01996],[121.58145,18.02057],[121.58192,18.02068],[121.58219,18.02041],[121.58239,18.02024],[121.58273,18.01989],[121.58289,18.02022],[121.58322,18.01988],[121.5837,18.01977],[121.58389,18.01997],[121.58404,18.02011],[121.58418,18.02026],[121.58417,18.02054],[121.58398,18.02106],[121.58387,18.02138],[121.58388,18.02189],[121.58436,18.02187],[121.58454,18.02169],[121.58464,18.02161],[121.5849,18.02134],[121.58528,18.02118],[121.58558,18.02098],[121.58581,18.02088],[121.58657,18.02099],[121.58682,18.02099],[121.58719,18.02108],[121.58747,18.0209],[121.58859,18.02081],[121.58871,18.01992],[121.58885,18.01967],[121.58965,18.01955],[121.59034,18.01867],[121.59109,18.01858],[121.59172,18.01834],[121.59255,18.0177],[121.59287,18.01708],[121.59438,18.01726],[121.59478,18.01725],[121.59682,18.01651],[121.59758,18.01637],[121.59771,18.01664],[121.59782,18.01674],[121.59878,18.01692],[121.59931,18.01719],[121.59958,18.01732],[121.60058,18.01729],[121.60211,18.01569],[121.60282,18.01538],[121.60287,18.01473],[121.60297,18.01473],[121.60304,18.01496],[121.60358,18.01469],[121.60433,18.01435],[121.6045,18.0139],[121.60463,18.01315],[121.60528,18.01318],[121.60548,18.01283],[121.60532,18.01246],[121.60507,18.01224],[121.60516,18.01186],[121.60526,18.01186],[121.60526,18.0115],[121.60532,18.01153],[121.60545,18.01177],[121.60532,18.01184],[121.60545,18.01217],[121.60554,18.01222],[121.60554,18.0124],[121.60563,18.0124],[121.60563,18.01249],[121.60567,18.01356],[121.60618,18.01413],[121.60628,18.01422],[121.60628,18.01431],[121.60637,18.01431],[121.60645,18.0146],[121.60661,18.01498],[121.60665,18.01512],[121.60658,18.01518],[121.60662,18.01581],[121.60648,18.0164],[121.60566,18.01654],[121.60545,18.01697],[121.60522,18.01738],[121.60464,18.01754],[121.6045,18.01796],[121.60439,18.01815],[121.604,18.01813],[121.60384,18.0173],[121.60354,18.01763],[121.60357,18.01826],[121.6032,18.01842],[121.60308,18.01905],[121.60336,18.0193],[121.60316,18.01947],[121.60328,18.01992],[121.60287,18.02017],[121.60288,18.02029],[121.60286,18.02058],[121.6024,18.02055],[121.60241,18.02084],[121.60196,18.02119],[121.60184,18.02064],[121.60173,18.02056],[121.60175,18.02096],[121.60173,18.02119],[121.60197,18.02139],[121.6025,18.02155],[121.60248,18.02182],[121.60249,18.02201],[121.60281,18.022],[121.60265,18.02242],[121.60204,18.02255],[121.60182,18.02254],[121.60144,18.02263],[121.60129,18.02262],[121.60116,18.02235],[121.60106,18.02227],[121.60098,18.02199],[121.60069,18.02209],[121.60053,18.02175],[121.60037,18.02207],[121.60022,18.02187],[121.60044,18.02149],[121.60017,18.02158],[121.60013,18.02182],[121.59969,18.02168],[121.59981,18.02132],[121.59917,18.02152],[121.59913,18.02157],[121.59882,18.02164],[121.59833,18.02161],[121.5981,18.02162],[121.59795,18.02207],[121.59789,18.02215],[121.5977,18.02174],[121.59729,18.02188],[121.59692,18.02168],[121.59682,18.02179],[121.59609,18.02191],[121.59579,18.0215],[121.59557,18.02141],[121.5956,18.02105],[121.59559,18.02088],[121.5957,18.02069],[121.59569,18.02051],[121.5957,18.02028],[121.59569,18.02002],[121.59372,18.02024],[121.593,18.01975],[121.59242,18.01904],[121.59222,18.01906],[121.59241,18.01922],[121.5924,18.01941],[121.59259,18.01958],[121.59268,18.01996],[121.59249,18.02012],[121.59239,18.02031],[121.59201,18.02063],[121.59169,18.02046],[121.59126,18.02062],[121.5916,18.02078],[121.59025,18.02094],[121.58946,18.02126],[121.58993,18.02191],[121.59006,18.02233],[121.58991,18.02246],[121.58992,18.02264],[121.58991,18.02273],[121.5902,18.02298],[121.59038,18.02337],[121.59052,18.02348],[121.59086,18.02364],[121.59138,18.02391],[121.59151,18.02419],[121.5917,18.02435],[121.59179,18.02464],[121.59189,18.02492],[121.59187,18.02519],[121.59209,18.02538],[121.59202,18.02636],[121.59183,18.0267],[121.59206,18.0269],[121.59214,18.02726],[121.59225,18.02765],[121.59252,18.02788],[121.59261,18.02835],[121.59272,18.02845],[121.59289,18.02881],[121.59317,18.02916],[121.59317,18.02926],[121.59346,18.02966],[121.59383,18.03024],[121.59382,18.03044],[121.59387,18.03066],[121.59368,18.03057],[121.59363,18.03062],[121.59343,18.03071],[121.59315,18.03098],[121.59316,18.03147],[121.59315,18.03165],[121.59315,18.03206],[121.59334,18.03215],[121.59343,18.03224],[121.59315,18.03224],[121.59315,18.03243],[121.59357,18.03242],[121.59398,18.03243],[121.59437,18.03234],[121.59496,18.03225],[121.59551,18.03253],[121.59608,18.03262],[121.59649,18.03283],[121.59663,18.03326],[121.59673,18.03344],[121.59694,18.03396],[121.59663,18.03424],[121.59729,18.03435],[121.59787,18.03398],[121.59833,18.03399],[121.59852,18.03436],[121.59851,18.03463],[121.59877,18.03451],[121.59891,18.03465],[121.59928,18.03454],[121.59965,18.03455],[121.60019,18.03444],[121.60067,18.03479],[121.60078,18.03501],[121.60096,18.03528],[121.60116,18.03557],[121.60146,18.03585],[121.60161,18.03665],[121.60137,18.03709],[121.6016,18.03753],[121.6017,18.03782],[121.60128,18.0382],[121.60208,18.03836],[121.60241,18.03771],[121.60271,18.03755],[121.60357,18.03818],[121.60367,18.03873],[121.60424,18.03882],[121.60452,18.03892],[121.60513,18.03911],[121.60546,18.0395],[121.60495,18.04014],[121.60541,18.0407],[121.6058,18.04107],[121.60592,18.04119],[121.60572,18.04137],[121.60574,18.04231],[121.60593,18.04287],[121.60657,18.043],[121.60695,18.04309],[121.60725,18.04309],[121.60752,18.04245],[121.60772,18.04229],[121.60816,18.04251],[121.60862,18.04236],[121.60877,18.04284],[121.60921,18.04283],[121.6094,18.04293],[121.60973,18.04293],[121.61009,18.04294],[121.61044,18.04367],[121.61012,18.04396],[121.61025,18.0442],[121.61035,18.04475],[121.61081,18.04474],[121.61114,18.04507],[121.61099,18.04547],[121.61089,18.04591],[121.61164,18.04677],[121.61174,18.0462],[121.61207,18.04579],[121.61193,18.04496],[121.61205,18.04467],[121.61261,18.04485],[121.61279,18.04521],[121.61298,18.04558],[121.61363,18.04557],[121.61392,18.04576],[121.6144,18.04604],[121.61499,18.04664],[121.61548,18.04696],[121.61584,18.04789],[121.61633,18.04848],[121.61644,18.04895],[121.61622,18.04935],[121.61544,18.04949],[121.61485,18.04947],[121.61473,18.05002],[121.61466,18.0501],[121.61365,18.04951],[121.61338,18.04977],[121.61321,18.0504],[121.61322,18.05118],[121.6132,18.05183],[121.61272,18.05227],[121.61236,18.05226],[121.61207,18.05244],[121.61187,18.05253],[121.61164,18.05276],[121.6115,18.05316],[121.61131,18.05333],[121.61112,18.05351],[121.61061,18.0537],[121.60993,18.05368],[121.6096,18.05369],[121.60932,18.05368],[121.60932,18.05378],[121.60913,18.05413],[121.60896,18.05477],[121.60977,18.05476],[121.61017,18.05496],[121.6105,18.05529],[121.61126,18.05544],[121.61158,18.0556],[121.61176,18.05597],[121.61175,18.05638],[121.61136,18.0565],[121.61137,18.05723],[121.61181,18.05764],[121.61165,18.05794],[121.61155,18.05822],[121.61194,18.05821],[121.61166,18.05847],[121.61188,18.05853],[121.61192,18.05876],[121.61211,18.05903],[121.61257,18.05983],[121.61277,18.06034],[121.61275,18.06067],[121.61304,18.06066],[121.61322,18.06085],[121.61308,18.06144],[121.61324,18.0614],[121.61345,18.06104],[121.61354,18.06137],[121.61335,18.06165],[121.61353,18.06236],[121.61364,18.06243],[121.61369,18.06261],[121.61399,18.06282],[121.61415,18.06303],[121.61426,18.06311],[121.61435,18.06332],[121.61458,18.06328],[121.61481,18.06343],[121.61458,18.06359],[121.61475,18.06397],[121.61505,18.06392],[121.61489,18.06439],[121.61501,18.06466],[121.61485,18.06489],[121.61443,18.06481],[121.61434,18.06499],[121.61455,18.06532],[121.61437,18.06573],[121.61449,18.06632],[121.6142,18.06626],[121.61404,18.06646],[121.61377,18.06656],[121.6136,18.06699],[121.61387,18.06709],[121.61381,18.06738],[121.61404,18.06753],[121.61413,18.06766],[121.61436,18.06762],[121.6147,18.06768],[121.61488,18.06726],[121.61504,18.06748],[121.61521,18.0676],[121.61525,18.06774],[121.61548,18.06761],[121.61572,18.06792],[121.61583,18.068],[121.61591,18.06819],[121.61601,18.06827],[121.61609,18.06848],[121.61573,18.06842],[121.61597,18.06881],[121.61633,18.06887],[121.61628,18.069],[121.61638,18.06918],[121.6165,18.06943],[121.61675,18.06955],[121.61675,18.06964],[121.61688,18.06989],[121.61718,18.07003],[121.61741,18.07037],[121.61766,18.07061],[121.61746,18.07098],[121.61764,18.07109],[121.61779,18.07081],[121.61806,18.07083],[121.61787,18.071],[121.61788,18.07136],[121.61806,18.07118],[121.61815,18.07137],[121.61825,18.07146],[121.61815,18.07155],[121.61816,18.07191],[121.61853,18.07173],[121.61954,18.07138],[121.61976,18.07136],[121.61824,18.07221],[121.61824,18.07254],[121.61814,18.07272],[121.61824,18.0729],[121.61833,18.07309],[121.61843,18.07327],[121.61861,18.07374],[121.61835,18.07489],[121.61888,18.07553],[121.61889,18.07589],[121.61794,18.07508],[121.61813,18.07543],[121.61798,18.0757],[121.61784,18.0757],[121.61774,18.07571],[121.61793,18.07606],[121.61793,18.0762],[121.61763,18.07605],[121.61746,18.07607],[121.61765,18.07624],[121.61764,18.07643],[121.61736,18.07669],[121.61726,18.0768],[121.61745,18.07733],[121.61744,18.07769],[121.61744,18.07802],[121.61706,18.07813],[121.61687,18.07823],[121.61714,18.07848],[121.61619,18.07877],[121.61563,18.07875],[121.61545,18.07857],[121.61547,18.07794],[121.61517,18.07767],[121.61498,18.07729],[121.61501,18.0766],[121.6149,18.0764],[121.61481,18.0759],[121.61511,18.07577],[121.61548,18.07578],[121.61581,18.07578],[121.61598,18.07544],[121.61672,18.07511],[121.61691,18.07407],[121.61719,18.07371],[121.61729,18.07346],[121.61641,18.07334],[121.61655,18.07247],[121.61636,18.07193],[121.61562,18.07145],[121.61485,18.07081],[121.61401,18.07069],[121.61429,18.07044],[121.61429,18.07005],[121.61409,18.06989],[121.61354,18.07007],[121.61306,18.07015],[121.61248,18.0706],[121.61218,18.0703],[121.61156,18.06948],[121.61065,18.06875],[121.61053,18.06815],[121.61022,18.06765],[121.60902,18.06748],[121.60903,18.06707],[121.60881,18.06622],[121.60913,18.06552],[121.60923,18.06523],[121.60975,18.06429],[121.60927,18.06383],[121.60891,18.064],[121.60835,18.06378],[121.60853,18.06429],[121.60804,18.06485],[121.60838,18.06533],[121.60847,18.0655],[121.6079,18.0656],[121.60781,18.0657],[121.60838,18.06569],[121.60847,18.06598],[121.60817,18.06705],[121.60817,18.06723],[121.60846,18.0675],[121.60845,18.06777],[121.60855,18.06787],[121.60853,18.06849],[121.60873,18.06859],[121.60873,18.06869],[121.60816,18.06867],[121.60788,18.0684],[121.60733,18.06814],[121.60723,18.06739],[121.60743,18.06667],[121.60742,18.06641],[121.60752,18.06605],[121.6077,18.06493],[121.60753,18.06414],[121.60756,18.06325],[121.6075,18.06284],[121.60755,18.06288],[121.60772,18.06307],[121.60802,18.06298],[121.60812,18.06226],[121.6084,18.06208],[121.6088,18.0618],[121.60934,18.06156],[121.60961,18.06108],[121.60945,18.06064],[121.60937,18.05983],[121.60913,18.05915],[121.61013,18.05859],[121.61001,18.05819],[121.60926,18.05821],[121.60891,18.05758],[121.6089,18.05704],[121.60935,18.05681],[121.60988,18.05721],[121.61019,18.05722],[121.61088,18.05707],[121.61105,18.05677],[121.61082,18.05634],[121.61057,18.05559],[121.61038,18.05571],[121.60989,18.05621],[121.60976,18.05603],[121.6098,18.05532],[121.60944,18.05514],[121.60893,18.05531],[121.60837,18.05547],[121.60823,18.05573],[121.60854,18.05601],[121.60799,18.05639],[121.60756,18.05611],[121.60735,18.05623],[121.60698,18.05681],[121.60636,18.05683],[121.60638,18.05648],[121.60614,18.05624],[121.60548,18.05672],[121.60466,18.05684],[121.60419,18.05668],[121.60349,18.05691],[121.60234,18.05686],[121.60212,18.05705],[121.6021,18.0574],[121.60266,18.05754],[121.60281,18.05815],[121.60385,18.05821],[121.60385,18.05893],[121.60451,18.05893],[121.60446,18.05898],[121.60394,18.05907],[121.60361,18.05925],[121.60312,18.05933],[121.60323,18.05951],[121.60335,18.0599],[121.60321,18.06035],[121.60324,18.06063],[121.60359,18.0605],[121.60392,18.06043],[121.60385,18.06094],[121.60316,18.06104],[121.60279,18.06083],[121.60229,18.06003],[121.60219,18.05968],[121.60199,18.05934],[121.60177,18.05928],[121.60169,18.05902],[121.6006,18.05811],[121.60053,18.05716],[121.60065,18.05665],[121.60051,18.05669],[121.60041,18.05733],[121.60026,18.0575],[121.5991,18.05688],[121.59719,18.05674],[121.59655,18.05657],[121.59616,18.05648],[121.59579,18.05638],[121.59451,18.05633],[121.59451,18.05624],[121.59558,18.0562],[121.59627,18.0554],[121.5966,18.05486],[121.59712,18.05475],[121.59751,18.05414],[121.59767,18.05414],[121.59837,18.05361],[121.59922,18.05352],[121.59866,18.05326],[121.59846,18.0529],[121.59856,18.0526],[121.59891,18.05313],[121.59972,18.0533],[121.60037,18.05281],[121.6007,18.05297],[121.60049,18.05334],[121.60119,18.05338],[121.60133,18.05309],[121.60291,18.05304],[121.60289,18.05345],[121.60308,18.05346],[121.60328,18.05336],[121.6038,18.05391],[121.60426,18.05401],[121.60449,18.05437],[121.60497,18.05464],[121.6053,18.05487],[121.60529,18.05496],[121.60539,18.05496],[121.60545,18.05564],[121.60586,18.05565],[121.60627,18.05565],[121.60702,18.05583],[121.6072,18.05569],[121.60742,18.05538],[121.60817,18.05496],[121.60808,18.05467],[121.60772,18.05398],[121.60771,18.05331],[121.6081,18.05304],[121.60853,18.05291],[121.60905,18.05219],[121.60886,18.05187],[121.60867,18.0517],[121.60883,18.05154],[121.60936,18.05115],[121.61005,18.05129],[121.61015,18.05142],[121.61054,18.05147],[121.61072,18.05126],[121.61103,18.05123],[121.61197,18.05144],[121.61211,18.05102],[121.61171,18.05009],[121.61151,18.04998],[121.6111,18.05002],[121.61087,18.04984],[121.61095,18.04953],[121.61139,18.04944],[121.61182,18.04928],[121.61222,18.04897],[121.61257,18.04883],[121.61306,18.04856],[121.61346,18.04868],[121.61392,18.04924],[121.61429,18.04946],[121.61448,18.04948],[121.61483,18.04929],[121.61535,18.04925],[121.61535,18.04934],[121.61582,18.04935],[121.61583,18.04926],[121.61601,18.04926],[121.61601,18.04917],[121.61625,18.04896],[121.61616,18.04867],[121.61557,18.04801],[121.61522,18.04728],[121.61476,18.04695],[121.61362,18.04596],[121.61316,18.04585],[121.61249,18.0453],[121.6123,18.04549],[121.61232,18.04601],[121.61188,18.04652],[121.6122,18.04771],[121.61203,18.0481],[121.61158,18.04783],[121.61099,18.0473],[121.61088,18.04641],[121.61028,18.04627],[121.61013,18.04601],[121.61028,18.04523],[121.60983,18.04499],[121.60926,18.04513],[121.60873,18.0448],[121.60892,18.04464],[121.6092,18.04447],[121.60925,18.04442],[121.6095,18.04436],[121.60963,18.04388],[121.60982,18.04388],[121.60982,18.04379],[121.61005,18.04373],[121.61009,18.04333],[121.60988,18.04309],[121.6094,18.04313],[121.60902,18.0431],[121.60866,18.04312],[121.60816,18.04274],[121.60775,18.04283],[121.60728,18.04363],[121.60684,18.04375],[121.60637,18.04406],[121.60598,18.04379],[121.60529,18.04385],[121.60516,18.04372],[121.6044,18.04323],[121.60449,18.04316],[121.60496,18.04287],[121.60487,18.04271],[121.60411,18.04244],[121.60393,18.04226],[121.60337,18.0419],[121.60323,18.04162],[121.60412,18.04151],[121.60385,18.04072],[121.60488,18.04062],[121.6047,18.04027],[121.60451,18.03991],[121.60499,18.03983],[121.60504,18.03978],[121.60513,18.03978],[121.60513,18.03969],[121.60523,18.03969],[121.60523,18.03933],[121.60513,18.03933],[121.60514,18.03924],[121.60504,18.03924],[121.605,18.03919],[121.60438,18.03905],[121.60438,18.03896],[121.60419,18.03896],[121.60419,18.03887],[121.60382,18.03887],[121.60381,18.03896],[121.60366,18.03899],[121.60346,18.03912],[121.60324,18.03907],[121.60334,18.03868],[121.60344,18.03868],[121.60344,18.03823],[121.60325,18.03823],[121.60325,18.03814],[121.60316,18.03814],[121.60309,18.038],[121.60288,18.03796],[121.6028,18.03783],[121.60245,18.03792],[121.6024,18.03822],[121.60235,18.03827],[121.60235,18.03888],[121.60187,18.03917],[121.60165,18.03917],[121.60141,18.0388],[121.60076,18.03807],[121.60132,18.03781],[121.60142,18.03771],[121.60113,18.03718],[121.60115,18.03677],[121.60114,18.03633],[121.6,18.03618],[121.59982,18.03655],[121.60001,18.03708],[121.60025,18.03781],[121.59999,18.03853],[121.59999,18.03889],[121.59979,18.03897],[121.5998,18.03861],[121.59964,18.0383],[121.59905,18.03816],[121.59885,18.03795],[121.59867,18.0376],[121.59835,18.03729],[121.59812,18.03706],[121.59788,18.03706],[121.59758,18.03599],[121.59744,18.03587],[121.5969,18.03561],[121.59681,18.03533],[121.59719,18.03516],[121.59723,18.03512],[121.59784,18.03504],[121.5979,18.03438],[121.59676,18.03454],[121.59643,18.03491],[121.59601,18.03487],[121.59561,18.0349],[121.59524,18.03465],[121.59455,18.03428],[121.59406,18.03406],[121.59411,18.03352],[121.59384,18.0335],[121.59367,18.03387],[121.59294,18.03366],[121.5924,18.03321],[121.59193,18.03267],[121.59156,18.03236],[121.59144,18.03161],[121.5912,18.03133],[121.59098,18.03131],[121.59037,18.03135],[121.59032,18.03077],[121.59036,18.03036],[121.59013,18.02997],[121.59015,18.02972],[121.59002,18.02942],[121.58945,18.02952],[121.58906,18.02994],[121.58863,18.02997],[121.58872,18.02976],[121.58901,18.02953],[121.58885,18.02946],[121.58798,18.02961],[121.58763,18.02989],[121.58726,18.0303],[121.58731,18.02993],[121.58769,18.02943],[121.58744,18.02938],[121.58725,18.02953],[121.58707,18.02984],[121.58689,18.0302],[121.5868,18.03008],[121.58686,18.02943],[121.58652,18.02904],[121.586,18.02888],[121.58609,18.02837],[121.58637,18.02815],[121.58639,18.02795],[121.5861,18.02758],[121.58611,18.0274],[121.58595,18.02727],[121.58578,18.02707],[121.58553,18.02686],[121.58536,18.02667],[121.58516,18.02658],[121.58552,18.0261],[121.58534,18.0255],[121.5851,18.02548],[121.58492,18.02563],[121.58479,18.02585],[121.58462,18.02619],[121.58427,18.02622],[121.58413,18.02621],[121.58343,18.02638],[121.58318,18.02612],[121.58285,18.0256],[121.58243,18.02531],[121.58196,18.0252],[121.58183,18.02478],[121.58127,18.02447],[121.58076,18.02457],[121.5806,18.02508],[121.58017,18.02543],[121.58006,18.02607],[121.57973,18.02677],[121.57901,18.02734],[121.5787,18.02725],[121.57814,18.02686],[121.57768,18.02689],[121.57756,18.02675],[121.57789,18.02671],[121.57867,18.02658],[121.57908,18.0268],[121.57914,18.02655],[121.57876,18.02608],[121.57866,18.02553],[121.57809,18.02557],[121.57753,18.02471],[121.57743,18.02463],[121.57735,18.02426],[121.57719,18.02398],[121.57783,18.02327],[121.57799,18.02292],[121.57856,18.02246],[121.57807,18.02191],[121.5773,18.02162],[121.57696,18.02124],[121.5765,18.02092],[121.57628,18.0209],[121.57599,18.02092],[121.57576,18.02073],[121.57595,18.0204],[121.57567,18.02045],[121.57555,18.02096],[121.57529,18.02109],[121.57495,18.0209],[121.57463,18.02099],[121.5735,18.02143],[121.57321,18.02131],[121.5734,18.02116],[121.57383,18.0209],[121.57428,18.02041],[121.57501,18.0201],[121.57504,18.01977],[121.57469,18.01929],[121.5743,18.01912],[121.57355,18.01858],[121.57295,18.01853],[121.57281,18.01849],[121.57288,18.01805],[121.57239,18.01771],[121.57154,18.01818],[121.57107,18.01835],[121.57076,18.01843],[121.57044,18.01877],[121.57031,18.01833],[121.57021,18.01806],[121.57128,18.01798],[121.57173,18.01738],[121.57125,18.01701],[121.57103,18.01694],[121.5709,18.01681],[121.57033,18.01659],[121.5702,18.01603],[121.56976,18.01571],[121.56939,18.01544],[121.56901,18.01517],[121.56852,18.0148],[121.5683,18.01502],[121.56772,18.01517],[121.5676,18.01512],[121.56811,18.0147],[121.56826,18.01449],[121.56783,18.01414],[121.56685,18.01362],[121.56637,18.01323],[121.56602,18.01325],[121.56588,18.01435],[121.56543,18.01431],[121.56515,18.01451],[121.5641,18.0146],[121.56365,18.01435]],[[121.60017,18.02158],[121.60014,18.02137],[121.60005,18.02153],[121.60017,18.02158]],[[121.59368,18.03057],[121.59358,18.03026],[121.59345,18.0305],[121.59368,18.03057]],[[121.61308,18.06144],[121.61297,18.06147],[121.61305,18.06155],[121.61308,18.06144]],[[121.60084,18.05647],[121.60096,18.05644],[121.60088,18.05636],[121.60084,18.05647]],[[121.60065,18.05665],[121.60084,18.05665],[121.60084,18.05647],[121.60072,18.05653],[121.60065,18.05665]],[[121.5652,18.01328],[121.5652,18.01346],[121.56558,18.01347],[121.56558,18.01329],[121.5652,18.01328]],[[121.56556,18.01314],[121.56564,18.01322],[121.56567,18.01311],[121.56556,18.01314]],[[121.56567,18.01311],[121.56579,18.01308],[121.56571,18.013],[121.56567,18.01311]],[[121.56958,18.01509],[121.5698,18.01553],[121.57009,18.01537],[121.57034,18.01518],[121.57029,18.01504],[121.56958,18.01509]],[[121.57976,18.0194],[121.57985,18.01956],[121.57988,18.01936],[121.57976,18.0194]],[[121.57993,18.01986],[121.58002,18.01995],[121.58026,18.02005],[121.58071,18.02058],[121.58091,18.02033],[121.58075,18.01996],[121.5803,18.01986],[121.58026,18.01981],[121.57993,18.01986]],[[121.58128,18.01662],[121.5814,18.01687],[121.58174,18.01691],[121.58161,18.01657],[121.58128,18.01662]],[[121.58343,18.02212],[121.58351,18.0222],[121.58355,18.02209],[121.58343,18.02212]],[[121.58553,18.02656],[121.58571,18.02677],[121.58671,18.02713],[121.58703,18.02659],[121.58677,18.02623],[121.58652,18.02569],[121.586,18.02577],[121.58588,18.02591],[121.58578,18.02591],[121.58578,18.026],[121.58557,18.02617],[121.58553,18.02656]],[[121.59562,18.03333],[121.59606,18.03324],[121.59612,18.03294],[121.5957,18.03298],[121.59562,18.03333]],[[121.59635,18.03445],[121.59649,18.0346],[121.59658,18.0343],[121.59635,18.03445]],[[121.59893,18.02115],[121.59901,18.02123],[121.59904,18.02112],[121.59893,18.02115]],[[121.6011,18.02081],[121.60119,18.02089],[121.60122,18.02078],[121.6011,18.02081]],[[121.60139,18.02099],[121.60147,18.02107],[121.6015,18.02096],[121.60139,18.02099]],[[121.60194,18.02155],[121.60202,18.02171],[121.60206,18.02151],[121.60194,18.02155]],[[121.6023,18.05896],[121.60257,18.05913],[121.60262,18.05892],[121.6023,18.05896]],[[121.60411,18.05609],[121.60423,18.05653],[121.6044,18.05637],[121.60444,18.05604],[121.60411,18.05609]],[[121.60413,18.01757],[121.6046,18.01724],[121.60524,18.01712],[121.6053,18.01664],[121.60503,18.01629],[121.60474,18.01636],[121.60413,18.01757]],[[121.6092,18.05731],[121.60937,18.05747],[121.60943,18.05725],[121.6092,18.05731]],[[121.6098,18.06725],[121.60988,18.0674],[121.60992,18.0672],[121.6098,18.06725]],[[121.61035,18.05748],[121.61051,18.05756],[121.61057,18.05744],[121.61035,18.05748]],[[121.61112,18.0563],[121.6112,18.05638],[121.61124,18.05627],[121.61112,18.0563]],[[121.61324,18.04911],[121.61353,18.04946],[121.61362,18.04928],[121.61347,18.04906],[121.61324,18.04911]],[[121.61386,18.06798],[121.61395,18.06806],[121.61398,18.06795],[121.61386,18.06798]],[[121.61423,18.06781],[121.61465,18.06798],[121.61455,18.06777],[121.61423,18.06781]],[[121.61471,18.0678],[121.61489,18.06797],[121.61492,18.06777],[121.61471,18.0678]],[[121.61537,18.06862],[121.61545,18.0687],[121.61548,18.06859],[121.61537,18.06862]],[[121.61539,18.06805],[121.61539,18.06823],[121.61568,18.06823],[121.61568,18.06805],[121.61539,18.06805]],[[121.61668,18.07017],[121.61676,18.07025],[121.6168,18.07014],[121.61668,18.07017]],[[121.61696,18.07017],[121.61705,18.07025],[121.61708,18.07014],[121.61696,18.07017]],[[121.61711,18.07292],[121.61747,18.07307],[121.61734,18.07276],[121.61711,18.07292]],[[121.61787,18.07187],[121.6181,18.07198],[121.61801,18.07177],[121.61787,18.07187]]],[[[121.5641,18.04213],[121.56421,18.0421],[121.56418,18.04221],[121.5641,18.04213]]],[[[121.5643,18.04204],[121.56478,18.04193],[121.56493,18.04214],[121.565,18.04254],[121.56457,18.04245],[121.56446,18.04214],[121.5643,18.04204]]],[[[121.56504,18.04268],[121.56515,18.04265],[121.56512,18.04276],[121.56504,18.04268]]],[[[121.56516,18.0769],[121.56525,18.0769],[121.5652,18.07701],[121.56516,18.0769]]],[[[121.5679,18.06231],[121.56801,18.06228],[121.56798,18.06239],[121.5679,18.06231]]],[[[121.56798,18.05501],[121.56888,18.05492],[121.56916,18.05465],[121.56968,18.05467],[121.57029,18.05456],[121.56964,18.05395],[121.57002,18.05367],[121.57035,18.05362],[121.57047,18.05374],[121.5709,18.05406],[121.57162,18.05452],[121.57143,18.05467],[121.57096,18.05489],[121.57094,18.05538],[121.57113,18.05557],[121.57151,18.05581],[121.57115,18.05585],[121.5709,18.05562],[121.57048,18.0552],[121.56964,18.0552],[121.56925,18.05529],[121.56868,18.05537],[121.56824,18.05551],[121.56798,18.05501]]],[[[121.5681,18.06132],[121.56821,18.06129],[121.56818,18.0614],[121.5681,18.06132]]],[[[121.56949,18.06413],[121.56961,18.0641],[121.56957,18.06421],[121.56949,18.06413]]],[[[121.57043,18.05113],[121.57081,18.05088],[121.57098,18.05059],[121.57113,18.05056],[121.57122,18.05091],[121.57111,18.05135],[121.57068,18.05149],[121.57043,18.05113]]],[[[121.57073,18.06296],[121.57084,18.06293],[121.57081,18.06304],[121.57073,18.06296]]],[[[121.57163,18.05584],[121.57185,18.0558],[121.57179,18.05592],[121.57163,18.05584]]],[[[121.57291,18.055],[121.57296,18.05469],[121.57318,18.05464],[121.57325,18.0549],[121.57359,18.05544],[121.57322,18.05539],[121.57291,18.055]]],[[[121.57357,18.08551],[121.57365,18.08544],[121.57368,18.08555],[121.57357,18.08551]]],[[[121.57368,18.08555],[121.5738,18.08558],[121.57372,18.08566],[121.57368,18.08555]]],[[[121.57385,18.08576],[121.57397,18.08573],[121.57393,18.08584],[121.57385,18.08576]]],[[[121.57391,18.0876],[121.57414,18.08754],[121.57407,18.08775],[121.57391,18.0876]]],[[[121.57412,18.08739],[121.57424,18.08736],[121.5742,18.08747],[121.57412,18.08739]]],[[[121.57413,18.06137],[121.57435,18.06133],[121.57446,18.06155],[121.57428,18.06163],[121.57413,18.06137]]],[[[121.57422,18.08431],[121.57436,18.0842],[121.57444,18.0846],[121.57422,18.08431]]],[[[121.57529,18.08243],[121.5755,18.0824],[121.57545,18.08251],[121.57529,18.08243]]],[[[121.57549,18.0818],[121.5756,18.08177],[121.57557,18.08188],[121.57549,18.0818]]],[[[121.57568,18.08198],[121.57579,18.08195],[121.57576,18.08206],[121.57568,18.08198]]],[[[121.57575,18.0815],[121.57608,18.08141],[121.57601,18.08162],[121.57575,18.0815]]],[[[121.57588,18.0921],[121.57599,18.09207],[121.57596,18.09218],[121.57588,18.0921]]],[[[121.57597,18.09159],[121.57609,18.09153],[121.5762,18.09174],[121.57605,18.09183],[121.57597,18.09159]]],[[[121.5761,18.02707],[121.57645,18.02662],[121.57748,18.02648],[121.57756,18.02675],[121.57736,18.02668],[121.5765,18.0268],[121.57638,18.02733],[121.5762,18.02741],[121.5761,18.02707]]],[[[121.57614,18.08091],[121.57637,18.08087],[121.57625,18.08107],[121.57614,18.08091]]],[[[121.57624,18.09239],[121.57646,18.09234],[121.57642,18.09264],[121.57624,18.09239]]],[[[121.57625,18.08046],[121.57637,18.08042],[121.57633,18.08062],[121.57625,18.08046]]],[[[121.57626,18.09147],[121.57638,18.09144],[121.57634,18.09155],[121.57626,18.09147]]],[[[121.57646,18.08976],[121.57667,18.08972],[121.57662,18.08984],[121.57646,18.08976]]],[[[121.5769,18.05682],[121.57732,18.05666],[121.57727,18.05694],[121.57702,18.05706],[121.5769,18.05682]]],[[[121.57691,18.09364],[121.57702,18.09361],[121.57699,18.09372],[121.57691,18.09364]]],[[[121.57718,18.09348],[121.57731,18.09343],[121.57727,18.09364],[121.57718,18.09348]]],[[[121.57729,18.0931],[121.5774,18.09307],[121.57737,18.09318],[121.57729,18.0931]]],[[[121.57746,18.08017],[121.5776,18.08006],[121.57764,18.08011],[121.57794,18.0802],[121.57792,18.08034],[121.57746,18.08017]]],[[[121.57776,18.09365],[121.57787,18.09362],[121.57784,18.09373],[121.57776,18.09365]]],[[[121.57783,18.09402],[121.57806,18.09389],[121.57815,18.09409],[121.57783,18.09402]]],[[[121.57804,18.09374],[121.57815,18.09371],[121.57812,18.09382],[121.57804,18.09374]]],[[[121.57822,18.09375],[121.57844,18.09371],[121.57838,18.09383],[121.57822,18.09375]]],[[[121.57844,18.09371],[121.57847,18.09352],[121.57865,18.09369],[121.57844,18.09371]]],[[[121.57851,18.0802],[121.57911,18.08016],[121.579,18.08032],[121.57851,18.0802]]],[[[121.57885,18.07727],[121.57886,18.077],[121.57908,18.07715],[121.57923,18.07718],[121.57923,18.07727],[121.57885,18.07727]]],[[[121.57923,18.07718],[121.57926,18.07707],[121.57935,18.07715],[121.57923,18.07718]]],[[[121.58106,18.09431],[121.58117,18.09428],[121.58114,18.09439],[121.58106,18.09431]]],[[[121.58153,18.09413],[121.58165,18.0941],[121.58161,18.09421],[121.58153,18.09413]]],[[[121.58177,18.01561],[121.58237,18.01558],[121.58233,18.01563],[121.58188,18.01578],[121.58177,18.01561]]],[[[121.5823,18.09278],[121.58251,18.09275],[121.58248,18.09295],[121.5823,18.09278]]],[[[121.58256,18.09272],[121.58279,18.09266],[121.58273,18.09288],[121.58256,18.09272]]],[[[121.58356,18.05625],[121.58365,18.05625],[121.58365,18.05634],[121.58356,18.05634],[121.58356,18.05625]]],[[[121.58365,18.05634],[121.58374,18.05634],[121.58374,18.05643],[121.58365,18.05643],[121.58365,18.05634]]],[[[121.5838,18.09101],[121.58403,18.09095],[121.58409,18.09128],[121.58391,18.09135],[121.5838,18.09101]]],[[[121.58384,18.05643],[121.58393,18.05643],[121.58393,18.05652],[121.58384,18.05652],[121.58384,18.05643]]],[[[121.58389,18.07342],[121.58401,18.07345],[121.58392,18.07353],[121.58389,18.07342]]],[[[121.58391,18.09207],[121.58403,18.09204],[121.58399,18.09215],[121.58391,18.09207]]],[[[121.58403,18.05653],[121.58412,18.05653],[121.58412,18.05662],[121.58403,18.05662],[121.58403,18.05653]]],[[[121.58403,18.09159],[121.5845,18.09159],[121.58446,18.09164],[121.58435,18.09172],[121.58427,18.0921],[121.58403,18.09204],[121.58403,18.09159]]],[[[121.58421,18.05662],[121.5844,18.05662],[121.5844,18.05671],[121.58421,18.05671],[121.58421,18.05662]]],[[[121.58429,18.09137],[121.58445,18.09129],[121.5845,18.09141],[121.58429,18.09137]]],[[[121.58432,18.07346],[121.58474,18.07316],[121.5847,18.0733],[121.58443,18.07372],[121.58432,18.07346]]],[[[121.58439,18.09011],[121.58451,18.09005],[121.58462,18.09027],[121.58447,18.09035],[121.58439,18.09011]]],[[[121.5845,18.05671],[121.58459,18.05671],[121.58459,18.05689],[121.5845,18.05689],[121.5845,18.05671]]],[[[121.5845,18.09141],[121.58467,18.09143],[121.58481,18.09157],[121.58497,18.09159],[121.58494,18.09165],[121.58465,18.09179],[121.58456,18.09162],[121.5845,18.09159],[121.5845,18.09141]]],[[[121.58457,18.09089],[121.58479,18.09078],[121.58474,18.09098],[121.58457,18.09089]]],[[[121.58459,18.05698],[121.58468,18.05698],[121.58468,18.05716],[121.58459,18.05716],[121.58459,18.05698]]],[[[121.58468,18.05725],[121.58478,18.05725],[121.58478,18.05734],[121.58468,18.05734],[121.58468,18.05725]]],[[[121.58486,18.09081],[121.58498,18.09078],[121.58495,18.09089],[121.58486,18.09081]]],[[[121.58487,18.05744],[121.58496,18.05744],[121.58508,18.05757],[121.58529,18.05743],[121.58495,18.05683],[121.58525,18.05686],[121.58549,18.05684],[121.58558,18.05723],[121.58572,18.05735],[121.58572,18.05753],[121.58591,18.05753],[121.58611,18.05776],[121.58707,18.0576],[121.58771,18.05689],[121.58802,18.05625],[121.5888,18.05541],[121.58855,18.05493],[121.58789,18.05463],[121.58731,18.05397],[121.5874,18.0536],[121.58778,18.05328],[121.58788,18.05243],[121.58817,18.05219],[121.58817,18.05208],[121.58815,18.0516],[121.58874,18.05209],[121.58929,18.0524],[121.58883,18.05302],[121.58844,18.0538],[121.58806,18.05397],[121.58829,18.05424],[121.58864,18.05406],[121.58891,18.05408],[121.58944,18.05381],[121.58985,18.05397],[121.58951,18.05443],[121.58928,18.05521],[121.58956,18.05544],[121.5897,18.05548],[121.5898,18.05548],[121.5898,18.05557],[121.58967,18.05563],[121.58951,18.05566],[121.58967,18.05588],[121.59017,18.05621],[121.59015,18.05605],[121.59001,18.05591],[121.58998,18.05576],[121.59008,18.05576],[121.59008,18.05585],[121.59017,18.05585],[121.59017,18.05594],[121.59036,18.05594],[121.59045,18.05604],[121.59107,18.05597],[121.59157,18.05604],[121.59192,18.05577],[121.59178,18.05553],[121.59134,18.05519],[121.59124,18.05439],[121.59141,18.05413],[121.59122,18.05346],[121.59146,18.05306],[121.59138,18.05273],[121.5912,18.05226],[121.59136,18.05213],[121.59161,18.05243],[121.59171,18.05252],[121.59171,18.05261],[121.5918,18.05261],[121.59205,18.0531],[121.59211,18.05437],[121.59188,18.05469],[121.59219,18.05507],[121.5925,18.05518],[121.59258,18.05436],[121.59279,18.05411],[121.59288,18.05352],[121.5932,18.05332],[121.59346,18.05295],[121.59374,18.05314],[121.59382,18.05427],[121.59426,18.05443],[121.59403,18.05509],[121.59416,18.05556],[121.59405,18.05594],[121.59429,18.05609],[121.59433,18.05615],[121.59355,18.05619],[121.59277,18.0565],[121.59268,18.05555],[121.59202,18.05531],[121.59221,18.05563],[121.59219,18.05581],[121.59174,18.05635],[121.59152,18.05645],[121.59199,18.05655],[121.5921,18.05688],[121.59104,18.05804],[121.59048,18.05824],[121.59,18.0585],[121.58925,18.05868],[121.58815,18.05908],[121.58807,18.05918],[121.58736,18.05913],[121.58689,18.05885],[121.586,18.05835],[121.58539,18.05788],[121.5851,18.05776],[121.58487,18.05762],[121.58487,18.05744]],[[121.58951,18.05566],[121.58948,18.05555],[121.5894,18.05563],[121.58951,18.05566]],[[121.59026,18.05639],[121.59035,18.05673],[121.59096,18.05659],[121.59086,18.05638],[121.59059,18.05632],[121.59026,18.05639]],[[121.59017,18.05621],[121.59017,18.05639],[121.59026,18.05639],[121.59026,18.05621],[121.59017,18.05621]],[[121.58886,18.0548],[121.589,18.05522],[121.58905,18.05475],[121.58886,18.0548]],[[121.58898,18.05735],[121.58917,18.0577],[121.58945,18.05769],[121.58982,18.05788],[121.58984,18.05771],[121.58964,18.05751],[121.58945,18.05751],[121.58931,18.05729],[121.58898,18.05735]],[[121.58912,18.05536],[121.58923,18.05539],[121.5892,18.05528],[121.58912,18.05536]],[[121.58923,18.05539],[121.58927,18.0556],[121.58935,18.05544],[121.58923,18.05539]],[[121.59098,18.05635],[121.59132,18.05643],[121.5914,18.05631],[121.59098,18.05635]],[[121.59136,18.05663],[121.59151,18.05688],[121.59167,18.05671],[121.59152,18.05664],[121.59149,18.05658],[121.59136,18.05663]],[[121.59159,18.05363],[121.59167,18.05371],[121.5917,18.0536],[121.59159,18.05363]],[[121.59278,18.05591],[121.59291,18.05626],[121.5933,18.05609],[121.5932,18.05587],[121.59278,18.05591]],[[121.59298,18.05536],[121.59313,18.05563],[121.59338,18.05551],[121.59329,18.05533],[121.59298,18.05536]],[[121.59317,18.05411],[121.59337,18.05438],[121.59358,18.05443],[121.59354,18.05414],[121.59336,18.05385],[121.59317,18.05411]],[[121.59358,18.05443],[121.59358,18.05452],[121.59368,18.05452],[121.59368,18.05443],[121.59358,18.05443]],[[121.59367,18.05528],[121.59383,18.0552],[121.59393,18.05459],[121.59368,18.05452],[121.59375,18.05481],[121.59367,18.05528]]],[[[121.58497,18.09159],[121.58501,18.09148],[121.58509,18.09156],[121.58497,18.09159]]],[[[121.58544,18.08973],[121.58556,18.0897],[121.58552,18.08981],[121.58544,18.08973]]],[[[121.5858,18.0894],[121.58588,18.08929],[121.58599,18.0893],[121.58607,18.0892],[121.58618,18.08912],[121.5863,18.08885],[121.5866,18.0888],[121.58687,18.08915],[121.5867,18.08936],[121.58616,18.08956],[121.5858,18.0894]]],[[[121.58653,18.06444],[121.58658,18.06413],[121.58689,18.06405],[121.58681,18.06448],[121.58653,18.06444]]],[[[121.58689,18.06405],[121.5869,18.06396],[121.58699,18.06396],[121.58699,18.06405],[121.58689,18.06405]]],[[[121.58749,18.09892],[121.58776,18.09862],[121.58828,18.09853],[121.58851,18.09818],[121.58866,18.09817],[121.5892,18.09832],[121.58986,18.09826],[121.59036,18.0984],[121.59087,18.09835],[121.59115,18.09838],[121.59154,18.09827],[121.59202,18.09802],[121.5928,18.09789],[121.59285,18.09752],[121.59268,18.09733],[121.59235,18.09707],[121.59254,18.0964],[121.59288,18.09617],[121.59405,18.09629],[121.59395,18.09587],[121.59331,18.09548],[121.59347,18.09483],[121.59377,18.09449],[121.59411,18.09472],[121.59445,18.09487],[121.59477,18.09504],[121.59496,18.0951],[121.59508,18.09523],[121.59586,18.09497],[121.59638,18.09493],[121.59647,18.09503],[121.59712,18.09543],[121.59746,18.09525],[121.5977,18.09521],[121.5977,18.0953],[121.59789,18.0953],[121.59791,18.09537],[121.59862,18.09542],[121.59876,18.09556],[121.59893,18.09558],[121.59893,18.09567],[121.5993,18.09567],[121.5993,18.09558],[121.5994,18.09558],[121.59997,18.09559],[121.60006,18.09559],[121.60019,18.09572],[121.60102,18.09558],[121.60124,18.09538],[121.60115,18.09519],[121.60021,18.09504],[121.59956,18.09482],[121.59926,18.0949],[121.59876,18.09507],[121.59833,18.09464],[121.59674,18.09449],[121.59607,18.09417],[121.59549,18.09351],[121.59578,18.09298],[121.59607,18.09307],[121.59648,18.09335],[121.5971,18.0929],[121.59753,18.09286],[121.59762,18.09296],[121.59909,18.09283],[121.59914,18.09278],[121.59923,18.09278],[121.59968,18.09273],[121.59987,18.09232],[121.60014,18.09212],[121.60032,18.09183],[121.6006,18.09194],[121.6009,18.09202],[121.60107,18.0923],[121.60113,18.09234],[121.60112,18.09243],[121.60122,18.09243],[121.60122,18.09253],[121.60131,18.09253],[121.60131,18.09262],[121.6015,18.09262],[121.6015,18.09271],[121.60188,18.09271],[121.60188,18.0928],[121.60226,18.0928],[121.6023,18.09292],[121.60235,18.0928],[121.60263,18.09281],[121.60263,18.09272],[121.60282,18.09272],[121.60282,18.09254],[121.60295,18.09248],[121.60308,18.09224],[121.60327,18.09215],[121.6033,18.09209],[121.60358,18.09209],[121.60358,18.092],[121.60377,18.092],[121.60377,18.09191],[121.60396,18.09191],[121.60396,18.09182],[121.60406,18.09182],[121.60406,18.09173],[121.60415,18.09173],[121.60415,18.09164],[121.60434,18.09155],[121.6043,18.09169],[121.60409,18.09198],[121.60358,18.09219],[121.60259,18.09301],[121.60117,18.09284],[121.60071,18.09307],[121.59989,18.09337],[121.59944,18.09346],[121.59908,18.09327],[121.59885,18.09328],[121.59871,18.09327],[121.59838,18.09338],[121.59853,18.09366],[121.5985,18.09408],[121.59861,18.09418],[121.59889,18.09448],[121.59888,18.09474],[121.59945,18.09471],[121.59988,18.09473],[121.60039,18.09492],[121.60115,18.09501],[121.60145,18.09511],[121.60143,18.09548],[121.60075,18.09577],[121.59968,18.09571],[121.59894,18.09574],[121.5986,18.09562],[121.59803,18.09553],[121.59762,18.09539],[121.59715,18.09573],[121.59671,18.09543],[121.59617,18.09509],[121.59523,18.09535],[121.59455,18.09531],[121.59423,18.09552],[121.59438,18.09608],[121.5942,18.09638],[121.59358,18.09649],[121.59339,18.09731],[121.59329,18.09748],[121.5931,18.09803],[121.59264,18.09842],[121.59291,18.09865],[121.59289,18.09892],[121.5931,18.0991],[121.59343,18.09929],[121.59356,18.09902],[121.59384,18.09921],[121.59452,18.09931],[121.59469,18.09966],[121.59508,18.1],[121.59586,18.10012],[121.59639,18.09985],[121.59658,18.09977],[121.59682,18.09965],[121.59722,18.09986],[121.59733,18.09986],[121.59772,18.09988],[121.59818,18.10023],[121.59837,18.10032],[121.59857,18.10043],[121.59884,18.10041],[121.59894,18.10042],[121.59912,18.10032],[121.59931,18.10034],[121.5995,18.10024],[121.59968,18.10025],[121.60006,18.10012],[121.59976,18.09957],[121.5998,18.09891],[121.60015,18.0988],[121.60089,18.0993],[121.60111,18.09907],[121.60156,18.09887],[121.60208,18.0981],[121.60255,18.09782],[121.60347,18.09705],[121.60476,18.09627],[121.60508,18.09561],[121.60559,18.0955],[121.60605,18.09534],[121.60684,18.09523],[121.6072,18.09505],[121.60753,18.09501],[121.60753,18.0951],[121.60734,18.0951],[121.60734,18.09519],[121.60715,18.09519],[121.60715,18.09528],[121.60696,18.09528],[121.60696,18.09537],[121.60677,18.09537],[121.60677,18.09546],[121.60658,18.09546],[121.60658,18.09537],[121.6063,18.09536],[121.6063,18.09545],[121.60592,18.09545],[121.60592,18.09554],[121.60571,18.09558],[121.60563,18.09572],[121.60548,18.09576],[121.60514,18.09589],[121.605,18.09638],[121.60461,18.09664],[121.60449,18.0968],[121.6043,18.09679],[121.6043,18.09698],[121.60387,18.09719],[121.60325,18.09757],[121.60316,18.09769],[121.60302,18.09773],[121.6021,18.09847],[121.60196,18.09904],[121.6015,18.09941],[121.60083,18.0996],[121.60027,18.09916],[121.60003,18.09907],[121.59989,18.09959],[121.60038,18.09989],[121.60034,18.10029],[121.60037,18.1007],[121.60031,18.10131],[121.60004,18.10222],[121.59951,18.10231],[121.5994,18.10159],[121.59929,18.10117],[121.59872,18.10105],[121.5986,18.10118],[121.59841,18.10118],[121.59841,18.10127],[121.59822,18.10127],[121.59822,18.10136],[121.59791,18.10141],[121.59762,18.10164],[121.59727,18.1022],[121.59704,18.10222],[121.59654,18.10187],[121.59607,18.10182],[121.59523,18.10192],[121.59514,18.10202],[121.595,18.10185],[121.59434,18.10161],[121.5941,18.10174],[121.594,18.10152],[121.59358,18.10156],[121.59326,18.10143],[121.59258,18.10096],[121.59214,18.1002],[121.59154,18.10041],[121.59026,18.10028],[121.59014,18.10106],[121.58991,18.10108],[121.58943,18.10103],[121.58894,18.10108],[121.58863,18.10089],[121.58853,18.10003],[121.5879,18.09996],[121.58755,18.10008],[121.5875,18.09956],[121.58753,18.09929],[121.58749,18.09892]],[[121.59412,18.10031],[121.59423,18.10101],[121.59458,18.10067],[121.59464,18.10025],[121.59412,18.10031]]],[[[121.58757,18.07114],[121.58778,18.0711],[121.58773,18.07122],[121.58757,18.07114]]],[[[121.58803,18.07124],[121.58825,18.0712],[121.58814,18.0714],[121.58803,18.07124]]],[[[121.58811,18.08417],[121.58857,18.08352],[121.58872,18.08349],[121.58868,18.08381],[121.58837,18.08417],[121.58811,18.08417]]],[[[121.58835,18.05945],[121.58863,18.05945],[121.58863,18.05954],[121.58835,18.05954],[121.58835,18.05945]]],[[[121.58842,18.07114],[121.58854,18.07111],[121.58851,18.07122],[121.58842,18.07114]]],[[[121.58859,18.07108],[121.58882,18.07102],[121.58876,18.07123],[121.58859,18.07108]]],[[[121.58863,18.05936],[121.58882,18.05936],[121.58882,18.05945],[121.58863,18.05945],[121.58863,18.05936]]],[[[121.58882,18.05927],[121.5892,18.05927],[121.5892,18.05936],[121.58882,18.05936],[121.58882,18.05927]]],[[[121.589,18.08198],[121.58911,18.08195],[121.58908,18.08206],[121.589,18.08198]]],[[[121.58911,18.08195],[121.58915,18.08184],[121.58923,18.08192],[121.58911,18.08195]]],[[[121.58939,18.03133],[121.58952,18.03126],[121.58948,18.03156],[121.58939,18.03133]]],[[[121.58967,18.03054],[121.58981,18.03045],[121.58987,18.03068],[121.58977,18.03085],[121.58967,18.03054]]],[[[121.5898,18.05557],[121.58989,18.05557],[121.58989,18.05566],[121.5898,18.05566],[121.5898,18.05557]]],[[[121.58989,18.05566],[121.58998,18.05567],[121.58998,18.05576],[121.58989,18.05576],[121.58989,18.05566]]],[[[121.59124,18.07217],[121.59137,18.07212],[121.59133,18.07233],[121.59124,18.07217]]],[[[121.59363,18.07009],[121.59374,18.07006],[121.59371,18.07017],[121.59363,18.07009]]],[[[121.59374,18.07051],[121.59382,18.07023],[121.59406,18.0703],[121.59374,18.07051]]],[[[121.59387,18.03066],[121.59398,18.03069],[121.5939,18.03077],[121.59387,18.03066]]],[[[121.59433,18.05615],[121.59452,18.05615],[121.59451,18.05624],[121.59433,18.05624],[121.59433,18.05615]]],[[[121.59507,18.07832],[121.59519,18.07829],[121.59516,18.0784],[121.59507,18.07832]]],[[[121.59582,18.07824],[121.59592,18.07798],[121.59623,18.07794],[121.59619,18.07811],[121.59582,18.07824]]],[[[121.59623,18.07794],[121.59627,18.07783],[121.59635,18.07791],[121.59623,18.07794]]],[[[121.59659,18.07761],[121.59671,18.07758],[121.59667,18.07769],[121.59659,18.07761]]],[[[121.59688,18.07743],[121.59699,18.0774],[121.59696,18.07751],[121.59688,18.07743]]],[[[121.59699,18.0774],[121.59703,18.07729],[121.59711,18.07737],[121.59699,18.0774]]],[[[121.59714,18.07701],[121.59776,18.07691],[121.59808,18.07673],[121.59823,18.07669],[121.59782,18.07742],[121.59723,18.07719],[121.59714,18.07701]]],[[[121.5972,18.07041],[121.59731,18.06987],[121.59752,18.06982],[121.59748,18.07055],[121.5972,18.07041]]],[[[121.59826,18.02187],[121.59838,18.02184],[121.59834,18.02195],[121.59826,18.02187]]],[[[121.59833,18.0714],[121.59865,18.07136],[121.59874,18.07154],[121.59859,18.07183],[121.5984,18.07174],[121.59833,18.0714]]],[[[121.5987,18.03868],[121.59881,18.03865],[121.59878,18.03876],[121.5987,18.03868]]],[[[121.59909,18.00941],[121.59933,18.00897],[121.6,18.00896],[121.6013,18.00929],[121.60249,18.00945],[121.6031,18.00949],[121.6031,18.00958],[121.6032,18.00959],[121.60357,18.00977],[121.60367,18.00995],[121.60303,18.00982],[121.60259,18.01027],[121.60207,18.01],[121.6017,18.00988],[121.60136,18.00971],[121.60113,18.00962],[121.60023,18.01011],[121.60052,18.01064],[121.60158,18.01044],[121.60229,18.01117],[121.60268,18.01116],[121.60318,18.01065],[121.6037,18.01034],[121.60376,18.01004],[121.60395,18.01013],[121.60404,18.01031],[121.60378,18.01078],[121.60329,18.01105],[121.60303,18.01143],[121.60295,18.0119],[121.6028,18.01223],[121.60333,18.01233],[121.60372,18.01201],[121.60393,18.01127],[121.60427,18.01081],[121.60438,18.01073],[121.60442,18.01068],[121.60457,18.01072],[121.605,18.01099],[121.60517,18.01123],[121.60498,18.01122],[121.60498,18.01113],[121.60488,18.01113],[121.60477,18.011],[121.60431,18.01132],[121.60422,18.01158],[121.6041,18.01167],[121.60394,18.01236],[121.60347,18.01291],[121.60284,18.01308],[121.60279,18.01356],[121.60269,18.01356],[121.60262,18.01335],[121.60153,18.01206],[121.60087,18.01133],[121.6005,18.01088],[121.59909,18.00941]]],[[[121.59913,18.02157],[121.59935,18.02161],[121.59919,18.02169],[121.59913,18.02157]]],[[[121.60066,18.07424],[121.60107,18.07413],[121.60132,18.07386],[121.6018,18.0736],[121.60249,18.07314],[121.60287,18.07272],[121.60336,18.07266],[121.60331,18.07301],[121.60282,18.07341],[121.60242,18.07384],[121.60207,18.07405],[121.60157,18.07444],[121.60112,18.0744],[121.60079,18.07463],[121.60066,18.07424]]],[[[121.60119,18.07305],[121.60128,18.07283],[121.60141,18.07293],[121.60119,18.07305]]],[[[121.60125,18.06067],[121.60147,18.06063],[121.60135,18.06083],[121.60125,18.06067]]],[[[121.6021,18.08651],[121.60221,18.08648],[121.60218,18.08659],[121.6021,18.08651]]],[[[121.60221,18.08648],[121.60234,18.08628],[121.60262,18.08618],[121.60243,18.08643],[121.60221,18.08648]]],[[[121.60232,18.02111],[121.60244,18.02106],[121.60241,18.02126],[121.60232,18.02111]]],[[[121.60244,18.08151],[121.60251,18.08093],[121.60342,18.08045],[121.6042,18.08057],[121.60466,18.08076],[121.6056,18.08093],[121.60563,18.08133],[121.60545,18.08179],[121.60551,18.08248],[121.60547,18.08284],[121.6056,18.08276],[121.60576,18.08258],[121.60598,18.08249],[121.60588,18.08231],[121.60584,18.08208],[121.60593,18.08208],[121.60593,18.08217],[121.60602,18.08217],[121.60602,18.08235],[121.60612,18.08235],[121.60612,18.08244],[121.60621,18.08244],[121.60621,18.08253],[121.60631,18.08253],[121.6063,18.08262],[121.6064,18.08262],[121.6064,18.0828],[121.60607,18.08285],[121.60594,18.08296],[121.60619,18.08355],[121.6061,18.08384],[121.60541,18.08339],[121.60416,18.08392],[121.60403,18.08405],[121.60382,18.08409],[121.60374,18.08423],[121.60365,18.08423],[121.60365,18.08432],[121.60352,18.08441],[121.60341,18.08503],[121.60332,18.08475],[121.60346,18.08396],[121.60359,18.0839],[121.60365,18.08378],[121.60392,18.08371],[121.60424,18.08325],[121.60442,18.08261],[121.60461,18.08234],[121.60497,18.08228],[121.60529,18.08178],[121.6054,18.08116],[121.60505,18.08103],[121.60471,18.08098],[121.60461,18.08086],[121.60375,18.08096],[121.60339,18.08075],[121.60294,18.08083],[121.60282,18.08097],[121.60263,18.08097],[121.60263,18.08115],[121.60254,18.08115],[121.60253,18.08142],[121.60253,18.08151],[121.60244,18.08151]]],[[[121.60267,18.08615],[121.60278,18.08612],[121.60275,18.08623],[121.60267,18.08615]]],[[[121.60278,18.08612],[121.60321,18.08563],[121.60333,18.08528],[121.60349,18.08565],[121.60305,18.08604],[121.60278,18.08612]]],[[[121.60279,18.01356],[121.60298,18.01356],[121.60298,18.01365],[121.60279,18.01365],[121.60279,18.01356]]],[[[121.60292,18.02245],[121.603,18.02197],[121.60325,18.02166],[121.60341,18.02129],[121.60324,18.02101],[121.60348,18.02092],[121.60334,18.02057],[121.6033,18.02043],[121.60345,18.02039],[121.60366,18.02005],[121.60476,18.0198],[121.605,18.0199],[121.60506,18.01984],[121.6053,18.01987],[121.60523,18.02031],[121.60527,18.0206],[121.60513,18.02094],[121.60515,18.02105],[121.60485,18.02127],[121.60428,18.02138],[121.604,18.02172],[121.60386,18.02216],[121.60357,18.02237],[121.60292,18.02245]],[[121.605,18.0199],[121.60504,18.02001],[121.60512,18.01993],[121.605,18.0199]],[[121.60345,18.02062],[121.60371,18.02082],[121.60358,18.02052],[121.60345,18.02062]]],[[[121.60297,18.01374],[121.60298,18.01365],[121.60354,18.01365],[121.60354,18.01383],[121.60336,18.01394],[121.60316,18.0145],[121.60306,18.01455],[121.60306,18.01428],[121.60313,18.01424],[121.60328,18.01379],[121.60297,18.01374]]],[[[121.60297,18.01455],[121.60306,18.01455],[121.60306,18.01473],[121.60297,18.01473],[121.60297,18.01455]]],[[[121.60299,18.02058],[121.60308,18.0205],[121.60311,18.02061],[121.60299,18.02058]]],[[[121.60311,18.02061],[121.60333,18.02078],[121.60316,18.02092],[121.60311,18.02061]]],[[[121.60318,18.0204],[121.60327,18.02032],[121.6033,18.02043],[121.60318,18.0204]]],[[[121.60326,18.08513],[121.60338,18.08516],[121.60329,18.08524],[121.60326,18.08513]]],[[[121.60336,18.01991],[121.60359,18.0198],[121.60354,18.02],[121.60336,18.01991]]],[[[121.60347,18.09065],[121.60357,18.08956],[121.60355,18.08933],[121.60385,18.08909],[121.60399,18.08866],[121.60418,18.08866],[121.60418,18.08857],[121.60454,18.08851],[121.60474,18.08807],[121.60502,18.08762],[121.60495,18.08714],[121.60541,18.08688],[121.60574,18.08701],[121.60599,18.08705],[121.60605,18.08717],[121.60652,18.08711],[121.60674,18.08695],[121.6069,18.08726],[121.60702,18.08733],[121.60702,18.08742],[121.60712,18.08742],[121.60719,18.08751],[121.60754,18.08756],[121.60813,18.08744],[121.60863,18.08752],[121.60863,18.08761],[121.60901,18.08761],[121.60901,18.08752],[121.60948,18.08752],[121.60948,18.08743],[121.60957,18.08743],[121.60972,18.0874],[121.61015,18.08706],[121.61077,18.0872],[121.61122,18.08688],[121.61147,18.08682],[121.61147,18.08691],[121.61156,18.08691],[121.61163,18.08712],[121.61241,18.08718],[121.61241,18.08727],[121.6126,18.08728],[121.6126,18.08737],[121.61269,18.08737],[121.61269,18.08746],[121.61279,18.08746],[121.61278,18.08755],[121.61288,18.08755],[121.61288,18.08764],[121.61297,18.08764],[121.61297,18.08773],[121.61307,18.08773],[121.61307,18.08782],[121.61316,18.08782],[121.61316,18.08791],[121.61335,18.08791],[121.61338,18.08798],[121.61363,18.0881],[121.61388,18.08798],[121.61425,18.08729],[121.61436,18.0875],[121.61449,18.08756],[121.61454,18.08778],[121.61477,18.08783],[121.61477,18.08792],[121.61496,18.08793],[121.615,18.08798],[121.61547,18.08816],[121.61561,18.0882],[121.61561,18.08829],[121.61571,18.08829],[121.61571,18.08838],[121.6158,18.08838],[121.6158,18.08847],[121.6159,18.08847],[121.61597,18.08862],[121.61618,18.08866],[121.61618,18.08875],[121.61627,18.08875],[121.61633,18.08887],[121.6164,18.08945],[121.61654,18.08987],[121.61664,18.08993],[121.6168,18.09078],[121.61733,18.09082],[121.61748,18.09065],[121.61763,18.09061],[121.61801,18.09034],[121.6183,18.09054],[121.6186,18.09022],[121.61904,18.09045],[121.61928,18.09044],[121.61942,18.09045],[121.61961,18.09044],[121.61986,18.09097],[121.62024,18.09117],[121.62073,18.09085],[121.62088,18.09132],[121.62116,18.0914],[121.62116,18.09149],[121.62126,18.09149],[121.6213,18.0917],[121.62144,18.09177],[121.62144,18.09186],[121.62154,18.09186],[121.62165,18.09207],[121.62198,18.09201],[121.62201,18.09195],[121.62216,18.09191],[121.62251,18.09147],[121.62234,18.09118],[121.62276,18.09095],[121.6231,18.09053],[121.6232,18.09066],[121.62374,18.09075],[121.62362,18.09143],[121.62385,18.09156],[121.624,18.0916],[121.624,18.09169],[121.62437,18.0917],[121.62437,18.09179],[121.62456,18.09179],[121.62492,18.0922],[121.62527,18.09202],[121.62532,18.09144],[121.62473,18.09119],[121.62461,18.0908],[121.62419,18.09054],[121.62415,18.08993],[121.62424,18.08898],[121.62402,18.0888],[121.62395,18.08851],[121.62412,18.08826],[121.62439,18.08818],[121.62478,18.08782],[121.62407,18.08755],[121.62361,18.08726],[121.62427,18.08696],[121.62427,18.08676],[121.62368,18.08621],[121.62376,18.086],[121.62408,18.08592],[121.62395,18.08537],[121.62353,18.08504],[121.62298,18.08495],[121.6225,18.08477],[121.62201,18.08468],[121.62191,18.08443],[121.62096,18.08424],[121.62035,18.08472],[121.6201,18.0844],[121.61965,18.08431],[121.61927,18.08403],[121.61895,18.08412],[121.6188,18.08447],[121.61876,18.08461],[121.61867,18.08461],[121.61867,18.0847],[121.61857,18.0847],[121.61857,18.08515],[121.61866,18.08515],[121.61866,18.08542],[121.61875,18.08542],[121.61875,18.08569],[121.61885,18.08569],[121.61885,18.08578],[121.61884,18.08597],[121.61894,18.08597],[121.61894,18.08606],[121.61889,18.08627],[121.6186,18.08636],[121.61853,18.08582],[121.61847,18.08578],[121.61847,18.08551],[121.61838,18.08551],[121.61838,18.08524],[121.61828,18.08524],[121.61829,18.08497],[121.61819,18.08497],[121.61815,18.08454],[121.61802,18.08402],[121.61773,18.08416],[121.61763,18.08451],[121.61755,18.08457],[121.6172,18.08534],[121.61643,18.08545],[121.61617,18.08559],[121.61576,18.08575],[121.61525,18.08569],[121.61431,18.08528],[121.61393,18.08481],[121.6135,18.08463],[121.61328,18.08457],[121.61315,18.08444],[121.61288,18.08442],[121.61246,18.08453],[121.61037,18.08439],[121.60965,18.08406],[121.60964,18.08388],[121.61137,18.08364],[121.61192,18.08325],[121.6127,18.08328],[121.61349,18.08297],[121.61406,18.08269],[121.61522,18.08274],[121.61551,18.08248],[121.6157,18.08194],[121.61597,18.08145],[121.61573,18.0812],[121.61534,18.08111],[121.61445,18.08065],[121.61435,18.08114],[121.61404,18.08133],[121.61389,18.08065],[121.61318,18.08075],[121.61284,18.08094],[121.6126,18.08151],[121.61211,18.0817],[121.61146,18.0816],[121.61123,18.08163],[121.61113,18.08175],[121.61094,18.08171],[121.61079,18.08127],[121.6103,18.0811],[121.61044,18.08081],[121.61048,18.08066],[121.61061,18.08057],[121.6105,18.08],[121.61029,18.07994],[121.6102,18.07981],[121.60971,18.07991],[121.60963,18.08003],[121.60941,18.07996],[121.6093,18.07952],[121.6091,18.07933],[121.60844,18.07935],[121.60815,18.07993],[121.60817,18.08079],[121.60781,18.0806],[121.60707,18.08089],[121.60641,18.08108],[121.60632,18.08118],[121.60609,18.08123],[121.60603,18.08145],[121.60594,18.08144],[121.60593,18.08163],[121.60584,18.08162],[121.60584,18.08208],[121.60579,18.08203],[121.6057,18.08173],[121.60592,18.08114],[121.60725,18.08055],[121.60743,18.0802],[121.60798,18.07972],[121.6081,18.07923],[121.60901,18.07903],[121.60941,18.07917],[121.60959,18.07972],[121.6102,18.0797],[121.61068,18.07972],[121.61087,18.08053],[121.61162,18.08063],[121.61175,18.08091],[121.61195,18.08109],[121.61221,18.08108],[121.61295,18.08051],[121.61397,18.08056],[121.61421,18.08092],[121.61435,18.08038],[121.6153,18.08087],[121.61591,18.08102],[121.61658,18.08125],[121.61655,18.08181],[121.61602,18.08204],[121.61576,18.08256],[121.61558,18.08287],[121.61511,18.08301],[121.61476,18.08318],[121.6142,18.08328],[121.61367,18.08326],[121.61326,18.08327],[121.61315,18.08387],[121.61373,18.08401],[121.6139,18.08436],[121.61418,18.08462],[121.6145,18.08495],[121.61481,18.08523],[121.61567,18.08507],[121.61616,18.08509],[121.61673,18.08472],[121.61701,18.08473],[121.61719,18.08473],[121.61762,18.08404],[121.61797,18.08357],[121.61815,18.08329],[121.61826,18.0832],[121.61846,18.08321],[121.61863,18.0834],[121.61844,18.08357],[121.61832,18.08411],[121.61835,18.08483],[121.61854,18.08464],[121.61877,18.08394],[121.61914,18.08366],[121.61975,18.08412],[121.62023,18.08421],[121.62051,18.0844],[121.6209,18.084],[121.62155,18.08422],[121.62212,18.08432],[121.6224,18.0845],[121.62308,18.08476],[121.62369,18.0849],[121.62437,18.08571],[121.62418,18.08605],[121.62418,18.08624],[121.62483,18.08654],[121.62512,18.08694],[121.62463,18.08724],[121.6245,18.08736],[121.62455,18.0874],[121.62498,18.08744],[121.62511,18.0879],[121.6249,18.08824],[121.62431,18.08849],[121.62447,18.08922],[121.62491,18.09066],[121.62499,18.09104],[121.62537,18.0912],[121.62552,18.09137],[121.62545,18.09215],[121.62525,18.09249],[121.62494,18.09246],[121.62448,18.09194],[121.62413,18.09183],[121.62371,18.09168],[121.62324,18.09185],[121.62281,18.09181],[121.62282,18.09198],[121.62243,18.09209],[121.62234,18.09227],[121.62161,18.09235],[121.62109,18.09164],[121.6201,18.09143],[121.61961,18.09116],[121.61875,18.09097],[121.61743,18.09124],[121.61654,18.09075],[121.61641,18.08988],[121.61619,18.0895],[121.61622,18.08915],[121.61621,18.0889],[121.61573,18.08869],[121.6154,18.08832],[121.6151,18.08834],[121.6148,18.08813],[121.61453,18.08815],[121.61443,18.08814],[121.61399,18.08826],[121.61343,18.08821],[121.61241,18.08743],[121.61157,18.08728],[121.61132,18.08741],[121.61085,18.08737],[121.6101,18.08758],[121.60899,18.08769],[121.60839,18.08793],[121.60807,18.0879],[121.60705,18.08763],[121.60664,18.08765],[121.60613,18.08752],[121.60573,18.08755],[121.60556,18.08791],[121.60501,18.08821],[121.60478,18.08868],[121.60435,18.08886],[121.60419,18.09014],[121.60423,18.09074],[121.60466,18.0911],[121.60477,18.09132],[121.60434,18.09155],[121.60446,18.09108],[121.60388,18.09101],[121.60379,18.09091],[121.60347,18.09065]],[[121.6245,18.08736],[121.62439,18.08739],[121.62447,18.08747],[121.6245,18.08736]]],[[[121.60366,18.01004],[121.60367,18.00995],[121.60376,18.00995],[121.60376,18.01004],[121.60366,18.01004]]],[[[121.60381080968327,18.10472068864237],[121.60383,18.1045],[121.60458,18.10389],[121.60456,18.10366],[121.60459,18.10342],[121.60496,18.10326],[121.60531,18.10308],[121.60572,18.10281],[121.60624,18.1027],[121.60671,18.10193],[121.60705,18.10183],[121.6071,18.10178],[121.60759,18.10174],[121.60781,18.10139],[121.6079,18.1012],[121.60857,18.10049],[121.60848,18.09976],[121.60859,18.09941],[121.60863,18.09918],[121.60878,18.09911],[121.60882,18.09891],[121.60905,18.09875],[121.60894,18.09825],[121.60859,18.09818],[121.60845,18.09836],[121.60803,18.09846],[121.60797,18.09854],[121.60724,18.09858],[121.60712,18.09871],[121.60693,18.09871],[121.60693,18.0988],[121.60674,18.09889],[121.60665,18.09907],[121.60641,18.09911],[121.60597,18.09922],[121.60555,18.09967],[121.60547,18.09902],[121.60623,18.09841],[121.60635,18.09802],[121.60699,18.09768],[121.60727,18.09744],[121.60662,18.09716],[121.60687,18.09653],[121.60714,18.09645],[121.60721,18.09659],[121.60742,18.09664],[121.60742,18.09673],[121.60799,18.09673],[121.60799,18.09664],[121.60808,18.09664],[121.60808,18.09655],[121.60827,18.09655],[121.60828,18.09628],[121.60841,18.09619],[121.6083,18.09548],[121.60844,18.09489],[121.60918,18.09479],[121.60929,18.09453],[121.60924,18.09417],[121.60943,18.09403],[121.60949,18.09468],[121.6093,18.09489],[121.60861,18.09497],[121.60843,18.09659],[121.60805,18.09679],[121.60756,18.09699],[121.60786,18.09785],[121.60816,18.09819],[121.60883,18.09796],[121.60925,18.09841],[121.60916,18.09887],[121.6088,18.0993],[121.60875,18.09981],[121.60879,18.10028],[121.60866,18.10078],[121.60847,18.10093],[121.60829,18.10139],[121.60809,18.10171],[121.60819,18.10195],[121.60856,18.10193],[121.60904,18.10229],[121.60923,18.10212],[121.60921,18.10195],[121.61004,18.10181],[121.61044,18.10164],[121.61047,18.10134],[121.61034,18.101],[121.6105,18.10067],[121.6116,18.09987],[121.61151,18.0996],[121.61133,18.09927],[121.61165,18.09873],[121.61205,18.09853],[121.61239,18.09865],[121.61274,18.09943],[121.613,18.1001],[121.6134,18.10043],[121.61348,18.10061],[121.61363,18.10066],[121.61368,18.10071],[121.61391,18.1007],[121.61415,18.10071],[121.6145,18.10035],[121.61476,18.10035],[121.61513,18.10036],[121.61557,18.10008],[121.61584,18.09996],[121.61604,18.0992],[121.61614,18.09909],[121.61719,18.09856],[121.61731,18.09844],[121.61811,18.09815],[121.61839,18.09786],[121.61896,18.09767],[121.61908,18.0983],[121.61922,18.09871],[121.61935,18.09939],[121.6198,18.10054],[121.61951,18.10131],[121.61963,18.10181],[121.62008,18.10142],[121.62027,18.10103],[121.62047,18.10093],[121.62072,18.10082],[121.62101,18.09972],[121.62144,18.09922],[121.62141,18.09852],[121.62191,18.09816],[121.62262,18.098],[121.62277,18.09788],[121.62234,18.09774],[121.6222,18.0976],[121.62192,18.09735],[121.62203,18.09712],[121.62241,18.09679],[121.62239,18.09617],[121.62281,18.09589],[121.62306,18.09589],[121.62326,18.09607],[121.62368,18.09651],[121.62423,18.0967],[121.62471,18.09672],[121.62504,18.09671],[121.62532,18.09681],[121.62607,18.09699],[121.62636,18.09725],[121.62672,18.09799],[121.62824,18.09815],[121.62826,18.09854],[121.62796,18.09907],[121.62805,18.09936],[121.62831,18.09962],[121.62861,18.09964],[121.62889,18.09954],[121.62935,18.09944],[121.62951,18.09896],[121.62966,18.09883],[121.63006,18.09832],[121.63078,18.098],[121.63089,18.09757],[121.63105,18.09744],[121.63034,18.09722],[121.62975,18.09674],[121.62901,18.09676],[121.62901,18.09661],[121.62902,18.0964],[121.62885,18.09574],[121.62911,18.09521],[121.6293,18.09521],[121.62994,18.09568],[121.63035,18.09567],[121.6307,18.09585],[121.6311,18.09577],[121.63179,18.09524],[121.6322,18.09523],[121.63315,18.09541],[121.63337,18.09551],[121.63376,18.09602],[121.63413,18.09619],[121.63477,18.09677],[121.63495,18.09747],[121.63511,18.09844],[121.63571,18.09887],[121.63604,18.09956],[121.63697,18.09983],[121.63787,18.09997],[121.63815,18.10007],[121.63863,18.10016],[121.63927,18.10032],[121.64058,18.09963],[121.64134,18.09961],[121.64227,18.10034],[121.64287,18.10072],[121.64305,18.10142],[121.64288,18.10199],[121.64235,18.10216],[121.64098,18.10228],[121.64119,18.10268],[121.64088,18.10295],[121.64077,18.10324],[121.64068,18.10361],[121.6403,18.10394],[121.64055,18.1041],[121.64114,18.10391],[121.64181,18.10406],[121.64242,18.10443],[121.64285,18.10435],[121.64371,18.10399],[121.64397,18.10399],[121.64422,18.10404],[121.64422,18.10413],[121.64384,18.10413],[121.64384,18.10422],[121.64374,18.10421],[121.64346,18.10421],[121.64346,18.1043],[121.64327,18.1043],[121.64327,18.10439],[121.64317,18.10439],[121.64317,18.10448],[121.64308,18.10448],[121.64308,18.10466],[121.64302,18.1047],[121.64292,18.10498],[121.64298331753736,18.105117187997607],[121.64220586706922,18.10510520241532],[121.64215,18.10477],[121.64193,18.10427],[121.64152,18.10411],[121.64101,18.1043],[121.6402,18.10451],[121.63961,18.10418],[121.63916,18.10405],[121.63905,18.10369],[121.63864,18.10364],[121.63857,18.10349],[121.63921,18.10346],[121.63921,18.10355],[121.63959,18.10355],[121.63968,18.10368],[121.63978,18.10355],[121.63987,18.10355],[121.64006,18.10356],[121.64006,18.10338],[121.64016,18.10338],[121.64016,18.10329],[121.64037,18.10325],[121.64044,18.10311],[121.64054,18.10311],[121.64054,18.10302],[121.64076,18.10291],[121.6407,18.10215],[121.64064,18.10211],[121.64064,18.10184],[121.64074,18.10184],[121.64074,18.10193],[121.64083,18.10194],[121.64083,18.10203],[121.64092,18.10203],[121.64092,18.10212],[121.64196,18.10212],[121.64196,18.10203],[121.64215,18.10203],[121.64244,18.10204],[121.64244,18.10195],[121.64275,18.10186],[121.64281,18.10124],[121.6425,18.10081],[121.64202,18.10055],[121.64111,18.09982],[121.64063,18.09978],[121.64056,18.09985],[121.64037,18.09985],[121.64037,18.09994],[121.64019,18.09994],[121.64018,18.10003],[121.64,18.10003],[121.63999,18.10012],[121.63979,18.10016],[121.63971,18.1003],[121.63962,18.1003],[121.63961,18.10039],[121.63952,18.10039],[121.63952,18.10048],[121.63861,18.10044],[121.63795,18.1003],[121.63769,18.10014],[121.63711,18.10006],[121.63684,18.09996],[121.63669,18.09992],[121.63669,18.09983],[121.63641,18.09983],[121.63631,18.09982],[121.63627,18.09977],[121.63592,18.09963],[121.63579,18.09942],[121.63568,18.09916],[121.63539,18.09904],[121.63495,18.09851],[121.63486,18.09823],[121.63474,18.09792],[121.63481,18.09741],[121.63466,18.09688],[121.63417,18.09659],[121.63389,18.09625],[121.63369,18.09619],[121.63369,18.0961],[121.6336,18.0961],[121.6336,18.09601],[121.63351,18.09601],[121.63351,18.09592],[121.63341,18.09592],[121.63334,18.09564],[121.63282,18.09543],[121.63166,18.09549],[121.63162,18.09554],[121.63153,18.09554],[121.63153,18.09563],[121.63143,18.09563],[121.63143,18.09572],[121.63134,18.09572],[121.63133,18.09581],[121.63124,18.09581],[121.63124,18.0959],[121.63105,18.0959],[121.63105,18.09599],[121.62995,18.09595],[121.62966,18.09576],[121.62924,18.09567],[121.62912,18.09616],[121.62925,18.09625],[121.62925,18.09634],[121.62911,18.09646],[121.62922,18.09659],[121.62985,18.09643],[121.63043,18.09682],[121.6309,18.09694],[121.63132,18.09693],[121.63177,18.09704],[121.63274,18.097],[121.6327,18.09705],[121.63219,18.09725],[121.63166,18.09767],[121.63124,18.09791],[121.63099,18.0983],[121.63062,18.09874],[121.6308,18.09921],[121.6304,18.09937],[121.63014,18.09952],[121.63003,18.1001],[121.62965,18.10055],[121.62955,18.10136],[121.62944,18.10162],[121.62936,18.1019],[121.62904,18.10225],[121.62907,18.10199],[121.62904,18.10172],[121.62883,18.10137],[121.62894,18.10054],[121.62888,18.10001],[121.62749,18.10019],[121.62684,18.10067],[121.62676,18.10129],[121.62659,18.10135],[121.62675,18.1002],[121.62692,18.09951],[121.62715,18.09904],[121.62736,18.099],[121.62744,18.09886],[121.62765,18.09882],[121.62772,18.09868],[121.62796,18.0985],[121.62762,18.09824],[121.62637,18.09835],[121.62618,18.0979],[121.62607,18.09731],[121.62564,18.09715],[121.62508,18.0972],[121.62486,18.09707],[121.62367,18.09683],[121.62311,18.09617],[121.6228,18.09614],[121.62262,18.09643],[121.62286,18.09684],[121.6223,18.09716],[121.6224,18.09758],[121.62263,18.09765],[121.62263,18.09774],[121.62357,18.09775],[121.62367,18.09775],[121.62367,18.09784],[121.62376,18.09784],[121.62376,18.09811],[121.62366,18.09811],[121.62357,18.09798],[121.62304,18.09805],[121.6222,18.09842],[121.62167,18.09855],[121.62147,18.09884],[121.62162,18.09905],[121.62167,18.09909],[121.62167,18.09918],[121.62176,18.09918],[121.6218,18.09932],[121.62191,18.09949],[121.62199,18.09989],[121.62157,18.09978],[121.62114,18.09996],[121.62109,18.10026],[121.62109,18.10035],[121.621,18.10035],[121.621,18.10071],[121.62109,18.10071],[121.62109,18.10089],[121.62118,18.10089],[121.62126,18.10184],[121.62118,18.10274],[121.62081,18.10254],[121.62038,18.10187],[121.62006,18.10175],[121.61985,18.10197],[121.61976,18.10197],[121.61976,18.10206],[121.61966,18.10206],[121.61966,18.10215],[121.61957,18.10215],[121.61957,18.10224],[121.61947,18.10224],[121.61947,18.10233],[121.61934,18.10243],[121.61924,18.10265],[121.61877,18.1032],[121.6182,18.10272],[121.61751,18.10247],[121.61799,18.10189],[121.61862,18.10154],[121.61881,18.10132],[121.61892,18.10097],[121.61901,18.10097],[121.61901,18.10088],[121.61928,18.10081],[121.61952,18.10047],[121.61926,18.1001],[121.61911,18.10006],[121.61911,18.09997],[121.61902,18.09997],[121.61885,18.09965],[121.61899,18.09949],[121.61902,18.09925],[121.61913,18.09916],[121.61894,18.09875],[121.61879,18.09848],[121.61867,18.09794],[121.61826,18.09839],[121.61784,18.09856],[121.61757,18.09875],[121.61713,18.09884],[121.61626,18.0992],[121.61619,18.09941],[121.61609,18.09941],[121.61609,18.09977],[121.61619,18.09977],[121.61614,18.10064],[121.61587,18.10102],[121.61557,18.1008],[121.61542,18.10076],[121.61542,18.10067],[121.61523,18.10067],[121.61523,18.10058],[121.61504,18.10058],[121.61505,18.10049],[121.61457,18.10048],[121.61457,18.10057],[121.61448,18.10057],[121.61448,18.10066],[121.61443,18.10071],[121.61426,18.10138],[121.61377,18.10198],[121.61356,18.10322],[121.61331,18.1035],[121.61314,18.10314],[121.613,18.10221],[121.61281,18.10187],[121.61272,18.10169],[121.61259,18.10146],[121.61276,18.10031],[121.61262,18.0995],[121.61216,18.09878],[121.61186,18.0988],[121.61166,18.09902],[121.61156,18.09902],[121.61156,18.09947],[121.61165,18.09947],[121.6118,18.09969],[121.6119,18.09993],[121.61177,18.10027],[121.61145,18.10053],[121.61058,18.10098],[121.61084,18.10158],[121.61102,18.10226],[121.61121,18.10258],[121.61136,18.10291],[121.61147,18.10367],[121.61157,18.10403],[121.61166,18.10449],[121.61142,18.10447],[121.61082,18.10373],[121.61033,18.10332],[121.60993,18.10286],[121.60971,18.10276],[121.60957,18.10319],[121.60912,18.10387],[121.60901062268526,18.104627227563615],[121.60718523327843,18.104627134857186],[121.60742,18.10405],[121.60782,18.10373],[121.60691,18.10364],[121.60648,18.1041],[121.60589,18.10435],[121.60559,18.10455],[121.60530617054008,18.104627039424837],[121.60500245600008,18.104627024000024],[121.60381080968327,18.10472068864237]]],[[[121.60428,18.07279],[121.6044,18.07276],[121.60436,18.07287],[121.60428,18.07279]]],[[[121.6046,18.05884],[121.60513,18.05888],[121.60558,18.05903],[121.60564,18.05912],[121.60539,18.05909],[121.60504,18.05897],[121.6046,18.05893],[121.6046,18.05884]]],[[[121.60517,18.01132],[121.60526,18.01132],[121.60526,18.01141],[121.60517,18.01141],[121.60517,18.01132]]],[[[121.60536,18.07738],[121.60546,18.07689],[121.60569,18.07675],[121.60592,18.07689],[121.60616,18.07693],[121.60621,18.07644],[121.60657,18.07658],[121.60672,18.0773],[121.60633,18.07757],[121.60585,18.07766],[121.60536,18.07738]],[[121.60616,18.07693],[121.60621,18.07714],[121.60648,18.07723],[121.60638,18.07698],[121.60616,18.07693]]],[[[121.60562,18.04026],[121.60566,18.0401],[121.60607,18.04006],[121.60602,18.04036],[121.60562,18.04026]]],[[[121.60564,18.05912],[121.60585,18.05916],[121.60592,18.05931],[121.60573,18.0593],[121.60564,18.05912]]],[[[121.60578,18.01818],[121.60593,18.01742],[121.60611,18.01751],[121.6065,18.01778],[121.60646,18.01689],[121.60661,18.01688],[121.60692,18.01766],[121.60733,18.01722],[121.60766,18.01757],[121.60776,18.01766],[121.60776,18.01784],[121.60785,18.01784],[121.60785,18.01802],[121.60795,18.01802],[121.6079,18.01825],[121.60775,18.01849],[121.60719,18.01841],[121.60652,18.0185],[121.60643,18.01819],[121.60629,18.01823],[121.60594,18.01841],[121.60578,18.01818]],[[121.60643,18.01819],[121.60674,18.01832],[121.60681,18.01799],[121.60651,18.01792],[121.60643,18.01819]]],[[[121.60602,18.05931],[121.6062,18.05931],[121.6062,18.05949],[121.60611,18.05949],[121.60611,18.0594],[121.60602,18.0594],[121.60602,18.05931]]],[[[121.6062,18.05949],[121.6063,18.05949],[121.6063,18.05967],[121.6062,18.05967],[121.6062,18.05949]]],[[[121.6063,18.05967],[121.60639,18.05967],[121.60639,18.05985],[121.6063,18.05985],[121.6063,18.05967]]],[[[121.60639,18.05985],[121.60648,18.05985],[121.60648,18.06003],[121.60639,18.06003],[121.60639,18.05985]]],[[[121.6064,18.0828],[121.60649,18.0828],[121.60644,18.08292],[121.6064,18.0828]]],[[[121.60648,18.06003],[121.60658,18.06012],[121.6068,18.06035],[121.6071,18.06044],[121.60728,18.06007],[121.60692,18.05937],[121.60751,18.05927],[121.60767,18.05885],[121.6072,18.05824],[121.60721,18.05773],[121.60749,18.05774],[121.60787,18.05747],[121.60826,18.05775],[121.6087,18.05796],[121.60881,18.05829],[121.60901,18.05847],[121.60849,18.05942],[121.60805,18.06003],[121.60794,18.06063],[121.60785,18.06081],[121.6078,18.06095],[121.6077,18.06094],[121.6077,18.06103],[121.60756,18.0611],[121.60751,18.0613],[121.60736,18.06137],[121.60732,18.06157],[121.60723,18.06157],[121.60723,18.06166],[121.60722,18.06175],[121.60713,18.06175],[121.60726,18.06101],[121.60688,18.06073],[121.60664,18.06042],[121.60648,18.0603],[121.60648,18.06003]]],[[[121.60676,18.01918],[121.60694,18.01891],[121.60726,18.01932],[121.60742,18.01925],[121.60779,18.0188],[121.60813,18.01875],[121.60841,18.01893],[121.6085,18.01925],[121.60869,18.01938],[121.60869,18.01956],[121.60878,18.01957],[121.6089,18.01992],[121.60929,18.02061],[121.60995,18.0216],[121.61027,18.02214],[121.6108,18.02287],[121.61104,18.0234],[121.61176,18.02439],[121.61196,18.02456],[121.61196,18.02465],[121.61205,18.02465],[121.61209,18.02494],[121.61224,18.02501],[121.61228,18.02521],[121.61242,18.02528],[121.61242,18.02547],[121.61252,18.02547],[121.61246,18.02583],[121.61207,18.02601],[121.6115,18.02571],[121.61064,18.02481],[121.6103,18.02451],[121.61007,18.02427],[121.60975,18.02345],[121.60946,18.02305],[121.60841,18.02144],[121.60813,18.02059],[121.60788,18.0206],[121.60769,18.02059],[121.60788,18.02042],[121.60797,18.02027],[121.6075,18.01987],[121.60732,18.02023],[121.60712,18.02032],[121.60714,18.01996],[121.60699,18.01991],[121.60711,18.01944],[121.60676,18.01918]]],[[[121.60678,18.02003],[121.60689,18.02],[121.60686,18.02011],[121.60678,18.02003]]],[[[121.60689,18.01991],[121.60699,18.01991],[121.60699,18.02],[121.60689,18.02],[121.60689,18.01991]]],[[[121.60713,18.06202],[121.60722,18.06203],[121.60722,18.06221],[121.60713,18.06221],[121.60713,18.06202]]],[[[121.60719,18.07606],[121.6073,18.07603],[121.60727,18.07614],[121.60719,18.07606]]],[[[121.60722,18.0623],[121.60731,18.0623],[121.60731,18.06239],[121.60722,18.06239],[121.60722,18.0623]]],[[[121.60731,18.06248],[121.60741,18.06248],[121.60741,18.06257],[121.60731,18.06257],[121.60731,18.06248]]],[[[121.60741,18.06257],[121.6075,18.06257],[121.6075,18.06275],[121.60741,18.06275],[121.60741,18.06257]]],[[[121.60744,18.07822],[121.60766,18.07811],[121.60773,18.07825],[121.60765,18.0784],[121.60744,18.07822]]],[[[121.60753,18.09492],[121.60772,18.09492],[121.60772,18.09501],[121.60753,18.09501],[121.60753,18.09492]]],[[[121.60772,18.09483],[121.60791,18.09483],[121.60791,18.09492],[121.60772,18.09492],[121.60772,18.09483]]],[[[121.6079,18.07834],[121.60851,18.0783],[121.60864,18.07864],[121.60802,18.07888],[121.6079,18.07834]]],[[[121.60791,18.09483],[121.60853,18.09416],[121.60866,18.09366],[121.60886,18.09348],[121.60886,18.09366],[121.60877,18.09366],[121.60877,18.09384],[121.60867,18.09384],[121.60867,18.0943],[121.6085,18.09441],[121.60825,18.09475],[121.60791,18.09483]]],[[[121.60883,18.06877],[121.60915,18.06873],[121.6091,18.06894],[121.60883,18.06877]]],[[[121.60886,18.09348],[121.6089,18.09325],[121.60915,18.093],[121.60971,18.09312],[121.61,18.09354],[121.60982,18.09394],[121.60943,18.09403],[121.60952,18.09385],[121.60975,18.09369],[121.60966,18.09329],[121.60905,18.09318],[121.60896,18.09348],[121.60886,18.09348]]],[[[121.60897,18.10201],[121.60908,18.10198],[121.60905,18.10209],[121.60897,18.10201]]],[[[121.60933,18.07763],[121.60993,18.07759],[121.60997,18.07764],[121.61049,18.07774],[121.61066,18.07817],[121.61042,18.07852],[121.60994,18.07843],[121.6098,18.07808],[121.6094,18.078],[121.60933,18.07763]]],[[[121.6104,18.07368],[121.61063,18.07362],[121.61076,18.07394],[121.61051,18.0742],[121.6104,18.07368]]],[[[121.61046,18.04376],[121.61055,18.04369],[121.61058,18.0438],[121.61046,18.04376]]],[[[121.61058,18.0438],[121.61067,18.0438],[121.61067,18.04389],[121.61058,18.04389],[121.61058,18.0438]]],[[[121.61064,18.07446],[121.61081,18.07443],[121.61077,18.07472],[121.61064,18.07446]]],[[[121.61067,18.04389],[121.61077,18.04389],[121.61077,18.04398],[121.61067,18.04398],[121.61067,18.04389]]],[[[121.61077,18.04398],[121.61088,18.04401],[121.6108,18.04409],[121.61077,18.04398]]],[[[121.61079,18.07842],[121.61084,18.07827],[121.61116,18.07823],[121.61111,18.07853],[121.61079,18.07842]]],[[[121.61098,18.07455],[121.61109,18.07452],[121.61106,18.07463],[121.61098,18.07455]]],[[[121.61103,18.04419],[121.61114,18.04416],[121.61111,18.04427],[121.61103,18.04419]]],[[[121.61115,18.02617],[121.61147,18.02609],[121.61153,18.02632],[121.6114,18.0264],[121.61115,18.02617]]],[[[121.6112,18.0443],[121.61142,18.04425],[121.61146,18.04431],[121.61164,18.04441],[121.61154,18.04456],[121.6112,18.0443]]],[[[121.61145,18.07447],[121.61157,18.07444],[121.61153,18.07455],[121.61145,18.07447]]],[[[121.61186,18.05786],[121.61198,18.05781],[121.61194,18.05802],[121.61186,18.05786]]],[[[121.61188,18.05853],[121.61191,18.05842],[121.61199,18.0585],[121.61188,18.05853]]],[[[121.61196,18.08072],[121.61208,18.08068],[121.61204,18.08088],[121.61196,18.08072]]],[[[121.61208,18.0742],[121.6121,18.07395],[121.61293,18.0735],[121.61308,18.07345],[121.61315,18.07362],[121.61312,18.07388],[121.61243,18.07445],[121.61208,18.0742]]],[[[121.61248,18.05919],[121.61251,18.05891],[121.61321,18.05862],[121.61353,18.05841],[121.61392,18.05833],[121.61467,18.0578],[121.61426,18.0573],[121.61361,18.05702],[121.61366,18.05661],[121.61407,18.05656],[121.61431,18.05685],[121.61525,18.05676],[121.61533,18.05734],[121.61562,18.05779],[121.61572,18.05846],[121.61599,18.05868],[121.61608,18.05942],[121.61655,18.05999],[121.61691,18.06061],[121.6172,18.06096],[121.61748,18.0614],[121.61795,18.0616],[121.61824,18.0618],[121.61821,18.06206],[121.61733,18.06214],[121.61689,18.06189],[121.61634,18.06169],[121.61616,18.06152],[121.61651,18.06107],[121.61589,18.06057],[121.616,18.05966],[121.61552,18.05938],[121.61533,18.05887],[121.61509,18.05855],[121.6141,18.05869],[121.61334,18.05932],[121.61298,18.05942],[121.61264,18.05938],[121.61248,18.05919]],[[121.61449,18.05716],[121.61461,18.05741],[121.61495,18.05745],[121.61482,18.05711],[121.61449,18.05716]],[[121.61487,18.05809],[121.61516,18.05822],[121.61541,18.05791],[121.61529,18.05766],[121.61507,18.0577],[121.61487,18.05809]]],[[[121.61267,18.0278],[121.61319,18.02696],[121.6134,18.02705],[121.61364,18.02719],[121.61364,18.02728],[121.61373,18.02728],[121.61373,18.02737],[121.61382,18.02737],[121.61382,18.02755],[121.61392,18.02755],[121.61409,18.02771],[121.61457,18.02837],[121.61457,18.02855],[121.61466,18.02855],[121.61466,18.02864],[121.61476,18.02864],[121.61481,18.02868],[121.61504,18.02901],[121.61504,18.0291],[121.61513,18.0291],[121.61513,18.02928],[121.61523,18.02928],[121.61523,18.02937],[121.61532,18.02937],[121.61551,18.02964],[121.61551,18.02973],[121.6156,18.02974],[121.61569,18.02992],[121.61569,18.03001],[121.61579,18.03001],[121.61579,18.0301],[121.61588,18.0301],[121.61603,18.03032],[121.61607,18.03046],[121.61613,18.03096],[121.61634,18.03119],[121.61709,18.03182],[121.61714,18.03202],[121.61728,18.0321],[121.61734,18.03231],[121.61756,18.03237],[121.61766,18.03255],[121.61773,18.03281],[121.61807,18.03324],[121.61822,18.03328],[121.6183,18.03352],[121.61873,18.03414],[121.61891,18.03441],[121.61985,18.03543],[121.61974,18.03586],[121.61865,18.03521],[121.61816,18.03523],[121.61787,18.03504],[121.61732,18.03493],[121.61702,18.03448],[121.61656,18.03449],[121.61627,18.03412],[121.61614,18.03385],[121.61599,18.03358],[121.6159,18.0334],[121.61572,18.03323],[121.61553,18.0327],[121.6159,18.03265],[121.61604,18.03294],[121.61601,18.03133],[121.61499,18.03114],[121.6146,18.03094],[121.61418,18.03096],[121.61403,18.03067],[121.61394,18.03049],[121.61319,18.02982],[121.61319,18.02958],[121.6132,18.02927],[121.61291,18.02886],[121.61283,18.0284],[121.61267,18.0278]]],[[[121.61277,18.09525],[121.61353,18.09459],[121.61366,18.09406],[121.61342,18.09362],[121.61316,18.09338],[121.61307,18.09314],[121.6135,18.09307],[121.61354,18.09311],[121.61375,18.09321],[121.614,18.09348],[121.61461,18.09359],[121.61486,18.09385],[121.61506,18.09403],[121.61542,18.09402],[121.61553,18.09413],[121.6163,18.09448],[121.61704,18.09424],[121.61791,18.09454],[121.61855,18.09487],[121.61853,18.09523],[121.61796,18.09549],[121.61741,18.09576],[121.61673,18.09584],[121.61634,18.09613],[121.61597,18.09629],[121.61569,18.09647],[121.61503,18.09673],[121.6145,18.097],[121.61362,18.09654],[121.61321,18.09635],[121.61289,18.09602],[121.61277,18.09525]],[[121.61287,18.09538],[121.61295,18.09565],[121.613,18.09568],[121.613,18.09595],[121.6131,18.09595],[121.61317,18.09622],[121.61372,18.09636],[121.61389,18.09647],[121.61404,18.0965],[121.61404,18.09659],[121.61413,18.09659],[121.61421,18.09671],[121.61451,18.09677],[121.61502,18.09646],[121.61553,18.09629],[121.61586,18.09607],[121.61612,18.09565],[121.61697,18.09562],[121.61707,18.09562],[121.61711,18.09574],[121.61716,18.09562],[121.61754,18.09556],[121.61764,18.09544],[121.61783,18.09545],[121.61783,18.09536],[121.61792,18.09536],[121.61792,18.09527],[121.61815,18.0952],[121.61818,18.09488],[121.61775,18.09472],[121.61702,18.09455],[121.61617,18.09489],[121.6154,18.09461],[121.61473,18.09467],[121.6148,18.09414],[121.6143,18.09376],[121.61394,18.09373],[121.6138,18.09396],[121.61372,18.09464],[121.61367,18.09478],[121.61355,18.09484],[121.61348,18.09496],[121.6131,18.09505],[121.61287,18.09538]]],[[[121.61324,18.07314],[121.61347,18.07309],[121.61342,18.07339],[121.61324,18.07314]]],[[[121.61363,18.10066],[121.61366,18.10055],[121.61374,18.10063],[121.61363,18.10066]]],[[[121.61364,18.06243],[121.61372,18.06215],[121.61397,18.06198],[121.61434,18.06206],[121.61453,18.06246],[121.61397,18.06256],[121.61364,18.06243]]],[[[121.61385,18.06677],[121.61399,18.06668],[121.61405,18.06691],[121.61397,18.06699],[121.61385,18.06677]]],[[[121.61403,18.08012],[121.61426,18.08006],[121.61419,18.08027],[121.61403,18.08012]]],[[[121.61414,18.06709],[121.61436,18.06705],[121.61444,18.06719],[121.61424,18.06726],[121.61414,18.06709]]],[[[121.61416,18.07218],[121.61419,18.07186],[121.61433,18.07175],[121.61475,18.07241],[121.61474,18.07253],[121.6143,18.07249],[121.61416,18.07218]]],[[[121.61425,18.06681],[121.61437,18.06678],[121.61433,18.06689],[121.61425,18.06681]]],[[[121.61453,18.06564],[121.61475,18.0656],[121.6147,18.06572],[121.61453,18.06564]]],[[[121.61461,18.0558],[121.61483,18.05575],[121.61494,18.05598],[121.61469,18.05606],[121.61461,18.0558]]],[[[121.61473,18.06368],[121.61496,18.06362],[121.61489,18.06383],[121.61473,18.06368]]],[[[121.61475,18.06041],[121.61508,18.06037],[121.61503,18.06085],[121.61475,18.06041]]],[[[121.61481,18.06611],[121.61494,18.06606],[121.6149,18.06626],[121.61481,18.06611]]],[[[121.61481,18.06692],[121.61493,18.06687],[121.61489,18.06708],[121.61481,18.06692]]],[[[121.61492,18.06509],[121.61513,18.06506],[121.6151,18.06526],[121.61492,18.06509]]],[[[121.615,18.06655],[121.61522,18.06651],[121.61517,18.06663],[121.615,18.06655]]],[[[121.61505,18.06121],[121.61516,18.06118],[121.61513,18.06129],[121.61505,18.06121]]],[[[121.61521,18.0676],[121.61524,18.06749],[121.61532,18.06757],[121.61521,18.0676]]],[[[121.6153,18.05059],[121.61572,18.05052],[121.61584,18.05082],[121.61547,18.05092],[121.6153,18.05059]]],[[[121.6154,18.07436],[121.61572,18.07429],[121.61582,18.0745],[121.61565,18.07459],[121.6154,18.07436]]],[[[121.61545,18.06734],[121.61569,18.06715],[121.6158,18.06746],[121.61545,18.06734]]],[[[121.61564,18.07976],[121.61587,18.07971],[121.61596,18.07993],[121.61564,18.07976]]],[[[121.61567,18.06655],[121.61578,18.06651],[121.61575,18.06662],[121.61567,18.06655]]],[[[121.61575,18.06692],[121.61597,18.06688],[121.61585,18.06708],[121.61575,18.06692]]],[[[121.61587,18.06357],[121.61619,18.06354],[121.61614,18.06373],[121.61595,18.06383],[121.61587,18.06357]]],[[[121.61592,18.06795],[121.61615,18.06778],[121.6161,18.06808],[121.61592,18.06795]]],[[[121.61604,18.06727],[121.61616,18.06724],[121.61612,18.06735],[121.61604,18.06727]]],[[[121.61633,18.06887],[121.61648,18.06859],[121.61655,18.06883],[121.61633,18.06887]]],[[[121.61656,18.08241],[121.61679,18.08225],[121.61674,18.08255],[121.61656,18.08241]]],[[[121.61662,18.06931],[121.61684,18.069],[121.61699,18.06896],[121.61706,18.06923],[121.61702,18.0694],[121.61662,18.06931]]],[[[121.61701,18.08167],[121.61708,18.08162],[121.61732,18.08202],[121.61744,18.08266],[121.61738,18.08283],[121.61715,18.08257],[121.61701,18.08167]]],[[[121.61707,18.0689],[121.61718,18.06887],[121.61715,18.06898],[121.61707,18.0689]]],[[[121.61717,18.06854],[121.61728,18.06851],[121.61725,18.06862],[121.61717,18.06854]]],[[[121.61733,18.06991],[121.61765,18.06987],[121.61758,18.06999],[121.61733,18.06991]]],[[[121.61746,18.07876],[121.61767,18.07873],[121.61762,18.07884],[121.61746,18.07876]]],[[[121.61752,18.07019],[121.61765,18.07014],[121.61761,18.07035],[121.61752,18.07019]]],[[[121.61757,18.07677],[121.61769,18.07674],[121.61766,18.07685],[121.61757,18.07677]]],[[[121.6179,18.07063],[121.61802,18.0706],[121.61799,18.07071],[121.6179,18.07063]]],[[[121.61835,18.07086],[121.61859,18.07069],[121.61853,18.07099],[121.61835,18.07086]]],[[[121.61836,18.07118],[121.61877,18.07114],[121.61863,18.07136],[121.61836,18.07118]]],[[[121.61848,18.07901],[121.61877,18.07878],[121.61876,18.0786],[121.6189,18.07856],[121.61913,18.0789],[121.61877,18.07923],[121.61848,18.07901]]],[[[121.61952,18.06732],[121.61987,18.06686],[121.62035,18.06659],[121.62051,18.06655],[121.62061,18.0668],[121.62045,18.06731],[121.6205,18.06772],[121.62009,18.06788],[121.61952,18.06732]]],[[[121.61962,18.07852],[121.62004,18.07847],[121.62008,18.07853],[121.62026,18.07865],[121.61975,18.07883],[121.61962,18.07852]]],[[[121.6216,18.04212],[121.62183,18.04207],[121.6219,18.04234],[121.62188,18.04256],[121.6216,18.04212]]],[[[121.62246,18.04409],[121.62257,18.04406],[121.62254,18.04417],[121.62246,18.04409]]],[[[121.62301,18.04049],[121.62305,18.04018],[121.62322,18.04005],[121.62335,18.0399],[121.62346,18.03982],[121.62352,18.04036],[121.62301,18.04049]]],[[[121.62319,18.04458],[121.62342,18.04452],[121.62335,18.04474],[121.62319,18.04458]]],[[[121.62338,18.04495],[121.62351,18.04488],[121.62363,18.04514],[121.62351,18.04528],[121.62338,18.04495]]],[[[121.62347,18.08156],[121.62379,18.08148],[121.62375,18.08172],[121.62363,18.08188],[121.62347,18.08156]]],[[[121.6236,18.04174],[121.62401,18.04154],[121.62398,18.04169],[121.62384,18.04176],[121.62389,18.04187],[121.62369,18.04193],[121.6236,18.04174]]],[[[121.62367,18.04557],[121.62379,18.04552],[121.62375,18.04572],[121.62367,18.04557]]],[[[121.62397,18.04191],[121.6241,18.04181],[121.62423,18.04211],[121.62397,18.04191]]],[[[121.62469,18.04665],[121.62491,18.04661],[121.62503,18.04683],[121.62477,18.04691],[121.62469,18.04665]]],[[[121.62474,18.09379],[121.62482,18.09347],[121.62502,18.09342],[121.62521,18.09369],[121.62514,18.09396],[121.62474,18.09379]]],[[[121.62489,18.09333],[121.62499,18.09293],[121.62531,18.09288],[121.62526,18.09317],[121.62489,18.09333]]],[[[121.62499,18.0696],[121.62508,18.06925],[121.62549,18.0692],[121.62542,18.06949],[121.62499,18.0696]]],[[[121.62503,18.04819],[121.62507,18.0474],[121.62557,18.04734],[121.62607,18.0481],[121.62619,18.04895],[121.62645,18.04919],[121.62673,18.04952],[121.62608,18.04997],[121.62551,18.04926],[121.6257,18.04892],[121.62561,18.04865],[121.62552,18.04819],[121.62519,18.0482],[121.62503,18.04819]]],[[[121.62511,18.07831],[121.62524,18.07824],[121.62527,18.0783],[121.62548,18.07836],[121.62555,18.07855],[121.62524,18.07863],[121.62511,18.07831]]],[[[121.62651,18.08054],[121.62673,18.08051],[121.62668,18.08062],[121.62651,18.08054]]],[[[121.62659,18.04551],[121.62672,18.04545],[121.62668,18.04575],[121.62659,18.04551]]],[[[121.62681,18.05303],[121.62713,18.05295],[121.62719,18.05308],[121.62722,18.05353],[121.62709,18.05335],[121.62698,18.05327],[121.62681,18.05303]]],[[[121.62686,18.05178],[121.62692,18.05096],[121.62743,18.05087],[121.62779,18.05135],[121.62775,18.05186],[121.62731,18.05209],[121.62686,18.05178]]],[[[121.62755,18.05466],[121.62787,18.05422],[121.62835,18.05413],[121.6284,18.05418],[121.62859,18.05427],[121.62888,18.05442],[121.62915,18.05482],[121.62972,18.05546],[121.62969,18.05607],[121.62989,18.05636],[121.63,18.05668],[121.63045,18.05752],[121.63044,18.0578],[121.63056,18.05802],[121.63051,18.05817],[121.62954,18.05783],[121.62922,18.05687],[121.62893,18.05633],[121.62873,18.05615],[121.62773,18.05496],[121.62755,18.05466]]],[[[121.62792,18.0829],[121.62803,18.08287],[121.628,18.08298],[121.62792,18.0829]]],[[[121.62817,18.08357],[121.62818,18.08326],[121.62847,18.083],[121.62944,18.08303],[121.62997,18.08329],[121.63047,18.08341],[121.63074,18.08368],[121.6311,18.08356],[121.63146,18.08357],[121.63188,18.08348],[121.63251,18.08349],[121.6328,18.08331],[121.63367,18.08331],[121.63432,18.08311],[121.63431,18.08323],[121.63478,18.08323],[121.63489,18.08344],[121.63541,18.08392],[121.63622,18.08418],[121.6367,18.08454],[121.63647,18.08496],[121.63685,18.08496],[121.63714,18.08497],[121.63732,18.08534],[121.63703,18.0856],[121.63679,18.08594],[121.63714,18.08605],[121.63759,18.08605],[121.63818,18.0864],[121.63845,18.08679],[121.6389,18.08721],[121.63919,18.08769],[121.63939,18.08797],[121.64031,18.08841],[121.64048,18.08858],[121.64031,18.08932],[121.64022,18.08978],[121.64082,18.0894],[121.64174,18.08952],[121.64187,18.08965],[121.64093,18.08972],[121.64068,18.09005],[121.6404,18.0905],[121.64021,18.09077],[121.64011,18.09125],[121.63941,18.09183],[121.63912,18.09246],[121.6392,18.09253],[121.63922,18.09286],[121.63974,18.09291],[121.63988,18.09305],[121.64005,18.09307],[121.64022,18.0933],[121.64065,18.09317],[121.64071,18.09277],[121.6404,18.09253],[121.64037,18.09235],[121.64041,18.09213],[121.64036,18.09181],[121.6405,18.09165],[121.64087,18.09213],[121.6411,18.09181],[121.64101,18.09127],[121.64106,18.09131],[121.64132,18.09167],[121.64172,18.0916],[121.64216,18.09133],[121.64222,18.09147],[121.64144,18.09197],[121.64151,18.09251],[121.64157,18.09254],[121.64156,18.09263],[121.64156,18.09272],[121.64194,18.09273],[121.64194,18.09255],[121.64235,18.0926],[121.64278,18.09313],[121.64309,18.09292],[121.64292,18.09248],[121.64305,18.09217],[121.64343,18.09189],[121.64365,18.09138],[121.6437,18.09143],[121.64368,18.09223],[121.64401,18.09285],[121.64387,18.09297],[121.64388,18.09324],[121.64432,18.09345],[121.64443,18.09405],[121.64459,18.09436],[121.64441,18.09452],[121.64377,18.09441],[121.64333,18.09441],[121.64251,18.09472],[121.64205,18.09457],[121.64179,18.09416],[121.64216,18.09365],[121.64198,18.09331],[121.64199,18.09295],[121.64138,18.0928],[121.6411,18.09308],[121.64032,18.09348],[121.63976,18.09311],[121.63934,18.09312],[121.63913,18.09311],[121.63887,18.09246],[121.63916,18.0917],[121.63869,18.09185],[121.63828,18.09194],[121.63793,18.09193],[121.63775,18.09157],[121.63732,18.09129],[121.63709,18.0903],[121.63677,18.09045],[121.63644,18.08999],[121.63688,18.08929],[121.6367,18.08878],[121.6354,18.08866],[121.63503,18.08884],[121.63474,18.08893],[121.63446,18.0892],[121.63425,18.08938],[121.63372,18.08963],[121.63331,18.08936],[121.63294,18.08918],[121.63267,18.08891],[121.63218,18.08868],[121.63198,18.08764],[121.63164,18.08764],[121.63145,18.08754],[121.63173,18.08728],[121.63173,18.08708],[121.63122,18.08661],[121.63079,18.0859],[121.6308,18.08555],[121.6308,18.08539],[121.6302,18.08525],[121.62987,18.08491],[121.62948,18.08492],[121.62918,18.08491],[121.62867,18.08439],[121.62817,18.08357]],[[121.62865,18.08339],[121.62876,18.08414],[121.62887,18.08423],[121.62887,18.08441],[121.62897,18.08441],[121.62897,18.0845],[121.62906,18.0845],[121.62913,18.08463],[121.62944,18.08478],[121.62969,18.08466],[121.62972,18.0846],[121.62991,18.0846],[121.62991,18.08469],[121.6301,18.08469],[121.6301,18.08487],[121.63019,18.08487],[121.63019,18.08505],[121.63038,18.08505],[121.63038,18.08514],[121.63057,18.08515],[121.63057,18.08524],[121.63094,18.08524],[121.63123,18.08564],[121.63166,18.08574],[121.6314,18.08608],[121.63185,18.08681],[121.63244,18.08698],[121.63249,18.08737],[121.63238,18.08773],[121.63241,18.08796],[121.63233,18.08851],[121.63284,18.08866],[121.63313,18.08901],[121.63328,18.08905],[121.63328,18.08914],[121.63337,18.08914],[121.63337,18.08923],[121.63346,18.08923],[121.63346,18.08932],[121.63365,18.08932],[121.63372,18.08944],[121.63396,18.08937],[121.63403,18.08924],[121.63413,18.08924],[121.63413,18.08915],[121.63428,18.08905],[121.63452,18.08857],[121.63435,18.0881],[121.63414,18.08797],[121.6345,18.08742],[121.63471,18.08725],[121.63458,18.08772],[121.63487,18.08812],[121.63566,18.08847],[121.63595,18.08838],[121.636,18.08817],[121.6359,18.08771],[121.63612,18.0878],[121.63623,18.0882],[121.63646,18.08813],[121.63655,18.08768],[121.63678,18.08763],[121.63664,18.08797],[121.63674,18.08872],[121.63696,18.0889],[121.63709,18.08966],[121.63765,18.08929],[121.6377,18.08899],[121.63763,18.08852],[121.63772,18.08845],[121.63772,18.08872],[121.63781,18.08872],[121.63781,18.0889],[121.6381,18.0889],[121.63814,18.08913],[121.63824,18.08922],[121.63821,18.08966],[121.63833,18.08976],[121.63842,18.08987],[121.63785,18.08984],[121.63749,18.08986],[121.63738,18.09087],[121.63757,18.09122],[121.63787,18.0912],[121.63823,18.09102],[121.6382,18.09143],[121.63848,18.09157],[121.63904,18.09116],[121.63917,18.09067],[121.63987,18.08922],[121.64024,18.08877],[121.64022,18.0885],[121.63959,18.08831],[121.63908,18.08804],[121.63874,18.08733],[121.63837,18.08701],[121.63815,18.08666],[121.63788,18.08643],[121.63662,18.08632],[121.63647,18.0861],[121.63696,18.08531],[121.63694,18.08504],[121.63638,18.08507],[121.63633,18.08482],[121.63647,18.0847],[121.63635,18.08442],[121.63553,18.08432],[121.63518,18.08414],[121.63487,18.08459],[121.63474,18.08405],[121.63441,18.08404],[121.63431,18.08413],[121.63426,18.08418],[121.63407,18.08418],[121.63418,18.08372],[121.6338,18.0835],[121.633,18.08358],[121.63281,18.08388],[121.6329,18.08454],[121.63252,18.08459],[121.63242,18.08402],[121.63237,18.08398],[121.63237,18.08389],[121.63228,18.08389],[121.6321,18.08368],[121.6319,18.08365],[121.63166,18.08375],[121.63148,18.08385],[121.63109,18.08392],[121.63062,18.08405],[121.6303,18.08366],[121.62987,18.08356],[121.62948,18.08329],[121.62865,18.08339]],[[121.63663,18.09002],[121.63701,18.09009],[121.63705,18.08971],[121.63683,18.08976],[121.63663,18.09002]],[[121.64199,18.09417],[121.64221,18.09435],[121.64241,18.09458],[121.6431,18.09423],[121.64368,18.09357],[121.64354,18.09315],[121.64302,18.09311],[121.64279,18.09336],[121.64248,18.09353],[121.64199,18.09417]]],[[[121.62858,18.09537],[121.62869,18.09534],[121.62866,18.09545],[121.62858,18.09537]]],[[[121.63407,18.08418],[121.63404,18.08429],[121.63396,18.08421],[121.63407,18.08418]]],[[[121.6381,18.0889],[121.63813,18.08879],[121.63821,18.08887],[121.6381,18.0889]]],[[[121.63772,18.08845],[121.63776,18.08834],[121.63784,18.08842],[121.63772,18.08845]]],[[[121.63678,18.08763],[121.63682,18.08752],[121.6369,18.0876],[121.63678,18.08763]]],[[[121.6348,18.08707],[121.63484,18.08696],[121.63492,18.08704],[121.6348,18.08707]]],[[[121.63471,18.08725],[121.63471,18.08707],[121.6348,18.08707],[121.6348,18.08725],[121.63471,18.08725]]],[[[121.62946,18.08863],[121.62969,18.08848],[121.62961,18.08879],[121.62946,18.08863]]],[[[121.63032,18.06295],[121.63051,18.06278],[121.6306,18.06257],[121.63041,18.06206],[121.63033,18.0608],[121.63123,18.06075],[121.63131,18.06083],[121.63196,18.06098],[121.63234,18.06118],[121.6323,18.06189],[121.63231,18.06219],[121.63286,18.06269],[121.63296,18.06301],[121.63274,18.06377],[121.63286,18.06388],[121.63295,18.06428],[121.63221,18.06442],[121.63167,18.06401],[121.63097,18.06369],[121.63116,18.06335],[121.63076,18.06323],[121.6305,18.06324],[121.63032,18.06295]]],[[[121.63069,18.0516],[121.63111,18.05153],[121.63107,18.05176],[121.63089,18.05189],[121.63069,18.0516]]],[[[121.6322,18.06493],[121.6323,18.0646],[121.63271,18.06456],[121.63265,18.06469],[121.63279,18.0649],[121.63295,18.06486],[121.63319,18.06502],[121.63331,18.06531],[121.63305,18.06514],[121.63267,18.06501],[121.63253,18.06522],[121.6322,18.06493]]],[[[121.63271,18.06637],[121.63282,18.06604],[121.63304,18.06597],[121.63312,18.06577],[121.63327,18.06574],[121.63333,18.06586],[121.63339,18.06646],[121.63302,18.06658],[121.63271,18.06637]]],[[[121.63297,18.06558],[121.63308,18.06555],[121.63305,18.06566],[121.63297,18.06558]]],[[[121.63791,18.08809],[121.63801,18.08809],[121.63801,18.08818],[121.63791,18.08818],[121.63791,18.08809]]],[[[121.64089,18.09124],[121.64098,18.09116],[121.64101,18.09127],[121.64089,18.09124]]],[[[121.64187,18.08965],[121.64214,18.08973],[121.64253,18.0902],[121.64234,18.0902],[121.64234,18.09011],[121.64225,18.09011],[121.64225,18.09002],[121.64215,18.09002],[121.64215,18.08993],[121.64206,18.08993],[121.64187,18.08965]]],[[[121.64253,18.0902],[121.64262,18.0902],[121.64262,18.09029],[121.64253,18.09029],[121.64253,18.0902]]],[[[121.64262,18.09029],[121.64281,18.09029],[121.64287,18.09041],[121.643,18.09047],[121.643,18.09065],[121.64281,18.09056],[121.64281,18.09047],[121.64271,18.09047],[121.64272,18.09038],[121.64262,18.09038],[121.64262,18.09029]]],[[[121.643,18.09065],[121.64341,18.09098],[121.64356,18.09102],[121.64356,18.0912],[121.64307,18.09095],[121.643,18.09065]]],[[[121.64356,18.0912],[121.64365,18.0912],[121.64365,18.09138],[121.64356,18.09138],[121.64356,18.0912]]],[[[121.64422,18.10404],[121.64428,18.10392],[121.64441,18.10386],[121.64441,18.10404],[121.64422,18.10404]]],[[[121.64441,18.10386],[121.64448,18.10361],[121.64479,18.10341],[121.64479,18.10359],[121.64469,18.10359],[121.64469,18.10368],[121.6446,18.10368],[121.6446,18.10377],[121.64441,18.10386]]],[[[121.64479,18.10332],[121.64488,18.10332],[121.64488,18.10341],[121.64479,18.10341],[121.64479,18.10332]]],[[[121.64488,18.10332],[121.64508,18.10309],[121.64551,18.10292],[121.64568,18.10271],[121.64607,18.1025],[121.64644,18.10246],[121.64715,18.10261],[121.64729,18.10293],[121.64757,18.1033],[121.64766,18.10384],[121.64792,18.10404],[121.64819,18.10437],[121.6486,18.10466],[121.6488,18.10474],[121.64916,18.10495],[121.64969,18.10489],[121.64969,18.10498],[121.64978,18.10498],[121.6500276201048,18.105162456919324],[121.64885378387059,18.10516976507673],[121.64867,18.10497],[121.64813,18.10456],[121.64708,18.10366],[121.64637,18.10353],[121.64569,18.10356],[121.64544,18.10329],[121.6452,18.10319],[121.64507,18.10332],[121.64488,18.10332]],[[121.64684,18.1032],[121.64692,18.10336],[121.64696,18.10315],[121.64684,18.1032]]],[[[121.6449,18.09802],[121.64502,18.09799],[121.64499,18.0981],[121.6449,18.09802]]],[[[121.64492,18.09925],[121.64495,18.09906],[121.64512,18.09923],[121.64492,18.09925]]],[[[121.64509,18.09901],[121.6452,18.09898],[121.64517,18.09909],[121.64509,18.09901]]]]}},{"type":"Feature","properties":{"id":"LAS-FLD-004","susceptibility":"low","susceptibility_label":"Low","gridcode":4,"data_source":"LGU Lasam flood (2020)"},"geometry":{"type":"MultiPolygon","coordinates":[[[[121.47331,18.03427],[121.47332,18.03409],[121.47339,18.03395],[121.4736,18.03391],[121.4736,18.03409],[121.47369,18.03409],[121.47369,18.03427],[121.47379,18.03427],[121.47384,18.03458],[121.47388,18.0349],[121.47388,18.03499],[121.47397,18.035],[121.47397,18.03509],[121.47394,18.03524],[121.47375,18.03533],[121.47368,18.03544],[121.47359,18.03544],[121.47359,18.03526],[121.47349,18.03526],[121.4735,18.0349],[121.4735,18.03472],[121.47341,18.03472],[121.47341,18.03427],[121.47331,18.03427]]],[[[121.47368,18.03544],[121.47413,18.03579],[121.47542,18.03669],[121.47553,18.03646],[121.47575,18.03655],[121.47575,18.03673],[121.47584,18.03673],[121.47584,18.03691],[121.47594,18.03691],[121.47593,18.03727],[121.47603,18.03727],[121.47603,18.03736],[121.47612,18.03772],[121.476,18.03777],[121.47612,18.03781],[121.47611,18.03817],[121.47611,18.03845],[121.47621,18.03845],[121.4762,18.03872],[121.4762,18.03881],[121.4763,18.03881],[121.4763,18.03908],[121.47629,18.03917],[121.47639,18.03917],[121.47639,18.03926],[121.47625,18.03937],[121.47648,18.03944],[121.47648,18.03953],[121.47667,18.03953],[121.47667,18.03962],[121.47686,18.03963],[121.47686,18.03972],[121.47742,18.03972],[121.47742,18.03963],[121.47761,18.03963],[121.47761,18.03972],[121.4779,18.03972],[121.4779,18.03982],[121.47808,18.03982],[121.47808,18.03991],[121.47818,18.03991],[121.47837,18.04],[121.47837,18.04009],[121.47846,18.04009],[121.47846,18.04018],[121.47855,18.04018],[121.47855,18.04027],[121.47865,18.04027],[121.47865,18.04036],[121.47883,18.04036],[121.47883,18.04046],[121.47893,18.04046],[121.47893,18.04064],[121.47902,18.04064],[121.47915,18.0407],[121.4794,18.04073],[121.4794,18.04091],[121.47949,18.04091],[121.47949,18.04118],[121.47958,18.04118],[121.47958,18.04145],[121.47968,18.04146],[121.47967,18.04155],[121.47967,18.04164],[121.47977,18.04164],[121.47983,18.04176],[121.47986,18.04191],[121.47986,18.042],[121.47995,18.042],[121.48005,18.04236],[121.48004,18.04245],[121.48014,18.04245],[121.48014,18.04272],[121.48023,18.04273],[121.48042,18.043],[121.48042,18.04309],[121.48089,18.04309],[121.48089,18.04318],[121.48136,18.04319],[121.48164,18.04319],[121.48165,18.0431],[121.48174,18.0431],[121.48174,18.04355],[121.48136,18.04355],[121.48136,18.04346],[121.48126,18.04346],[121.48079,18.04345],[121.48079,18.04336],[121.48032,18.04336],[121.48032,18.04327],[121.48013,18.04327],[121.48005,18.04316],[121.47957,18.0428],[121.47944,18.04249],[121.47933,18.04232],[121.47929,18.04218],[121.47939,18.04218],[121.47939,18.04191],[121.47929,18.0419],[121.4793,18.04172],[121.4792,18.04172],[121.4792,18.04154],[121.47911,18.04154],[121.47911,18.04145],[121.47901,18.04145],[121.47902,18.04136],[121.47902,18.04127],[121.47892,18.04127],[121.47892,18.04109],[121.47883,18.04109],[121.47883,18.041],[121.47874,18.041],[121.47864,18.04082],[121.47845,18.04072],[121.47845,18.04063],[121.47836,18.04063],[121.47836,18.04054],[121.47827,18.04054],[121.47827,18.04045],[121.47817,18.04045],[121.47811,18.04022],[121.4777,18.04018],[121.4777,18.04008],[121.47695,18.04008],[121.47695,18.03999],[121.47685,18.03999],[121.47686,18.0399],[121.47676,18.0399],[121.47648,18.03989],[121.47648,18.0398],[121.47638,18.0398],[121.47601,18.03971],[121.47582,18.03944],[121.47582,18.03917],[121.47573,18.03917],[121.47573,18.03908],[121.47563,18.03907],[121.47554,18.03907],[121.47554,18.03889],[121.47535,18.03889],[121.47535,18.0388],[121.47526,18.0388],[121.47526,18.03862],[121.47498,18.03862],[121.47498,18.03853],[121.47501,18.0382],[121.47508,18.03808],[121.4752,18.03802],[121.47561,18.03796],[121.47564,18.0379],[121.47574,18.0379],[121.47574,18.03781],[121.47583,18.03781],[121.47584,18.03754],[121.47574,18.03754],[121.47569,18.03723],[121.47546,18.03718],[121.47546,18.03709],[121.47537,18.03708],[121.47537,18.03699],[121.47518,18.03699],[121.47518,18.0369],[121.47509,18.0369],[121.4749,18.03681],[121.4749,18.03672],[121.4748,18.03672],[121.47481,18.03663],[121.47471,18.03663],[121.47465,18.03651],[121.47446,18.03641],[121.47443,18.03635],[121.47455,18.03631],[121.47443,18.03626],[121.47443,18.03617],[121.47424,18.03617],[121.47424,18.03608],[121.47415,18.03608],[121.47387,18.0359],[121.47387,18.03581],[121.47377,18.03581],[121.47377,18.03572],[121.47378,18.03563],[121.47368,18.03563],[121.47368,18.03544]],[[121.47526,18.03862],[121.47577,18.03893],[121.47589,18.03836],[121.47566,18.03808],[121.47535,18.03832],[121.47526,18.03862]]],[[[121.47529,18.03555],[121.47538,18.03555],[121.47538,18.03564],[121.47529,18.03564],[121.47529,18.03555]]],[[[121.48183,18.0431],[121.4825,18.0431],[121.48249,18.04319],[121.48183,18.04319],[121.48183,18.0431]]],[[[121.48192,18.04355],[121.48203,18.04343],[121.48259,18.04324],[121.48254,18.04333],[121.48242,18.04343],[121.48363,18.04353],[121.48386,18.04352],[121.4841,18.04357],[121.4841,18.04366],[121.48419,18.04366],[121.48419,18.04402],[121.48409,18.04402],[121.48409,18.04393],[121.484,18.04393],[121.484,18.04384],[121.48381,18.04384],[121.48381,18.04375],[121.48362,18.04375],[121.48353,18.04374],[121.48353,18.04365],[121.48277,18.04365],[121.48268,18.04352],[121.48259,18.04365],[121.4824,18.04365],[121.4824,18.04356],[121.4823,18.04355],[121.48192,18.04355]]],[[[121.4825,18.04301],[121.48278,18.04302],[121.48287,18.04302],[121.48287,18.04293],[121.48316,18.04275],[121.48363,18.04275],[121.48363,18.04284],[121.48373,18.04284],[121.48401,18.04285],[121.48401,18.04294],[121.48394,18.04298],[121.48399,18.04333],[121.48371,18.04298],[121.48334,18.04289],[121.48302,18.04307],[121.4825,18.0431],[121.4825,18.04301]]],[[[121.48285,18.04336],[121.48299,18.04322],[121.48344,18.0432],[121.48341,18.04336],[121.48285,18.04336]]],[[[121.48401,18.04294],[121.4841,18.04294],[121.4841,18.04303],[121.48401,18.04303],[121.48401,18.04294]]],[[[121.4841,18.04303],[121.4842,18.04303],[121.4842,18.04312],[121.48429,18.04312],[121.48429,18.04366],[121.48419,18.04366],[121.48419,18.04357],[121.4841,18.04357],[121.4841,18.04303]]],[[[121.48419,18.04402],[121.48424,18.04406],[121.48432,18.04452],[121.48446,18.04488],[121.48436,18.04556],[121.48427,18.04556],[121.48427,18.04511],[121.48428,18.04484],[121.48421,18.04471],[121.48419,18.04402]]],[[[121.4842,18.0485],[121.48462,18.04845],[121.48462,18.04854],[121.48472,18.04854],[121.48471,18.04863],[121.48481,18.04863],[121.4849,18.04882],[121.4849,18.04909],[121.48509,18.04909],[121.48509,18.04936],[121.48518,18.04936],[121.48518,18.04954],[121.48537,18.04954],[121.48537,18.04963],[121.48565,18.04963],[121.48584,18.04964],[121.48584,18.04973],[121.48593,18.04973],[121.48593,18.04982],[121.48622,18.04982],[121.48622,18.04973],[121.48659,18.04973],[121.4866,18.04964],[121.48678,18.04964],[121.48678,18.04973],[121.48688,18.04973],[121.48697,18.04974],[121.48697,18.04983],[121.48735,18.04983],[121.48735,18.04992],[121.48763,18.04992],[121.48763,18.05001],[121.48782,18.05001],[121.48782,18.0501],[121.48791,18.0501],[121.48791,18.05019],[121.4881,18.0502],[121.48839,18.0502],[121.48855,18.05016],[121.48909,18.04977],[121.48915,18.04957],[121.4892,18.04953],[121.48931,18.04904],[121.48911,18.04871],[121.48906,18.04867],[121.48901,18.04859],[121.48882,18.04863],[121.48859,18.04857],[121.48859,18.04848],[121.48849,18.04848],[121.4885,18.04839],[121.4884,18.04839],[121.4884,18.0483],[121.48831,18.0483],[121.48831,18.04821],[121.48812,18.04821],[121.48812,18.04812],[121.48803,18.04812],[121.48803,18.04803],[121.48755,18.04802],[121.48755,18.04793],[121.48746,18.04793],[121.48746,18.04775],[121.48737,18.04775],[121.48737,18.04766],[121.48727,18.04766],[121.48709,18.04739],[121.48709,18.0473],[121.48699,18.0473],[121.48699,18.04721],[121.4869,18.0472],[121.48677,18.04714],[121.48662,18.04711],[121.48662,18.04702],[121.48702,18.0471],[121.4876,18.04771],[121.48798,18.0478],[121.48826,18.04799],[121.48927,18.04859],[121.48957,18.04902],[121.48958,18.04935],[121.48954,18.05017],[121.48966,18.05063],[121.48963,18.05132],[121.49018,18.05161],[121.49064,18.05172],[121.49144,18.05199],[121.49174,18.05198],[121.49304,18.05254],[121.49323,18.05263],[121.49353,18.05277],[121.49518,18.05363],[121.49587,18.05382],[121.49608,18.05405],[121.49729,18.0543],[121.49756,18.05429],[121.49822,18.05432],[121.49983,18.05427],[121.50044,18.05455],[121.50089,18.05485],[121.50115,18.05487],[121.50148,18.05486],[121.50207,18.055],[121.50409,18.05604],[121.50471,18.05648],[121.50517,18.0574],[121.50594,18.05843],[121.50593,18.05867],[121.50696,18.05871],[121.50707,18.05852],[121.50716,18.05834],[121.50721,18.0583],[121.50721,18.05866],[121.50711,18.05866],[121.50711,18.05875],[121.50702,18.05875],[121.50702,18.05884],[121.50664,18.05883],[121.50635,18.05883],[121.50635,18.05892],[121.50617,18.05892],[121.50617,18.05883],[121.5056,18.05883],[121.5056,18.05874],[121.50551,18.05874],[121.50541,18.05873],[121.50541,18.05864],[121.50532,18.05864],[121.50513,18.05855],[121.50513,18.05846],[121.50504,18.05846],[121.50476,18.0581],[121.50476,18.05801],[121.50466,18.05801],[121.50466,18.05792],[121.50457,18.05791],[121.50457,18.05773],[121.50447,18.05773],[121.50448,18.05764],[121.50448,18.05737],[121.50438,18.05737],[121.50438,18.05728],[121.50429,18.05728],[121.50429,18.05719],[121.5041,18.05719],[121.5041,18.0571],[121.50391,18.0571],[121.50391,18.05701],[121.50382,18.05701],[121.50382,18.05691],[121.50373,18.05691],[121.50373,18.05682],[121.50363,18.05682],[121.50363,18.05673],[121.50297,18.05673],[121.50297,18.05664],[121.50278,18.05664],[121.50279,18.05646],[121.50269,18.05645],[121.50269,18.05627],[121.5026,18.05627],[121.5026,18.05618],[121.5025,18.05618],[121.5025,18.05609],[121.50222,18.05609],[121.50222,18.056],[121.50184,18.056],[121.50185,18.05591],[121.50175,18.0559],[121.50175,18.05572],[121.50166,18.05572],[121.50166,18.05545],[121.50157,18.05545],[121.50157,18.05527],[121.50147,18.05527],[121.50147,18.05518],[121.50128,18.05518],[121.50129,18.05509],[121.501,18.05509],[121.501,18.05518],[121.50081,18.05517],[121.50053,18.05517],[121.50053,18.05526],[121.50006,18.05526],[121.50006,18.05535],[121.49977,18.05535],[121.49977,18.05544],[121.49968,18.05544],[121.49968,18.05553],[121.49967,18.05562],[121.49958,18.05562],[121.49958,18.05589],[121.49948,18.05589],[121.49948,18.05607],[121.49939,18.05607],[121.49939,18.05625],[121.49929,18.05625],[121.49929,18.05634],[121.4992,18.05634],[121.4992,18.05643],[121.49891,18.05643],[121.49891,18.05652],[121.49882,18.05651],[121.49872,18.05651],[121.49872,18.0566],[121.49863,18.0566],[121.49863,18.05669],[121.49853,18.05669],[121.49853,18.05678],[121.49844,18.05678],[121.49844,18.05687],[121.49834,18.05687],[121.49834,18.05696],[121.49825,18.05696],[121.49816,18.05686],[121.49786,18.05661],[121.49774,18.0561],[121.4975,18.05545],[121.49783,18.05548],[121.49774,18.05528],[121.49764,18.0552],[121.49723,18.05449],[121.49666,18.05442],[121.49666,18.05433],[121.49638,18.05433],[121.49638,18.05424],[121.4961,18.05423],[121.496,18.05423],[121.496,18.05414],[121.49581,18.05414],[121.49582,18.05405],[121.49572,18.05405],[121.49572,18.05396],[121.49544,18.05396],[121.49544,18.05387],[121.49525,18.05387],[121.49525,18.05378],[121.49516,18.05378],[121.49506,18.05377],[121.49506,18.05368],[121.49487,18.05368],[121.49487,18.05359],[121.49469,18.05359],[121.49469,18.0535],[121.4945,18.0535],[121.4945,18.05341],[121.49431,18.05341],[121.49431,18.05332],[121.49412,18.05332],[121.49412,18.05323],[121.49393,18.05322],[121.49356,18.05322],[121.49356,18.05313],[121.49346,18.05313],[121.49346,18.05304],[121.49327,18.05304],[121.49327,18.05295],[121.49299,18.05295],[121.49299,18.05304],[121.4929,18.05303],[121.49289,18.05313],[121.49289,18.05322],[121.4928,18.05321],[121.4928,18.05349],[121.4927,18.05349],[121.49271,18.05285],[121.49261,18.05285],[121.49261,18.05276],[121.49252,18.05276],[121.49252,18.05267],[121.49243,18.05267],[121.49236,18.05255],[121.49224,18.05249],[121.49224,18.0524],[121.49205,18.0524],[121.49205,18.05231],[121.49196,18.0523],[121.49196,18.05221],[121.49167,18.05221],[121.49168,18.05212],[121.4913,18.05212],[121.4913,18.05203],[121.49101,18.05203],[121.49102,18.05194],[121.49092,18.05194],[121.49083,18.05193],[121.49083,18.05184],[121.49026,18.05184],[121.49026,18.05175],[121.48988,18.05175],[121.48988,18.05166],[121.48979,18.05166],[121.48979,18.05156],[121.4897,18.05156],[121.4897,18.05147],[121.4896,18.05147],[121.4896,18.05138],[121.48951,18.05138],[121.48951,18.05111],[121.48942,18.05111],[121.48942,18.05075],[121.48933,18.05075],[121.48933,18.05066],[121.48923,18.05066],[121.48923,18.05057],[121.48914,18.05057],[121.48914,18.05048],[121.48904,18.05047],[121.48905,18.05038],[121.48895,18.05038],[121.48895,18.05029],[121.48857,18.05029],[121.48857,18.05038],[121.48848,18.05038],[121.48843,18.05026],[121.48838,18.05038],[121.48782,18.05037],[121.48777,18.05031],[121.48744,18.0501],[121.48706,18.05001],[121.48707,18.04992],[121.48688,18.04992],[121.48688,18.04983],[121.4865,18.04982],[121.4865,18.04991],[121.48622,18.04991],[121.48621,18.05],[121.48584,18.05],[121.48578,18.04977],[121.48499,18.04972],[121.48499,18.04963],[121.4848,18.04963],[121.4848,18.04954],[121.48477,18.04907],[121.48462,18.04899],[121.48457,18.04885],[121.4842,18.0485]]],[[[121.48429,18.04366],[121.48447,18.04375],[121.48447,18.04393],[121.48433,18.04386],[121.48429,18.04366]]],[[[121.48436,18.04556],[121.48446,18.04556],[121.48446,18.04565],[121.48436,18.04565],[121.48436,18.04556]]],[[[121.48446,18.04565],[121.48471,18.04577],[121.48474,18.04592],[121.48464,18.04592],[121.48464,18.04583],[121.48446,18.04583],[121.48446,18.04565]]],[[[121.48447,18.04402],[121.48457,18.04402],[121.48456,18.0442],[121.48456,18.0443],[121.48447,18.04429],[121.48447,18.04402]]],[[[121.48456,18.0443],[121.48466,18.0443],[121.48466,18.04448],[121.48475,18.04448],[121.48475,18.04475],[121.48484,18.04475],[121.48484,18.04484],[121.48494,18.04484],[121.48508,18.04506],[121.48517,18.0455],[121.48546,18.0456],[121.48566,18.04589],[121.48606,18.04593],[121.48606,18.04602],[121.48625,18.04603],[121.48625,18.04612],[121.48644,18.04612],[121.48644,18.04621],[121.48653,18.04621],[121.48653,18.0463],[121.48672,18.0463],[121.48687,18.04652],[121.48709,18.04657],[121.48709,18.04666],[121.48719,18.04667],[121.48729,18.04679],[121.48775,18.04685],[121.48775,18.04694],[121.48785,18.04694],[121.48785,18.04703],[121.48794,18.04703],[121.48794,18.04712],[121.48803,18.04712],[121.48803,18.04721],[121.48813,18.04721],[121.48832,18.04731],[121.48831,18.0474],[121.48779,18.04726],[121.48742,18.04698],[121.48695,18.04671],[121.48648,18.04643],[121.48582,18.04616],[121.48471,18.04566],[121.48461,18.04461],[121.48456,18.0443]]],[[[121.48474,18.04592],[121.48493,18.04592],[121.48493,18.04601],[121.48474,18.04601],[121.48474,18.04592]]],[[[121.48493,18.04601],[121.48512,18.04602],[121.48511,18.04611],[121.48493,18.04611],[121.48493,18.04601]]],[[[121.48511,18.04611],[121.48521,18.04611],[121.48521,18.0462],[121.48511,18.0462],[121.48511,18.04611]]],[[[121.48521,18.0462],[121.48549,18.0462],[121.48549,18.04629],[121.48521,18.04629],[121.48521,18.0462]]],[[[121.48549,18.04629],[121.48568,18.04629],[121.48568,18.04638],[121.48549,18.04638],[121.48549,18.04629]]],[[[121.48568,18.04638],[121.48577,18.04638],[121.48577,18.04647],[121.48568,18.04647],[121.48568,18.04638]]],[[[121.48577,18.04647],[121.48596,18.04647],[121.48596,18.04657],[121.48587,18.04656],[121.48577,18.04656],[121.48577,18.04647]]],[[[121.48596,18.04657],[121.48606,18.04657],[121.48605,18.04666],[121.48596,18.04666],[121.48596,18.04657]]],[[[121.48605,18.04666],[121.48626,18.0467],[121.48634,18.04684],[121.48615,18.04684],[121.48605,18.04666]]],[[[121.48634,18.04684],[121.48652,18.04684],[121.48652,18.04693],[121.48634,18.04693],[121.48634,18.04684]]],[[[121.48652,18.04693],[121.48662,18.04693],[121.48662,18.04702],[121.48652,18.04702],[121.48652,18.04693]]],[[[121.48831,18.0474],[121.48841,18.0474],[121.4886,18.04749],[121.48869,18.04767],[121.48869,18.04776],[121.48847,18.04761],[121.48831,18.0474]]],[[[121.48869,18.04776],[121.48878,18.04776],[121.48878,18.04785],[121.48869,18.04785],[121.48869,18.04776]]],[[[121.48878,18.04785],[121.48897,18.04785],[121.48897,18.04794],[121.48878,18.04794],[121.48878,18.04785]]],[[[121.48897,18.04794],[121.48907,18.04794],[121.48907,18.04804],[121.48897,18.04803],[121.48897,18.04794]]],[[[121.48906,18.04813],[121.48907,18.04804],[121.48916,18.04804],[121.48916,18.04813],[121.48906,18.04813]]],[[[121.48916,18.04813],[121.48925,18.04813],[121.48925,18.04822],[121.48916,18.04822],[121.48916,18.04813]]],[[[121.48925,18.04822],[121.48935,18.04822],[121.48935,18.04831],[121.48925,18.04831],[121.48925,18.04822]]],[[[121.48935,18.04831],[121.48944,18.04831],[121.48944,18.0484],[121.48935,18.0484],[121.48935,18.04831]]],[[[121.48944,18.0484],[121.48963,18.0484],[121.48963,18.04849],[121.48972,18.04849],[121.48972,18.04867],[121.48953,18.04858],[121.48944,18.0484]]],[[[121.48972,18.04867],[121.48982,18.04867],[121.48988,18.04879],[121.48991,18.04895],[121.48991,18.04904],[121.4898,18.04896],[121.48972,18.04867]]],[[[121.48976,18.05057],[121.48989,18.05048],[121.48993,18.05053],[121.49008,18.05129],[121.48984,18.05124],[121.48976,18.05057]]],[[[121.48988,18.05024],[121.48999,18.05021],[121.48996,18.05032],[121.48988,18.05024]]],[[[121.48991,18.04904],[121.49,18.04904],[121.49,18.04931],[121.49009,18.04931],[121.49012,18.04946],[121.49019,18.04958],[121.49018,18.04967],[121.48996,18.0495],[121.48991,18.04904]]],[[[121.49011,18.0504],[121.49028,18.04976],[121.49037,18.04976],[121.49037,18.05021],[121.49046,18.05021],[121.49046,18.0504],[121.49056,18.0504],[121.49056,18.05049],[121.49055,18.05058],[121.49065,18.05058],[121.49065,18.05085],[121.49074,18.05085],[121.49074,18.05103],[121.49083,18.05103],[121.49083,18.05112],[121.49093,18.05112],[121.49093,18.05121],[121.49102,18.05121],[121.49102,18.0513],[121.4913,18.05131],[121.4914,18.05131],[121.49149,18.05143],[121.49187,18.05149],[121.49187,18.05158],[121.49145,18.05153],[121.49046,18.05144],[121.4902,18.05102],[121.49024,18.05073],[121.49011,18.0504]],[[121.49042,18.05125],[121.49084,18.05142],[121.49074,18.05121],[121.49042,18.05125]]],[[[121.49018,18.04967],[121.49028,18.04967],[121.49028,18.04976],[121.49018,18.04976],[121.49018,18.04967]]],[[[121.49187,18.05158],[121.49196,18.05158],[121.49196,18.05167],[121.49187,18.05167],[121.49187,18.05158]]],[[[121.49196,18.05167],[121.49215,18.05167],[121.49215,18.05176],[121.49196,18.05176],[121.49196,18.05167]]],[[[121.49215,18.05176],[121.49234,18.05177],[121.49243,18.05177],[121.49243,18.05186],[121.49262,18.05186],[121.49262,18.05195],[121.49225,18.05188],[121.49215,18.05176]]],[[[121.49262,18.05195],[121.493,18.05195],[121.493,18.05204],[121.49273,18.0521],[121.49262,18.05195]]],[[[121.49309,18.05204],[121.49319,18.05204],[121.49319,18.05213],[121.49309,18.05213],[121.49309,18.05204]]],[[[121.49319,18.05213],[121.49338,18.05214],[121.49347,18.05214],[121.49347,18.05223],[121.49319,18.05222],[121.49319,18.05213]]],[[[121.49347,18.05223],[121.49356,18.05223],[121.49356,18.05232],[121.49347,18.05232],[121.49347,18.05223]]],[[[121.49356,18.05232],[121.49394,18.05241],[121.49394,18.0525],[121.49413,18.0525],[121.49413,18.05259],[121.49422,18.05259],[121.49422,18.05268],[121.49406,18.05265],[121.49363,18.05244],[121.49356,18.05232]]],[[[121.49422,18.05268],[121.49441,18.05269],[121.49441,18.05278],[121.49422,18.05277],[121.49422,18.05268]]],[[[121.49441,18.05278],[121.4946,18.05278],[121.4946,18.05287],[121.49488,18.05287],[121.49488,18.05296],[121.49516,18.05296],[121.49516,18.05305],[121.49535,18.05305],[121.49535,18.05314],[121.49554,18.05315],[121.49563,18.05315],[121.49563,18.05324],[121.49592,18.05324],[121.49592,18.05333],[121.49547,18.05327],[121.49453,18.05292],[121.49441,18.05278]]],[[[121.49592,18.05333],[121.49628,18.05348],[121.49671,18.05346],[121.49708,18.05366],[121.49756,18.05363],[121.49865,18.0538],[121.49875,18.0538],[121.49874,18.05389],[121.49793,18.05401],[121.49698,18.05391],[121.49596,18.05349],[121.49592,18.05333]]],[[[121.49624,18.05251],[121.49696,18.05243],[121.49696,18.05252],[121.49715,18.05253],[121.49715,18.05262],[121.49762,18.05262],[121.49762,18.05271],[121.498,18.05271],[121.498,18.0528],[121.49809,18.0528],[121.49809,18.05289],[121.49828,18.0529],[121.49847,18.0529],[121.49847,18.05299],[121.49894,18.05299],[121.49894,18.05308],[121.49904,18.05308],[121.49903,18.05317],[121.49922,18.05317],[121.49922,18.05326],[121.49932,18.05327],[121.49941,18.05327],[121.49941,18.05336],[121.50017,18.05336],[121.50017,18.05327],[121.50045,18.05327],[121.50045,18.05336],[121.50064,18.05337],[121.50106,18.05369],[121.5012,18.05373],[121.5012,18.05382],[121.50089,18.05415],[121.50029,18.05399],[121.49893,18.0539],[121.49888,18.05372],[121.49837,18.05337],[121.49815,18.0531],[121.49785,18.05331],[121.49764,18.05318],[121.49733,18.05322],[121.49719,18.0532],[121.49691,18.05323],[121.49676,18.05287],[121.49627,18.05273],[121.49624,18.05251]],[[121.49929,18.05375],[121.49937,18.05383],[121.49941,18.05372],[121.49929,18.05375]]],[[[121.49709,18.05521],[121.49732,18.05515],[121.49725,18.05536],[121.49709,18.05521]]],[[[121.49974,18.0923],[121.50002,18.09231],[121.50002,18.09276],[121.49993,18.09276],[121.49993,18.09285],[121.49974,18.09285],[121.49974,18.0923]]],[[[121.50036,18.09266],[121.50068,18.09258],[121.50077,18.09294],[121.50049,18.09307],[121.50036,18.09266]]],[[[121.5013,18.05382],[121.50139,18.05382],[121.50139,18.05391],[121.5013,18.05391],[121.5013,18.05382]]],[[[121.50139,18.05391],[121.50148,18.05391],[121.50158,18.05392],[121.50158,18.05401],[121.50139,18.054],[121.50139,18.05391]]],[[[121.50158,18.05401],[121.50167,18.05401],[121.50167,18.05419],[121.50158,18.05419],[121.50158,18.05401]]],[[[121.50167,18.05419],[121.50177,18.05419],[121.50176,18.05428],[121.50167,18.05428],[121.50167,18.05419]]],[[[121.50176,18.05437],[121.50186,18.05437],[121.50186,18.05446],[121.50176,18.05446],[121.50176,18.05437]]],[[[121.50186,18.05446],[121.50195,18.05446],[121.50195,18.05455],[121.50186,18.05455],[121.50186,18.05446]]],[[[121.50195,18.05455],[121.50214,18.05455],[121.50214,18.05464],[121.50195,18.05464],[121.50195,18.05455]]],[[[121.50214,18.05464],[121.50233,18.05464],[121.50233,18.05473],[121.50214,18.05473],[121.50214,18.05464]]],[[[121.50242,18.05474],[121.50261,18.05474],[121.50261,18.05483],[121.50242,18.05483],[121.50242,18.05474]]],[[[121.50261,18.05483],[121.5028,18.05483],[121.5028,18.05492],[121.50261,18.05492],[121.50261,18.05483]]],[[[121.5028,18.05492],[121.50365,18.05493],[121.50365,18.05502],[121.50384,18.05502],[121.50384,18.05511],[121.50402,18.05511],[121.50402,18.0552],[121.50412,18.0552],[121.50423,18.05533],[121.50508,18.05551],[121.50556,18.05512],[121.50564,18.05449],[121.50564,18.05431],[121.50577,18.05421],[121.50564,18.05384],[121.50517,18.05376],[121.50508,18.05376],[121.50508,18.05367],[121.50423,18.05367],[121.50404,18.05366],[121.50404,18.05357],[121.50394,18.05357],[121.50394,18.05348],[121.50385,18.05348],[121.50385,18.0533],[121.50395,18.0533],[121.50394,18.05339],[121.50423,18.05339],[121.50432,18.05352],[121.50442,18.0534],[121.50546,18.0534],[121.50546,18.05349],[121.50555,18.05349],[121.50555,18.05358],[121.50564,18.05359],[121.50564,18.05368],[121.50602,18.05368],[121.50602,18.05359],[121.50621,18.05359],[121.50621,18.0535],[121.50631,18.0535],[121.50631,18.05341],[121.5064,18.05341],[121.50645,18.05416],[121.50672,18.0549],[121.5068,18.05599],[121.50691,18.05674],[121.50678,18.0572],[121.50608,18.05715],[121.50534,18.05635],[121.50482,18.05598],[121.50435,18.05561],[121.50374,18.05517],[121.50284,18.05497],[121.5028,18.05492]]],[[[121.50548,18.09184],[121.5057,18.09181],[121.50565,18.09192],[121.50548,18.09184]]],[[[121.50565,18.09527],[121.50576,18.09524],[121.50573,18.09535],[121.50565,18.09527]]],[[[121.5057,18.09181],[121.50575,18.09141],[121.50595,18.09149],[121.50607,18.09167],[121.50649,18.09158],[121.50637,18.09129],[121.50615,18.09134],[121.50631,18.09077],[121.50637,18.09073],[121.50644,18.09033],[121.5064,18.09001],[121.50671,18.09006],[121.5068,18.08966],[121.507,18.08952],[121.50708,18.08933],[121.50747,18.08918],[121.50756,18.08897],[121.50768,18.08899],[121.50764,18.08871],[121.50793,18.0886],[121.50798,18.08826],[121.50794,18.08795],[121.50804,18.08771],[121.5084,18.08757],[121.50818,18.08741],[121.50806,18.08726],[121.50795,18.08718],[121.50791,18.08704],[121.50785,18.08701],[121.50775,18.08681],[121.50785,18.08662],[121.50801,18.08659],[121.50801,18.08631],[121.50782,18.08631],[121.50783,18.08604],[121.50817,18.08591],[121.50806,18.08582],[121.50797,18.08572],[121.50769,18.08576],[121.50778,18.08552],[121.50803,18.08556],[121.50808,18.08527],[121.50789,18.08513],[121.50787,18.085],[121.50845,18.08462],[121.50836,18.08444],[121.50802,18.08449],[121.50789,18.08418],[121.50752,18.08408],[121.5076,18.084],[121.50811,18.0839],[121.50806,18.08357],[121.50818,18.08355],[121.50845,18.08371],[121.50855,18.08338],[121.50882,18.08303],[121.50889,18.0828],[121.50903,18.08268],[121.50915,18.08233],[121.50944,18.08221],[121.50969,18.08193],[121.51,18.0821],[121.50998,18.08185],[121.51027,18.08187],[121.51036,18.08177],[121.51067,18.08159],[121.51091,18.08186],[121.51104,18.08145],[121.51141,18.08115],[121.5114,18.0809],[121.51173,18.08108],[121.51207,18.08106],[121.51216,18.08115],[121.51227,18.08124],[121.51226,18.08106],[121.51245,18.08098],[121.51273,18.08052],[121.51286,18.08053],[121.51302,18.08071],[121.51326,18.08069],[121.5134,18.08024],[121.51377,18.08027],[121.51397,18.08011],[121.5136,18.07996],[121.51352,18.07963],[121.51379,18.07993],[121.51418,18.0798],[121.51416,18.07954],[121.51436,18.07938],[121.51435,18.07926],[121.51467,18.07929],[121.51492,18.07925],[121.51473,18.07909],[121.51483,18.07891],[121.51483,18.07881],[121.51513,18.07884],[121.5151,18.07846],[121.5154,18.07838],[121.51553,18.07811],[121.51595,18.07784],[121.51602,18.07806],[121.51623,18.07801],[121.51628,18.07766],[121.51589,18.0775],[121.51626,18.0772],[121.51636,18.07731],[121.51662,18.07729],[121.51692,18.0774],[121.51705,18.07713],[121.51712,18.0773],[121.51709,18.07751],[121.51744,18.07748],[121.51774,18.07751],[121.51796,18.0774],[121.51816,18.07732],[121.51841,18.07718],[121.51859,18.0774],[121.51873,18.07731],[121.5187,18.07704],[121.51885,18.07706],[121.51927,18.07694],[121.51944,18.07641],[121.51977,18.07645],[121.5202,18.07628],[121.52052,18.07579],[121.52083,18.07543],[121.5208,18.07516],[121.5211,18.07508],[121.5215,18.07494],[121.52172,18.07512],[121.52195,18.07539],[121.52271,18.07527],[121.52336,18.07474],[121.52401,18.07466],[121.52431,18.07483],[121.52469,18.07492],[121.52501,18.0751],[121.52602,18.07503],[121.52629,18.07484],[121.52677,18.07457],[121.52666,18.07423],[121.52602,18.07439],[121.52569,18.07443],[121.52569,18.07434],[121.52587,18.07434],[121.52588,18.07425],[121.52626,18.07416],[121.5265,18.07386],[121.5266,18.0735],[121.52715,18.07361],[121.5272,18.07354],[121.52739,18.07345],[121.52749,18.07345],[121.52749,18.07336],[121.52787,18.07309],[121.52796,18.07309],[121.52796,18.073],[121.52806,18.073],[121.52806,18.07291],[121.52815,18.07292],[121.52815,18.07282],[121.52844,18.07265],[121.52853,18.07265],[121.52853,18.07256],[121.52863,18.07238],[121.52873,18.07238],[121.52873,18.07229],[121.52893,18.07215],[121.52843,18.07181],[121.52858,18.0716],[121.52869,18.07153],[121.52873,18.07147],[121.52903,18.0714],[121.52922,18.07117],[121.52944,18.07144],[121.52949,18.07148],[121.52949,18.07157],[121.52987,18.07157],[121.52987,18.07148],[121.52996,18.07148],[121.52996,18.07157],[121.53015,18.07157],[121.53015,18.07167],[121.53024,18.07167],[121.53024,18.07176],[121.53043,18.07176],[121.53043,18.07185],[121.531,18.07185],[121.531,18.07176],[121.53109,18.07176],[121.53109,18.07167],[121.53119,18.07167],[121.53119,18.07158],[121.53128,18.07158],[121.53128,18.07149],[121.53138,18.07149],[121.53138,18.0714],[121.53147,18.0714],[121.53147,18.07131],[121.53148,18.07104],[121.53157,18.07104],[121.53157,18.07059],[121.53158,18.07041],[121.53166,18.07026],[121.53271,18.07024],[121.53271,18.07033],[121.5329,18.07033],[121.5329,18.0706],[121.53299,18.0706],[121.53299,18.07078],[121.53308,18.07078],[121.53308,18.07096],[121.53318,18.07097],[121.53318,18.07106],[121.53337,18.07106],[121.53336,18.07115],[121.53355,18.07115],[121.5336,18.0712],[121.53388,18.07133],[121.53364,18.07219],[121.53416,18.07309],[121.53453,18.07311],[121.5351,18.07309],[121.53562,18.07311],[121.53599,18.0731],[121.5369,18.07405],[121.53789,18.07388],[121.53802,18.07376],[121.5382,18.0734],[121.5385,18.07339],[121.53878,18.0734],[121.53878,18.07313],[121.53865,18.07288],[121.53897,18.07277],[121.53926,18.07268],[121.53898,18.07243],[121.53897,18.07223],[121.53916,18.07223],[121.54008,18.0726],[121.54065,18.07244],[121.54087,18.07225],[121.54096,18.07188],[121.54106,18.07179],[121.5415,18.07135],[121.54189,18.07134],[121.54243,18.07152],[121.54267,18.07108],[121.54277,18.07089],[121.54305,18.07065],[121.5427,18.07027],[121.54249,18.07036],[121.54227,18.07057],[121.5417,18.06956],[121.54103,18.06976],[121.54093,18.06985],[121.54074,18.06985],[121.54074,18.06994],[121.54065,18.06994],[121.54065,18.07003],[121.54046,18.07003],[121.54046,18.07012],[121.5397,18.07011],[121.5397,18.0702],[121.53951,18.0702],[121.53951,18.07029],[121.53942,18.07029],[121.5393,18.07016],[121.53916,18.07025],[121.53923,18.07117],[121.53894,18.07149],[121.5385,18.0716],[121.53733,18.07134],[121.53673,18.07097],[121.53661,18.07064],[121.53639,18.06943],[121.53584,18.0692],[121.53464,18.06928],[121.53423,18.06911],[121.53393,18.06876],[121.53329,18.06871],[121.5332,18.06871],[121.5332,18.06862],[121.5331,18.06862],[121.5331,18.06853],[121.53301,18.06852],[121.53301,18.06834],[121.53292,18.06834],[121.53292,18.06816],[121.53282,18.06816],[121.53282,18.06807],[121.53273,18.06807],[121.53273,18.06798],[121.53207,18.06798],[121.53207,18.06807],[121.53197,18.06806],[121.53188,18.06806],[121.53188,18.06815],[121.53178,18.06815],[121.53178,18.06824],[121.53169,18.06824],[121.53169,18.06842],[121.53159,18.06842],[121.53159,18.06851],[121.5315,18.06851],[121.5315,18.0686],[121.5314,18.0686],[121.5314,18.06887],[121.53131,18.06887],[121.53131,18.06833],[121.53122,18.06833],[121.53122,18.06806],[121.53084,18.06806],[121.53065,18.06805],[121.53046,18.06805],[121.53046,18.06796],[121.52999,18.06796],[121.52999,18.06805],[121.52965,18.06801],[121.52942,18.06795],[121.52942,18.06786],[121.52895,18.06786],[121.52895,18.06795],[121.52848,18.06795],[121.52848,18.06804],[121.52835,18.0681],[121.52829,18.06822],[121.52819,18.06822],[121.52819,18.0684],[121.5281,18.0684],[121.5281,18.06849],[121.52809,18.06867],[121.528,18.06867],[121.528,18.06885],[121.5279,18.06885],[121.52791,18.06858],[121.52797,18.06854],[121.52816,18.06782],[121.5282,18.06776],[121.52829,18.06777],[121.52829,18.06768],[121.52848,18.06768],[121.52848,18.06759],[121.52858,18.06759],[121.52858,18.0675],[121.52886,18.0675],[121.52886,18.06741],[121.52903,18.06736],[121.52926,18.0671],[121.52948,18.06701],[121.52979,18.06684],[121.53066,18.06693],[121.53097,18.06691],[121.53146,18.06721],[121.5316,18.06725],[121.53163,18.06731],[121.53193,18.06745],[121.53223,18.06731],[121.53226,18.06725],[121.53258,18.06705],[121.53249,18.06664],[121.5327,18.0665],[121.53292,18.06614],[121.53333,18.06626],[121.53349,18.06676],[121.53317,18.06696],[121.53325,18.06722],[121.5333,18.06726],[121.5333,18.06735],[121.53359,18.06735],[121.53359,18.06726],[121.53369,18.0672],[121.53386,18.0668],[121.53374,18.06649],[121.53345,18.06614],[121.53337,18.06558],[121.53304,18.06537],[121.53294,18.06572],[121.53284,18.06572],[121.53284,18.06581],[121.53275,18.06581],[121.53275,18.0659],[121.53265,18.0659],[121.53265,18.06617],[121.53246,18.06617],[121.53246,18.06626],[121.53208,18.06626],[121.53208,18.06617],[121.53199,18.06617],[121.53199,18.06599],[121.5319,18.06599],[121.5319,18.06581],[121.5318,18.0658],[121.5318,18.06571],[121.53162,18.06571],[121.53162,18.06562],[121.53114,18.06562],[121.53114,18.06553],[121.53086,18.06553],[121.53086,18.06544],[121.53067,18.06543],[121.53048,18.06543],[121.53048,18.06534],[121.5302,18.06534],[121.5302,18.06525],[121.53001,18.06525],[121.53001,18.06516],[121.52973,18.06516],[121.52973,18.06507],[121.52964,18.06506],[121.52954,18.06506],[121.52954,18.06497],[121.52945,18.06497],[121.52945,18.06488],[121.52917,18.06488],[121.52917,18.06479],[121.52879,18.06479],[121.52879,18.06488],[121.52869,18.06488],[121.52862,18.06479],[121.52816,18.06448],[121.52796,18.06446],[121.52728,18.0646],[121.52752,18.06429],[121.52762,18.06397],[121.52799,18.06411],[121.52885,18.06424],[121.52937,18.06454],[121.52983,18.06461],[121.52983,18.0647],[121.52992,18.06471],[121.5301,18.06496],[121.53069,18.06509],[121.53077,18.06498],[121.53105,18.06499],[121.53106,18.0649],[121.53115,18.0649],[121.53115,18.06499],[121.53153,18.06499],[121.53153,18.0649],[121.53172,18.0649],[121.53172,18.06481],[121.532,18.06475],[121.53228,18.06481],[121.53222,18.06458],[121.53192,18.06418],[121.53172,18.06373],[121.53065,18.06358],[121.53012,18.06353],[121.53012,18.06344],[121.52993,18.06344],[121.52993,18.06335],[121.52975,18.06335],[121.52975,18.06326],[121.52965,18.06326],[121.52965,18.06317],[121.52946,18.06317],[121.52946,18.06308],[121.52937,18.06307],[121.52937,18.06298],[121.52928,18.06298],[121.52928,18.06289],[121.52909,18.06289],[121.52909,18.0628],[121.52899,18.0628],[121.52899,18.06271],[121.52881,18.06271],[121.52856,18.06274],[121.52833,18.06289],[121.52824,18.06289],[121.52833,18.06271],[121.52838,18.06266],[121.52911,18.06263],[121.52989,18.06286],[121.5306,18.06299],[121.53074,18.06313],[121.53089,18.06326],[121.53158,18.06342],[121.53199,18.06371],[121.53237,18.06451],[121.53322,18.06511],[121.53375,18.06541],[121.53429,18.06574],[121.53506,18.06605],[121.5354,18.06623],[121.53524,18.06652],[121.53423,18.06645],[121.53392,18.06749],[121.53382,18.06776],[121.53368,18.06829],[121.53337,18.06839],[121.53307,18.06757],[121.53265,18.06748],[121.53198,18.06771],[121.53135,18.06749],[121.53137,18.06776],[121.53195,18.06793],[121.53246,18.06767],[121.53299,18.06786],[121.53324,18.06839],[121.53338,18.06864],[121.53416,18.06844],[121.53429,18.06794],[121.53457,18.06796],[121.5348,18.06772],[121.53457,18.06732],[121.53447,18.06698],[121.5346,18.06676],[121.5353,18.0668],[121.53575,18.06657],[121.53646,18.06686],[121.53658,18.06699],[121.53655,18.06751],[121.53657,18.06789],[121.53719,18.06828],[121.53773,18.06842],[121.53788,18.06794],[121.53726,18.06775],[121.53717,18.06743],[121.53769,18.06761],[121.53836,18.06779],[121.53894,18.06803],[121.53881,18.06826],[121.53863,18.06825],[121.53849,18.06826],[121.53825,18.06824],[121.53801,18.06825],[121.53817,18.06854],[121.53943,18.06842],[121.54024,18.06847],[121.5407,18.06872],[121.54103,18.06882],[121.54129,18.0692],[121.54193,18.06945],[121.54237,18.06992],[121.54283,18.07009],[121.5426,18.06968],[121.54323,18.06933],[121.54335,18.0691],[121.54364,18.06901],[121.54362,18.06934],[121.54372,18.06973],[121.54371,18.0699],[121.54305,18.07018],[121.54352,18.07027],[121.54438,18.06992],[121.54505,18.06984],[121.54543,18.06955],[121.54592,18.06959],[121.54676,18.06926],[121.54738,18.06881],[121.54752,18.06802],[121.54772,18.06766],[121.54847,18.06771],[121.54904,18.06814],[121.54959,18.0682],[121.5494,18.06752],[121.54979,18.06707],[121.54984,18.06693],[121.54993,18.06694],[121.54993,18.0673],[121.54974,18.0673],[121.54974,18.06739],[121.54965,18.06738],[121.54964,18.06748],[121.54951,18.06756],[121.54964,18.06766],[121.54971,18.06778],[121.54983,18.06784],[121.54983,18.06793],[121.55011,18.06793],[121.55011,18.06811],[121.55021,18.06811],[121.55025,18.06831],[121.55053,18.06846],[121.55079,18.06827],[121.55101,18.06837],[121.55108,18.06881],[121.55121,18.06896],[121.55124,18.0692],[121.55114,18.0692],[121.55114,18.06929],[121.55084,18.06937],[121.55068,18.06975],[121.5508,18.07048],[121.5511,18.07026],[121.55134,18.06997],[121.55151,18.06993],[121.55161,18.06993],[121.55161,18.07002],[121.5517,18.07002],[121.5517,18.07011],[121.55189,18.07011],[121.55189,18.0702],[121.55198,18.0702],[121.55198,18.07029],[121.55217,18.0703],[121.55221,18.07035],[121.55264,18.07066],[121.55264,18.07075],[121.55274,18.07075],[121.55273,18.07084],[121.55283,18.07084],[121.55283,18.07093],[121.55292,18.07093],[121.55292,18.07102],[121.55302,18.07102],[121.55311,18.07103],[121.55311,18.07112],[121.55339,18.07112],[121.55339,18.07121],[121.55368,18.07121],[121.55368,18.07112],[121.55377,18.07112],[121.5539,18.07118],[121.55405,18.07121],[121.55405,18.0713],[121.55415,18.0713],[121.55415,18.07139],[121.55424,18.0714],[121.55424,18.07149],[121.55434,18.07149],[121.55433,18.07158],[121.55443,18.07158],[121.55456,18.07164],[121.55471,18.07167],[121.55471,18.07176],[121.55499,18.07176],[121.55499,18.07185],[121.55509,18.07185],[121.55566,18.07186],[121.55603,18.07186],[121.55603,18.07168],[121.55613,18.07168],[121.55613,18.07159],[121.5566,18.07159],[121.5566,18.0715],[121.5567,18.0715],[121.55726,18.07151],[121.55726,18.0716],[121.55736,18.0716],[121.55736,18.07187],[121.55694,18.07194],[121.55716,18.07214],[121.55735,18.07214],[121.55745,18.07227],[121.55754,18.07214],[121.55764,18.07214],[121.55764,18.07223],[121.55783,18.07224],[121.55798,18.07227],[121.5583,18.07242],[121.5583,18.07251],[121.55839,18.07251],[121.5587,18.07266],[121.55905,18.0727],[121.55905,18.07279],[121.55933,18.07279],[121.55933,18.07288],[121.55943,18.07288],[121.55943,18.07297],[121.55961,18.07297],[121.55961,18.07315],[121.55971,18.07315],[121.5598,18.07333],[121.55999,18.07343],[121.55999,18.07352],[121.56008,18.07352],[121.56008,18.07361],[121.56055,18.07361],[121.56055,18.0737],[121.56084,18.0737],[121.56084,18.07379],[121.56093,18.07379],[121.56093,18.07398],[121.56102,18.07398],[121.56102,18.07416],[121.561,18.0744],[121.56085,18.07454],[121.56083,18.0747],[121.56073,18.0747],[121.56073,18.07506],[121.56083,18.07506],[121.56082,18.07515],[121.56082,18.07524],[121.56092,18.07524],[121.56092,18.07542],[121.56082,18.07542],[121.56082,18.07551],[121.56073,18.07551],[121.56073,18.0756],[121.56054,18.0756],[121.56054,18.07578],[121.56041,18.07582],[121.56054,18.07587],[121.56059,18.07609],[121.56082,18.07614],[121.56082,18.07623],[121.561,18.07624],[121.561,18.07633],[121.5611,18.07633],[121.56148,18.07642],[121.56147,18.07651],[121.56166,18.07651],[121.56166,18.0766],[121.56185,18.0766],[121.56185,18.07669],[121.56195,18.07669],[121.56217,18.07675],[121.56251,18.07679],[121.56251,18.07688],[121.56289,18.07688],[121.56289,18.07697],[121.56308,18.07697],[121.56364,18.07698],[121.56364,18.07707],[121.56374,18.07707],[121.56416,18.07712],[121.56478,18.07717],[121.56487,18.07717],[121.56487,18.07708],[121.56497,18.07708],[121.56497,18.07699],[121.56506,18.07699],[121.56506,18.0769],[121.56516,18.0769],[121.5652,18.07701],[121.56525,18.0769],[121.56567,18.07658],[121.56582,18.07654],[121.56574,18.07681],[121.56526,18.07743],[121.56541,18.07781],[121.56537,18.0782],[121.56448,18.0781],[121.56416,18.07756],[121.56375,18.07728],[121.56237,18.0771],[121.56171,18.07682],[121.56114,18.07674],[121.56044,18.07643],[121.56015,18.07578],[121.55982,18.07564],[121.56014,18.07523],[121.55995,18.07475],[121.55983,18.07465],[121.55975,18.0741],[121.5592,18.07398],[121.5591,18.07337],[121.5588,18.0732],[121.55842,18.0729],[121.55786,18.07274],[121.55768,18.07264],[121.55717,18.07246],[121.55673,18.07269],[121.5559,18.07261],[121.55551,18.07345],[121.55525,18.07365],[121.55501,18.07392],[121.55468,18.07475],[121.55483,18.07487],[121.55492,18.07499],[121.55454,18.07514],[121.55396,18.07553],[121.55399,18.07582],[121.55396,18.07605],[121.55398,18.07618],[121.55389,18.07694],[121.55377,18.07704],[121.55358,18.07767],[121.55338,18.07794],[121.55317,18.07845],[121.55282,18.0782],[121.55269,18.07821],[121.55272,18.07857],[121.55271,18.07869],[121.55252,18.07883],[121.55244,18.07893],[121.55212,18.07918],[121.55216,18.07957],[121.55188,18.08003],[121.55157,18.08],[121.55145,18.08027],[121.55167,18.08036],[121.55165,18.08055],[121.5518,18.08059],[121.55163,18.08099],[121.55138,18.08072],[121.55119,18.08056],[121.55119,18.08035],[121.55086,18.08037],[121.55067,18.08035],[121.55053,18.08036],[121.55018,18.08018],[121.55007,18.07981],[121.54992,18.07982],[121.54978,18.07981],[121.5495,18.0799],[121.54938,18.07989],[121.54941,18.07944],[121.54922,18.07945],[121.54896,18.07932],[121.54818,18.07935],[121.54798,18.07925],[121.54799,18.07907],[121.54789,18.07888],[121.54762,18.07891],[121.5478,18.07907],[121.54789,18.07931],[121.54761,18.07943],[121.54739,18.07954],[121.54745,18.0797],[121.54797,18.07943],[121.54817,18.07945],[121.54798,18.07961],[121.5478,18.0798],[121.54748,18.07978],[121.54731,18.08029],[121.54704,18.07988],[121.54696,18.07979],[121.54682,18.08034],[121.54656,18.08033],[121.54647,18.08033],[121.54637,18.08001],[121.54609,18.08015],[121.54543,18.08039],[121.54488,18.08001],[121.54477,18.08023],[121.54467,18.08031],[121.54458,18.0805],[121.54452,18.08058],[121.54436,18.08025],[121.54402,18.0801],[121.54392,18.07966],[121.54364,18.07968],[121.54352,18.07967],[121.54324,18.07937],[121.54326,18.07976],[121.54307,18.07985],[121.54302,18.07999],[121.54368,18.08006],[121.54353,18.08031],[121.54355,18.08059],[121.54381,18.08057],[121.5441,18.08069],[121.54391,18.08085],[121.54382,18.08095],[121.54363,18.08074],[121.54335,18.08078],[121.5436,18.08099],[121.54372,18.0815],[121.54352,18.08166],[121.54363,18.08175],[121.54379,18.08193],[121.5435,18.08232],[121.54353,18.0827],[121.54327,18.08283],[121.54284,18.08235],[121.54287,18.08274],[121.54268,18.08289],[121.54295,18.08301],[121.543,18.08324],[121.54276,18.0833],[121.54261,18.084],[121.54288,18.08386],[121.54281,18.08347],[121.54315,18.08364],[121.54312,18.08374],[121.54334,18.08382],[121.54314,18.08412],[121.54336,18.08411],[121.5435,18.08391],[121.54375,18.08397],[121.54369,18.0841],[121.54372,18.08424],[121.54366,18.08448],[121.544,18.08441],[121.54425,18.08455],[121.54368,18.08464],[121.54361,18.08474],[121.54331,18.08493],[121.54323,18.08477],[121.54342,18.08465],[121.54339,18.08449],[121.54327,18.08442],[121.54323,18.08447],[121.54312,18.08454],[121.54303,18.08475],[121.54276,18.08471],[121.54295,18.085],[121.54278,18.08525],[121.54266,18.08508],[121.54235,18.08496],[121.54201,18.08475],[121.54189,18.08503],[121.54166,18.08495],[121.54155,18.08479],[121.54139,18.08483],[121.54082,18.08446],[121.54065,18.08488],[121.54055,18.08469],[121.54063,18.08437],[121.54023,18.08428],[121.54006,18.08452],[121.53963,18.08442],[121.53945,18.08453],[121.53924,18.0846],[121.53916,18.08481],[121.53878,18.08535],[121.53839,18.08543],[121.5383,18.08531],[121.53822,18.08542],[121.53799,18.08557],[121.53783,18.08578],[121.53759,18.08587],[121.53753,18.08613],[121.53757,18.0863],[121.53737,18.08634],[121.53709,18.08616],[121.53687,18.0863],[121.53674,18.08648],[121.53658,18.08641],[121.53655,18.08626],[121.53649,18.0863],[121.53641,18.08641],[121.53621,18.08636],[121.53613,18.08667],[121.53571,18.08682],[121.53505,18.08667],[121.53509,18.08684],[121.53494,18.08706],[121.53456,18.08697],[121.53426,18.08704],[121.53369,18.08686],[121.53361,18.08696],[121.53337,18.087],[121.53297,18.08714],[121.533,18.08756],[121.53267,18.08754],[121.53234,18.08736],[121.5321,18.08727],[121.53156,18.08745],[121.53121,18.08742],[121.53115,18.08794],[121.531,18.08797],[121.53089,18.08811],[121.53063,18.08806],[121.53031,18.08812],[121.53003,18.08773],[121.52952,18.0874],[121.52926,18.08744],[121.52904,18.0874],[121.52881,18.08754],[121.52884,18.0877],[121.52866,18.08811],[121.52913,18.08783],[121.52985,18.08798],[121.52996,18.08827],[121.52963,18.0882],[121.52969,18.08834],[121.52967,18.08852],[121.52992,18.08886],[121.53029,18.08909],[121.53052,18.08934],[121.53062,18.08942],[121.53061,18.08952],[121.53098,18.09004],[121.53066,18.08992],[121.53061,18.08987],[121.53032,18.08988],[121.53033,18.0901],[121.53032,18.09032],[121.53047,18.09051],[121.53061,18.09024],[121.53081,18.09014],[121.53123,18.09016],[121.53108,18.08988],[121.53126,18.08979],[121.53138,18.09042],[121.53177,18.09003],[121.53204,18.09017],[121.53231,18.09044],[121.53145,18.09069],[121.53145,18.09079],[121.53192,18.09078],[121.53202,18.09085],[121.53164,18.09097],[121.53155,18.09106],[121.53145,18.09106],[121.53116,18.09134],[121.53117,18.0916],[121.53098,18.0915],[121.53078,18.09141],[121.53079,18.09169],[121.5304,18.09177],[121.53088,18.09187],[121.53078,18.09196],[121.53068,18.09204],[121.53057,18.09218],[121.5306,18.09232],[121.53048,18.0925],[121.53057,18.09267],[121.53077,18.0924],[121.53105,18.09233],[121.53115,18.09267],[121.53084,18.09286],[121.53113,18.09297],[121.53134,18.09292],[121.53143,18.09313],[121.53095,18.09321],[121.53084,18.09337],[121.53053,18.09345],[121.53065,18.09371],[121.53038,18.09366],[121.53026,18.09382],[121.53008,18.09394],[121.53011,18.09412],[121.53006,18.0942],[121.5299,18.09399],[121.52954,18.09409],[121.5299,18.09434],[121.52971,18.09447],[121.52963,18.09477],[121.5299,18.09473],[121.53009,18.09491],[121.5298,18.09511],[121.52983,18.09527],[121.52974,18.09546],[121.52962,18.09517],[121.52941,18.09521],[121.52945,18.09544],[121.52935,18.09573],[121.52925,18.09537],[121.52907,18.0954],[121.52919,18.09601],[121.52885,18.09609],[121.52881,18.09623],[121.52872,18.09623],[121.52872,18.09596],[121.52891,18.09596],[121.52891,18.09587],[121.52881,18.09587],[121.52882,18.09551],[121.52853,18.09551],[121.52853,18.09569],[121.52847,18.09565],[121.52831,18.09541],[121.52819,18.09559],[121.52779,18.09548],[121.52755,18.09568],[121.52799,18.09583],[121.52787,18.09599],[121.5274,18.09577],[121.52735,18.096],[121.52724,18.09609],[121.52726,18.09627],[121.52687,18.09635],[121.52688,18.09646],[121.52725,18.09642],[121.52736,18.09695],[121.52779,18.09671],[121.528,18.09676],[121.52781,18.0969],[121.52772,18.09711],[121.52791,18.09726],[121.52799,18.09736],[121.52838,18.09744],[121.52846,18.09756],[121.52828,18.09753],[121.52809,18.0977],[121.52891,18.09793],[121.52878,18.09826],[121.52866,18.09799],[121.52846,18.09801],[121.52804,18.09785],[121.52808,18.09809],[121.52818,18.09807],[121.52836,18.09818],[121.52857,18.09826],[121.52872,18.09847],[121.52893,18.09835],[121.52923,18.09828],[121.52941,18.09816],[121.52978,18.09841],[121.52997,18.0989],[121.53021,18.09873],[121.53011,18.0985],[121.53064,18.09845],[121.53063,18.09856],[121.5312,18.09881],[121.53092,18.09901],[121.53072,18.09909],[121.53073,18.09923],[121.53068,18.09995],[121.531,18.10036],[121.53114,18.10081],[121.53147,18.10064],[121.53164,18.10029],[121.53178,18.10074],[121.53194,18.10073],[121.53222,18.10083],[121.53266,18.1008],[121.53222,18.10099],[121.53233,18.10112],[121.53288,18.10109],[121.53304,18.10127],[121.53354,18.1013],[121.53356,18.10093],[121.53335,18.10091],[121.53322,18.10119],[121.53307,18.10097],[121.53332,18.10078],[121.53408,18.10065],[121.53429,18.10021],[121.5344,18.10039],[121.53436,18.10092],[121.53474,18.10105],[121.53545,18.09945],[121.5354,18.0989],[121.5356,18.09884],[121.53575,18.09855],[121.53619,18.09877],[121.53669,18.09863],[121.53724,18.09839],[121.53678,18.09798],[121.53678,18.09778],[121.53706,18.09727],[121.53707,18.09707],[121.53712,18.09702],[121.53686,18.09696],[121.53651,18.09699],[121.5365,18.0968],[121.5367,18.09646],[121.5368,18.09592],[121.53711,18.09579],[121.53734,18.09554],[121.53746,18.09553],[121.53804,18.09558],[121.53801,18.09525],[121.53813,18.0949],[121.53843,18.09501],[121.53879,18.09498],[121.53964,18.09511],[121.53997,18.09509],[121.54017,18.09511],[121.53984,18.09452],[121.54038,18.09456],[121.54054,18.09557],[121.54023,18.09608],[121.54059,18.09638],[121.54056,18.09673],[121.54109,18.09669],[121.54119,18.097],[121.54151,18.09701],[121.54161,18.09683],[121.54171,18.09673],[121.5417,18.09638],[121.542,18.09623],[121.54197,18.09683],[121.54283,18.09673],[121.54285,18.09621],[121.54274,18.09629],[121.54261,18.09656],[121.54228,18.09637],[121.54237,18.09629],[121.54247,18.09629],[121.54246,18.09603],[121.54261,18.09588],[121.54275,18.09602],[121.54302,18.09627],[121.54303,18.09657],[121.54293,18.09684],[121.54284,18.09711],[121.54256,18.09735],[121.54293,18.09747],[121.54302,18.09783],[121.54321,18.09801],[121.54339,18.0982],[121.54366,18.09807],[121.54346,18.09842],[121.54374,18.099],[121.54404,18.0992],[121.54461,18.09937],[121.54452,18.09956],[121.54413,18.10003],[121.54425,18.1006],[121.5446,18.10091],[121.54477,18.1011],[121.54557,18.101],[121.54583,18.10074],[121.54592,18.10066],[121.54626,18.10012],[121.54682,18.09976],[121.54737,18.09996],[121.54754,18.10106],[121.54799,18.1014],[121.54828,18.10157],[121.54859,18.10199],[121.54906,18.10213],[121.54948,18.10258],[121.55016,18.10285],[121.55065,18.10318],[121.55091,18.10332],[121.55119,18.1034],[121.55171,18.10421],[121.55246,18.10444],[121.5527,18.1047],[121.55345,18.10468],[121.55344,18.10487],[121.55393,18.10478],[121.55378,18.10465],[121.5544,18.10452],[121.55477,18.10424],[121.55506,18.10416],[121.55534,18.10407],[121.55625,18.10383],[121.55657,18.10356],[121.55661,18.10276],[121.55611,18.10245],[121.55607,18.10231],[121.55626,18.10231],[121.55626,18.1024],[121.55635,18.10241],[121.55692,18.10241],[121.55692,18.1025],[121.55701,18.1025],[121.55701,18.10295],[121.55689,18.103],[121.55701,18.10304],[121.557,18.10322],[121.557,18.10331],[121.5571,18.10331],[121.5571,18.10359],[121.557,18.10358],[121.557,18.10422],[121.5569,18.10422],[121.5569,18.10431],[121.55652,18.1043],[121.55652,18.10421],[121.55577,18.10421],[121.55577,18.1043],[121.55556,18.10434],[121.55548,18.10448],[121.55529,18.10448],[121.5551,18.10447],[121.5551,18.10456],[121.55501,18.10456],[121.55501,18.10465],[121.55491,18.10465],[121.55491,18.10474],[121.55482,18.10474],[121.55482,18.10483],[121.55472,18.10483],[121.55472,18.10492],[121.55463,18.1051],[121.55453,18.1051],[121.55453,18.10519],[121.55415,18.10519],[121.55411,18.10507],[121.55406,18.10519],[121.55378,18.10519],[121.55378,18.10528],[121.55368,18.10528],[121.55368,18.10537],[121.5534,18.10537],[121.5534,18.10527],[121.5533,18.10527],[121.5533,18.10518],[121.55274,18.10518],[121.55274,18.105],[121.55264,18.105],[121.55264,18.10491],[121.55255,18.10491],[121.55255,18.10482],[121.55236,18.10482],[121.55236,18.10472],[121.55227,18.10472],[121.55208,18.10463],[121.55208,18.10454],[121.55151,18.10454],[121.55135,18.10451],[121.55121,18.10438],[121.55104,18.10435],[121.55104,18.10426],[121.55085,18.10426],[121.55086,18.10417],[121.55076,18.10417],[121.55076,18.10408],[121.55057,18.10408],[121.55015,18.10358],[121.55011,18.10344],[121.55011,18.10308],[121.55001,18.10308],[121.55001,18.10299],[121.54973,18.10299],[121.54973,18.1029],[121.54964,18.1029],[121.54926,18.10289],[121.54926,18.1028],[121.54907,18.1028],[121.54907,18.10271],[121.54888,18.10271],[121.54888,18.10262],[121.54879,18.10262],[121.54879,18.10253],[121.5487,18.10253],[121.5487,18.10244],[121.54841,18.10244],[121.54841,18.10235],[121.54832,18.10235],[121.54832,18.10216],[121.54823,18.10216],[121.54823,18.10198],[121.54813,18.10198],[121.54809,18.10182],[121.54766,18.10171],[121.54766,18.10162],[121.54747,18.10162],[121.54748,18.10153],[121.54738,18.10152],[121.54738,18.10143],[121.54729,18.10143],[121.54729,18.10134],[121.54719,18.10134],[121.54719,18.10125],[121.5472,18.10107],[121.5471,18.10107],[121.5471,18.10098],[121.54701,18.10098],[121.54701,18.1008],[121.54691,18.1008],[121.54687,18.10033],[121.54635,18.10052],[121.54644,18.10089],[121.54635,18.10088],[121.54635,18.10097],[121.54628,18.10109],[121.54616,18.10115],[121.54606,18.10115],[121.54606,18.10124],[121.54578,18.10124],[121.54578,18.10133],[121.54559,18.10142],[121.54549,18.10142],[121.54549,18.10151],[121.5454,18.10151],[121.54474,18.1015],[121.54473,18.1016],[121.54464,18.10159],[121.54417,18.10159],[121.54417,18.1015],[121.54398,18.1015],[121.54398,18.10141],[121.54389,18.10141],[121.54385,18.10112],[121.5437,18.10105],[121.5437,18.10086],[121.54361,18.10086],[121.54361,18.10059],[121.54374,18.1005],[121.54361,18.10041],[121.54361,18.09996],[121.54371,18.09996],[121.54371,18.09951],[121.54352,18.09951],[121.54352,18.09942],[121.54343,18.09942],[121.54343,18.09924],[121.54334,18.09924],[121.54334,18.09905],[121.54324,18.09905],[121.54324,18.09887],[121.54306,18.09887],[121.54306,18.09878],[121.54277,18.09878],[121.54259,18.09853],[121.54221,18.09832],[121.54221,18.09814],[121.54212,18.09814],[121.54212,18.09805],[121.54174,18.09805],[121.54174,18.09814],[121.54155,18.09814],[121.54155,18.09823],[121.54145,18.09823],[121.54145,18.09832],[121.54133,18.09838],[121.54126,18.0985],[121.54117,18.0985],[121.54117,18.09859],[121.54098,18.09858],[121.54098,18.09868],[121.54079,18.09867],[121.54079,18.09858],[121.5406,18.09858],[121.54054,18.09849],[121.54027,18.09855],[121.54004,18.0984],[121.54004,18.09776],[121.53919,18.09776],[121.53919,18.09767],[121.5391,18.09767],[121.5391,18.09758],[121.539,18.09758],[121.539,18.09749],[121.53891,18.09748],[121.53891,18.0973],[121.53882,18.0973],[121.53882,18.09721],[121.53874,18.09654],[121.53849,18.09662],[121.53844,18.09667],[121.53825,18.0967],[121.53813,18.09688],[121.53837,18.09699],[121.53825,18.09721],[121.53806,18.09721],[121.53806,18.0973],[121.53797,18.0973],[121.53797,18.09739],[121.53796,18.09757],[121.53787,18.09757],[121.53787,18.09793],[121.53777,18.09793],[121.53777,18.0982],[121.53768,18.0982],[121.53767,18.09847],[121.53758,18.09847],[121.53758,18.09856],[121.53748,18.09856],[121.53748,18.09865],[121.53739,18.09865],[121.53739,18.09874],[121.53729,18.09874],[121.53729,18.09883],[121.5372,18.09883],[121.5372,18.09892],[121.5371,18.09892],[121.5371,18.09901],[121.53701,18.09901],[121.53701,18.0991],[121.53691,18.0991],[121.53691,18.09955],[121.537,18.09955],[121.537,18.09964],[121.53719,18.09964],[121.53719,18.09973],[121.53738,18.09973],[121.53738,18.09982],[121.53747,18.09982],[121.53747,18.09991],[121.53766,18.09992],[121.53766,18.10019],[121.53775,18.10019],[121.53775,18.10073],[121.53765,18.10073],[121.53765,18.10109],[121.53756,18.10109],[121.53755,18.10145],[121.53755,18.10163],[121.53746,18.10163],[121.53746,18.10172],[121.53736,18.10172],[121.53736,18.10181],[121.53727,18.10199],[121.53717,18.10199],[121.53717,18.10208],[121.53708,18.10208],[121.53708,18.10217],[121.53698,18.10217],[121.53698,18.10226],[121.5366,18.10226],[121.5366,18.10235],[121.53651,18.10235],[121.53651,18.10244],[121.53632,18.10244],[121.53632,18.10253],[121.53613,18.10252],[121.53613,18.10261],[121.53584,18.10261],[121.53584,18.10252],[121.53518,18.10252],[121.53518,18.10261],[121.53509,18.10261],[121.53509,18.1027],[121.53499,18.1027],[121.53499,18.10306],[121.53508,18.10306],[121.53508,18.1036],[121.53502,18.10363],[121.53495,18.10375],[121.53451,18.10396],[121.53441,18.10414],[121.53422,18.10414],[121.53422,18.10423],[121.53356,18.10422],[121.53356,18.10431],[121.53347,18.10431],[121.53347,18.10449],[121.53337,18.10449],[121.53337,18.10476],[121.53327,18.10476],[121.53327,18.10494],[121.53315,18.10499],[121.53327,18.10503],[121.53327,18.1053],[121.53336,18.1053],[121.53336,18.10548],[121.53346,18.10549],[121.53346,18.10567],[121.53355,18.10567],[121.53355,18.10621],[121.53279,18.1062],[121.53279,18.10629],[121.53241,18.10629],[121.53241,18.1062],[121.53222,18.1062],[121.53198,18.10623],[121.53175,18.10638],[121.53165,18.10638],[121.53165,18.10647],[121.53156,18.10647],[121.53146,18.10646],[121.53146,18.10655],[121.53128,18.10655],[121.53127,18.10664],[121.53074,18.10661],[121.53061,18.10655],[121.53062,18.10637],[121.53052,18.10637],[121.53052,18.10628],[121.53033,18.10628],[121.53027,18.10615],[121.53015,18.10609],[121.53015,18.10546],[121.53006,18.10546],[121.53006,18.10537],[121.52977,18.10537],[121.5293,18.10536],[121.52921,18.10536],[121.52921,18.10545],[121.52911,18.10545],[121.52911,18.10527],[121.52902,18.10527],[121.52902,18.10482],[121.52893,18.10482],[121.52893,18.10464],[121.52865,18.10464],[121.52855,18.10463],[121.52855,18.10473],[121.52846,18.10472],[121.52845,18.10481],[121.52827,18.10481],[121.52827,18.1049],[121.52817,18.1049],[121.52817,18.10508],[121.52807,18.10508],[121.52807,18.10517],[121.52798,18.10517],[121.52798,18.10526],[121.52788,18.10526],[121.52788,18.10535],[121.5266,18.1053],[121.52642,18.10511],[121.52615,18.10487],[121.52653,18.10475],[121.52666,18.10462],[121.52685,18.10462],[121.52685,18.10453],[121.52695,18.10453],[121.52695,18.10444],[121.52714,18.10444],[121.52714,18.10435],[121.52723,18.10435],[121.52723,18.10408],[121.52714,18.10408],[121.52714,18.10399],[121.52686,18.10399],[121.52685,18.10408],[121.52667,18.10408],[121.52667,18.10399],[121.52648,18.10399],[121.52648,18.1039],[121.52638,18.1039],[121.52638,18.10381],[121.52629,18.1038],[121.52629,18.10326],[121.5263,18.10299],[121.5262,18.10299],[121.52609,18.10278],[121.52587,18.10288],[121.52582,18.10308],[121.52582,18.10317],[121.52573,18.10317],[121.52573,18.10344],[121.52554,18.10344],[121.52554,18.10353],[121.52525,18.10353],[121.52525,18.10344],[121.52516,18.10343],[121.52516,18.10325],[121.52507,18.10325],[121.52507,18.10289],[121.52516,18.10289],[121.52516,18.1028],[121.52517,18.10271],[121.52529,18.10267],[121.52517,18.10262],[121.52517,18.10244],[121.52507,18.10244],[121.52507,18.10235],[121.52479,18.10235],[121.5247,18.10222],[121.5246,18.10235],[121.52451,18.10235],[121.52451,18.10244],[121.52441,18.10243],[121.52441,18.10316],[121.52431,18.10316],[121.52431,18.10325],[121.52422,18.10325],[121.52422,18.10334],[121.52412,18.10334],[121.52412,18.10352],[121.52402,18.10352],[121.52402,18.10361],[121.52377,18.10357],[121.52365,18.10351],[121.52365,18.10342],[121.52355,18.10342],[121.52355,18.10324],[121.52346,18.10324],[121.52346,18.1027],[121.5236,18.10261],[121.52347,18.10252],[121.52347,18.10234],[121.52337,18.10234],[121.52307,18.10202],[121.52299,18.10269],[121.52299,18.10279],[121.5229,18.10278],[121.5229,18.10297],[121.52289,18.10306],[121.52284,18.1031],[121.52275,18.10346],[121.5226,18.10364],[121.52162,18.10328],[121.52157,18.10323],[121.52157,18.10305],[121.52167,18.10305],[121.52167,18.10241],[121.52168,18.10196],[121.52168,18.10178],[121.52177,18.10178],[121.52178,18.10115],[121.52168,18.10115],[121.52168,18.10097],[121.52159,18.10097],[121.52145,18.10011],[121.52126,18.10037],[121.52121,18.10096],[121.52112,18.10096],[121.52112,18.10114],[121.52102,18.10114],[121.52102,18.10178],[121.52101,18.10205],[121.52111,18.10205],[121.52111,18.10232],[121.52101,18.10232],[121.52101,18.10259],[121.52091,18.10259],[121.52091,18.10277],[121.52082,18.10277],[121.52081,18.10322],[121.52091,18.10322],[121.52091,18.10331],[121.52087,18.10346],[121.52034,18.10313],[121.52034,18.10295],[121.52025,18.10294],[121.52025,18.10267],[121.52016,18.10267],[121.52016,18.10213],[121.52017,18.10141],[121.52007,18.10141],[121.52008,18.10123],[121.51998,18.10123],[121.51998,18.10095],[121.51989,18.10095],[121.51989,18.10068],[121.5197,18.10068],[121.5197,18.10059],[121.51932,18.10059],[121.51932,18.10068],[121.51923,18.10068],[121.51923,18.10086],[121.51913,18.10086],[121.51913,18.10104],[121.51904,18.10104],[121.51904,18.10113],[121.51898,18.10116],[121.51879,18.10142],[121.51837,18.10157],[121.51843,18.10181],[121.51828,18.10188],[121.51812,18.10146],[121.51775,18.10154],[121.51735,18.10137],[121.51705,18.10129],[121.51705,18.1012],[121.5162,18.1012],[121.51617,18.10114],[121.51551,18.10106],[121.51558,18.10095],[121.51604,18.10088],[121.51614,18.10063],[121.51602,18.10056],[121.51602,18.10047],[121.51592,18.10047],[121.51592,18.10038],[121.51574,18.10038],[121.51574,18.10029],[121.51564,18.10029],[121.51552,18.10023],[121.51545,18.10011],[121.51546,18.10002],[121.51536,18.10002],[121.51536,18.09956],[121.51527,18.09956],[121.51546,18.09929],[121.51556,18.09929],[121.51574,18.0993],[121.51575,18.09921],[121.516,18.09918],[121.51612,18.09912],[121.51622,18.09912],[121.51622,18.09903],[121.5165,18.09903],[121.5165,18.09894],[121.5166,18.09894],[121.5166,18.09885],[121.51679,18.09876],[121.51688,18.09876],[121.51688,18.09867],[121.51698,18.09867],[121.51698,18.09858],[121.51707,18.09858],[121.51707,18.09849],[121.51717,18.09849],[121.51717,18.09831],[121.51726,18.09831],[121.51727,18.09741],[121.51727,18.09732],[121.51737,18.09732],[121.51737,18.09723],[121.51746,18.09723],[121.51746,18.09714],[121.51756,18.09714],[121.51756,18.09705],[121.51784,18.09705],[121.51784,18.09696],[121.51803,18.09696],[121.51803,18.09687],[121.51813,18.09687],[121.51813,18.09615],[121.51776,18.09615],[121.51775,18.09624],[121.51757,18.09624],[121.51757,18.09633],[121.51719,18.09633],[121.51719,18.09642],[121.51709,18.09641],[121.517,18.09641],[121.517,18.0965],[121.51681,18.09659],[121.51671,18.09659],[121.51671,18.09668],[121.51662,18.09668],[121.51662,18.09677],[121.51643,18.09677],[121.51643,18.09686],[121.51624,18.09686],[121.51624,18.09695],[121.51595,18.09695],[121.51595,18.09704],[121.51586,18.09704],[121.51586,18.09713],[121.51576,18.09713],[121.51576,18.09722],[121.51563,18.09731],[121.51576,18.0974],[121.51576,18.09749],[121.51585,18.09749],[121.51585,18.09758],[121.51595,18.09758],[121.51595,18.09767],[121.51604,18.09767],[121.51604,18.0983],[121.51594,18.0983],[121.51594,18.09839],[121.51566,18.09839],[121.51566,18.09848],[121.51528,18.09848],[121.51528,18.09857],[121.51518,18.09857],[121.51518,18.09866],[121.51509,18.09866],[121.51509,18.09875],[121.51503,18.09879],[121.51494,18.09923],[121.5143,18.09943],[121.51404,18.09937],[121.51404,18.09928],[121.51395,18.09928],[121.51389,18.09916],[121.51376,18.0991],[121.51376,18.09883],[121.51386,18.09883],[121.51386,18.09856],[121.51377,18.09856],[121.51377,18.09847],[121.51367,18.09847],[121.5133,18.09846],[121.51311,18.09846],[121.51311,18.09855],[121.51301,18.09855],[121.51301,18.09864],[121.51292,18.09864],[121.51291,18.09873],[121.51291,18.099],[121.51301,18.099],[121.51301,18.09909],[121.5131,18.09909],[121.5131,18.09928],[121.51329,18.09928],[121.51329,18.09946],[121.51338,18.09946],[121.51338,18.09973],[121.51347,18.09973],[121.51347,18.09991],[121.51357,18.09991],[121.51361,18.10011],[121.51375,18.10018],[121.51371,18.10069],[121.5135,18.10083],[121.51352,18.10096],[121.51331,18.1011],[121.51292,18.10102],[121.51296,18.10081],[121.51228,18.10068],[121.51208,18.10055],[121.5119,18.10059],[121.51172,18.10047],[121.51153,18.10059],[121.51141,18.10043],[121.51115,18.10058],[121.51074,18.10026],[121.51041,18.10032],[121.51052,18.10087],[121.51044,18.10106],[121.51013,18.10111],[121.50996,18.10133],[121.50991,18.10129],[121.50954,18.10084],[121.50946,18.10064],[121.50926,18.10038],[121.50918,18.10019],[121.50907,18.10011],[121.50893,18.09994],[121.50844,18.09965],[121.50823,18.09956],[121.50804,18.09933],[121.5074,18.0994],[121.50722,18.09918],[121.50702,18.098],[121.50692,18.09774],[121.50693,18.09765],[121.50692,18.09755],[121.50703,18.09747],[121.50707,18.09742],[121.50773,18.09743],[121.50773,18.09734],[121.50782,18.09734],[121.50783,18.09725],[121.50792,18.09725],[121.50792,18.09698],[121.50798,18.09694],[121.50811,18.09662],[121.50845,18.09658],[121.50856,18.09631],[121.50905,18.09619],[121.50914,18.09578],[121.509,18.09557],[121.50903,18.09539],[121.50887,18.09478],[121.50869,18.09508],[121.50839,18.09504],[121.50809,18.09485],[121.50778,18.09473],[121.50766,18.09426],[121.50789,18.09436],[121.5078,18.09405],[121.50739,18.09392],[121.50748,18.09364],[121.50698,18.0938],[121.50691,18.09356],[121.50701,18.09335],[121.50714,18.09328],[121.50699,18.09315],[121.50691,18.09326],[121.50686,18.09323],[121.50678,18.09303],[121.5066,18.09275],[121.50679,18.09276],[121.50691,18.09294],[121.50699,18.09274],[121.50677,18.09259],[121.50668,18.09235],[121.50607,18.09219],[121.5059,18.09173],[121.5057,18.09181]],[[121.50637,18.09073],[121.50642,18.09085],[121.50658,18.09077],[121.50637,18.09073]],[[121.50791,18.08704],[121.50803,18.08701],[121.50794,18.08693],[121.50791,18.08704]],[[121.50801,18.08659],[121.50804,18.08679],[121.50821,18.08662],[121.50801,18.08659]],[[121.51602,18.07806],[121.5157,18.07821],[121.51598,18.07821],[121.51602,18.07806]],[[121.53228,18.06481],[121.53243,18.06503],[121.53254,18.0653],[121.53279,18.0652],[121.53244,18.06485],[121.53228,18.06481]],[[121.54302,18.07999],[121.5428,18.08009],[121.54299,18.08025],[121.54302,18.07999]],[[121.54327,18.08442],[121.54324,18.0843],[121.54315,18.08438],[121.54327,18.08442]],[[121.53655,18.08626],[121.53676,18.08623],[121.5366,18.08615],[121.53655,18.08626]],[[121.52963,18.0882],[121.52959,18.08799],[121.52932,18.08813],[121.52949,18.08827],[121.52963,18.0882]],[[121.52979,18.09254],[121.52975,18.09238],[121.52944,18.09223],[121.52944,18.0925],[121.52979,18.09254]],[[121.52978,18.09308],[121.52974,18.09287],[121.52947,18.09301],[121.52955,18.09318],[121.52978,18.09308]],[[121.53053,18.09345],[121.53035,18.09318],[121.53043,18.09287],[121.5303,18.09285],[121.53003,18.0929],[121.53011,18.09267],[121.53028,18.09255],[121.53032,18.0924],[121.53011,18.09232],[121.52998,18.09214],[121.5299,18.09224],[121.52995,18.09243],[121.52979,18.09254],[121.52982,18.09278],[121.52998,18.09298],[121.52978,18.09308],[121.52974,18.09322],[121.52963,18.09329],[121.52955,18.09349],[121.52899,18.09357],[121.52885,18.09376],[121.52916,18.09386],[121.52934,18.0938],[121.52924,18.094],[121.52889,18.09389],[121.52896,18.09403],[121.52922,18.09412],[121.52935,18.09433],[121.52946,18.09402],[121.52941,18.09387],[121.52954,18.09383],[121.52972,18.09389],[121.53001,18.09372],[121.53012,18.09342],[121.53039,18.0935],[121.53053,18.09345]],[[121.52891,18.09587],[121.52902,18.09584],[121.52894,18.09576],[121.52891,18.09587]],[[121.5274,18.09577],[121.52736,18.09547],[121.52708,18.09554],[121.52719,18.09573],[121.5274,18.09577]],[[121.52795,18.09776],[121.52791,18.09746],[121.52775,18.09767],[121.52795,18.09776]],[[121.52804,18.09785],[121.52804,18.09776],[121.52795,18.09776],[121.52795,18.09785],[121.52804,18.09785]],[[121.53712,18.09702],[121.53738,18.09714],[121.5375,18.09693],[121.53723,18.09681],[121.53712,18.09702]],[[121.50622,18.09182],[121.50648,18.09194],[121.50655,18.09172],[121.50622,18.09182]],[[121.50733,18.09303],[121.50743,18.09353],[121.50768,18.09316],[121.50752,18.09305],[121.50748,18.093],[121.50733,18.09303]],[[121.50755,18.09375],[121.50763,18.09383],[121.50767,18.09372],[121.50755,18.09375]],[[121.50792,18.09394],[121.50808,18.09402],[121.50814,18.09391],[121.50792,18.09394]],[[121.50802,18.0943],[121.5081,18.09438],[121.50813,18.09427],[121.50802,18.0943]],[[121.50837,18.08608],[121.50845,18.08616],[121.50849,18.08605],[121.50837,18.08608]],[[121.50887,18.08319],[121.50895,18.08327],[121.50898,18.08316],[121.50887,18.08319]],[[121.50915,18.08276],[121.50923,18.08291],[121.50927,18.08271],[121.50915,18.08276]],[[121.50951,18.08527],[121.50969,18.08544],[121.50972,18.08524],[121.50951,18.08527]],[[121.50995,18.10091],[121.51003,18.10099],[121.51006,18.10088],[121.50995,18.10091]],[[121.51198,18.09728],[121.51198,18.09782],[121.51207,18.09782],[121.51217,18.098],[121.51235,18.0981],[121.51235,18.09819],[121.51264,18.09819],[121.51264,18.0981],[121.51273,18.0981],[121.51273,18.09783],[121.51283,18.09783],[121.51283,18.09738],[121.51295,18.09733],[121.51283,18.09729],[121.51283,18.0971],[121.51227,18.0971],[121.51227,18.09719],[121.51208,18.09719],[121.51208,18.09728],[121.51198,18.09728]],[[121.51257,18.08114],[121.51265,18.08122],[121.51269,18.08111],[121.51257,18.08114]],[[121.51638,18.07746],[121.51646,18.07754],[121.5165,18.07743],[121.51638,18.07746]],[[121.52596,18.09597],[121.52604,18.09605],[121.52607,18.09594],[121.52596,18.09597]],[[121.52621,18.0875],[121.52643,18.08754],[121.52637,18.08742],[121.52621,18.0875]],[[121.52641,18.09753],[121.52649,18.09769],[121.52653,18.09748],[121.52641,18.09753]],[[121.52641,18.09823],[121.52649,18.09831],[121.52653,18.0982],[121.52641,18.09823]],[[121.52643,18.08754],[121.52652,18.08768],[121.52703,18.08784],[121.52679,18.08758],[121.52643,18.08754]],[[121.52651,18.09661],[121.52668,18.09669],[121.52673,18.09658],[121.52651,18.09661]],[[121.52652,18.09625],[121.5266,18.09633],[121.52664,18.09622],[121.52652,18.09625]],[[121.52653,18.09543],[121.52661,18.09551],[121.52664,18.0954],[121.52653,18.09543]],[[121.52653,18.0982],[121.52664,18.09817],[121.52656,18.09809],[121.52653,18.0982]],[[121.5266,18.09689],[121.52685,18.09697],[121.52692,18.09685],[121.5266,18.09689]],[[121.52669,18.0986],[121.52677,18.09868],[121.52681,18.09857],[121.52669,18.0986]],[[121.52678,18.08803],[121.52686,18.08811],[121.52689,18.088],[121.52678,18.08803]],[[121.52681,18.09526],[121.5269,18.09533],[121.52693,18.09523],[121.52681,18.09526]],[[121.52682,18.09435],[121.5269,18.09443],[121.52694,18.09432],[121.52682,18.09435]],[[121.52682,18.09471],[121.5269,18.09479],[121.52693,18.09468],[121.52682,18.09471]],[[121.52683,18.09354],[121.52691,18.09362],[121.52694,18.09351],[121.52683,18.09354]],[[121.52686,18.09417],[121.52694,18.09432],[121.52716,18.09428],[121.52706,18.09411],[121.52686,18.09417]],[[121.52689,18.09751],[121.52707,18.09768],[121.5271,18.09749],[121.52689,18.09751]],[[121.52697,18.09726],[121.52708,18.09742],[121.5272,18.09722],[121.52697,18.09726]],[[121.52702,18.09108],[121.52724,18.09119],[121.52715,18.09098],[121.52702,18.09108]],[[121.52705,18.08769],[121.52753,18.08802],[121.52774,18.08831],[121.52803,18.08822],[121.52784,18.08796],[121.52739,18.0878],[121.52728,18.08764],[121.52705,18.08769]],[[121.52707,18.0874],[121.52715,18.08748],[121.52718,18.08737],[121.52707,18.0874]],[[121.52709,18.0951],[121.52717,18.09525],[121.52721,18.09505],[121.52709,18.0951]],[[121.52722,18.09474],[121.52762,18.09486],[121.5275,18.0946],[121.52722,18.09474]],[[121.52726,18.09842],[121.52734,18.0985],[121.52737,18.09839],[121.52726,18.09842]],[[121.52727,18.09433],[121.52753,18.09453],[121.52741,18.09423],[121.52727,18.09433]],[[121.52727,18.09501],[121.5274,18.09517],[121.52769,18.09505],[121.52761,18.09492],[121.52727,18.09501]],[[121.52727,18.09716],[121.52735,18.09724],[121.52739,18.09713],[121.52727,18.09716]],[[121.52729,18.09816],[121.52744,18.09824],[121.52747,18.0983],[121.52762,18.09834],[121.52769,18.09875],[121.52797,18.0986],[121.52784,18.09826],[121.52794,18.09802],[121.52773,18.09795],[121.52729,18.09816]],[[121.52731,18.09183],[121.52747,18.09191],[121.52752,18.0918],[121.52731,18.09183]],[[121.52737,18.09839],[121.52747,18.09839],[121.52747,18.0983],[121.52738,18.0983],[121.52737,18.09839]],[[121.52745,18.09761],[121.52754,18.09769],[121.52757,18.09758],[121.52745,18.09761]],[[121.52751,18.0942],[121.52779,18.09424],[121.52768,18.09403],[121.52751,18.0942]],[[121.52756,18.08712],[121.52773,18.0874],[121.52788,18.08728],[121.52775,18.08701],[121.52756,18.08712]],[[121.52758,18.09445],[121.52766,18.09453],[121.52769,18.09442],[121.52758,18.09445]],[[121.52765,18.08854],[121.5278,18.08879],[121.52778,18.08896],[121.5279,18.08905],[121.52785,18.08931],[121.52802,18.0894],[121.52812,18.08891],[121.52789,18.08878],[121.52812,18.08873],[121.52812,18.08864],[121.52806,18.0886],[121.52765,18.08854]],[[121.52767,18.09472],[121.52775,18.0948],[121.52778,18.09469],[121.52767,18.09472]],[[121.52769,18.09505],[121.52781,18.09526],[121.5279,18.0951],[121.52769,18.09505]],[[121.52776,18.09356],[121.52786,18.09373],[121.52806,18.09366],[121.52798,18.09352],[121.52776,18.09356]],[[121.52779,18.08996],[121.52788,18.0902],[121.52792,18.0899],[121.52779,18.08996]],[[121.52779,18.09424],[121.52793,18.09438],[121.52792,18.09464],[121.52802,18.09456],[121.52817,18.0944],[121.52831,18.09465],[121.52849,18.0951],[121.52875,18.09536],[121.52858,18.09474],[121.52859,18.09465],[121.5284,18.09448],[121.52859,18.09438],[121.52877,18.09439],[121.52892,18.09434],[121.52889,18.09419],[121.52849,18.09406],[121.52845,18.09388],[121.52823,18.09393],[121.52803,18.0942],[121.52779,18.09424]],[[121.52785,18.07321],[121.52793,18.07329],[121.52796,18.07318],[121.52785,18.07321]],[[121.52788,18.08972],[121.52832,18.08985],[121.5282,18.08954],[121.52788,18.08972]],[[121.5279,18.09888],[121.52819,18.09878],[121.52832,18.09858],[121.5281,18.09862],[121.5279,18.09888]],[[121.52798,18.09352],[121.52811,18.09347],[121.52802,18.09331],[121.52798,18.09352]],[[121.528,18.0874],[121.52818,18.08748],[121.52822,18.08728],[121.528,18.0874]],[[121.52802,18.09479],[121.52825,18.0949],[121.52816,18.09469],[121.52802,18.09479]],[[121.52812,18.08864],[121.52833,18.08861],[121.52815,18.08844],[121.52812,18.08864]],[[121.52812,18.08873],[121.52812,18.08891],[121.52825,18.08882],[121.52812,18.08873]],[[121.52817,18.09048],[121.52833,18.09056],[121.52839,18.09045],[121.52817,18.09048]],[[121.52825,18.09331],[121.52836,18.09334],[121.52833,18.09323],[121.52825,18.09331]],[[121.52827,18.09356],[121.52849,18.09344],[121.52836,18.09334],[121.52827,18.09356]],[[121.52837,18.09892],[121.5286,18.09912],[121.52883,18.09876],[121.52837,18.09892]],[[121.52845,18.09388],[121.52868,18.09397],[121.52856,18.09376],[121.52845,18.09388]],[[121.5286,18.09912],[121.52863,18.09923],[121.52871,18.09916],[121.5286,18.09912]],[[121.52879,18.09324],[121.52915,18.09347],[121.52921,18.09307],[121.52879,18.09324]],[[121.52883,18.08977],[121.5289,18.08989],[121.52912,18.08979],[121.52915,18.08973],[121.52883,18.08977]],[[121.52889,18.09466],[121.52897,18.09481],[121.52901,18.09461],[121.52889,18.09466]],[[121.52892,18.09434],[121.52895,18.09445],[121.52904,18.09437],[121.52892,18.09434]],[[121.52901,18.09139],[121.52918,18.09147],[121.52923,18.09136],[121.52901,18.09139]],[[121.52907,18.09465],[121.52919,18.09499],[121.52947,18.09507],[121.52939,18.09482],[121.52948,18.09461],[121.52907,18.09465]],[[121.52909,18.09284],[121.52916,18.09297],[121.52937,18.09286],[121.52941,18.0928],[121.52909,18.09284]],[[121.52913,18.08824],[121.52922,18.0884],[121.52925,18.08819],[121.52913,18.08824]],[[121.52913,18.0894],[121.52921,18.08948],[121.52925,18.08937],[121.52913,18.0894]],[[121.52923,18.09136],[121.52965,18.09131],[121.53031,18.09113],[121.53071,18.09106],[121.53126,18.09074],[121.53083,18.09078],[121.53005,18.09106],[121.52931,18.09126],[121.52923,18.09136]],[[121.52934,18.09835],[121.52942,18.09843],[121.52945,18.09832],[121.52934,18.09835]],[[121.52939,18.09176],[121.52955,18.09184],[121.5296,18.09172],[121.52939,18.09176]],[[121.52974,18.08992],[121.5302,18.09004],[121.53004,18.08979],[121.53,18.08965],[121.5298,18.08969],[121.52974,18.08992]],[[121.52979,18.08933],[121.53,18.08937],[121.52988,18.08916],[121.52979,18.08933]],[[121.53,18.08937],[121.5301,18.08977],[121.53035,18.0897],[121.53023,18.08961],[121.53011,18.08945],[121.53,18.08937]],[[121.53079,18.10405],[121.53097,18.10413],[121.53101,18.10393],[121.53079,18.10405]],[[121.5309,18.09035],[121.53106,18.0905],[121.53113,18.09029],[121.5309,18.09035]],[[121.53108,18.10425],[121.53116,18.10441],[121.5312,18.1042],[121.53108,18.10425]],[[121.53109,18.10333],[121.53117,18.10341],[121.53121,18.1033],[121.53109,18.10333]],[[121.53115,18.10362],[121.53125,18.10379],[121.53135,18.1042],[121.53179,18.10443],[121.53172,18.10425],[121.53162,18.10416],[121.5319,18.10404],[121.53192,18.10385],[121.53144,18.10401],[121.53144,18.10389],[121.53164,18.10371],[121.53135,18.10358],[121.53148,18.10337],[121.53171,18.10362],[121.53173,18.10353],[121.53178,18.10285],[121.53126,18.103],[121.53145,18.10317],[121.53115,18.10362]],[[121.53129,18.10119],[121.53137,18.10143],[121.53149,18.10127],[121.53141,18.10113],[121.53129,18.10119]],[[121.53165,18.1046],[121.53183,18.10476],[121.53186,18.10457],[121.53165,18.1046]],[[121.53184,18.10354],[121.53192,18.10369],[121.53196,18.10349],[121.53184,18.10354]],[[121.53196,18.10349],[121.53218,18.10345],[121.53201,18.10337],[121.53196,18.10349]],[[121.53261,18.06703],[121.53276,18.06729],[121.5329,18.06713],[121.53283,18.06699],[121.53261,18.06703]],[[121.53538,18.0737],[121.5356,18.07382],[121.53552,18.0736],[121.53538,18.0737]],[[121.53564,18.07647],[121.53581,18.07662],[121.53587,18.07641],[121.53564,18.07647]],[[121.5371,18.09598],[121.53718,18.09624],[121.53743,18.09616],[121.53732,18.09594],[121.5371,18.09598]],[[121.53756,18.09628],[121.53772,18.09661],[121.53817,18.0965],[121.53798,18.09621],[121.53756,18.09628]],[[121.53852,18.09544],[121.53869,18.09552],[121.53874,18.09541],[121.53852,18.09544]],[[121.5393,18.06871],[121.53943,18.06887],[121.53994,18.06897],[121.53981,18.06867],[121.5393,18.06871]],[[121.53958,18.08022],[121.53995,18.08017],[121.54019,18.07987],[121.53995,18.07991],[121.53986,18.08001],[121.53958,18.08022]],[[121.53964,18.09601],[121.53979,18.09617],[121.53996,18.09596],[121.53964,18.09601]],[[121.54019,18.07987],[121.54048,18.08],[121.54066,18.07992],[121.54024,18.07979],[121.54019,18.07987]],[[121.54078,18.09717],[121.54086,18.09725],[121.5409,18.09714],[121.54078,18.09717]],[[121.54079,18.07993],[121.54128,18.08001],[121.54151,18.08006],[121.54147,18.07991],[121.54083,18.07977],[121.54079,18.07993]],[[121.5408,18.08325],[121.54088,18.08333],[121.54092,18.08322],[121.5408,18.08325]],[[121.54099,18.07196],[121.54107,18.07204],[121.54111,18.07193],[121.54099,18.07196]],[[121.54151,18.08006],[121.54151,18.08016],[121.5417,18.08016],[121.5417,18.08007],[121.54151,18.08006]],[[121.5417,18.08016],[121.5417,18.08025],[121.54189,18.08025],[121.54189,18.08016],[121.5417,18.08016]],[[121.54189,18.08025],[121.54199,18.08038],[121.54231,18.08027],[121.54222,18.0802],[121.54189,18.08025]],[[121.54201,18.09736],[121.54209,18.09744],[121.54212,18.09733],[121.54201,18.09736]],[[121.54268,18.08436],[121.54284,18.08444],[121.54289,18.08432],[121.54268,18.08436]],[[121.54315,18.07068],[121.54344,18.0709],[121.54436,18.071],[121.54489,18.0707],[121.5456,18.07079],[121.54695,18.07019],[121.54777,18.06923],[121.54788,18.0688],[121.54758,18.06868],[121.5474,18.06927],[121.54708,18.06951],[121.54681,18.06948],[121.54606,18.06975],[121.54551,18.06983],[121.54513,18.07009],[121.54429,18.07026],[121.54424,18.07033],[121.54414,18.07033],[121.54405,18.07032],[121.54405,18.07042],[121.54378,18.07047],[121.54345,18.07043],[121.54315,18.07068]],[[121.54318,18.08031],[121.54326,18.08046],[121.5433,18.08026],[121.54318,18.08031]],[[121.54319,18.08059],[121.5433,18.08062],[121.54327,18.08051],[121.54319,18.08059]],[[121.54327,18.08228],[121.54335,18.08236],[121.54338,18.08225],[121.54327,18.08228]],[[121.5433,18.08062],[121.54333,18.08073],[121.54342,18.08065],[121.5433,18.08062]],[[121.54336,18.08115],[121.54344,18.08147],[121.54361,18.08135],[121.54349,18.08107],[121.54336,18.08115]],[[121.54336,18.08201],[121.54352,18.08209],[121.54357,18.08198],[121.54336,18.08201]],[[121.54337,18.06945],[121.54345,18.06953],[121.54349,18.06942],[121.54337,18.06945]],[[121.54564,18.07963],[121.54586,18.07986],[121.54599,18.07972],[121.5458,18.07961],[121.54577,18.07955],[121.54564,18.07963]],[[121.54612,18.07986],[121.5462,18.07994],[121.54624,18.07983],[121.54612,18.07986]],[[121.54639,18.07986],[121.54657,18.07994],[121.54662,18.07974],[121.54639,18.07986]],[[121.54669,18.07923],[121.54687,18.0794],[121.5469,18.0792],[121.54669,18.07923]],[[121.54689,18.07878],[121.54697,18.07886],[121.547,18.07875],[121.54689,18.07878]],[[121.54802,18.0787],[121.5481,18.07878],[121.54814,18.07867],[121.54802,18.0787]],[[121.54821,18.07915],[121.54829,18.07923],[121.54832,18.07912],[121.54821,18.07915]],[[121.54922,18.07918],[121.54937,18.07935],[121.54955,18.07913],[121.54922,18.07918]],[[121.56446,18.07783],[121.56458,18.07789],[121.56458,18.07798],[121.56468,18.07798],[121.56467,18.07807],[121.56505,18.07807],[121.56505,18.07798],[121.56515,18.07798],[121.56515,18.07789],[121.56527,18.07785],[121.56515,18.0778],[121.56515,18.07771],[121.56496,18.07771],[121.5649,18.07759],[121.56457,18.07765],[121.56446,18.07783]]],[[[121.50594,18.05791],[121.50623,18.05771],[121.50655,18.05811],[121.50612,18.05807],[121.50594,18.05791]]],[[[121.50632,18.09321],[121.50654,18.09317],[121.50648,18.09328],[121.50632,18.09321]]],[[[121.50638,18.09754],[121.5065,18.09751],[121.50647,18.09762],[121.50638,18.09754]]],[[[121.5064,18.05332],[121.5065,18.05332],[121.5065,18.05341],[121.5064,18.05341],[121.5064,18.05332]]],[[[121.5065,18.05323],[121.50659,18.05323],[121.50659,18.05332],[121.5065,18.05332],[121.5065,18.05323]]],[[[121.50655,18.05811],[121.50664,18.05811],[121.50664,18.0582],[121.50655,18.0582],[121.50655,18.05811]]],[[[121.50656,18.09645],[121.50694,18.09651],[121.50732,18.09604],[121.50741,18.09575],[121.50788,18.09558],[121.50793,18.09589],[121.50793,18.09598],[121.50784,18.09598],[121.50783,18.09616],[121.50765,18.09616],[121.50764,18.09625],[121.50746,18.09625],[121.50745,18.09634],[121.50727,18.09634],[121.50726,18.09652],[121.50721,18.09656],[121.50669,18.09663],[121.50656,18.09645]]],[[[121.50659,18.05314],[121.50669,18.05314],[121.50669,18.05323],[121.50659,18.05323],[121.50659,18.05314]]],[[[121.50664,18.0582],[121.50676,18.05823],[121.50668,18.05831],[121.50664,18.0582]]],[[[121.50669,18.05296],[121.50678,18.05296],[121.50678,18.05287],[121.50688,18.05287],[121.50688,18.05269],[121.50697,18.05269],[121.50697,18.0526],[121.50698,18.05251],[121.50707,18.05251],[121.50707,18.05233],[121.50726,18.05233],[121.50726,18.05224],[121.50736,18.05224],[121.50736,18.05215],[121.50754,18.05215],[121.50755,18.05206],[121.50786,18.05192],[121.50793,18.0518],[121.50811,18.0518],[121.50799,18.05195],[121.50724,18.05251],[121.50687,18.053],[121.50669,18.05314],[121.50669,18.05296]]],[[[121.50679,18.09468],[121.50687,18.0946],[121.5069,18.09471],[121.50679,18.09468]]],[[[121.5069,18.09471],[121.50702,18.09474],[121.50693,18.09482],[121.5069,18.09471]]],[[[121.50691,18.09326],[121.50701,18.09326],[121.50701,18.09335],[121.50691,18.09335],[121.50691,18.09326]]],[[[121.50696,18.05352],[121.50786,18.05274],[121.5083,18.05243],[121.5083,18.05261],[121.5082,18.05261],[121.5082,18.0527],[121.50811,18.0527],[121.50811,18.05279],[121.50792,18.05288],[121.50782,18.05288],[121.50782,18.05297],[121.50773,18.05297],[121.50773,18.05306],[121.50763,18.05324],[121.50754,18.05324],[121.50753,18.05333],[121.50753,18.05414],[121.50762,18.05414],[121.50762,18.05423],[121.50772,18.05423],[121.50772,18.05432],[121.50781,18.05433],[121.50785,18.05438],[121.50813,18.05457],[121.50822,18.05492],[121.50828,18.05496],[121.50827,18.05523],[121.50827,18.05541],[121.50822,18.05545],[121.50803,18.0557],[121.50799,18.05586],[121.50789,18.05586],[121.50789,18.05595],[121.5078,18.05595],[121.5078,18.05604],[121.5077,18.05604],[121.5077,18.05622],[121.5076,18.05622],[121.5076,18.05649],[121.50751,18.05649],[121.50751,18.05667],[121.50741,18.05667],[121.50741,18.05712],[121.50731,18.05712],[121.50736,18.05662],[121.50755,18.056],[121.50747,18.05502],[121.50729,18.05454],[121.50713,18.05428],[121.50696,18.05352]]],[[[121.50697,18.09492],[121.50709,18.09489],[121.50706,18.095],[121.50697,18.09492]]],[[[121.50721,18.0583],[121.50722,18.05721],[121.50731,18.05721],[121.50731,18.0573],[121.5073,18.0583],[121.50721,18.0583]]],[[[121.50742,18.08552],[121.50764,18.08541],[121.50759,18.08561],[121.50742,18.08552]]],[[[121.50751,18.08627],[121.50763,18.08622],[121.5076,18.08643],[121.50751,18.08627]]],[[[121.50755,18.09423],[121.50763,18.09415],[121.50766,18.09426],[121.50755,18.09423]]],[[[121.5077,18.0877],[121.50781,18.08767],[121.50778,18.08778],[121.5077,18.0877]]],[[[121.50771,18.08599],[121.50779,18.08583],[121.50783,18.08604],[121.50771,18.08599]]],[[[121.50789,18.08752],[121.508,18.08749],[121.50797,18.0876],[121.50789,18.08752]]],[[[121.50791,18.09495],[121.50803,18.0949],[121.50799,18.0951],[121.50791,18.09495]]],[[[121.50811,18.0518],[121.50812,18.05171],[121.50821,18.05171],[121.50821,18.0518],[121.50811,18.0518]]],[[[121.50821,18.05153],[121.50831,18.05153],[121.5083,18.05171],[121.50821,18.05171],[121.50821,18.05153]]],[[[121.5083,18.05243],[121.50838,18.05217],[121.50895,18.05177],[121.50947,18.05171],[121.51042,18.05214],[121.51162,18.05261],[121.51183,18.05287],[121.51188,18.05291],[121.51183,18.05313],[121.51179,18.05336],[121.51178,18.05345],[121.51188,18.05345],[121.51188,18.05363],[121.51197,18.05363],[121.51197,18.05382],[121.51207,18.05382],[121.51206,18.05391],[121.51206,18.054],[121.51216,18.054],[121.51216,18.05418],[121.51225,18.05418],[121.51225,18.05427],[121.51244,18.05427],[121.51244,18.05436],[121.51272,18.05436],[121.51272,18.05445],[121.51282,18.05445],[121.51338,18.05446],[121.51357,18.05446],[121.51357,18.05437],[121.51367,18.05437],[121.51367,18.05428],[121.51404,18.05428],[121.51404,18.05446],[121.51395,18.05446],[121.51395,18.05464],[121.51385,18.05464],[121.51385,18.05528],[121.51375,18.05527],[121.51375,18.05518],[121.51357,18.05518],[121.51357,18.05509],[121.51338,18.05509],[121.51338,18.055],[121.51319,18.055],[121.51319,18.05491],[121.513,18.05491],[121.513,18.05482],[121.51281,18.05482],[121.51272,18.05481],[121.51272,18.05472],[121.51244,18.05472],[121.51244,18.05463],[121.51225,18.05463],[121.51225,18.05454],[121.51196,18.05454],[121.51197,18.05445],[121.51187,18.05445],[121.51187,18.05436],[121.51178,18.05436],[121.51178,18.0539],[121.51169,18.0539],[121.51169,18.05363],[121.51159,18.05363],[121.5116,18.05354],[121.5116,18.05336],[121.5115,18.05336],[121.5115,18.05309],[121.51164,18.05298],[121.51136,18.05287],[121.51109,18.05272],[121.5107,18.05255],[121.51029,18.05232],[121.51009,18.05226],[121.5101,18.05217],[121.51,18.05217],[121.51,18.05208],[121.50981,18.05208],[121.50981,18.05199],[121.50953,18.05199],[121.50953,18.0519],[121.50906,18.0519],[121.50906,18.05199],[121.50885,18.05202],[121.50877,18.05216],[121.50868,18.05216],[121.50868,18.05225],[121.50858,18.05225],[121.50858,18.05234],[121.50849,18.05234],[121.50849,18.05243],[121.5083,18.05243]]],[[[121.50831,18.05144],[121.5085,18.05144],[121.50849,18.05153],[121.50831,18.05153],[121.50831,18.05144]]],[[[121.5085,18.05135],[121.50862,18.05129],[121.50878,18.05126],[121.50871,18.0514],[121.5085,18.05144],[121.5085,18.05135]]],[[[121.50867,18.08273],[121.50883,18.08258],[121.50889,18.0828],[121.50867,18.08273]]],[[[121.50869,18.09508],[121.50879,18.09509],[121.50879,18.09518],[121.50869,18.09518],[121.50869,18.09508]]],[[[121.50879,18.09518],[121.5089,18.09521],[121.50882,18.09529],[121.50879,18.09518]]],[[[121.50887,18.05126],[121.50888,18.05117],[121.50916,18.05117],[121.50916,18.05126],[121.50887,18.05126]]],[[[121.50925,18.05126],[121.50954,18.05127],[121.50954,18.05136],[121.50925,18.05135],[121.50925,18.05126]]],[[[121.50963,18.05136],[121.5102,18.05136],[121.5102,18.05145],[121.51038,18.05145],[121.51038,18.05154],[121.51048,18.05154],[121.51057,18.05155],[121.51057,18.05164],[121.51033,18.05159],[121.50967,18.05141],[121.50963,18.05136]]],[[[121.51057,18.05164],[121.51095,18.05164],[121.51095,18.05173],[121.51114,18.05173],[121.51129,18.05176],[121.51161,18.05191],[121.51161,18.05201],[121.5117,18.05201],[121.5117,18.0521],[121.51155,18.05206],[121.51125,18.05187],[121.51066,18.05175],[121.51057,18.05164]]],[[[121.5117,18.0521],[121.51199,18.0521],[121.51198,18.05219],[121.5117,18.05219],[121.5117,18.0521]]],[[[121.51188,18.05291],[121.51189,18.05273],[121.51198,18.05273],[121.51198,18.05291],[121.51188,18.05291]]],[[[121.51198,18.05219],[121.51236,18.05219],[121.51236,18.05228],[121.51198,18.05228],[121.51198,18.05219]]],[[[121.51198,18.05264],[121.51226,18.05264],[121.51226,18.05273],[121.51198,18.05273],[121.51198,18.05264]]],[[[121.51227,18.08062],[121.5125,18.08048],[121.51242,18.08078],[121.51227,18.08062]]],[[[121.51236,18.05255],[121.51255,18.05255],[121.51255,18.05264],[121.51236,18.05264],[121.51236,18.05255]]],[[[121.51246,18.0521],[121.51265,18.0521],[121.51265,18.05219],[121.51246,18.05219],[121.51246,18.0521]]],[[[121.51264,18.05247],[121.51274,18.05247],[121.51274,18.05256],[121.51264,18.05256],[121.51264,18.05247]]],[[[121.51265,18.05201],[121.51274,18.05201],[121.51274,18.0521],[121.51265,18.0521],[121.51265,18.05201]]],[[[121.51274,18.05192],[121.51293,18.05193],[121.51293,18.05202],[121.51274,18.05201],[121.51274,18.05192]]],[[[121.51274,18.05238],[121.51302,18.05238],[121.51302,18.05247],[121.51274,18.05247],[121.51274,18.05238]]],[[[121.51293,18.04988],[121.51304,18.04985],[121.51301,18.04996],[121.51293,18.04988]]],[[[121.51294,18.08012],[121.51307,18.08003],[121.51313,18.08026],[121.51305,18.08034],[121.51294,18.08012]]],[[[121.51303,18.05184],[121.51331,18.05184],[121.51331,18.05193],[121.51303,18.05193],[121.51303,18.05184]]],[[[121.51304,18.04985],[121.51308,18.04974],[121.51316,18.04982],[121.51304,18.04985]]],[[[121.51304,18.0503],[121.51308,18.05025],[121.51342,18.0503],[121.51342,18.05039],[121.51361,18.05039],[121.5137,18.05052],[121.51427,18.05043],[121.51436,18.05031],[121.51465,18.05031],[121.51464,18.05049],[121.51474,18.05049],[121.51474,18.05058],[121.51512,18.05059],[121.51512,18.0505],[121.51521,18.0505],[121.51521,18.04995],[121.51531,18.04996],[121.51531,18.04987],[121.5154,18.04987],[121.51541,18.04978],[121.51578,18.04978],[121.51578,18.04987],[121.51588,18.04987],[121.51607,18.04996],[121.51606,18.05005],[121.51616,18.05005],[121.51663,18.05006],[121.51672,18.05018],[121.51682,18.05006],[121.51691,18.05006],[121.51692,18.04997],[121.51701,18.04997],[121.51701,18.0497],[121.51692,18.0497],[121.51692,18.04943],[121.51701,18.04943],[121.51701,18.04961],[121.51711,18.04961],[121.51724,18.0502],[121.51759,18.05063],[121.51733,18.05074],[121.51696,18.05101],[121.51614,18.05111],[121.51599,18.05201],[121.51529,18.05195],[121.5152,18.05185],[121.51539,18.05185],[121.51586,18.05186],[121.51599,18.05177],[121.51586,18.05168],[121.51586,18.05159],[121.5159,18.05126],[121.51619,18.05085],[121.51595,18.0508],[121.51564,18.05123],[121.51526,18.05108],[121.51511,18.05104],[121.51511,18.05095],[121.51502,18.05095],[121.51502,18.05086],[121.51492,18.05086],[121.51426,18.05085],[121.51417,18.05085],[121.51417,18.05094],[121.51398,18.05094],[121.51398,18.05103],[121.5136,18.05103],[121.5136,18.05094],[121.51351,18.05094],[121.51351,18.05085],[121.51341,18.05084],[121.51338,18.05056],[121.51323,18.05048],[121.51323,18.05039],[121.51304,18.05039],[121.51304,18.0503]],[[121.5163,18.05069],[121.51644,18.05078],[121.51644,18.05087],[121.51691,18.05087],[121.51691,18.05078],[121.51704,18.05069],[121.51691,18.0506],[121.51691,18.05051],[121.51644,18.05051],[121.51644,18.0506],[121.5163,18.05069]]],[[[121.51314,18.07963],[121.51327,18.07958],[121.51323,18.07978],[121.51314,18.07963]]],[[[121.51321,18.05238],[121.51327,18.0523],[121.51411,18.0521],[121.51495,18.05226],[121.51601,18.05235],[121.51604,18.0524],[121.51576,18.0524],[121.51576,18.05249],[121.51557,18.05249],[121.51557,18.0524],[121.51538,18.0524],[121.51482,18.05239],[121.51482,18.0523],[121.51472,18.0523],[121.51387,18.05229],[121.51368,18.05229],[121.51368,18.05238],[121.51321,18.05238]]],[[[121.5134,18.05184],[121.51341,18.05175],[121.51369,18.05175],[121.51369,18.05184],[121.5134,18.05184]]],[[[121.5137,18.07964],[121.51393,18.07958],[121.51386,18.0798],[121.5137,18.07964]]],[[[121.51425,18.05184],[121.51426,18.05175],[121.51435,18.05176],[121.51473,18.05176],[121.51473,18.05185],[121.51425,18.05184]]],[[[121.51438,18.079],[121.5145,18.07896],[121.51446,18.07916],[121.51438,18.079]]],[[[121.51477,18.07827],[121.51488,18.07824],[121.51485,18.07835],[121.51477,18.07827]]],[[[121.51515,18.07782],[121.51526,18.07779],[121.51523,18.0779],[121.51515,18.07782]]],[[[121.51553,18.07773],[121.51564,18.0777],[121.51561,18.07781],[121.51553,18.07773]]],[[[121.51604,18.0524],[121.51657,18.05244],[121.51724,18.0526],[121.51807,18.05292],[121.51851,18.05304],[121.51903,18.05324],[121.51957,18.05363],[121.52003,18.05376],[121.52069,18.05416],[121.52129,18.05429],[121.52198,18.05419],[121.52236,18.05425],[121.52311,18.05415],[121.5237,18.05424],[121.52419,18.05459],[121.52449,18.05476],[121.52502,18.0552],[121.52522,18.05568],[121.52551,18.05604],[121.52565,18.05627],[121.52546,18.05627],[121.52546,18.05609],[121.52537,18.05609],[121.52537,18.056],[121.52527,18.056],[121.52527,18.05591],[121.52518,18.0559],[121.52518,18.05581],[121.52508,18.05581],[121.52509,18.05572],[121.52509,18.05563],[121.52499,18.05563],[121.52499,18.05536],[121.5249,18.05536],[121.5249,18.05527],[121.52481,18.05527],[121.52481,18.05518],[121.52471,18.05518],[121.52465,18.05506],[121.52452,18.055],[121.52453,18.05491],[121.52443,18.0549],[121.52434,18.0549],[121.52434,18.05481],[121.52405,18.05481],[121.52405,18.05472],[121.52387,18.05472],[121.52387,18.05463],[121.52368,18.05463],[121.52368,18.05454],[121.52349,18.05454],[121.52349,18.05445],[121.52321,18.05444],[121.52302,18.05444],[121.52302,18.05435],[121.52264,18.05435],[121.52094,18.05434],[121.52075,18.05433],[121.52056,18.05433],[121.52056,18.05424],[121.52037,18.05424],[121.52038,18.05415],[121.52028,18.05415],[121.52028,18.05406],[121.52009,18.05406],[121.52009,18.05397],[121.51981,18.05397],[121.51981,18.05388],[121.51962,18.05387],[121.51962,18.05378],[121.51943,18.05378],[121.51943,18.05369],[121.51915,18.05369],[121.51915,18.05351],[121.51906,18.05351],[121.51906,18.05342],[121.51896,18.05342],[121.51897,18.05333],[121.51878,18.05333],[121.51878,18.05324],[121.51859,18.05323],[121.51849,18.05323],[121.51849,18.05314],[121.51793,18.05314],[121.51789,18.05308],[121.51755,18.05286],[121.51746,18.05286],[121.51746,18.05277],[121.51708,18.05277],[121.51708,18.05268],[121.51689,18.05268],[121.51689,18.05259],[121.51661,18.05259],[121.51623,18.05258],[121.51623,18.05249],[121.51604,18.05249],[121.51604,18.0524]]],[[[121.51627,18.05166],[121.51632,18.0513],[121.51686,18.05119],[121.51738,18.05106],[121.51738,18.05115],[121.51725,18.0512],[121.51709,18.05123],[121.517,18.05123],[121.517,18.05132],[121.51671,18.05132],[121.51671,18.05141],[121.51653,18.05141],[121.51652,18.05177],[121.51671,18.05177],[121.51671,18.05186],[121.51718,18.05187],[121.51746,18.05205],[121.51746,18.05214],[121.51794,18.05214],[121.51794,18.05223],[121.51803,18.05224],[121.51812,18.05224],[121.51812,18.05233],[121.51753,18.05228],[121.51639,18.05196],[121.51627,18.05166]]],[[[121.51665,18.04798],[121.51674,18.04798],[121.51674,18.04807],[121.51665,18.04807],[121.51665,18.04798]]],[[[121.51673,18.04897],[121.51674,18.04861],[121.51674,18.04807],[121.51684,18.04807],[121.51684,18.04825],[121.51693,18.04825],[121.51693,18.04861],[121.51702,18.04861],[121.51702,18.0487],[121.51711,18.0487],[121.51711,18.04879],[121.51721,18.0488],[121.51721,18.04889],[121.51749,18.04889],[121.51749,18.04898],[121.51692,18.04897],[121.51692,18.04943],[121.51683,18.04942],[121.51683,18.04897],[121.51673,18.04897]]],[[[121.5168,18.05416],[121.51688,18.05385],[121.51698,18.05385],[121.51698,18.05376],[121.5171,18.05367],[121.51717,18.05331],[121.51736,18.05331],[121.51736,18.05322],[121.51766,18.05326],[121.51774,18.05341],[121.51767,18.05344],[121.51754,18.05368],[121.51729,18.0538],[121.51726,18.05386],[121.51717,18.05386],[121.51717,18.05395],[121.51704,18.05401],[121.51697,18.05412],[121.51688,18.05412],[121.51688,18.05421],[121.5168,18.05416]]],[[[121.51701,18.04943],[121.51702,18.04906],[121.51749,18.04907],[121.51749,18.04898],[121.51768,18.04898],[121.51768,18.04907],[121.51787,18.04907],[121.51787,18.04916],[121.51796,18.04916],[121.51796,18.04952],[121.51805,18.04952],[121.51805,18.04971],[121.51824,18.04971],[121.51824,18.04944],[121.51834,18.04944],[121.51834,18.04908],[121.51843,18.04908],[121.51844,18.04871],[121.51853,18.04872],[121.51853,18.04853],[121.51863,18.04854],[121.51872,18.04854],[121.51872,18.04845],[121.51891,18.04845],[121.51891,18.04836],[121.51944,18.04823],[121.51948,18.04818],[121.51958,18.04818],[121.51958,18.04809],[121.5197,18.04803],[121.51986,18.048],[121.51995,18.048],[121.51996,18.04791],[121.52047,18.04778],[121.52071,18.04774],[121.52081,18.04774],[121.52081,18.04765],[121.5209,18.04765],[121.5209,18.04747],[121.52091,18.04702],[121.52081,18.04702],[121.52081,18.04683],[121.52082,18.04674],[121.52072,18.04674],[121.52072,18.04656],[121.52063,18.04656],[121.52063,18.04647],[121.52044,18.04647],[121.52044,18.04638],[121.52025,18.04638],[121.52025,18.04629],[121.52016,18.04629],[121.52016,18.0462],[121.52006,18.0462],[121.52006,18.04611],[121.51997,18.04611],[121.51997,18.04602],[121.51988,18.04601],[121.51988,18.04592],[121.51978,18.04592],[121.51978,18.04583],[121.51969,18.04583],[121.51969,18.04574],[121.5195,18.04574],[121.5195,18.04565],[121.51941,18.04565],[121.51913,18.04547],[121.51913,18.04529],[121.51922,18.04529],[121.51922,18.04511],[121.51941,18.04502],[121.51951,18.04502],[121.51951,18.04493],[121.5196,18.04493],[121.5196,18.04511],[121.51948,18.04515],[121.5196,18.0452],[121.5196,18.04565],[121.51969,18.04565],[121.52025,18.04611],[121.52025,18.0462],[121.52044,18.0462],[121.52044,18.04629],[121.52063,18.04629],[121.52063,18.04638],[121.52072,18.04638],[121.52072,18.04647],[121.52082,18.04647],[121.52082,18.04656],[121.52091,18.04656],[121.52091,18.04675],[121.521,18.04675],[121.521,18.04747],[121.52109,18.04747],[121.52109,18.04756],[121.52128,18.04756],[121.52128,18.04765],[121.52156,18.04765],[121.52156,18.04774],[121.52107,18.04777],[121.52099,18.04792],[121.52081,18.04792],[121.5208,18.04801],[121.52062,18.04801],[121.52061,18.0481],[121.52024,18.0481],[121.52024,18.04819],[121.52014,18.04819],[121.52005,18.04818],[121.52005,18.04827],[121.51986,18.04827],[121.51986,18.04845],[121.51976,18.04845],[121.51976,18.04854],[121.51967,18.04854],[121.51967,18.04863],[121.51957,18.04863],[121.51957,18.04872],[121.51948,18.04872],[121.51948,18.04881],[121.51947,18.0489],[121.51929,18.0489],[121.51928,18.04899],[121.51919,18.04899],[121.51919,18.0489],[121.519,18.0489],[121.51896,18.04878],[121.51891,18.0489],[121.51872,18.0489],[121.51872,18.04917],[121.51862,18.04917],[121.51862,18.04962],[121.51871,18.04962],[121.51871,18.04989],[121.51862,18.04989],[121.51862,18.04998],[121.51852,18.04998],[121.51848,18.04973],[121.51824,18.05007],[121.51795,18.05007],[121.51795,18.05016],[121.51824,18.05016],[121.51824,18.05025],[121.51805,18.05025],[121.51805,18.05034],[121.51795,18.05034],[121.51795,18.05079],[121.51785,18.05079],[121.5178,18.05022],[121.51734,18.04984],[121.51721,18.04969],[121.51711,18.04961],[121.51711,18.04943],[121.51701,18.04943]],[[121.51749,18.04907],[121.51752,18.04918],[121.5176,18.0491],[121.51749,18.04907]],[[121.51795,18.05007],[121.51792,18.04996],[121.51784,18.05003],[121.51795,18.05007]],[[121.51708,18.04929],[121.5172,18.04934],[121.5172,18.04952],[121.5173,18.04952],[121.5173,18.04961],[121.51739,18.04961],[121.51739,18.0497],[121.51748,18.0497],[121.51753,18.04982],[121.51758,18.0497],[121.51758,18.04934],[121.51749,18.04934],[121.51749,18.04925],[121.51739,18.04925],[121.5173,18.04912],[121.5172,18.04925],[121.51708,18.04929]],[[121.51765,18.04921],[121.51773,18.04937],[121.51777,18.04916],[121.51765,18.04921]],[[121.51773,18.04951],[121.51782,18.04982],[121.51786,18.04943],[121.51773,18.04951]]],[[[121.51738,18.05097],[121.51757,18.05097],[121.51757,18.05106],[121.51738,18.05106],[121.51738,18.05097]]],[[[121.51757,18.05088],[121.51776,18.05088],[121.51776,18.05097],[121.51757,18.05097],[121.51757,18.05088]]],[[[121.51776,18.05079],[121.51785,18.05079],[121.51785,18.05088],[121.51776,18.05088],[121.51776,18.05079]]],[[[121.51811,18.04212],[121.51812,18.04193],[121.51821,18.04194],[121.51821,18.04203],[121.5183,18.04203],[121.5183,18.04212],[121.5184,18.04212],[121.5184,18.04221],[121.51877,18.04221],[121.51878,18.04212],[121.51925,18.04212],[121.51925,18.04221],[121.51934,18.04222],[121.51944,18.04222],[121.51944,18.04231],[121.51934,18.04231],[121.51915,18.0423],[121.51906,18.0423],[121.51906,18.04239],[121.51896,18.04239],[121.51896,18.04248],[121.51887,18.04248],[121.51887,18.04257],[121.51877,18.04257],[121.51877,18.04284],[121.51868,18.04284],[121.51868,18.04266],[121.51858,18.04266],[121.51858,18.04257],[121.51849,18.04257],[121.51849,18.04248],[121.51839,18.04248],[121.5184,18.04239],[121.5183,18.04239],[121.5183,18.0423],[121.51821,18.0423],[121.51821,18.04212],[121.51811,18.04212]]],[[[121.51812,18.05233],[121.51831,18.05233],[121.51831,18.05242],[121.51812,18.05242],[121.51812,18.05233]]],[[[121.51824,18.05007],[121.51843,18.05007],[121.51842,18.05016],[121.51824,18.05016],[121.51824,18.05007]]],[[[121.51824,18.10206],[121.51856,18.10203],[121.51845,18.10222],[121.51824,18.10206]]],[[[121.51831,18.05242],[121.51859,18.05242],[121.51859,18.05251],[121.51831,18.05251],[121.51831,18.05242]]],[[[121.51843,18.04998],[121.51852,18.04998],[121.51852,18.05007],[121.51843,18.05007],[121.51843,18.04998]]],[[[121.51859,18.05251],[121.51888,18.05251],[121.51888,18.0526],[121.51907,18.0526],[121.51906,18.0527],[121.51869,18.05263],[121.51859,18.05251]]],[[[121.51906,18.0527],[121.51954,18.0527],[121.51954,18.05279],[121.51982,18.05279],[121.51982,18.05288],[121.52001,18.05288],[121.52001,18.05297],[121.5201,18.05297],[121.52029,18.05307],[121.52029,18.05316],[121.52048,18.05316],[121.52048,18.05325],[121.52067,18.05325],[121.52067,18.05334],[121.52085,18.05334],[121.52085,18.05343],[121.52104,18.05343],[121.52104,18.05352],[121.52114,18.05352],[121.52114,18.05361],[121.52132,18.05362],[121.52142,18.05362],[121.52142,18.05371],[121.52189,18.05371],[121.52189,18.05362],[121.52302,18.05363],[121.52321,18.05363],[121.52321,18.05354],[121.5235,18.05354],[121.5235,18.053],[121.52341,18.053],[121.52341,18.05255],[121.52351,18.05255],[121.52351,18.05246],[121.5236,18.05246],[121.5236,18.05237],[121.52379,18.05237],[121.52379,18.05228],[121.52392,18.05219],[121.52379,18.0521],[121.52376,18.05204],[121.52355,18.05197],[121.52338,18.0515],[121.52333,18.05146],[121.52333,18.05137],[121.52323,18.05137],[121.52323,18.05128],[121.52295,18.05128],[121.52238,18.05127],[121.52238,18.05137],[121.52229,18.05136],[121.52229,18.05145],[121.52204,18.05142],[121.52182,18.05136],[121.52182,18.05127],[121.52172,18.05127],[121.52172,18.05109],[121.52163,18.05109],[121.52163,18.051],[121.52144,18.051],[121.52144,18.05091],[121.52172,18.05091],[121.52172,18.051],[121.52182,18.051],[121.52196,18.05121],[121.52223,18.05104],[121.52295,18.05101],[121.52305,18.05113],[121.52314,18.05101],[121.52327,18.05092],[121.52314,18.05083],[121.52314,18.05074],[121.52305,18.05074],[121.52305,18.05065],[121.52296,18.05065],[121.52308,18.05035],[121.52267,18.05028],[121.52268,18.0501],[121.52277,18.0501],[121.52286,18.05023],[121.52296,18.0501],[121.52305,18.05011],[121.52324,18.05011],[121.52324,18.0502],[121.52334,18.05032],[121.52343,18.0502],[121.52371,18.0502],[121.52372,18.05011],[121.52381,18.05011],[121.52381,18.04975],[121.52391,18.04975],[121.52391,18.0493],[121.52401,18.0493],[121.524,18.04939],[121.5241,18.04939],[121.5241,18.04957],[121.52466,18.04958],[121.52467,18.04948],[121.52476,18.04949],[121.52485,18.04949],[121.52485,18.04967],[121.52476,18.04967],[121.52476,18.05003],[121.52466,18.05003],[121.52466,18.05012],[121.52457,18.05012],[121.52456,18.05021],[121.52438,18.05021],[121.52437,18.0503],[121.52428,18.0503],[121.52409,18.05029],[121.52409,18.05038],[121.524,18.05038],[121.524,18.05047],[121.52381,18.05047],[121.52381,18.05065],[121.52371,18.05065],[121.52371,18.05101],[121.5238,18.05101],[121.5238,18.0511],[121.5239,18.05111],[121.5239,18.0512],[121.52408,18.0512],[121.52408,18.05129],[121.52418,18.05129],[121.52418,18.05138],[121.52427,18.05138],[121.52427,18.05165],[121.52417,18.05165],[121.52417,18.05183],[121.52408,18.05183],[121.52408,18.0521],[121.52417,18.0521],[121.52417,18.05237],[121.52426,18.05237],[121.52426,18.05255],[121.52436,18.05255],[121.5244,18.05276],[121.52454,18.05283],[121.52441,18.05306],[121.52429,18.05314],[121.52418,18.05344],[121.52429,18.0536],[121.52435,18.05364],[121.52444,18.05382],[121.52444,18.05391],[121.52405,18.05363],[121.52127,18.0538],[121.51984,18.05304],[121.51911,18.05274],[121.51906,18.0527]]],[[[121.51942,18.04054],[121.51951,18.04038],[121.51954,18.04059],[121.51942,18.04054]]],[[[121.51943,18.0424],[121.51944,18.04231],[121.51953,18.04231],[121.51953,18.0424],[121.51943,18.0424]]],[[[121.51946,18.03969],[121.51954,18.03957],[121.51984,18.03951],[121.52012,18.03969],[121.52012,18.03987],[121.5199,18.03992],[121.52012,18.03996],[121.52012,18.04005],[121.51983,18.04005],[121.51983,18.04014],[121.51974,18.04014],[121.51974,18.03978],[121.51955,18.03978],[121.51955,18.03969],[121.51946,18.03969]]],[[[121.51951,18.04411],[121.51961,18.04411],[121.51961,18.04402],[121.5198,18.04394],[121.51989,18.04394],[121.51989,18.04385],[121.52008,18.04385],[121.52008,18.04376],[121.52037,18.04376],[121.52037,18.04367],[121.52046,18.04367],[121.52046,18.04349],[121.52059,18.04344],[121.52047,18.0434],[121.52047,18.04331],[121.52037,18.04331],[121.52037,18.04322],[121.52028,18.04322],[121.52028,18.04313],[121.52009,18.04312],[121.5199,18.04303],[121.5199,18.04294],[121.51981,18.04294],[121.51981,18.04285],[121.51971,18.04285],[121.51971,18.04276],[121.51962,18.04276],[121.51962,18.04258],[121.52,18.04258],[121.52,18.04249],[121.52009,18.04249],[121.5201,18.0424],[121.52019,18.0424],[121.52019,18.04195],[121.5201,18.04195],[121.5201,18.04186],[121.52001,18.04186],[121.52001,18.04177],[121.51982,18.04177],[121.51982,18.04159],[121.51972,18.04159],[121.51973,18.0414],[121.51982,18.04141],[121.51992,18.04141],[121.51992,18.04132],[121.52001,18.04132],[121.52001,18.04159],[121.5201,18.04159],[121.5201,18.04168],[121.5202,18.04168],[121.52026,18.0418],[121.52038,18.04186],[121.52038,18.04204],[121.52029,18.04204],[121.52029,18.04231],[121.52028,18.04249],[121.52019,18.04249],[121.52019,18.04294],[121.52028,18.04295],[121.52028,18.04304],[121.52047,18.04304],[121.52047,18.04313],[121.52056,18.04313],[121.52056,18.04322],[121.52066,18.04322],[121.52065,18.04331],[121.52065,18.04358],[121.52056,18.04358],[121.52056,18.04367],[121.52049,18.04379],[121.52037,18.04385],[121.52027,18.04385],[121.52027,18.04394],[121.51999,18.04394],[121.51999,18.04403],[121.51989,18.04403],[121.51989,18.04421],[121.5198,18.04421],[121.51979,18.04448],[121.51989,18.04448],[121.51989,18.04457],[121.51979,18.04457],[121.51979,18.04484],[121.5197,18.04484],[121.5197,18.04493],[121.5196,18.04493],[121.5196,18.04466],[121.51961,18.04448],[121.51951,18.04448],[121.51951,18.04411]]],[[[121.51953,18.0424],[121.51962,18.0424],[121.51962,18.04258],[121.51953,18.04258],[121.51953,18.0424]]],[[[121.51954,18.04059],[121.51964,18.04059],[121.51964,18.04068],[121.51954,18.04068],[121.51954,18.04059]]],[[[121.52001,18.04123],[121.5202,18.04123],[121.5202,18.04096],[121.52039,18.04096],[121.52039,18.04105],[121.52033,18.04127],[121.52001,18.04132],[121.52001,18.04123]]],[[[121.52012,18.03987],[121.52021,18.03987],[121.52021,18.03996],[121.52012,18.03996],[121.52012,18.03987]]],[[[121.5204,18.05117],[121.52045,18.05105],[121.52062,18.05113],[121.5204,18.05117]]],[[[121.52046,18.04135],[121.52058,18.04132],[121.52054,18.04143],[121.52046,18.04135]]],[[[121.52073,18.05732],[121.52082,18.05732],[121.52082,18.05741],[121.52073,18.05741],[121.52073,18.05732]]],[[[121.52082,18.05741],[121.52101,18.05741],[121.52107,18.05747],[121.52214,18.05742],[121.52214,18.05751],[121.52243,18.05751],[121.52242,18.0576],[121.52261,18.0576],[121.52261,18.05769],[121.52271,18.05769],[121.52271,18.05778],[121.5229,18.05778],[121.52308,18.05779],[121.52308,18.05788],[121.52337,18.05788],[121.52337,18.05797],[121.52356,18.05797],[121.52355,18.05806],[121.52365,18.05806],[121.52365,18.05815],[121.52393,18.05815],[121.52398,18.05811],[121.52408,18.05781],[121.52434,18.05761],[121.52505,18.05777],[121.5252,18.05812],[121.52599,18.05822],[121.52595,18.05849],[121.52624,18.05871],[121.52679,18.05887],[121.52689,18.05917],[121.52651,18.05902],[121.52629,18.05927],[121.52614,18.05976],[121.526,18.05971],[121.526,18.05962],[121.5259,18.05961],[121.5259,18.05952],[121.52571,18.05952],[121.52572,18.05943],[121.52562,18.05943],[121.52562,18.05925],[121.52553,18.05925],[121.52553,18.05916],[121.52543,18.05916],[121.52544,18.05907],[121.52534,18.05907],[121.52534,18.05898],[121.52496,18.05898],[121.52496,18.05888],[121.52487,18.05888],[121.52487,18.05879],[121.52459,18.05879],[121.52459,18.0587],[121.5243,18.0587],[121.52423,18.05855],[121.52383,18.05851],[121.52383,18.05842],[121.52346,18.05842],[121.52341,18.05831],[121.52336,18.05842],[121.52314,18.05828],[121.52299,18.05824],[121.52299,18.05815],[121.5227,18.05814],[121.5227,18.05805],[121.52261,18.05805],[121.52261,18.05796],[121.52242,18.05796],[121.52242,18.05787],[121.52204,18.05787],[121.52205,18.05778],[121.52148,18.05777],[121.52148,18.05768],[121.52129,18.05768],[121.52129,18.05759],[121.52091,18.05759],[121.52091,18.0575],[121.52082,18.0575],[121.52082,18.05741]]],[[[121.52088,18.05045],[121.52091,18.05034],[121.52099,18.05042],[121.52088,18.05045]]],[[[121.52381,18.06123],[121.52386,18.06098],[121.52428,18.06104],[121.52457,18.06069],[121.52467,18.06069],[121.52467,18.0606],[121.52476,18.0606],[121.52476,18.06051],[121.52495,18.06042],[121.52505,18.06042],[121.52505,18.06033],[121.52514,18.06033],[121.52514,18.06024],[121.52533,18.06024],[121.52533,18.06015],[121.52562,18.06015],[121.52562,18.06006],[121.5259,18.06007],[121.52599,18.06007],[121.52599,18.05998],[121.52613,18.05992],[121.5265,18.05984],[121.52679,18.05966],[121.52752,18.05959],[121.52802,18.05941],[121.52808,18.05915],[121.52799,18.05909],[121.52799,18.05891],[121.52789,18.05891],[121.52789,18.05873],[121.5278,18.05873],[121.5278,18.05854],[121.52771,18.05854],[121.52771,18.05845],[121.52761,18.05845],[121.52761,18.05827],[121.52752,18.05827],[121.52752,18.05818],[121.52743,18.05818],[121.52743,18.058],[121.52733,18.058],[121.52733,18.05791],[121.52724,18.05791],[121.52724,18.05782],[121.52715,18.05782],[121.52715,18.05773],[121.52705,18.05773],[121.52705,18.05764],[121.52696,18.05763],[121.52696,18.05754],[121.52687,18.05754],[121.52687,18.05745],[121.52677,18.05745],[121.52677,18.05736],[121.52668,18.05736],[121.52668,18.05727],[121.52658,18.05727],[121.52658,18.05718],[121.5264,18.05718],[121.5264,18.05709],[121.5263,18.05709],[121.52621,18.05691],[121.52621,18.05682],[121.52612,18.05682],[121.52612,18.05672],[121.52602,18.05672],[121.52602,18.05663],[121.52593,18.05663],[121.52593,18.05654],[121.52583,18.05654],[121.52584,18.05645],[121.52574,18.05645],[121.52574,18.05636],[121.52565,18.05636],[121.52565,18.05627],[121.52589,18.05635],[121.52771,18.05818],[121.52803,18.05849],[121.52833,18.05908],[121.52831,18.05979],[121.52807,18.06042],[121.52754,18.06066],[121.52722,18.06098],[121.52673,18.06142],[121.52631,18.06183],[121.52611,18.06202],[121.52563,18.06201],[121.52507,18.06172],[121.52489,18.06154],[121.5249,18.06108],[121.52509,18.06074],[121.52491,18.06065],[121.52462,18.06116],[121.52499,18.06201],[121.52582,18.0624],[121.52592,18.06282],[121.5263,18.06255],[121.52704,18.06247],[121.52791,18.06284],[121.52824,18.06289],[121.52824,18.06298],[121.52814,18.06298],[121.52776,18.06297],[121.52767,18.06297],[121.52767,18.06288],[121.52739,18.06288],[121.52739,18.06279],[121.5272,18.06279],[121.5272,18.0627],[121.52692,18.06269],[121.52692,18.06279],[121.52673,18.06278],[121.52673,18.06287],[121.52644,18.06287],[121.52644,18.06296],[121.52616,18.06296],[121.52616,18.06305],[121.52597,18.06305],[121.52597,18.06314],[121.52587,18.06314],[121.52587,18.06323],[121.52568,18.06323],[121.52569,18.06305],[121.52559,18.06305],[121.52559,18.06268],[121.5256,18.0625],[121.52541,18.0625],[121.52541,18.06241],[121.52522,18.06241],[121.52522,18.06232],[121.52503,18.06232],[121.52503,18.06223],[121.52484,18.06223],[121.52478,18.06211],[121.52465,18.06205],[121.52466,18.06195],[121.52466,18.06177],[121.52456,18.06177],[121.52456,18.06168],[121.52437,18.06168],[121.52438,18.06159],[121.52428,18.06159],[121.52428,18.0615],[121.52409,18.0615],[121.52409,18.06141],[121.524,18.06141],[121.524,18.06132],[121.52391,18.06132],[121.52391,18.06123],[121.52381,18.06123]],[[121.52542,18.06064],[121.52573,18.06049],[121.5258,18.06025],[121.5255,18.06032],[121.52542,18.06064]],[[121.52555,18.06101],[121.52557,18.06113],[121.52609,18.06134],[121.52628,18.06112],[121.52654,18.06101],[121.52669,18.06084],[121.52717,18.06071],[121.52722,18.06044],[121.52679,18.06047],[121.52661,18.06057],[121.52626,18.06067],[121.52605,18.06064],[121.52555,18.06101]]],[[[121.52382,18.04921],[121.52391,18.04921],[121.52391,18.0493],[121.52382,18.0493],[121.52382,18.04921]]],[[[121.52444,18.05391],[121.52463,18.05391],[121.52463,18.054],[121.52482,18.054],[121.52482,18.05409],[121.5251,18.0541],[121.5251,18.05428],[121.52494,18.05425],[121.5245,18.05403],[121.52444,18.05391]]],[[[121.5251,18.05428],[121.52519,18.05428],[121.52519,18.05437],[121.5251,18.05437],[121.5251,18.05428]]],[[[121.52516,18.05375],[121.52539,18.05365],[121.52535,18.05389],[121.52529,18.05401],[121.52523,18.05398],[121.52516,18.05375]]],[[[121.52519,18.05437],[121.52529,18.05437],[121.52528,18.05446],[121.52519,18.05446],[121.52519,18.05437]]],[[[121.52526,18.05309],[121.52544,18.05256],[121.52563,18.05262],[121.52568,18.05293],[121.52562,18.05296],[121.52544,18.05327],[121.52526,18.05309]]],[[[121.52528,18.05446],[121.52538,18.05446],[121.52538,18.05455],[121.52528,18.05455],[121.52528,18.05446]]],[[[121.52538,18.05455],[121.52547,18.05455],[121.52547,18.05464],[121.52538,18.05464],[121.52538,18.05455]]],[[[121.52547,18.05464],[121.52575,18.05482],[121.52575,18.05491],[121.52553,18.05486],[121.52547,18.05464]]],[[[121.52559,18.07443],[121.52569,18.07443],[121.52568,18.07452],[121.52559,18.07452],[121.52559,18.07443]]],[[[121.52575,18.05491],[121.52604,18.05492],[121.52604,18.05501],[121.52613,18.05501],[121.52613,18.05519],[121.52622,18.05519],[121.52622,18.05528],[121.52651,18.05528],[121.52651,18.05519],[121.52672,18.05514],[121.52679,18.0548],[121.52619,18.05469],[121.52614,18.05447],[121.52614,18.05429],[121.52619,18.05425],[121.52632,18.05368],[121.52675,18.05338],[121.5268,18.05357],[121.52671,18.05357],[121.52671,18.05366],[121.52661,18.05366],[121.52661,18.05429],[121.5268,18.05429],[121.5268,18.05438],[121.52689,18.05438],[121.52708,18.05447],[121.52708,18.05456],[121.52727,18.05456],[121.52736,18.05457],[121.52736,18.05466],[121.52746,18.05466],[121.52745,18.05502],[121.52736,18.0552],[121.52724,18.05524],[121.52736,18.05529],[121.52736,18.05538],[121.52745,18.05538],[121.52745,18.05547],[121.52754,18.05547],[121.52754,18.05556],[121.52764,18.05556],[121.52757,18.05654],[121.52795,18.05697],[121.52815,18.05714],[121.52833,18.05733],[121.52861,18.05757],[121.52861,18.05769],[121.52859,18.05804],[121.52866,18.0581],[121.52865,18.05819],[121.52865,18.05828],[121.52875,18.05828],[121.52875,18.05846],[121.52856,18.05837],[121.52845,18.05801],[121.52767,18.05715],[121.52758,18.05696],[121.5273,18.0566],[121.52698,18.05612],[121.52674,18.05586],[121.52633,18.05588],[121.52612,18.05551],[121.52599,18.05523],[121.52575,18.05491]]],[[[121.52696,18.06479],[121.52704,18.0644],[121.52712,18.06456],[121.52728,18.0646],[121.52712,18.0649],[121.52696,18.06479]]],[[[121.52735,18.0964],[121.52749,18.09631],[121.52756,18.09662],[121.52745,18.09671],[121.52735,18.0964]]],[[[121.52763,18.09641],[121.52777,18.09632],[121.52789,18.09662],[121.52763,18.09641]]],[[[121.52783,18.09616],[121.52791,18.09608],[121.52811,18.09612],[121.52843,18.09605],[121.5282,18.09638],[121.52847,18.09656],[121.52894,18.09667],[121.52882,18.09677],[121.52856,18.09672],[121.52844,18.09689],[121.52828,18.09692],[121.5282,18.09663],[121.52798,18.09648],[121.52812,18.09627],[121.52783,18.09616]]],[[[121.52819,18.0972],[121.52842,18.09713],[121.52836,18.09735],[121.52819,18.0972]]],[[[121.52823,18.06144],[121.52844,18.06103],[121.52859,18.06077],[121.52864,18.06045],[121.52873,18.06045],[121.52873,18.06027],[121.52883,18.06027],[121.52883,18.06036],[121.52882,18.06054],[121.5287,18.06058],[121.52882,18.06063],[121.52882,18.06072],[121.52892,18.06072],[121.52892,18.06081],[121.5292,18.06081],[121.5292,18.0609],[121.52929,18.06091],[121.53005,18.06091],[121.53005,18.061],[121.53024,18.061],[121.53024,18.06118],[121.53033,18.06118],[121.53033,18.06128],[121.53042,18.06128],[121.5305,18.06142],[121.53071,18.06146],[121.53077,18.06158],[121.53089,18.06164],[121.53093,18.0617],[121.53114,18.06181],[121.53118,18.06164],[121.53127,18.06164],[121.53127,18.06146],[121.53137,18.06146],[121.53137,18.06119],[121.53127,18.06119],[121.53128,18.06101],[121.53128,18.06092],[121.53118,18.06092],[121.53118,18.06083],[121.53109,18.06083],[121.53109,18.06056],[121.531,18.06056],[121.531,18.06038],[121.5309,18.06038],[121.5309,18.06029],[121.53081,18.06028],[121.53081,18.05992],[121.53072,18.05992],[121.53076,18.05954],[121.53088,18.05977],[121.531,18.05983],[121.531,18.05992],[121.5311,18.05993],[121.5311,18.06002],[121.53119,18.06002],[121.53119,18.06011],[121.53128,18.06011],[121.53128,18.0602],[121.53147,18.0602],[121.53154,18.06034],[121.53175,18.06038],[121.53175,18.06047],[121.53194,18.06047],[121.53194,18.06056],[121.53213,18.06057],[121.53213,18.06066],[121.53222,18.06066],[121.53222,18.06075],[121.53232,18.06075],[121.53232,18.06093],[121.53222,18.06093],[121.53222,18.06129],[121.53269,18.06129],[121.53269,18.06156],[121.532,18.06148],[121.53193,18.06156],[121.53176,18.06166],[121.5319,18.06207],[121.53225,18.06234],[121.5324,18.06238],[121.53253,18.0627],[121.53258,18.06274],[121.53258,18.06283],[121.53277,18.06283],[121.53277,18.06292],[121.53315,18.06292],[121.53319,18.06297],[121.53385,18.06316],[121.53424,18.06324],[121.53456,18.06343],[121.53464,18.06332],[121.53424,18.06301],[121.53442,18.06288],[121.53457,18.06284],[121.53457,18.06293],[121.53504,18.06294],[121.53504,18.06312],[121.53494,18.06312],[121.53494,18.06321],[121.53481,18.06331],[121.53493,18.0635],[121.53551,18.06366],[121.53554,18.06372],[121.53581,18.0638],[121.53594,18.06406],[121.53607,18.06412],[121.53607,18.0643],[121.53616,18.0643],[121.53616,18.06448],[121.53625,18.06448],[121.53625,18.06457],[121.53635,18.06457],[121.53635,18.06475],[121.53644,18.06476],[121.53644,18.06494],[121.53653,18.06494],[121.53653,18.06512],[121.53663,18.06512],[121.53672,18.0653],[121.53672,18.06539],[121.53681,18.06539],[121.53681,18.06548],[121.53691,18.06548],[121.53691,18.06557],[121.537,18.06557],[121.537,18.06566],[121.53719,18.06566],[121.53719,18.06575],[121.53728,18.06576],[121.53766,18.06576],[121.53766,18.06567],[121.53785,18.06567],[121.53785,18.06576],[121.53794,18.06576],[121.5381,18.06579],[121.53823,18.06585],[121.53823,18.06594],[121.53832,18.06594],[121.53851,18.06595],[121.53851,18.06604],[121.53889,18.06604],[121.53893,18.06615],[121.53898,18.06604],[121.53926,18.06604],[121.53927,18.06595],[121.53936,18.06595],[121.53936,18.06613],[121.53945,18.06613],[121.53945,18.06649],[121.53935,18.06641],[121.53922,18.06626],[121.53864,18.06616],[121.53793,18.06597],[121.53756,18.06599],[121.53736,18.06597],[121.53642,18.06547],[121.53591,18.06531],[121.53554,18.06506],[121.53523,18.06497],[121.53411,18.06407],[121.53337,18.06374],[121.53298,18.06353],[121.53249,18.06298],[121.53211,18.06292],[121.53211,18.06282],[121.53202,18.06282],[121.53202,18.06273],[121.53192,18.06273],[121.53192,18.06264],[121.53183,18.06264],[121.53177,18.06244],[121.53131,18.06223],[121.53066,18.06168],[121.53045,18.06159],[121.5302,18.06132],[121.52962,18.0613],[121.52915,18.0614],[121.52847,18.06194],[121.52823,18.06144]]],[[[121.52853,18.09569],[121.52859,18.09572],[121.52872,18.09596],[121.52853,18.09596],[121.52853,18.09569]]],[[[121.52859,18.09638],[121.52878,18.09629],[121.52881,18.09623],[121.52895,18.09617],[121.52912,18.09627],[121.52866,18.09648],[121.52859,18.09638]]],[[[121.52859,18.09744],[121.52871,18.09741],[121.52867,18.09752],[121.52859,18.09744]]],[[[121.52875,18.05846],[121.52884,18.05846],[121.52884,18.05855],[121.52893,18.05855],[121.52893,18.05873],[121.52903,18.05874],[121.52917,18.0589],[121.52945,18.0586],[121.53011,18.05816],[121.5304,18.05803],[121.53045,18.05829],[121.53035,18.05829],[121.53035,18.05838],[121.53016,18.05838],[121.53016,18.05847],[121.53007,18.05847],[121.53007,18.05856],[121.52997,18.05856],[121.52997,18.05865],[121.52988,18.05865],[121.52988,18.05874],[121.52959,18.05892],[121.5295,18.05892],[121.5295,18.05901],[121.52931,18.05901],[121.52931,18.05928],[121.52921,18.05928],[121.52921,18.05955],[121.52912,18.05955],[121.52911,18.05973],[121.52911,18.05982],[121.52902,18.05982],[121.52902,18.06009],[121.52892,18.06009],[121.52892,18.06027],[121.52883,18.06027],[121.52887,18.06004],[121.52912,18.05923],[121.52889,18.05886],[121.52884,18.05882],[121.52875,18.05846]]],[[[121.52876,18.09727],[121.5289,18.09714],[121.52909,18.09744],[121.52876,18.09727]]],[[[121.52916,18.09717],[121.52927,18.09714],[121.52924,18.09725],[121.52916,18.09717]]],[[[121.52925,18.09789],[121.52936,18.09786],[121.52933,18.09797],[121.52925,18.09789]]],[[[121.52948,18.0957],[121.52967,18.09561],[121.52963,18.09599],[121.52948,18.0957]]],[[[121.52974,18.09341],[121.52997,18.09335],[121.5299,18.09357],[121.52974,18.09341]]],[[[121.5299,18.09846],[121.53006,18.09838],[121.53011,18.0985],[121.5299,18.09846]]],[[[121.52993,18.09591],[121.53004,18.09588],[121.53001,18.09599],[121.52993,18.09591]]],[[[121.52998,18.08843],[121.5301,18.08838],[121.53006,18.08859],[121.52998,18.08843]]],[[[121.53012,18.09439],[121.53034,18.09435],[121.53038,18.09455],[121.53063,18.09467],[121.5303,18.09474],[121.53012,18.09439]]],[[[121.53054,18.08995],[121.53066,18.08992],[121.53062,18.09003],[121.53054,18.08995]]],[[[121.53073,18.092],[121.53085,18.09203],[121.53077,18.09211],[121.53073,18.092]]],[[[121.53079,18.09384],[121.53091,18.09381],[121.53088,18.09392],[121.53079,18.09384]]],[[[121.53103,18.09689],[121.53136,18.09679],[121.53128,18.09719],[121.53103,18.09689]]],[[[121.53115,18.08794],[121.53126,18.08797],[121.53118,18.08805],[121.53115,18.08794]]],[[[121.53118,18.09229],[121.53145,18.09213],[121.53153,18.09225],[121.53172,18.09214],[121.53187,18.0921],[121.53179,18.09238],[121.53126,18.09258],[121.53118,18.09229]]],[[[121.53119,18.08939],[121.53132,18.08929],[121.53141,18.08951],[121.53119,18.08939]]],[[[121.53121,18.06887],[121.53131,18.06887],[121.5313,18.06896],[121.5313,18.06905],[121.53121,18.06905],[121.53121,18.06887]]],[[[121.53125,18.09195],[121.53126,18.09162],[121.53149,18.09156],[121.53125,18.09195]]],[[[121.53168,18.08978],[121.53179,18.08975],[121.53176,18.08986],[121.53168,18.08978]]],[[[121.53213,18.09069],[121.53235,18.09066],[121.5323,18.09077],[121.53213,18.09069]]],[[[121.53232,18.09039],[121.5325,18.09026],[121.53255,18.09021],[121.53269,18.09025],[121.53287,18.09035],[121.53303,18.09033],[121.53315,18.09066],[121.53278,18.09052],[121.53232,18.09039]]],[[[121.53243,18.09018],[121.53251,18.0901],[121.53255,18.09021],[121.53243,18.09018]]],[[[121.53361,18.08696],[121.53373,18.08701],[121.53365,18.08717],[121.53361,18.08696]]],[[[121.53388,18.06269],[121.5341,18.06266],[121.53404,18.06277],[121.53388,18.06269]]],[[[121.5342,18.071],[121.53431,18.07097],[121.53428,18.07108],[121.5342,18.071]]],[[[121.53519,18.08686],[121.53531,18.08679],[121.53527,18.08709],[121.53519,18.08686]]],[[[121.53528,18.09885],[121.53537,18.0987],[121.5354,18.0989],[121.53528,18.09885]]],[[[121.53825,18.09471],[121.53837,18.09468],[121.53833,18.09479],[121.53825,18.09471]]],[[[121.53835,18.09435],[121.53846,18.09432],[121.53843,18.09443],[121.53835,18.09435]]],[[[121.5389,18.09451],[121.53931,18.09442],[121.53941,18.09455],[121.53979,18.09469],[121.53969,18.09482],[121.53898,18.09466],[121.5389,18.09451]]],[[[121.53928,18.08469],[121.53939,18.08466],[121.53936,18.08477],[121.53928,18.08469]]],[[[121.53945,18.06659],[121.53954,18.06659],[121.53954,18.06668],[121.53945,18.06668],[121.53945,18.06659]]],[[[121.53954,18.06668],[121.53964,18.06668],[121.53964,18.06677],[121.53954,18.06677],[121.53954,18.06668]]],[[[121.53964,18.06677],[121.53992,18.06677],[121.53992,18.06668],[121.54002,18.06668],[121.54001,18.06677],[121.5402,18.06677],[121.54068,18.06678],[121.54124,18.06678],[121.54158,18.06675],[121.54191,18.06651],[121.54241,18.06633],[121.54259,18.06609],[121.54282,18.06594],[121.54299,18.06547],[121.54352,18.06535],[121.54381,18.06517],[121.54418,18.06527],[121.54418,18.06536],[121.54428,18.06536],[121.54428,18.06545],[121.54437,18.06545],[121.54437,18.06554],[121.54446,18.06554],[121.54446,18.06563],[121.54465,18.06563],[121.54465,18.06572],[121.54512,18.06572],[121.54513,18.06563],[121.54527,18.06557],[121.54541,18.06564],[121.54541,18.066],[121.5455,18.066],[121.5455,18.06609],[121.54626,18.06609],[121.54626,18.066],[121.54635,18.066],[121.54644,18.06601],[121.54645,18.06592],[121.54682,18.06592],[121.54697,18.06596],[121.5472,18.0661],[121.5472,18.06619],[121.54729,18.06619],[121.54736,18.06631],[121.54748,18.06637],[121.54748,18.06647],[121.54786,18.06647],[121.54786,18.06638],[121.54795,18.06638],[121.54795,18.0662],[121.54805,18.0662],[121.54805,18.06602],[121.54815,18.06602],[121.54815,18.06593],[121.54828,18.06582],[121.54805,18.06523],[121.54775,18.06526],[121.54748,18.06504],[121.54759,18.06457],[121.54759,18.06448],[121.54769,18.06448],[121.54769,18.06376],[121.54779,18.06376],[121.54779,18.06358],[121.54782,18.06297],[121.54789,18.06285],[121.54808,18.06286],[121.54817,18.06286],[121.54817,18.06277],[121.54836,18.06277],[121.54836,18.06268],[121.54855,18.06268],[121.54855,18.06259],[121.54865,18.06259],[121.54865,18.06241],[121.54874,18.06241],[121.54874,18.06223],[121.54875,18.06178],[121.54875,18.0616],[121.54865,18.06159],[121.54866,18.06123],[121.54875,18.06123],[121.54875,18.06087],[121.54885,18.06087],[121.54885,18.06078],[121.54891,18.06066],[121.54895,18.06042],[121.5489,18.06031],[121.54885,18.06042],[121.54866,18.06042],[121.54866,18.0606],[121.5486,18.06063],[121.54851,18.06081],[121.54847,18.06051],[121.54848,18.06033],[121.54848,18.06024],[121.54838,18.06024],[121.54838,18.06006],[121.54829,18.06006],[121.54829,18.05997],[121.54819,18.05996],[121.5482,18.05987],[121.54782,18.05987],[121.54782,18.05996],[121.54763,18.05996],[121.54763,18.06005],[121.54734,18.06005],[121.54738,18.05981],[121.54757,18.05972],[121.54763,18.0596],[121.54763,18.05951],[121.54773,18.05951],[121.54773,18.05906],[121.54792,18.05915],[121.54792,18.05924],[121.54811,18.05924],[121.54811,18.05933],[121.54839,18.05933],[121.54839,18.05924],[121.54882,18.05894],[121.54887,18.05889],[121.54924,18.05889],[121.54924,18.0588],[121.54934,18.0588],[121.54934,18.05871],[121.54943,18.05871],[121.54943,18.05862],[121.54953,18.05862],[121.54953,18.05853],[121.54983,18.05849],[121.54991,18.05835],[121.55,18.05835],[121.55,18.05817],[121.55001,18.05808],[121.55057,18.05808],[121.55057,18.05799],[121.55067,18.05799],[121.55076,18.058],[121.55076,18.05791],[121.55095,18.05791],[121.55095,18.058],[121.55114,18.058],[121.55114,18.05809],[121.55123,18.05809],[121.55123,18.05818],[121.55142,18.05818],[121.55142,18.05827],[121.55161,18.05827],[121.55161,18.05836],[121.5517,18.05836],[121.55189,18.05837],[121.55199,18.05855],[121.55198,18.05864],[121.55208,18.05864],[121.55208,18.05873],[121.55217,18.05873],[121.5523,18.05879],[121.55236,18.05891],[121.55199,18.05884],[121.55175,18.05859],[121.55156,18.0585],[121.55141,18.05835],[121.55086,18.05813],[121.55013,18.0585],[121.54991,18.05893],[121.54923,18.05903],[121.54901,18.05902],[121.54881,18.05903],[121.54862,18.05939],[121.54834,18.05964],[121.54858,18.05992],[121.54883,18.05942],[121.54941,18.0593],[121.54957,18.0595],[121.54938,18.05984],[121.54918,18.0602],[121.54908,18.0606],[121.54889,18.0611],[121.54878,18.06265],[121.54793,18.06303],[121.54796,18.06387],[121.54827,18.06401],[121.54855,18.06458],[121.54885,18.06501],[121.54904,18.06611],[121.54788,18.06669],[121.54717,18.06645],[121.54681,18.06607],[121.5463,18.06623],[121.54567,18.06637],[121.5453,18.06674],[121.54438,18.06648],[121.54391,18.06649],[121.54337,18.06684],[121.54315,18.06694],[121.54266,18.06692],[121.54231,18.06693],[121.54209,18.06715],[121.5414,18.06692],[121.54096,18.06687],[121.54067,18.06687],[121.53964,18.06686],[121.53964,18.06677]]],[[[121.53973,18.08463],[121.53996,18.08457],[121.5399,18.08479],[121.53973,18.08463]]],[[[121.54108,18.08504],[121.54124,18.08496],[121.54132,18.0851],[121.54166,18.08495],[121.54162,18.08509],[121.54147,18.08531],[121.54126,18.08526],[121.54108,18.08504]]],[[[121.54109,18.09669],[121.54112,18.09658],[121.54121,18.09666],[121.54109,18.09669]]],[[[121.54145,18.09663],[121.54156,18.0966],[121.54153,18.09671],[121.54145,18.09663]]],[[[121.54147,18.08531],[121.54158,18.08534],[121.5415,18.08542],[121.54147,18.08531]]],[[[121.54191,18.09592],[121.54223,18.09588],[121.54217,18.096],[121.54191,18.09592]]],[[[121.54211,18.08507],[121.54223,18.08504],[121.54219,18.08515],[121.54211,18.08507]]],[[[121.543,18.08324],[121.54321,18.08335],[121.54304,18.08345],[121.543,18.08324]]],[[[121.54324,18.08508],[121.54345,18.08505],[121.5434,18.08516],[121.54324,18.08508]]],[[[121.54343,18.08325],[121.54356,18.08315],[121.54365,18.08336],[121.54343,18.08325]]],[[[121.54352,18.08365],[121.54394,18.08361],[121.5439,18.08366],[121.5436,18.08376],[121.54352,18.08365]]],[[[121.54355,18.08237],[121.54366,18.08234],[121.54363,18.08245],[121.54355,18.08237]]],[[[121.54364,18.08282],[121.54376,18.08279],[121.54372,18.0829],[121.54364,18.08282]]],[[[121.54375,18.08397],[121.54385,18.08384],[121.54398,18.08406],[121.54375,18.08397]]],[[[121.54381,18.08312],[121.54413,18.08307],[121.54418,18.0832],[121.54427,18.08329],[121.54416,18.08347],[121.54399,18.08329],[121.54381,18.08312]]],[[[121.54381,18.08473],[121.54402,18.08469],[121.54397,18.08481],[121.54381,18.08473]]],[[[121.54383,18.08146],[121.54405,18.08135],[121.544,18.08155],[121.54383,18.08146]]],[[[121.54393,18.08201],[121.54405,18.08198],[121.54401,18.08209],[121.54393,18.08201]]],[[[121.544,18.08356],[121.54422,18.08352],[121.5441,18.08372],[121.544,18.08356]]],[[[121.54402,18.08246],[121.54414,18.08243],[121.5441,18.08254],[121.54402,18.08246]]],[[[121.54427,18.08459],[121.54459,18.08452],[121.54443,18.08473],[121.54427,18.08459]]],[[[121.54448,18.08284],[121.5447,18.0828],[121.54458,18.083],[121.54448,18.08284]]],[[[121.5446,18.0812],[121.54471,18.08117],[121.54468,18.08128],[121.5446,18.0812]]],[[[121.54478,18.08177],[121.5449,18.08172],[121.54486,18.08192],[121.54478,18.08177]]],[[[121.54495,18.08303],[121.54522,18.08286],[121.54526,18.08307],[121.54495,18.08303]]],[[[121.54514,18.08437],[121.54525,18.08434],[121.54522,18.08445],[121.54514,18.08437]]],[[[121.54526,18.08058],[121.54547,18.08055],[121.54542,18.08066],[121.54526,18.08058]]],[[[121.54526,18.08307],[121.54538,18.08311],[121.5453,18.08319],[121.54526,18.08307]]],[[[121.54535,18.08364],[121.54543,18.08333],[121.54574,18.08326],[121.54566,18.08353],[121.54571,18.08372],[121.54535,18.08364]]],[[[121.54552,18.08449],[121.5456,18.08441],[121.54563,18.08452],[121.54552,18.08449]]],[[[121.54563,18.08452],[121.54575,18.08456],[121.54566,18.08463],[121.54563,18.08452]]],[[[121.5457,18.08394],[121.54583,18.08389],[121.54579,18.0841],[121.5457,18.08394]]],[[[121.5458,18.08348],[121.54602,18.08344],[121.54597,18.08356],[121.5458,18.08348]]],[[[121.54644,18.08691],[121.54656,18.08688],[121.54652,18.08699],[121.54644,18.08691]]],[[[121.54647,18.08384],[121.54668,18.08381],[121.54664,18.084],[121.54647,18.08384]]],[[[121.54754,18.08014],[121.54765,18.08011],[121.54762,18.08022],[121.54754,18.08014]]],[[[121.54912,18.04296],[121.54966,18.04263],[121.55002,18.04289],[121.55041,18.04261],[121.55036,18.04231],[121.55061,18.04227],[121.55061,18.04236],[121.5508,18.04236],[121.55079,18.04245],[121.55098,18.04245],[121.55098,18.04255],[121.55117,18.04255],[121.55117,18.04264],[121.55127,18.04264],[121.55126,18.04273],[121.55126,18.04282],[121.55136,18.04282],[121.55136,18.04291],[121.55145,18.04291],[121.55145,18.04327],[121.55154,18.04327],[121.55154,18.04336],[121.55164,18.04336],[121.55164,18.04345],[121.55173,18.04345],[121.55183,18.04346],[121.55182,18.04355],[121.55211,18.04355],[121.55211,18.04346],[121.5523,18.04346],[121.5523,18.04355],[121.55258,18.04355],[121.55258,18.04364],[121.55296,18.04364],[121.55296,18.04355],[121.5532,18.0435],[121.55325,18.04301],[121.55343,18.04302],[121.55343,18.04311],[121.55353,18.04311],[121.55353,18.0432],[121.55372,18.0432],[121.55372,18.04329],[121.55419,18.04329],[121.55419,18.0432],[121.55447,18.0432],[121.55447,18.04293],[121.55438,18.04293],[121.55438,18.04275],[121.55429,18.04275],[121.55429,18.04266],[121.55419,18.04266],[121.55419,18.04248],[121.5542,18.0423],[121.5541,18.0423],[121.5541,18.04221],[121.55401,18.04221],[121.55392,18.04197],[121.55418,18.04113],[121.55444,18.04093],[121.55429,18.0407],[121.55379,18.04075],[121.55375,18.04037],[121.5542,18.04021],[121.55493,18.04009],[121.55491,18.0399],[121.55512,18.03973],[121.55521,18.03963],[121.55549,18.03979],[121.55534,18.03936],[121.55503,18.03918],[121.55466,18.03903],[121.55464,18.03891],[121.55487,18.03873],[121.55464,18.03855],[121.55476,18.03828],[121.55465,18.0381],[121.55504,18.03766],[121.55513,18.03746],[121.55544,18.03758],[121.55576,18.03754],[121.55601,18.03768],[121.55635,18.03765],[121.55697,18.038],[121.5573,18.03805],[121.5572,18.03769],[121.55699,18.0372],[121.55683,18.03695],[121.55679,18.03672],[121.55689,18.03672],[121.55689,18.03663],[121.55695,18.0366],[121.55708,18.03636],[121.55736,18.03636],[121.55736,18.03663],[121.55745,18.03663],[121.55745,18.03672],[121.55755,18.03672],[121.55755,18.03681],[121.55783,18.03681],[121.55783,18.0369],[121.55792,18.0369],[121.55799,18.03702],[121.55811,18.03709],[121.55811,18.03718],[121.55839,18.03718],[121.5584,18.03709],[121.55849,18.03709],[121.55849,18.037],[121.55858,18.037],[121.55859,18.03682],[121.55868,18.03682],[121.55868,18.03673],[121.55878,18.03673],[121.55877,18.03709],[121.55877,18.03718],[121.55868,18.03718],[121.55868,18.03736],[121.55867,18.03781],[121.55867,18.0379],[121.55877,18.0379],[121.55877,18.038],[121.55895,18.038],[121.55895,18.03809],[121.55933,18.03809],[121.55936,18.03815],[121.55977,18.03821],[121.5599,18.03827],[121.5599,18.03846],[121.5598,18.03845],[121.5598,18.03864],[121.5597,18.03863],[121.5597,18.039],[121.5598,18.039],[121.55986,18.03912],[121.55998,18.03918],[121.55998,18.03927],[121.56036,18.03927],[121.56036,18.03918],[121.56055,18.03918],[121.56055,18.03873],[121.56046,18.03873],[121.56046,18.03864],[121.56037,18.03864],[121.56037,18.03846],[121.56027,18.03846],[121.56027,18.03837],[121.56028,18.0381],[121.56018,18.0381],[121.56018,18.03801],[121.56009,18.038],[121.55999,18.03782],[121.55981,18.03773],[121.55981,18.03764],[121.55971,18.03764],[121.55971,18.03755],[121.55962,18.03755],[121.55962,18.03746],[121.55953,18.03746],[121.55953,18.03728],[121.55943,18.03728],[121.55943,18.0371],[121.55953,18.0371],[121.55953,18.03701],[121.55981,18.03701],[121.55981,18.0371],[121.56028,18.0371],[121.56028,18.03719],[121.56047,18.03719],[121.56047,18.03738],[121.56057,18.03738],[121.56056,18.03747],[121.56056,18.03756],[121.56066,18.03756],[121.56066,18.03765],[121.56075,18.03765],[121.56125,18.03842],[121.56155,18.03821],[121.56144,18.03779],[121.561,18.03719],[121.56097,18.03679],[121.56118,18.0368],[121.56128,18.0367],[121.56143,18.03671],[121.56176,18.03662],[121.56184,18.03652],[121.5619,18.03648],[121.56189,18.03657],[121.56199,18.03657],[121.56199,18.03666],[121.56208,18.03666],[121.56208,18.03675],[121.56227,18.03676],[121.56227,18.03685],[121.56236,18.03685],[121.56236,18.03694],[121.56246,18.03694],[121.56246,18.03703],[121.56255,18.03703],[121.56255,18.03712],[121.56265,18.03712],[121.56264,18.03721],[121.56264,18.0373],[121.56274,18.0373],[121.56283,18.03748],[121.56283,18.03757],[121.56293,18.03757],[121.56292,18.03766],[121.56302,18.03767],[121.56302,18.03776],[121.56311,18.03776],[121.56325,18.03797],[121.5633,18.03776],[121.5634,18.03776],[121.5634,18.03722],[121.56331,18.03722],[121.56331,18.03703],[121.56321,18.03703],[121.56318,18.03688],[121.56312,18.03676],[121.56312,18.03667],[121.56303,18.03667],[121.56303,18.03658],[121.56293,18.03658],[121.56293,18.03649],[121.56284,18.03649],[121.56284,18.03631],[121.56294,18.03631],[121.56293,18.0364],[121.56322,18.0364],[121.56322,18.03649],[121.56331,18.03649],[121.56359,18.03668],[121.56359,18.03677],[121.56369,18.03677],[121.56369,18.03686],[121.56378,18.03686],[121.56378,18.03704],[121.56416,18.03704],[121.56416,18.03695],[121.56444,18.03695],[121.56444,18.03704],[121.56463,18.03704],[121.56463,18.03713],[121.56472,18.03714],[121.56472,18.03723],[121.56447,18.03727],[121.56411,18.03774],[121.56434,18.03793],[121.56459,18.0378],[121.56456,18.03807],[121.56469,18.03829],[121.56511,18.03826],[121.56494,18.03854],[121.56505,18.03872],[121.5649,18.03955],[121.56465,18.03989],[121.56466,18.04007],[121.56418,18.04016],[121.56409,18.04025],[121.5639,18.04024],[121.56366,18.04037],[121.56343,18.04062],[121.56309,18.04059],[121.56281,18.04065],[121.56308,18.04096],[121.56392,18.04115],[121.56456,18.04124],[121.56455,18.04106],[121.56476,18.04098],[121.56492,18.04116],[121.56512,18.04125],[121.5652,18.04143],[121.56536,18.04156],[121.56549,18.04171],[121.56578,18.04189],[121.56559,18.04252],[121.56529,18.0426],[121.56539,18.04278],[121.56548,18.04298],[121.56621,18.04293],[121.56675,18.04312],[121.56741,18.0429],[121.56781,18.04312],[121.56837,18.04297],[121.56869,18.04309],[121.56898,18.04317],[121.56925,18.04327],[121.56954,18.04336],[121.56965,18.04348],[121.56962,18.04378],[121.56942,18.0443],[121.5689,18.04425],[121.56834,18.04405],[121.56803,18.0437],[121.56782,18.04352],[121.56762,18.04353],[121.56736,18.04407],[121.56722,18.04431],[121.56617,18.04453],[121.56576,18.04498],[121.56543,18.04525],[121.56475,18.0451],[121.56466,18.045],[121.56513,18.045],[121.56513,18.04509],[121.56541,18.04509],[121.56542,18.045],[121.5656,18.045],[121.5656,18.04491],[121.5657,18.04491],[121.5657,18.04482],[121.56579,18.04482],[121.5658,18.04473],[121.5658,18.04464],[121.56589,18.04464],[121.56589,18.04455],[121.56599,18.04455],[121.56599,18.04446],[121.56608,18.04447],[121.56618,18.04447],[121.56618,18.04438],[121.56646,18.04438],[121.56646,18.04429],[121.56684,18.04429],[121.56684,18.0442],[121.56712,18.0442],[121.56712,18.04402],[121.56722,18.04402],[121.56722,18.04357],[121.56713,18.04357],[121.56713,18.04339],[121.56694,18.04339],[121.56694,18.0433],[121.56628,18.04329],[121.56618,18.04329],[121.56609,18.04316],[121.566,18.04329],[121.5659,18.04329],[121.5659,18.04338],[121.56581,18.04338],[121.56581,18.04347],[121.56568,18.04353],[121.56552,18.04356],[121.56543,18.04356],[121.56543,18.04365],[121.56517,18.04362],[121.56493,18.0434],[121.56411,18.04337],[121.56411,18.04328],[121.56392,18.04327],[121.56382,18.04327],[121.56382,18.04318],[121.56297,18.04318],[121.56297,18.04327],[121.56265,18.04333],[121.56288,18.04354],[121.56288,18.04372],[121.56306,18.04372],[121.56306,18.04381],[121.56325,18.04381],[121.56325,18.0439],[121.56344,18.0439],[121.56344,18.04399],[121.56353,18.04399],[121.56363,18.044],[121.56363,18.04409],[121.56372,18.04409],[121.56372,18.04418],[121.56358,18.04413],[121.56317,18.04399],[121.56347,18.04443],[121.56282,18.04502],[121.56272,18.04516],[121.5633,18.04494],[121.56367,18.04495],[121.56396,18.04523],[121.56394,18.04575],[121.56469,18.04587],[121.56479,18.04658],[121.56484,18.04667],[121.56548,18.04586],[121.56588,18.04587],[121.56607,18.04586],[121.56625,18.04587],[121.56601,18.0465],[121.56602,18.04668],[121.56667,18.04699],[121.5675,18.04723],[121.56837,18.04688],[121.56876,18.04679],[121.56894,18.04733],[121.56919,18.0476],[121.56932,18.04724],[121.56954,18.04714],[121.57044,18.04717],[121.57103,18.04707],[121.5714,18.04708],[121.57213,18.04708],[121.57224,18.04811],[121.57158,18.04826],[121.57105,18.04846],[121.57072,18.04867],[121.57096,18.04875],[121.57096,18.04884],[121.57067,18.04884],[121.57067,18.04875],[121.57068,18.04857],[121.57071,18.04851],[121.57115,18.0483],[121.57125,18.0483],[121.57125,18.04821],[121.57143,18.04821],[121.57144,18.04812],[121.57181,18.04812],[121.57181,18.04803],[121.572,18.04803],[121.572,18.04794],[121.5721,18.04794],[121.5721,18.04749],[121.57201,18.04749],[121.57201,18.04731],[121.57182,18.04731],[121.57173,18.04718],[121.57163,18.04731],[121.57116,18.0473],[121.57107,18.04718],[121.57097,18.0473],[121.57069,18.0473],[121.57069,18.04739],[121.57059,18.04739],[121.57059,18.04748],[121.5705,18.04748],[121.5705,18.04757],[121.5704,18.04757],[121.5704,18.04766],[121.57012,18.04766],[121.57012,18.04775],[121.56993,18.04784],[121.56983,18.04784],[121.56983,18.04793],[121.56974,18.04793],[121.56974,18.04802],[121.56964,18.04802],[121.56964,18.0482],[121.56955,18.0482],[121.56955,18.04829],[121.56954,18.04847],[121.56954,18.04856],[121.56964,18.04856],[121.56963,18.0491],[121.56954,18.0491],[121.56954,18.04937],[121.56944,18.04937],[121.56944,18.04946],[121.56916,18.04946],[121.56916,18.04901],[121.56907,18.04901],[121.56897,18.049],[121.56888,18.049],[121.56888,18.04909],[121.56856,18.04924],[121.5685,18.04936],[121.5684,18.04936],[121.5684,18.04945],[121.56831,18.04945],[121.56831,18.04963],[121.56821,18.04963],[121.56821,18.04972],[121.56812,18.04972],[121.56812,18.04981],[121.56802,18.04999],[121.56793,18.04999],[121.56792,18.05008],[121.56783,18.05008],[121.56783,18.05035],[121.56773,18.05035],[121.56773,18.05089],[121.56782,18.05089],[121.56782,18.05107],[121.56792,18.05108],[121.56792,18.05117],[121.5681,18.05117],[121.5681,18.05126],[121.56829,18.05126],[121.56829,18.05135],[121.56839,18.05135],[121.56838,18.05162],[121.56838,18.0518],[121.56829,18.0518],[121.56829,18.05198],[121.56819,18.05198],[121.56819,18.05207],[121.5681,18.05207],[121.5681,18.05216],[121.56791,18.05216],[121.56791,18.05207],[121.56781,18.05207],[121.56775,18.05195],[121.56763,18.05189],[121.56763,18.05152],[121.56754,18.05152],[121.56754,18.05143],[121.56706,18.05143],[121.56706,18.05152],[121.56697,18.05152],[121.56697,18.05161],[121.56687,18.05161],[121.56687,18.0517],[121.56678,18.0517],[121.56678,18.05188],[121.56668,18.05188],[121.56668,18.05224],[121.56664,18.05261],[121.56639,18.05252],[121.56606,18.05263],[121.56602,18.05233],[121.56627,18.0523],[121.56638,18.05209],[121.56602,18.05206],[121.56602,18.05196],[121.56621,18.05197],[121.56621,18.05188],[121.5663,18.05188],[121.5663,18.05179],[121.56659,18.05179],[121.56659,18.0517],[121.56668,18.0517],[121.56668,18.05161],[121.56678,18.05161],[121.56678,18.05134],[121.56688,18.05134],[121.56688,18.05107],[121.56697,18.05107],[121.56697,18.05098],[121.56707,18.05098],[121.56707,18.05089],[121.56726,18.0508],[121.56735,18.05062],[121.56745,18.05062],[121.56745,18.05017],[121.56736,18.05017],[121.56736,18.04999],[121.56726,18.04999],[121.56726,18.0499],[121.56717,18.0499],[121.56698,18.04989],[121.56698,18.0498],[121.56679,18.0498],[121.56679,18.04971],[121.5667,18.04971],[121.56657,18.04965],[121.56642,18.04962],[121.56642,18.04953],[121.56613,18.04953],[121.56614,18.04944],[121.56604,18.04943],[121.56585,18.04943],[121.56585,18.04934],[121.56576,18.04934],[121.56519,18.04925],[121.56519,18.04916],[121.56491,18.04916],[121.56491,18.04925],[121.56462,18.04942],[121.56463,18.04924],[121.56453,18.04924],[121.56453,18.04906],[121.56444,18.04906],[121.56444,18.04897],[121.56434,18.04897],[121.56434,18.04888],[121.56416,18.04888],[121.56416,18.04879],[121.56406,18.04879],[121.56406,18.0487],[121.56387,18.0487],[121.56387,18.04861],[121.56359,18.0486],[121.5635,18.0486],[121.5635,18.04851],[121.56331,18.04851],[121.56331,18.04842],[121.56293,18.04842],[121.56293,18.04833],[121.56303,18.04833],[121.56303,18.04824],[121.56331,18.04824],[121.56331,18.04815],[121.56341,18.04815],[121.56341,18.04806],[121.5636,18.04797],[121.5636,18.04806],[121.56359,18.04815],[121.56369,18.04815],[121.56369,18.04824],[121.56388,18.04824],[121.56388,18.04833],[121.56397,18.04834],[121.56444,18.04834],[121.56444,18.04843],[121.56473,18.04843],[121.56473,18.04852],[121.5651,18.04852],[121.5651,18.04843],[121.56558,18.04844],[121.56558,18.04853],[121.56567,18.04853],[121.56567,18.04862],[121.56595,18.04862],[121.56595,18.04871],[121.56633,18.04871],[121.56633,18.0488],[121.56642,18.04881],[121.56661,18.04881],[121.56661,18.0489],[121.5669,18.0489],[121.56689,18.04899],[121.56737,18.04899],[121.56803,18.049],[121.56803,18.04891],[121.56822,18.04891],[121.56822,18.04882],[121.56859,18.04873],[121.56879,18.04846],[121.56888,18.04846],[121.56888,18.04837],[121.56889,18.0481],[121.56889,18.04801],[121.56879,18.04801],[121.56879,18.04783],[121.5687,18.04783],[121.5687,18.04774],[121.5686,18.04774],[121.56861,18.04765],[121.56851,18.04765],[121.56851,18.04737],[121.56842,18.04737],[121.56842,18.04719],[121.56785,18.04719],[121.56785,18.04728],[121.56773,18.04734],[121.56757,18.04737],[121.56738,18.04737],[121.56738,18.04746],[121.56719,18.04746],[121.56662,18.04754],[121.56662,18.04745],[121.56653,18.04745],[121.56653,18.04736],[121.56644,18.04736],[121.56638,18.04714],[121.56615,18.04709],[121.56615,18.047],[121.56597,18.04699],[121.56597,18.0469],[121.56578,18.0469],[121.56578,18.04681],[121.56568,18.04681],[121.56568,18.04672],[121.56559,18.04672],[121.56567,18.04605],[121.56548,18.04617],[121.56545,18.04658],[121.5654,18.04663],[121.56521,18.04663],[121.56521,18.04672],[121.56493,18.04672],[121.56493,18.04681],[121.56483,18.04681],[121.56474,18.0468],[121.56474,18.04689],[121.56455,18.04689],[121.56455,18.04644],[121.56469,18.04635],[121.56455,18.04626],[121.56456,18.04608],[121.56446,18.04608],[121.56446,18.04599],[121.5639,18.04599],[121.5638,18.04598],[121.5638,18.04607],[121.56342,18.04607],[121.56342,18.04589],[121.56343,18.0458],[121.56352,18.0458],[121.56352,18.04562],[121.56362,18.04562],[121.56362,18.04553],[121.56371,18.04553],[121.56371,18.04526],[121.56362,18.04526],[121.56362,18.04517],[121.56343,18.04517],[121.56338,18.04505],[121.56334,18.04517],[121.56305,18.04517],[121.56305,18.04526],[121.56277,18.04543],[121.56267,18.04543],[121.56267,18.04561],[121.56258,18.04561],[121.56258,18.0457],[121.56248,18.0457],[121.56248,18.04579],[121.56239,18.04579],[121.56239,18.0457],[121.56229,18.0457],[121.56229,18.04543],[121.56239,18.04543],[121.56239,18.04534],[121.56248,18.04534],[121.56249,18.04516],[121.56258,18.04516],[121.56258,18.04498],[121.56268,18.04498],[121.56268,18.04489],[121.56277,18.04471],[121.563,18.04458],[121.56285,18.04418],[121.56268,18.04408],[121.56264,18.04388],[121.5625,18.04381],[121.56247,18.04346],[121.56225,18.04356],[121.56221,18.04362],[121.56212,18.04362],[121.56212,18.04371],[121.56203,18.04371],[121.56202,18.0438],[121.56202,18.04389],[121.56193,18.04389],[121.56193,18.04398],[121.56183,18.04398],[121.56183,18.04407],[121.56174,18.04407],[121.56174,18.04425],[121.56164,18.04425],[121.56164,18.04434],[121.56158,18.04446],[121.56155,18.04461],[121.56145,18.04461],[121.56145,18.04506],[121.56154,18.04506],[121.56163,18.04525],[121.56163,18.04534],[121.56173,18.04534],[121.56173,18.04561],[121.56154,18.04561],[121.56059,18.0456],[121.5604,18.0456],[121.5604,18.04551],[121.56022,18.04551],[121.56022,18.04542],[121.56012,18.04541],[121.56003,18.04541],[121.56003,18.04532],[121.55927,18.04532],[121.55927,18.04541],[121.55918,18.04541],[121.55918,18.0455],[121.55908,18.0455],[121.55908,18.04559],[121.55899,18.04559],[121.55899,18.04568],[121.55889,18.04568],[121.55861,18.04567],[121.55842,18.04567],[121.55833,18.04555],[121.55823,18.04567],[121.55804,18.04567],[121.55804,18.04576],[121.55776,18.04576],[121.55776,18.04567],[121.55785,18.04567],[121.55785,18.04549],[121.55795,18.04549],[121.55795,18.0454],[121.55804,18.0454],[121.55804,18.04531],[121.55805,18.04522],[121.55814,18.04522],[121.55814,18.04495],[121.55827,18.04486],[121.55814,18.04477],[121.55814,18.04468],[121.55815,18.04459],[121.55796,18.04459],[121.55786,18.04458],[121.55782,18.04447],[121.55777,18.04458],[121.55748,18.04458],[121.55748,18.04467],[121.55739,18.04467],[121.55739,18.04476],[121.55729,18.04476],[121.55729,18.04485],[121.5572,18.04485],[121.5572,18.04494],[121.5571,18.04494],[121.5571,18.04503],[121.55701,18.04503],[121.55701,18.04512],[121.55691,18.04512],[121.55691,18.04521],[121.55678,18.0453],[121.55691,18.04539],[121.55691,18.04557],[121.557,18.04557],[121.557,18.04584],[121.55691,18.04584],[121.55691,18.04602],[121.55681,18.04602],[121.55681,18.04611],[121.55672,18.04611],[121.55672,18.0462],[121.55662,18.0462],[121.55662,18.04629],[121.55653,18.04629],[121.55652,18.04638],[121.55652,18.04647],[121.55638,18.04654],[121.55633,18.04674],[121.55592,18.04678],[121.55586,18.04701],[121.55576,18.04701],[121.55576,18.0471],[121.55567,18.0471],[121.55567,18.04719],[121.55557,18.04719],[121.55557,18.04728],[121.55519,18.04728],[121.55519,18.04737],[121.55501,18.04736],[121.55501,18.04727],[121.5551,18.04728],[121.5551,18.04718],[121.5552,18.04719],[121.5552,18.04709],[121.55529,18.0471],[121.55529,18.04701],[121.55539,18.04701],[121.55539,18.04646],[121.5553,18.04646],[121.5553,18.04637],[121.5552,18.04637],[121.5552,18.04628],[121.55501,18.04628],[121.55501,18.04619],[121.55492,18.04619],[121.55492,18.0461],[121.55473,18.0461],[121.55473,18.04601],[121.55407,18.046],[121.55407,18.04609],[121.55398,18.04609],[121.55398,18.04618],[121.55388,18.04618],[121.55388,18.04645],[121.55378,18.04645],[121.55378,18.04672],[121.55369,18.04672],[121.55369,18.04681],[121.55363,18.04678],[121.55352,18.04636],[121.55326,18.04641],[121.55309,18.04631],[121.55337,18.04596],[121.55341,18.04582],[121.55351,18.04582],[121.55351,18.04537],[121.55363,18.04532],[121.55351,18.04528],[121.55351,18.04509],[121.55364,18.04503],[121.5537,18.04492],[121.55389,18.04492],[121.55389,18.04465],[121.5538,18.04464],[121.5538,18.04446],[121.55371,18.04446],[121.55371,18.04437],[121.55361,18.04437],[121.55361,18.04428],[121.55352,18.04428],[121.55352,18.04419],[121.55314,18.04419],[121.55314,18.04428],[121.55286,18.04428],[121.55286,18.04437],[121.55267,18.04446],[121.55257,18.04445],[121.55257,18.04455],[121.55238,18.04454],[121.55238,18.04463],[121.55229,18.04463],[121.55229,18.04472],[121.55228,18.04527],[121.55219,18.04527],[121.55219,18.04545],[121.55218,18.04581],[121.55209,18.04581],[121.55209,18.04617],[121.55199,18.04617],[121.55199,18.04635],[121.5518,18.04635],[121.5518,18.04644],[121.55171,18.04644],[121.55162,18.04636],[121.55185,18.04597],[121.552,18.04492],[121.55186,18.04468],[121.55198,18.04417],[121.55255,18.04387],[121.55202,18.04378],[121.55163,18.04399],[121.55116,18.04394],[121.55097,18.04396],[121.55083,18.04394],[121.5505,18.04411],[121.54999,18.04375],[121.54956,18.04371],[121.54946,18.04371],[121.54917,18.04333],[121.54912,18.04296]],[[121.56281,18.04065],[121.56263,18.04042],[121.56249,18.04059],[121.56281,18.04065]],[[121.55487,18.04135],[121.55508,18.0417],[121.55534,18.04178],[121.55546,18.04145],[121.55509,18.04137],[121.55505,18.04131],[121.55487,18.04135]],[[121.55536,18.04081],[121.55557,18.04083],[121.55563,18.04032],[121.5554,18.04038],[121.55536,18.04081]],[[121.5561,18.04178],[121.5564,18.0419],[121.55654,18.04164],[121.55647,18.0415],[121.5562,18.04154],[121.5561,18.04178]],[[121.55614,18.04291],[121.55646,18.04313],[121.55655,18.04326],[121.55697,18.04317],[121.55651,18.04282],[121.55614,18.04291]],[[121.56042,18.04366],[121.56054,18.04447],[121.56069,18.04455],[121.56079,18.04443],[121.56064,18.04439],[121.56057,18.04383],[121.56042,18.04366]],[[121.56079,18.04443],[121.56091,18.0444],[121.56082,18.04432],[121.56079,18.04443]],[[121.56093,18.04425],[121.56122,18.04411],[121.56158,18.04429],[121.56165,18.04362],[121.5616,18.04366],[121.56151,18.04375],[121.56141,18.04384],[121.56132,18.04393],[121.56094,18.04411],[121.56093,18.04425]],[[121.56172,18.04357],[121.56208,18.0434],[121.56256,18.04304],[121.5626,18.04299],[121.56208,18.04304],[121.56172,18.04357]],[[121.56276,18.04294],[121.56292,18.04302],[121.56298,18.04291],[121.56276,18.04294]],[[121.56298,18.04291],[121.56324,18.04277],[121.56317,18.04246],[121.56325,18.04215],[121.56311,18.04222],[121.56303,18.04269],[121.56298,18.04291]],[[121.56332,18.04214],[121.56384,18.04222],[121.56393,18.0421],[121.56332,18.04214]],[[121.56357,18.03719],[121.56385,18.03757],[121.56404,18.03799],[121.564,18.03742],[121.56382,18.03727],[121.56378,18.03713],[121.56357,18.03719]],[[121.5641,18.04213],[121.56418,18.04221],[121.56421,18.0421],[121.5641,18.04213]],[[121.5643,18.04204],[121.56446,18.04214],[121.56457,18.04245],[121.565,18.04254],[121.56493,18.04214],[121.56478,18.04193],[121.5643,18.04204]],[[121.56504,18.04268],[121.56512,18.04276],[121.56515,18.04265],[121.56504,18.04268]],[[121.56807,18.04321],[121.56807,18.04358],[121.56817,18.04358],[121.56826,18.04376],[121.56826,18.04385],[121.56835,18.04385],[121.56835,18.04394],[121.56854,18.04394],[121.56854,18.04403],[121.56863,18.04403],[121.56901,18.04404],[121.56906,18.04415],[121.56911,18.04404],[121.5693,18.04404],[121.5693,18.04386],[121.56939,18.04386],[121.56939,18.04359],[121.5693,18.04359],[121.5693,18.0435],[121.56921,18.04349],[121.56911,18.04349],[121.56911,18.0434],[121.56902,18.0434],[121.56877,18.04336],[121.56855,18.04331],[121.56855,18.04322],[121.56817,18.04322],[121.56807,18.04321]]],[[[121.54992,18.06186],[121.55002,18.06165],[121.55012,18.06147],[121.55075,18.06013],[121.55123,18.0595],[121.55174,18.05948],[121.55174,18.05958],[121.55173,18.05983],[121.55192,18.06013],[121.55221,18.06053],[121.55251,18.06099],[121.55322,18.06121],[121.55393,18.06199],[121.55408,18.06232],[121.55468,18.06243],[121.55508,18.06293],[121.55454,18.06313],[121.55436,18.06322],[121.55402,18.06337],[121.55314,18.06406],[121.55297,18.06451],[121.55321,18.06476],[121.55356,18.06419],[121.55422,18.0638],[121.55492,18.06323],[121.55549,18.0632],[121.55624,18.06351],[121.55671,18.06348],[121.55746,18.06382],[121.55748,18.06405],[121.55723,18.06426],[121.55705,18.0648],[121.55669,18.06495],[121.55713,18.065],[121.55713,18.06509],[121.55637,18.06509],[121.55609,18.06508],[121.55609,18.0649],[121.55618,18.0649],[121.55619,18.06481],[121.55656,18.06482],[121.55685,18.06482],[121.55685,18.06473],[121.55694,18.06473],[121.55694,18.06464],[121.55704,18.06464],[121.55704,18.06455],[121.55699,18.06406],[121.55648,18.064],[121.5561,18.064],[121.5561,18.06391],[121.556,18.06391],[121.556,18.06382],[121.55601,18.06373],[121.55582,18.06373],[121.55582,18.06364],[121.55572,18.06364],[121.55572,18.06354],[121.55553,18.06354],[121.55549,18.06348],[121.55518,18.06338],[121.555,18.06348],[121.55497,18.06363],[121.55497,18.06372],[121.55487,18.06372],[121.55487,18.0639],[121.55468,18.0639],[121.55468,18.06399],[121.55449,18.06408],[121.5544,18.06408],[121.5544,18.06417],[121.5543,18.06417],[121.5543,18.06426],[121.55421,18.06426],[121.55421,18.06435],[121.55411,18.06435],[121.55411,18.06444],[121.55392,18.06444],[121.55392,18.06453],[121.55373,18.06452],[121.55364,18.06452],[121.55364,18.06461],[121.55354,18.06461],[121.55354,18.0647],[121.55348,18.06482],[121.55344,18.06497],[121.55331,18.06506],[121.55344,18.06515],[121.55344,18.06588],[121.55334,18.06588],[121.55334,18.06579],[121.55315,18.06578],[121.55315,18.06569],[121.55306,18.06569],[121.5529,18.06547],[121.55259,18.06542],[121.55221,18.06542],[121.55221,18.06551],[121.55202,18.06551],[121.55202,18.06541],[121.55183,18.06541],[121.55184,18.06523],[121.55193,18.06523],[121.55193,18.06514],[121.55203,18.06514],[121.55203,18.06496],[121.55216,18.06487],[121.55203,18.06478],[121.55203,18.06442],[121.55232,18.06442],[121.55241,18.06455],[121.5525,18.06442],[121.5526,18.06443],[121.5526,18.06433],[121.55273,18.06428],[121.55279,18.06416],[121.55288,18.06416],[121.55288,18.06407],[121.55289,18.06389],[121.55295,18.06386],[121.55308,18.06362],[121.55327,18.06362],[121.55327,18.06353],[121.55336,18.06353],[121.55336,18.06326],[121.55308,18.06325],[121.55308,18.06334],[121.55214,18.06334],[121.55213,18.06343],[121.55204,18.06343],[121.55166,18.06342],[121.55166,18.06351],[121.55147,18.06351],[121.55147,18.0636],[121.55128,18.0636],[121.55128,18.06369],[121.55097,18.06373],[121.55103,18.06425],[121.55118,18.06432],[121.55118,18.06441],[121.55128,18.06442],[121.55127,18.06478],[121.55114,18.06487],[121.55127,18.06496],[121.55127,18.06514],[121.55136,18.06514],[121.55136,18.06523],[121.55155,18.06523],[121.55165,18.06541],[121.55155,18.06559],[121.55146,18.06559],[121.55145,18.06568],[121.55136,18.06568],[121.55115,18.06554],[121.55098,18.06509],[121.55076,18.06501],[121.55057,18.06573],[121.55045,18.0658],[121.55041,18.06585],[121.55041,18.06594],[121.55032,18.06594],[121.55032,18.06603],[121.55025,18.06615],[121.55022,18.0664],[121.55013,18.06639],[121.55013,18.06603],[121.55022,18.06603],[121.55022,18.06585],[121.55028,18.06581],[121.55046,18.06517],[121.55069,18.06449],[121.55083,18.06349],[121.55068,18.06282],[121.55054,18.0626],[121.55082,18.0626],[121.5511,18.06261],[121.5511,18.06252],[121.55176,18.06252],[121.55176,18.06243],[121.55233,18.06244],[121.55252,18.06244],[121.55252,18.06235],[121.5529,18.06235],[121.5529,18.06226],[121.55328,18.06226],[121.55328,18.06217],[121.55337,18.06217],[121.55337,18.06208],[121.55347,18.06208],[121.55347,18.0619],[121.55359,18.06186],[121.55347,18.06181],[121.55347,18.06163],[121.55338,18.06163],[121.55338,18.06154],[121.55328,18.06154],[121.55328,18.06145],[121.5531,18.06145],[121.5531,18.06136],[121.553,18.06136],[121.55262,18.06135],[121.55262,18.06126],[121.55244,18.06126],[121.55244,18.06117],[121.55234,18.06117],[121.55234,18.06108],[121.55225,18.06108],[121.55225,18.06099],[121.55215,18.06099],[121.5517,18.06047],[121.55131,18.06053],[121.55131,18.06044],[121.55084,18.06044],[121.55084,18.06053],[121.55074,18.06053],[121.55074,18.06062],[121.55065,18.06062],[121.55065,18.06071],[121.55064,18.0608],[121.55055,18.0608],[121.55055,18.06089],[121.55052,18.06104],[121.5501,18.06182],[121.55007,18.06224],[121.55006,18.06233],[121.54993,18.06221],[121.54992,18.06186]],[[121.55201,18.06292],[121.55211,18.0631],[121.55244,18.06303],[121.55252,18.06289],[121.55201,18.06292]]],[[[121.54993,18.06675],[121.55003,18.06676],[121.55003,18.06694],[121.54993,18.06694],[121.54993,18.06675]]],[[[121.55003,18.06648],[121.55013,18.06648],[121.55012,18.06667],[121.55012,18.06676],[121.55003,18.06676],[121.55003,18.06648]]],[[[121.55006,18.06233],[121.55016,18.06233],[121.55016,18.06242],[121.55006,18.06242],[121.55006,18.06233]]],[[[121.55025,18.06242],[121.55035,18.06242],[121.55035,18.06251],[121.55025,18.06251],[121.55025,18.06242]]],[[[121.55035,18.06251],[121.55054,18.06251],[121.55054,18.0626],[121.55035,18.0626],[121.55035,18.06251]]],[[[121.55091,18.0402],[121.55097,18.03998],[121.55114,18.04011],[121.551,18.0402],[121.55091,18.0402]]],[[[121.55128,18.04047],[121.55137,18.04035],[121.55179,18.04043],[121.55128,18.04047]]],[[[121.5518,18.08059],[121.55184,18.08048],[121.55192,18.08056],[121.5518,18.08059]]],[[[121.55236,18.05891],[121.55255,18.05891],[121.55255,18.059],[121.55264,18.059],[121.55264,18.05909],[121.55243,18.05905],[121.55236,18.05891]]],[[[121.55252,18.06012],[121.55263,18.06009],[121.5526,18.0602],[121.55252,18.06012]]],[[[121.55264,18.05909],[121.55274,18.05909],[121.55292,18.05919],[121.55292,18.05928],[121.55274,18.05928],[121.55264,18.05909]]],[[[121.55292,18.05928],[121.55311,18.05928],[121.55311,18.05937],[121.55292,18.05937],[121.55292,18.05928]]],[[[121.55311,18.05937],[121.55321,18.05937],[121.55321,18.05946],[121.55311,18.05946],[121.55311,18.05937]]],[[[121.55321,18.05946],[121.5533,18.05946],[121.5533,18.05955],[121.55321,18.05955],[121.55321,18.05946]]],[[[121.5533,18.05955],[121.55349,18.05955],[121.55349,18.05964],[121.55358,18.05964],[121.55358,18.05973],[121.55368,18.05973],[121.55368,18.05982],[121.55367,18.05992],[121.55358,18.05991],[121.55358,18.05982],[121.55349,18.05982],[121.55349,18.05973],[121.55339,18.05973],[121.55339,18.05964],[121.5533,18.05964],[121.5533,18.05955]]],[[[121.55367,18.05992],[121.55377,18.05992],[121.55377,18.06001],[121.55367,18.06001],[121.55367,18.05992]]],[[[121.55377,18.06001],[121.55396,18.06001],[121.55396,18.0601],[121.55377,18.0601],[121.55377,18.06001]]],[[[121.55396,18.0601],[121.55415,18.0601],[121.55414,18.06019],[121.55433,18.06019],[121.55433,18.06028],[121.55452,18.06028],[121.55465,18.06034],[121.5548,18.06038],[121.5548,18.06047],[121.55518,18.06047],[121.55518,18.06056],[121.55537,18.06056],[121.55622,18.06057],[121.55631,18.06057],[121.55632,18.06048],[121.5566,18.06048],[121.5566,18.06039],[121.55679,18.0603],[121.55688,18.0603],[121.55688,18.06021],[121.55698,18.06021],[121.55698,18.06012],[121.55707,18.06012],[121.55707,18.06003],[121.55717,18.06003],[121.55717,18.05958],[121.55708,18.05958],[121.55632,18.05957],[121.55604,18.05957],[121.55604,18.05948],[121.55595,18.05948],[121.55595,18.05939],[121.55585,18.05939],[121.55585,18.0593],[121.55547,18.0593],[121.55548,18.05921],[121.55538,18.0592],[121.55538,18.05902],[121.55576,18.05903],[121.55614,18.05903],[121.55614,18.05894],[121.55671,18.05894],[121.55671,18.05885],[121.5568,18.05885],[121.5568,18.05876],[121.5569,18.05876],[121.5569,18.05867],[121.55727,18.05868],[121.55727,18.05877],[121.55803,18.05877],[121.55812,18.0589],[121.55822,18.05877],[121.55831,18.05878],[121.55841,18.05878],[121.55841,18.05869],[121.55864,18.05863],[121.55888,18.0586],[121.55884,18.05865],[121.55873,18.05873],[121.55865,18.0589],[121.55918,18.059],[121.55968,18.05883],[121.56013,18.05873],[121.5604,18.05877],[121.56071,18.0592],[121.56093,18.05929],[121.56109,18.05947],[121.56084,18.06027],[121.56091,18.06082],[121.56077,18.06104],[121.56105,18.06168],[121.5605,18.06199],[121.56001,18.06237],[121.55934,18.06272],[121.55811,18.06288],[121.55841,18.06301],[121.55844,18.06315],[121.55795,18.06297],[121.55752,18.06288],[121.55699,18.06257],[121.55664,18.06215],[121.55619,18.06188],[121.55591,18.06177],[121.5557,18.06151],[121.55525,18.06124],[121.55486,18.06108],[121.55476,18.06096],[121.5545,18.06075],[121.55396,18.0601]]],[[[121.55409,18.07558],[121.55421,18.07555],[121.55417,18.07566],[121.55409,18.07558]]],[[[121.55431,18.06094],[121.55442,18.06091],[121.55439,18.06102],[121.55431,18.06094]]],[[[121.55459,18.06143],[121.55467,18.06135],[121.5547,18.06146],[121.55459,18.06143]]],[[[121.5547,18.06146],[121.55491,18.0615],[121.55498,18.06164],[121.55477,18.0616],[121.5547,18.06146]]],[[[121.55481,18.04754],[121.55482,18.04745],[121.55482,18.04736],[121.55501,18.04736],[121.555,18.04755],[121.55491,18.04754],[121.55481,18.04754]]],[[[121.55498,18.06164],[121.5551,18.06167],[121.55501,18.06175],[121.55498,18.06164]]],[[[121.55543,18.06207],[121.55551,18.06199],[121.55555,18.0621],[121.55543,18.06207]]],[[[121.55555,18.0621],[121.55576,18.06214],[121.5556,18.06222],[121.55555,18.0621]]],[[[121.55601,18.10226],[121.55603,18.10185],[121.55653,18.10162],[121.55708,18.10174],[121.55727,18.10173],[121.55768,18.10132],[121.55802,18.10111],[121.55876,18.1005],[121.55929,18.10039],[121.56001,18.10015],[121.5604,18.10004],[121.56083,18.10049],[121.5611,18.10059],[121.56161,18.10026],[121.562,18.10051],[121.56237,18.1005],[121.56296,18.10053],[121.56322,18.10015],[121.56378,18.0999],[121.56436,18.0998],[121.56472,18.09962],[121.56528,18.09952],[121.56568,18.09927],[121.56599,18.09918],[121.56634,18.09936],[121.56709,18.09971],[121.56719,18.09995],[121.56605,18.10053],[121.56594,18.10173],[121.56524,18.1017],[121.5641,18.10146],[121.56396,18.10163],[121.56421,18.10232],[121.56467,18.10273],[121.56499,18.10306],[121.5652,18.10326],[121.56598,18.10307],[121.56612,18.10355],[121.56572,18.10426],[121.56583,18.10479],[121.5665,18.1051],[121.5669,18.1045],[121.56741,18.10425],[121.56782,18.10487],[121.56838,18.105],[121.56837,18.10525],[121.56847,18.10534],[121.56846,18.10552],[121.56846620940836,18.105644188167215],[121.56757,18.10565297507087],[121.56757,18.10556],[121.56766,18.10556],[121.56767,18.1052],[121.56757,18.1052],[121.56757,18.10502],[121.56748,18.10502],[121.56748,18.10475],[121.56739,18.10475],[121.56739,18.10457],[121.56729,18.10457],[121.56699,18.1046],[121.56691,18.10474],[121.56682,18.10474],[121.56682,18.1051],[121.56672,18.1051],[121.56672,18.10528],[121.56644,18.10528],[121.56644,18.10519],[121.56625,18.10519],[121.56625,18.1051],[121.56597,18.1051],[121.56597,18.10519],[121.56587,18.10519],[121.56587,18.1051],[121.56568,18.1051],[121.56549,18.10509],[121.56549,18.105],[121.5654,18.105],[121.5654,18.10491],[121.56531,18.10491],[121.56531,18.10428],[121.56541,18.10428],[121.56541,18.10419],[121.56547,18.10407],[121.5656,18.10401],[121.56569,18.10401],[121.56569,18.10392],[121.56579,18.10392],[121.56579,18.10383],[121.56585,18.10371],[121.56589,18.10338],[121.56589,18.10329],[121.56551,18.10329],[121.56551,18.10338],[121.56532,18.10338],[121.56532,18.10347],[121.56513,18.10356],[121.56485,18.10355],[121.56485,18.10346],[121.56475,18.10346],[121.56475,18.1031],[121.56466,18.1031],[121.56466,18.10301],[121.56457,18.10301],[121.56457,18.10292],[121.56419,18.10292],[121.56419,18.10283],[121.564,18.10282],[121.56391,18.10282],[121.56391,18.10273],[121.56381,18.10273],[121.56381,18.10255],[121.56372,18.10255],[121.56369,18.10186],[121.56356,18.10157],[121.56364,18.10129],[121.56373,18.10129],[121.56373,18.1012],[121.5642,18.1012],[121.5642,18.10129],[121.56449,18.10129],[121.56464,18.10132],[121.56477,18.10138],[121.56477,18.10147],[121.56486,18.10147],[121.56505,18.10148],[121.56505,18.10157],[121.56581,18.10157],[121.56581,18.10094],[121.56572,18.10094],[121.56572,18.1004],[121.56582,18.1004],[121.56582,18.10031],[121.56601,18.10031],[121.56601,18.10022],[121.5662,18.10022],[121.5662,18.10013],[121.56648,18.10013],[121.56648,18.10004],[121.56657,18.10004],[121.56658,18.09995],[121.5667,18.09991],[121.56658,18.09986],[121.56658,18.09977],[121.56648,18.09977],[121.56648,18.09968],[121.56601,18.09968],[121.56563,18.09967],[121.56563,18.09976],[121.56551,18.09982],[121.5651,18.09988],[121.56503,18.1],[121.56472,18.10006],[121.56468,18.10012],[121.56421,18.10011],[121.56393,18.10011],[121.56393,18.1002],[121.56374,18.1002],[121.56374,18.10029],[121.56355,18.10029],[121.56355,18.10038],[121.56336,18.10038],[121.56336,18.10047],[121.56326,18.10047],[121.56326,18.10056],[121.5631,18.10077],[121.56288,18.10083],[121.56241,18.10082],[121.56241,18.10091],[121.56184,18.10091],[121.56184,18.10082],[121.56147,18.10082],[121.56146,18.10091],[121.56137,18.10091],[121.5609,18.1009],[121.5608,18.1009],[121.5608,18.10081],[121.56071,18.10081],[121.56071,18.10072],[121.56062,18.10072],[121.56062,18.10063],[121.56052,18.10063],[121.56052,18.10054],[121.56043,18.10054],[121.56043,18.10045],[121.56033,18.10045],[121.56034,18.10036],[121.56024,18.10036],[121.55996,18.10035],[121.55986,18.10035],[121.55986,18.10044],[121.55948,18.10053],[121.55939,18.10053],[121.55939,18.10062],[121.55911,18.10062],[121.5591,18.10071],[121.55901,18.10071],[121.55901,18.1008],[121.55891,18.1008],[121.55891,18.10098],[121.55882,18.10098],[121.55882,18.10107],[121.55872,18.10107],[121.55872,18.10116],[121.55863,18.10116],[121.55863,18.10134],[121.55853,18.10134],[121.55853,18.10143],[121.55825,18.10143],[121.55796,18.10142],[121.55778,18.10142],[121.55777,18.10151],[121.55755,18.10166],[121.55739,18.10187],[121.5573,18.10187],[121.5573,18.10196],[121.55692,18.10196],[121.55692,18.10187],[121.55673,18.10187],[121.55673,18.10178],[121.55645,18.10177],[121.55645,18.10186],[121.55626,18.10186],[121.55626,18.10195],[121.55616,18.10195],[121.55616,18.10204],[121.55607,18.10204],[121.55607,18.10231],[121.55601,18.10226]]],[[[121.55633,18.04674],[121.55645,18.04677],[121.55636,18.04685],[121.55633,18.04674]]],[[[121.55713,18.06491],[121.55722,18.06491],[121.55722,18.065],[121.55713,18.065],[121.55713,18.06491]]],[[[121.55722,18.06482],[121.55723,18.06473],[121.55732,18.06473],[121.55732,18.06482],[121.55722,18.06482]]],[[[121.55732,18.06473],[121.55738,18.06452],[121.55761,18.06446],[121.5576,18.06455],[121.55748,18.06461],[121.55741,18.06473],[121.55732,18.06473]]],[[[121.55761,18.06446],[121.55795,18.064],[121.55861,18.06389],[121.55888,18.06379],[121.55952,18.0637],[121.56021,18.06317],[121.5611,18.06282],[121.5622,18.06218],[121.56278,18.06202],[121.56304,18.06188],[121.5632,18.06156],[121.56339,18.06124],[121.56392,18.06112],[121.5641,18.06103],[121.56458,18.06086],[121.56493,18.06067],[121.56505,18.06031],[121.56594,18.06024],[121.5677,18.06045],[121.5687,18.06038],[121.56883,18.06053],[121.56932,18.06094],[121.56929,18.06125],[121.56941,18.06167],[121.56938,18.06204],[121.56888,18.06186],[121.56864,18.06159],[121.56824,18.06162],[121.56826,18.06188],[121.56806,18.06204],[121.56801,18.06228],[121.56844,18.06241],[121.56868,18.06278],[121.56923,18.06259],[121.56957,18.06261],[121.57012,18.0624],[121.57024,18.06164],[121.56986,18.06117],[121.56988,18.06094],[121.57007,18.06061],[121.57004,18.06],[121.57048,18.05923],[121.57129,18.05929],[121.57148,18.05944],[121.5711,18.05955],[121.57099,18.05966],[121.57102,18.06006],[121.57167,18.06018],[121.57195,18.06033],[121.57257,18.06061],[121.57364,18.06055],[121.57393,18.06066],[121.57546,18.06077],[121.57586,18.06137],[121.57617,18.06151],[121.576,18.06166],[121.57591,18.06197],[121.57628,18.06229],[121.57642,18.06274],[121.57606,18.06255],[121.57569,18.0631],[121.57551,18.0629],[121.57555,18.06233],[121.57521,18.0622],[121.57453,18.06255],[121.57376,18.06266],[121.5733,18.06263],[121.5727,18.06231],[121.57237,18.06217],[121.57193,18.06219],[121.57194,18.06236],[121.57192,18.06254],[121.57194,18.06281],[121.57183,18.0628],[121.57174,18.06308],[121.5716,18.0632],[121.57127,18.06298],[121.57118,18.06308],[121.5708,18.06339],[121.5707,18.06371],[121.57044,18.06357],[121.57014,18.06388],[121.56983,18.06386],[121.56961,18.0641],[121.56974,18.06421],[121.56936,18.06436],[121.56937,18.06451],[121.56915,18.0646],[121.56897,18.0648],[121.56899,18.06496],[121.56879,18.06504],[121.5687,18.06523],[121.5686,18.0654],[121.56861,18.0655],[121.5685,18.06567],[121.56861,18.06576],[121.56857,18.06605],[121.56821,18.06648],[121.56808,18.06676],[121.56822,18.06711],[121.56826,18.06743],[121.56808,18.06756],[121.56813,18.06797],[121.5681,18.0682],[121.56821,18.06829],[121.56832,18.06919],[121.56849,18.06948],[121.56874,18.06946],[121.56887,18.06866],[121.56925,18.06821],[121.57019,18.06813],[121.5704,18.06801],[121.57033,18.06744],[121.57091,18.06711],[121.57128,18.06716],[121.57142,18.06733],[121.57168,18.06744],[121.57175,18.06782],[121.57165,18.06782],[121.57166,18.06773],[121.57166,18.06764],[121.57147,18.06764],[121.57147,18.06755],[121.57128,18.06755],[121.57128,18.06746],[121.571,18.06745],[121.571,18.06754],[121.57062,18.06754],[121.57062,18.06763],[121.57052,18.06763],[121.57052,18.06817],[121.57042,18.06817],[121.57042,18.06835],[121.57023,18.06835],[121.57023,18.06844],[121.56957,18.06844],[121.56948,18.06831],[121.56938,18.06844],[121.56919,18.06853],[121.5691,18.0687],[121.569,18.0687],[121.569,18.06934],[121.5689,18.06934],[121.5689,18.06952],[121.56881,18.06952],[121.56881,18.06961],[121.5688,18.0697],[121.56843,18.06969],[121.56833,18.06969],[121.56833,18.06951],[121.56824,18.06951],[121.56818,18.06939],[121.56805,18.06933],[121.56805,18.06924],[121.56758,18.06924],[121.56701,18.06923],[121.56701,18.06932],[121.56692,18.06932],[121.56691,18.06977],[121.56691,18.06995],[121.56685,18.06998],[121.56676,18.07015],[121.56653,18.07004],[121.56654,18.06995],[121.56644,18.06995],[121.56644,18.06986],[121.56635,18.06986],[121.56635,18.06977],[121.56625,18.06977],[121.56625,18.06968],[121.56607,18.06968],[121.56607,18.06959],[121.56597,18.06959],[121.56597,18.06949],[121.56588,18.06949],[121.56588,18.0694],[121.56578,18.0694],[121.56578,18.06931],[121.56569,18.06931],[121.56561,18.069],[121.56568,18.06871],[121.56553,18.06822],[121.56585,18.06801],[121.56589,18.06796],[121.56608,18.06796],[121.56608,18.06787],[121.56627,18.06787],[121.56627,18.06778],[121.56646,18.06778],[121.56646,18.06769],[121.56665,18.06769],[121.56665,18.0676],[121.56684,18.0676],[121.56703,18.06761],[121.56703,18.06751],[121.56731,18.06752],[121.56741,18.06752],[121.56741,18.06743],[121.5676,18.06743],[121.5676,18.06734],[121.56775,18.06727],[121.56779,18.06689],[121.56779,18.06662],[121.56789,18.06662],[121.56789,18.06635],[121.56779,18.06635],[121.56779,18.06616],[121.5677,18.06616],[121.5677,18.06607],[121.56761,18.06607],[121.56761,18.06598],[121.56751,18.06598],[121.56751,18.0658],[121.56761,18.0658],[121.56761,18.06571],[121.5678,18.06562],[121.56789,18.06562],[121.56789,18.06553],[121.56799,18.06553],[121.56799,18.06535],[121.56812,18.06526],[121.56799,18.06517],[121.56799,18.0649],[121.5679,18.0649],[121.56781,18.06472],[121.56781,18.06463],[121.56771,18.06463],[121.56771,18.06454],[121.56762,18.06454],[121.56762,18.06436],[121.56753,18.06436],[121.56753,18.06427],[121.56743,18.06426],[121.56743,18.06417],[121.56734,18.06417],[121.56734,18.06408],[121.56724,18.06408],[121.56706,18.06399],[121.56706,18.06372],[121.56734,18.06372],[121.56734,18.06363],[121.56758,18.06348],[121.56763,18.06318],[121.56763,18.06309],[121.56754,18.06309],[121.56754,18.06291],[121.56744,18.06291],[121.56744,18.06282],[121.56735,18.06282],[121.56735,18.06273],[121.56707,18.06273],[121.56669,18.06272],[121.56669,18.06263],[121.5665,18.06263],[121.5665,18.06254],[121.56612,18.06254],[121.56612,18.06263],[121.56603,18.06263],[121.56602,18.06317],[121.56583,18.06317],[121.56583,18.06326],[121.56574,18.06326],[121.56574,18.06344],[121.56564,18.06344],[121.56564,18.06362],[121.56555,18.06362],[121.56554,18.06398],[121.56545,18.06398],[121.56545,18.06389],[121.56536,18.06389],[121.56536,18.0638],[121.56531,18.06359],[121.56505,18.06349],[121.56498,18.06361],[121.56479,18.06361],[121.56479,18.0637],[121.5647,18.0637],[121.5647,18.06379],[121.5646,18.06379],[121.5646,18.06388],[121.56434,18.0639],[121.5642,18.06404],[121.56359,18.06408],[121.56356,18.06378],[121.56366,18.06378],[121.56366,18.06369],[121.56375,18.0637],[121.56375,18.06351],[121.56385,18.06352],[121.56385,18.06333],[121.56394,18.06334],[121.56413,18.06334],[121.56413,18.06325],[121.56432,18.06325],[121.56432,18.06316],[121.56442,18.06316],[121.56442,18.06307],[121.56451,18.06307],[121.56451,18.06298],[121.56461,18.06298],[121.56461,18.0628],[121.5647,18.0628],[121.56471,18.06253],[121.56461,18.06253],[121.56461,18.06244],[121.56414,18.06243],[121.56414,18.06225],[121.56405,18.06225],[121.56405,18.06207],[121.56395,18.06207],[121.56395,18.06198],[121.56386,18.06198],[121.56386,18.06189],[121.56367,18.06189],[121.56367,18.0618],[121.56339,18.06179],[121.56339,18.06189],[121.5632,18.06197],[121.5631,18.06215],[121.56301,18.06215],[121.56301,18.06224],[121.56291,18.06224],[121.56291,18.06233],[121.56282,18.06233],[121.56282,18.06242],[121.56272,18.06242],[121.56272,18.06251],[121.56263,18.06251],[121.56263,18.0626],[121.56253,18.0626],[121.56253,18.06269],[121.56244,18.06269],[121.56244,18.06287],[121.56234,18.06287],[121.56234,18.06323],[121.56243,18.06323],[121.56253,18.06341],[121.56253,18.06351],[121.56262,18.06351],[121.56262,18.0636],[121.56271,18.0636],[121.56271,18.06369],[121.56281,18.06369],[121.56281,18.06378],[121.5629,18.06378],[121.5629,18.06387],[121.56299,18.06387],[121.56299,18.06405],[121.56309,18.06405],[121.56309,18.06414],[121.56318,18.06414],[121.56314,18.06474],[121.56292,18.06517],[121.56289,18.06532],[121.56279,18.06531],[121.56279,18.06559],[121.5627,18.06558],[121.5627,18.06577],[121.56269,18.06595],[121.5626,18.06595],[121.56241,18.06594],[121.56241,18.06549],[121.56232,18.06549],[121.56232,18.06504],[121.56242,18.06504],[121.56242,18.06495],[121.56255,18.06486],[121.56242,18.06477],[121.56242,18.06459],[121.56233,18.06459],[121.56233,18.06441],[121.56223,18.06441],[121.56224,18.06432],[121.56214,18.06432],[121.56205,18.06431],[121.56205,18.06422],[121.56167,18.06422],[121.56167,18.06413],[121.56101,18.06413],[121.56101,18.06422],[121.56091,18.06422],[121.56072,18.06421],[121.56073,18.06412],[121.56063,18.06412],[121.56063,18.06394],[121.56054,18.06394],[121.56054,18.06385],[121.56044,18.06385],[121.56045,18.06376],[121.56035,18.06376],[121.56035,18.06367],[121.55997,18.06367],[121.55997,18.06376],[121.55978,18.06376],[121.55978,18.06385],[121.55969,18.06385],[121.55959,18.06384],[121.55959,18.06394],[121.5595,18.06393],[121.5595,18.06402],[121.5594,18.06402],[121.5594,18.06411],[121.55931,18.06411],[121.55931,18.06438],[121.55921,18.06438],[121.55921,18.06475],[121.5593,18.06475],[121.5593,18.06484],[121.55911,18.06484],[121.55911,18.06474],[121.55902,18.06474],[121.55902,18.0642],[121.55893,18.0642],[121.55893,18.06411],[121.55884,18.06411],[121.55874,18.06398],[121.55865,18.06411],[121.55817,18.06411],[121.55817,18.0642],[121.55808,18.0642],[121.55799,18.06419],[121.55798,18.06428],[121.5577,18.06446],[121.55761,18.06446]],[[121.56801,18.06228],[121.5679,18.06231],[121.56798,18.06239],[121.56801,18.06228]],[[121.56961,18.0641],[121.56949,18.06413],[121.56957,18.06421],[121.56961,18.0641]],[[121.56163,18.06329],[121.56174,18.06362],[121.56244,18.06392],[121.56257,18.06427],[121.56271,18.06472],[121.56294,18.06474],[121.56298,18.06424],[121.56267,18.06382],[121.56215,18.06323],[121.56163,18.06329]],[[121.5681,18.06132],[121.56818,18.0614],[121.56821,18.06129],[121.5681,18.06132]],[[121.57048,18.06085],[121.57048,18.06131],[121.57057,18.06131],[121.57057,18.06158],[121.57061,18.06185],[121.57101,18.06173],[121.57104,18.06167],[121.57123,18.06167],[121.57123,18.06176],[121.57133,18.06176],[121.57151,18.06186],[121.57151,18.06195],[121.57189,18.06195],[121.57189,18.06204],[121.57265,18.06204],[121.57265,18.06213],[121.57274,18.06214],[121.57293,18.06214],[121.57293,18.06223],[121.57302,18.06223],[121.57302,18.06232],[121.57312,18.06232],[121.57312,18.06241],[121.57321,18.06241],[121.57321,18.0625],[121.57378,18.0625],[121.57378,18.06241],[121.57387,18.06241],[121.57387,18.06205],[121.57383,18.06166],[121.57359,18.0616],[121.57359,18.06151],[121.57341,18.06151],[121.57341,18.06142],[121.57331,18.06142],[121.57331,18.06133],[121.57322,18.06133],[121.57322,18.06096],[121.57313,18.06096],[121.57313,18.06087],[121.57237,18.06087],[121.57237,18.06078],[121.57218,18.06078],[121.57218,18.06069],[121.57209,18.06068],[121.572,18.06068],[121.57195,18.06063],[121.57162,18.0605],[121.57162,18.06041],[121.57134,18.06041],[121.57134,18.0605],[121.57115,18.0605],[121.57115,18.06059],[121.57077,18.06058],[121.57067,18.06058],[121.57067,18.06067],[121.57058,18.06067],[121.57058,18.06085],[121.57048,18.06085]],[[121.57073,18.06296],[121.57081,18.06304],[121.57084,18.06293],[121.57073,18.06296]],[[121.57413,18.06137],[121.57428,18.06163],[121.57446,18.06155],[121.57435,18.06133],[121.57413,18.06137]]],[[[121.55888,18.05851],[121.55917,18.05851],[121.55916,18.0586],[121.55888,18.0586],[121.55888,18.05851]]],[[[121.55935,18.05842],[121.55954,18.05842],[121.55954,18.05851],[121.55935,18.05851],[121.55935,18.05842]]],[[[121.55954,18.05833],[121.55983,18.05833],[121.55983,18.05842],[121.55954,18.05842],[121.55954,18.05833]]],[[[121.55983,18.05824],[121.56002,18.05825],[121.56096,18.05825],[121.56096,18.05834],[121.56106,18.05834],[121.56124,18.05835],[121.56124,18.05844],[121.56181,18.05844],[121.56181,18.05835],[121.56191,18.05835],[121.56191,18.05817],[121.562,18.05817],[121.56201,18.05754],[121.56191,18.05754],[121.56191,18.05745],[121.56182,18.05745],[121.56182,18.05736],[121.56173,18.05735],[121.56163,18.05735],[121.56163,18.05726],[121.56144,18.05726],[121.56144,18.05717],[121.56135,18.05717],[121.56118,18.05691],[121.5615,18.05695],[121.56216,18.05687],[121.5622,18.05682],[121.56258,18.05673],[121.56268,18.05673],[121.56268,18.05664],[121.56324,18.05664],[121.56324,18.05655],[121.56343,18.05655],[121.56362,18.05656],[121.56362,18.05647],[121.56391,18.05647],[121.5639,18.05656],[121.56419,18.05656],[121.56419,18.05665],[121.56438,18.05665],[121.56438,18.05674],[121.56447,18.05674],[121.56447,18.05683],[121.56456,18.05683],[121.56456,18.05692],[121.56466,18.05692],[121.56466,18.05702],[121.56475,18.05702],[121.56475,18.05711],[121.56484,18.05711],[121.56484,18.0572],[121.56503,18.0572],[121.56503,18.05729],[121.56541,18.05729],[121.56541,18.05738],[121.56579,18.05738],[121.56588,18.05739],[121.56588,18.0573],[121.56626,18.0573],[121.56626,18.05721],[121.56645,18.05721],[121.56645,18.05712],[121.56673,18.05712],[121.56673,18.05703],[121.56702,18.05703],[121.56702,18.05694],[121.56721,18.05694],[121.56721,18.05685],[121.5673,18.05685],[121.5673,18.05676],[121.5674,18.05676],[121.5674,18.05667],[121.56749,18.05667],[121.56749,18.05658],[121.56797,18.05659],[121.56797,18.05668],[121.56863,18.05668],[121.56858,18.05673],[121.56763,18.05681],[121.5673,18.05717],[121.56672,18.05726],[121.56622,18.05744],[121.56566,18.05755],[121.56474,18.0573],[121.5643,18.05681],[121.56401,18.05668],[121.56377,18.05671],[121.56395,18.05687],[121.56445,18.05744],[121.56422,18.05796],[121.56413,18.0582],[121.56443,18.05832],[121.56474,18.05798],[121.56526,18.05791],[121.56507,18.05823],[121.56493,18.05853],[121.56454,18.05839],[121.5644,18.05882],[121.56418,18.05918],[121.56395,18.05937],[121.56365,18.05977],[121.56311,18.0602],[121.56259,18.06038],[121.5618,18.061],[121.56144,18.0611],[121.56122,18.06062],[121.5614,18.05947],[121.56136,18.05902],[121.56139,18.05875],[121.56138,18.05861],[121.56062,18.05839],[121.55983,18.05833],[121.55983,18.05824]]],[[[121.56133,18.01316],[121.56139,18.01295],[121.56142042485035,18.01269899498461],[121.56203538203708,18.012620842676704],[121.56186,18.01286],[121.56157,18.01305],[121.56186,18.01304],[121.56213,18.01294],[121.56228,18.0129],[121.56227,18.01299],[121.56218,18.01299],[121.56218,18.01308],[121.56209,18.01308],[121.56208,18.01317],[121.56199,18.01317],[121.56199,18.01326],[121.56189,18.01326],[121.56189,18.01335],[121.56161,18.01335],[121.56161,18.01344],[121.56142,18.01344],[121.56142,18.01326],[121.56133,18.01325],[121.56133,18.01316]]],[[[121.5614,18.03651],[121.56152,18.03648],[121.56148,18.03659],[121.5614,18.03651]]],[[[121.56159,18.03581],[121.56171,18.03576],[121.56167,18.03596],[121.56159,18.03581]]],[[[121.5618,18.04769],[121.5619,18.04769],[121.5619,18.04778],[121.5618,18.04778],[121.5618,18.04769]]],[[[121.56181,18.04733],[121.56183,18.04717],[121.56216,18.04712],[121.56231,18.04699],[121.56247,18.04697],[121.56247,18.04706],[121.56238,18.04706],[121.56238,18.04715],[121.56228,18.04715],[121.56228,18.04724],[121.562,18.04724],[121.562,18.04742],[121.56181,18.04733]]],[[[121.56228,18.01272],[121.56237,18.01272],[121.56237,18.0129],[121.56228,18.0129],[121.56228,18.01272]]],[[[121.56237,18.01272],[121.56240010519592,18.012574491553043],[121.56255243361045,18.012555132779113],[121.56247,18.01272],[121.56237,18.01272]]],[[[121.56275,18.04697],[121.56313,18.04697],[121.56313,18.04688],[121.56323,18.04688],[121.56323,18.04697],[121.56332,18.04697],[121.56328,18.04717],[121.56313,18.04724],[121.56313,18.04715],[121.56294,18.04715],[121.56294,18.04706],[121.56275,18.04706],[121.56275,18.04697]]],[[[121.56283,18.01435],[121.56292,18.01435],[121.56293,18.01426],[121.56311,18.01426],[121.56312,18.01417],[121.5633,18.01417],[121.5633,18.01408],[121.5634,18.01408],[121.5634,18.01399],[121.56359,18.0139],[121.56368,18.0139],[121.56368,18.01381],[121.56378,18.01382],[121.56387,18.01382],[121.56387,18.01373],[121.56397,18.01373],[121.56397,18.01364],[121.56406,18.01364],[121.56407,18.013],[121.56379,18.013],[121.56379,18.01291],[121.56369,18.01291],[121.56369,18.01282],[121.5636,18.01282],[121.5636,18.01273],[121.5635,18.01273],[121.56351,18.01264],[121.56341,18.01264],[121.56341,18.01255],[121.56332,18.01255],[121.56332,18.01246],[121.56330278719457,18.01245977351572],[121.5647490130453,18.012275978789148],[121.56497,18.01243],[121.56534,18.01254],[121.56522,18.01301],[121.56487,18.01324],[121.56429,18.01345],[121.56433,18.01404],[121.56415,18.01405],[121.56384,18.01402],[121.56365,18.01435],[121.5641,18.0146],[121.56515,18.01451],[121.56543,18.01431],[121.56588,18.01435],[121.56602,18.01325],[121.56637,18.01323],[121.56685,18.01362],[121.56783,18.01414],[121.56826,18.01449],[121.56811,18.0147],[121.5676,18.01512],[121.56772,18.01517],[121.5683,18.01502],[121.5683,18.01511],[121.56821,18.01511],[121.56821,18.0152],[121.56802,18.0152],[121.56802,18.01529],[121.56773,18.01529],[121.56773,18.01538],[121.56754,18.01538],[121.56754,18.01547],[121.56745,18.01547],[121.56745,18.01565],[121.56735,18.01565],[121.56735,18.01556],[121.56726,18.01556],[121.56726,18.01529],[121.56736,18.01529],[121.56736,18.0152],[121.56751,18.01498],[121.56774,18.01484],[121.56783,18.01484],[121.56783,18.01475],[121.56793,18.01475],[121.56793,18.01439],[121.56784,18.01439],[121.56784,18.0143],[121.56774,18.0143],[121.56774,18.01421],[121.56765,18.01421],[121.56765,18.01411],[121.56737,18.01411],[121.56737,18.01402],[121.56727,18.01402],[121.56727,18.01393],[121.56708,18.01393],[121.56708,18.01384],[121.5668,18.01384],[121.5668,18.01375],[121.56661,18.01375],[121.56661,18.01366],[121.56652,18.01365],[121.56652,18.01347],[121.56643,18.01347],[121.56643,18.01338],[121.56614,18.01338],[121.56614,18.01347],[121.56605,18.01347],[121.56605,18.01356],[121.56604,18.01437],[121.56595,18.01437],[121.56595,18.01455],[121.56557,18.01455],[121.56547,18.01442],[121.56538,18.01455],[121.56538,18.01464],[121.56528,18.01464],[121.56528,18.01473],[121.56519,18.01473],[121.56519,18.01482],[121.56509,18.01482],[121.56509,18.01491],[121.565,18.01491],[121.5649,18.01478],[121.56481,18.01491],[121.56456,18.01494],[121.5642,18.01523],[121.5639,18.01533],[121.56377,18.01553],[121.56358,18.01553],[121.56358,18.01562],[121.56342,18.01559],[121.56329,18.01553],[121.56329,18.01535],[121.5633,18.01517],[121.5632,18.01517],[121.5632,18.01508],[121.56311,18.01508],[121.56311,18.01471],[121.56302,18.01471],[121.56302,18.01462],[121.56292,18.01462],[121.56292,18.01444],[121.56283,18.01444],[121.56283,18.01435]]],[[[121.5635,18.04761],[121.56351,18.04752],[121.5636,18.04752],[121.5636,18.04788],[121.5635,18.04788],[121.5635,18.04761]]],[[[121.56372,18.04418],[121.56382,18.04418],[121.56382,18.04427],[121.56372,18.04427],[121.56372,18.04418]]],[[[121.56381,18.04436],[121.56382,18.04427],[121.56391,18.04427],[121.56391,18.04436],[121.56381,18.04436]]],[[[121.56391,18.04436],[121.564,18.04436],[121.564,18.04445],[121.5641,18.04445],[121.5641,18.04454],[121.56419,18.04454],[121.56419,18.04472],[121.56428,18.04472],[121.56428,18.04481],[121.56447,18.04481],[121.56447,18.04491],[121.56466,18.04491],[121.56466,18.045],[121.56436,18.04495],[121.564,18.04473],[121.56391,18.04436]]],[[[121.56431,18.07608],[121.56432,18.07572],[121.56441,18.07572],[121.56441,18.07563],[121.5646,18.07563],[121.5646,18.07554],[121.5647,18.07554],[121.5647,18.07545],[121.56479,18.07545],[121.56479,18.07527],[121.56492,18.07521],[121.56498,18.07509],[121.56536,18.07509],[121.56536,18.07518],[121.56555,18.07518],[121.56555,18.07527],[121.56564,18.07528],[121.56574,18.07528],[121.56574,18.07537],[121.56592,18.07537],[121.56592,18.07546],[121.56649,18.07546],[121.56645,18.07552],[121.56619,18.07567],[121.56583,18.07557],[121.56561,18.07563],[121.56543,18.07589],[121.56566,18.07621],[121.56557,18.0765],[121.56535,18.07663],[121.56535,18.07627],[121.56526,18.07627],[121.56526,18.07618],[121.56516,18.07618],[121.56507,18.07617],[121.56507,18.07608],[121.56431,18.07608]]],[[[121.56472,18.03723],[121.56482,18.03723],[121.56482,18.03732],[121.56491,18.03732],[121.56497,18.03744],[121.5651,18.0375],[121.5651,18.03759],[121.56529,18.03759],[121.56529,18.03768],[121.56538,18.03768],[121.56576,18.03769],[121.56576,18.0376],[121.56585,18.0376],[121.56585,18.03751],[121.56586,18.03714],[121.56586,18.03696],[121.56576,18.03696],[121.56577,18.03678],[121.56577,18.03669],[121.56567,18.03669],[121.56567,18.03651],[121.56558,18.03651],[121.56552,18.03639],[121.56539,18.03633],[121.56539,18.03624],[121.5653,18.03624],[121.56514,18.03601],[121.56547,18.03564],[121.56543,18.03546],[121.56568,18.03543],[121.56576,18.03553],[121.56598,18.03568],[121.56621,18.03601],[121.56668,18.03594],[121.56691,18.0358],[121.56728,18.0358],[121.56729,18.03571],[121.56757,18.03571],[121.56757,18.03562],[121.56766,18.03562],[121.56766,18.03553],[121.56776,18.03553],[121.56776,18.03535],[121.56795,18.03535],[121.56795,18.03526],[121.56804,18.03526],[121.56805,18.03517],[121.56814,18.03517],[121.56814,18.03535],[121.56804,18.03535],[121.56804,18.03553],[121.56795,18.03553],[121.56795,18.03562],[121.56788,18.03566],[121.56779,18.03595],[121.56804,18.03599],[121.56829,18.03602],[121.56842,18.03608],[121.56842,18.03617],[121.56851,18.03617],[121.56851,18.03626],[121.5686,18.03626],[121.5686,18.03635],[121.56889,18.03635],[121.56945,18.03636],[121.56945,18.03627],[121.56955,18.03627],[121.56974,18.03636],[121.56995,18.03678],[121.57002,18.03681],[121.57001,18.03699],[121.56992,18.03699],[121.56992,18.03726],[121.57001,18.03727],[121.57011,18.03739],[121.5702,18.03727],[121.5702,18.03681],[121.57034,18.03673],[121.57021,18.03663],[121.57006,18.03642],[121.57002,18.03627],[121.57021,18.03627],[121.57021,18.03618],[121.5703,18.03618],[121.5703,18.03609],[121.57031,18.03582],[121.57031,18.03573],[121.57021,18.03573],[121.57021,18.03564],[121.57012,18.03564],[121.57012,18.03546],[121.57003,18.03546],[121.57003,18.03537],[121.57022,18.03537],[121.57022,18.03546],[121.57031,18.03546],[121.57031,18.03555],[121.5704,18.03555],[121.5704,18.03564],[121.57069,18.03564],[121.57069,18.03546],[121.57081,18.03542],[121.57069,18.03537],[121.57069,18.0351],[121.57031,18.0351],[121.57007,18.03515],[121.56994,18.0351],[121.56994,18.03492],[121.56984,18.03491],[121.56984,18.03464],[121.56994,18.03464],[121.57013,18.03465],[121.57013,18.03456],[121.57041,18.03456],[121.57041,18.03447],[121.5707,18.03447],[121.5707,18.03438],[121.57098,18.0342],[121.57155,18.0342],[121.57174,18.03421],[121.57199,18.03424],[121.57211,18.0343],[121.57211,18.03439],[121.57221,18.03439],[121.57221,18.03448],[121.5723,18.03448],[121.5723,18.03457],[121.57268,18.03457],[121.57268,18.03448],[121.57287,18.03449],[121.57287,18.03439],[121.57296,18.0344],[121.57296,18.03431],[121.57419,18.03431],[121.57425,18.03443],[121.57438,18.0345],[121.57438,18.03459],[121.57447,18.03459],[121.57447,18.03468],[121.57457,18.03468],[121.57457,18.03477],[121.57466,18.03477],[121.57472,18.03489],[121.57485,18.03495],[121.57485,18.03513],[121.57494,18.03513],[121.57494,18.03522],[121.57503,18.03522],[121.5751,18.03534],[121.57522,18.03541],[121.57522,18.0355],[121.57532,18.0355],[121.57541,18.03568],[121.57541,18.03577],[121.5755,18.03577],[121.5755,18.03595],[121.57493,18.03595],[121.57493,18.03604],[121.57446,18.03603],[121.57437,18.03603],[121.57437,18.03612],[121.5738,18.03612],[121.5738,18.03621],[121.57361,18.03621],[121.57361,18.0363],[121.57351,18.0363],[121.57351,18.03639],[121.57333,18.03639],[121.57332,18.03648],[121.57323,18.03648],[121.57323,18.03657],[121.57313,18.03657],[121.57304,18.03656],[121.57304,18.03666],[121.57285,18.03665],[121.57276,18.03665],[121.57276,18.03674],[121.57266,18.03674],[121.57266,18.03683],[121.57234,18.03707],[121.57209,18.03737],[121.5719,18.03737],[121.57223,18.03695],[121.57203,18.03676],[121.57167,18.0368],[121.57176,18.03669],[121.57196,18.03661],[121.57254,18.03621],[121.57306,18.03627],[121.57327,18.03615],[121.57382,18.03601],[121.57413,18.03552],[121.57401,18.03541],[121.57343,18.03547],[121.57305,18.03542],[121.5729,18.03544],[121.57282,18.03534],[121.57257,18.03524],[121.57235,18.03488],[121.57191,18.03435],[121.57168,18.03443],[121.57145,18.0347],[121.57085,18.03482],[121.57104,18.03596],[121.57038,18.03607],[121.57033,18.0364],[121.57045,18.03659],[121.57055,18.03745],[121.5701,18.03761],[121.56989,18.03744],[121.56976,18.03673],[121.5695,18.03658],[121.56855,18.03649],[121.56828,18.03634],[121.56773,18.03666],[121.56751,18.03702],[121.56739,18.03727],[121.56674,18.03773],[121.56665,18.03804],[121.56624,18.03826],[121.56589,18.0383],[121.56561,18.03819],[121.56551,18.03785],[121.5649,18.0376],[121.56476,18.03737],[121.56472,18.03723]],[[121.57235,18.03651],[121.57247,18.03656],[121.57257,18.03656],[121.5727,18.03647],[121.57257,18.03638],[121.57248,18.03638],[121.57247,18.03647],[121.57235,18.03651]]],[[[121.56516,18.07672],[121.56525,18.07672],[121.56525,18.0769],[121.56516,18.0769],[121.56516,18.07672]]],[[[121.56525,18.07663],[121.56535,18.07663],[121.56535,18.07672],[121.56525,18.07672],[121.56525,18.07663]]],[[[121.56554,18.05305],[121.56563,18.05305],[121.56563,18.05314],[121.56554,18.05314],[121.56554,18.05305]]],[[[121.56554,18.06398],[121.56564,18.06398],[121.56573,18.06416],[121.56573,18.06425],[121.56564,18.06425],[121.56564,18.06416],[121.56554,18.06416],[121.56554,18.06398]]],[[[121.56563,18.05296],[121.56573,18.05296],[121.56573,18.05305],[121.56563,18.05305],[121.56563,18.05296]]],[[[121.56568,18.04263],[121.56591,18.04257],[121.56584,18.04278],[121.56568,18.04263]]],[[[121.56573,18.05278],[121.56589,18.0527],[121.56592,18.05287],[121.56582,18.05287],[121.56582,18.05296],[121.56573,18.05296],[121.56573,18.05278]]],[[[121.56582,18.07645],[121.56592,18.07645],[121.56592,18.07654],[121.56582,18.07654],[121.56582,18.07645]]],[[[121.56585,18.05209],[121.56602,18.05206],[121.56602,18.05233],[121.56595,18.0523],[121.56585,18.05209]]],[[[121.56586,18.07892],[121.56607,18.07845],[121.56647,18.07835],[121.56651,18.07841],[121.56677,18.07859],[121.56666,18.07904],[121.56622,18.0792],[121.56586,18.07892]],[[121.56605,18.0788],[121.56618,18.07889],[121.56618,18.07898],[121.56627,18.07899],[121.56646,18.07899],[121.56646,18.0789],[121.5666,18.07881],[121.56646,18.07872],[121.56647,18.07863],[121.56637,18.07862],[121.56618,18.07862],[121.56618,18.07871],[121.56605,18.0788]]],[[[121.56592,18.07645],[121.56595,18.07634],[121.56603,18.07642],[121.56592,18.07645]]],[[[121.56645,18.04069],[121.56656,18.03992],[121.56706,18.03986],[121.5671,18.03991],[121.56738,18.04003],[121.56748,18.04043],[121.56704,18.04076],[121.56645,18.04069]],[[121.56668,18.0404],[121.56668,18.04049],[121.56677,18.04062],[121.56687,18.0405],[121.567,18.04043],[121.5668,18.0402],[121.56668,18.0404]]],[[[121.56676,18.077],[121.56692,18.0767],[121.56705,18.07664],[121.56701,18.07712],[121.56676,18.077]]],[[[121.56715,18.07547],[121.56762,18.07547],[121.56762,18.07556],[121.56715,18.07556],[121.56715,18.07547]]],[[[121.56718,18.04605],[121.56726,18.0457],[121.56758,18.04565],[121.56767,18.04584],[121.56718,18.04605]]],[[[121.56722,18.05505],[121.56732,18.05505],[121.56732,18.05496],[121.56751,18.05496],[121.56751,18.05487],[121.56763,18.05481],[121.56808,18.05478],[121.56807,18.05487],[121.56817,18.05487],[121.56864,18.05488],[121.56874,18.05488],[121.56874,18.05479],[121.56888,18.05472],[121.56893,18.05452],[121.56916,18.05438],[121.56946,18.0544],[121.56941,18.05362],[121.5695,18.05362],[121.5695,18.05353],[121.5696,18.05353],[121.5696,18.05344],[121.56979,18.05344],[121.56979,18.05335],[121.57017,18.05335],[121.57016,18.05344],[121.57054,18.05344],[121.57054,18.05353],[121.57064,18.05354],[121.57064,18.05363],[121.57073,18.05363],[121.57073,18.05372],[121.57082,18.05372],[121.57082,18.05381],[121.57092,18.05381],[121.57092,18.0539],[121.57101,18.0539],[121.57101,18.05399],[121.5712,18.05399],[121.5712,18.05408],[121.57139,18.05408],[121.57139,18.05417],[121.57148,18.05417],[121.57167,18.05427],[121.57167,18.05436],[121.57176,18.05436],[121.57176,18.05445],[121.57186,18.05445],[121.57186,18.05463],[121.57204,18.05463],[121.57204,18.05472],[121.57214,18.05472],[121.57214,18.05481],[121.57223,18.05481],[121.57229,18.05493],[121.57232,18.05526],[121.57232,18.05535],[121.57223,18.05535],[121.57223,18.05563],[121.57232,18.05563],[121.57238,18.05575],[121.57251,18.05581],[121.57251,18.0559],[121.57288,18.0559],[121.57289,18.05581],[121.57298,18.05581],[121.57298,18.05554],[121.57289,18.05554],[121.57289,18.05536],[121.57279,18.05536],[121.57279,18.05527],[121.5728,18.05518],[121.5727,18.05518],[121.5727,18.05509],[121.57261,18.05509],[121.57254,18.05492],[121.57261,18.05463],[121.57271,18.05463],[121.57271,18.05445],[121.5728,18.05445],[121.5728,18.05436],[121.5729,18.05437],[121.5729,18.05427],[121.57299,18.05428],[121.57299,18.05391],[121.57309,18.05391],[121.57309,18.05373],[121.57319,18.05373],[121.57328,18.05374],[121.57328,18.05365],[121.57356,18.05365],[121.57356,18.05356],[121.57366,18.05356],[121.57366,18.05311],[121.57357,18.05311],[121.57349,18.05296],[121.57319,18.05292],[121.5731,18.05292],[121.5731,18.05301],[121.57291,18.05301],[121.57291,18.0531],[121.57281,18.0531],[121.57281,18.05319],[121.57253,18.05319],[121.57253,18.05328],[121.57243,18.05328],[121.57221,18.05322],[121.57215,18.053],[121.57215,18.05291],[121.57225,18.05291],[121.57225,18.05273],[121.57234,18.05273],[121.57234,18.05264],[121.57244,18.05264],[121.57244,18.05255],[121.57253,18.05256],[121.57253,18.05246],[121.57263,18.05247],[121.57263,18.05228],[121.57272,18.05229],[121.57273,18.05192],[121.57282,18.05192],[121.57282,18.05183],[121.57292,18.05184],[121.57292,18.05174],[121.57301,18.05175],[121.57301,18.05166],[121.57326,18.05169],[121.57353,18.05187],[121.57358,18.05148],[121.57368,18.05148],[121.57368,18.05139],[121.57377,18.05139],[121.57377,18.0513],[121.57406,18.0513],[121.57406,18.05121],[121.57415,18.05121],[121.57415,18.05112],[121.57425,18.05112],[121.57425,18.05103],[121.57434,18.05103],[121.57434,18.05094],[121.57462,18.05094],[121.57481,18.05095],[121.575,18.05095],[121.575,18.05086],[121.5751,18.05086],[121.5751,18.05077],[121.57519,18.05077],[121.57519,18.05068],[121.57529,18.05068],[121.57529,18.05059],[121.57557,18.05059],[121.57557,18.0505],[121.57567,18.0505],[121.57567,18.05005],[121.57558,18.05005],[121.57558,18.04987],[121.57539,18.04987],[121.57539,18.04978],[121.5753,18.04977],[121.5753,18.04968],[121.5752,18.04968],[121.5752,18.04959],[121.57511,18.04959],[121.57511,18.0495],[121.57501,18.0495],[121.57501,18.04941],[121.57492,18.04941],[121.57469,18.04926],[121.57454,18.04923],[121.5745,18.04911],[121.57445,18.04923],[121.57423,18.04928],[121.57407,18.04949],[121.57398,18.04949],[121.57397,18.04958],[121.57401,18.04991],[121.57406,18.05013],[121.57406,18.0504],[121.57397,18.0504],[121.57397,18.05058],[121.57384,18.05064],[121.57368,18.05067],[121.57368,18.05058],[121.57359,18.05058],[121.57359,18.05048],[121.57349,18.05048],[121.57331,18.05039],[121.57331,18.0503],[121.57293,18.0503],[121.57293,18.05039],[121.57274,18.05048],[121.57264,18.05048],[121.57264,18.05057],[121.57246,18.05057],[121.57245,18.05066],[121.57208,18.05065],[121.57189,18.05065],[121.57189,18.05074],[121.5717,18.05074],[121.5717,18.05083],[121.5716,18.05083],[121.5716,18.05092],[121.57151,18.05092],[121.57151,18.0511],[121.57141,18.0511],[121.57141,18.05137],[121.57131,18.05137],[121.57131,18.05155],[121.57122,18.05155],[121.57122,18.05164],[121.57084,18.05164],[121.57084,18.05173],[121.57065,18.05173],[121.57065,18.05164],[121.57046,18.05164],[121.57046,18.05155],[121.57037,18.05155],[121.57018,18.05154],[121.57012,18.05142],[121.57009,18.05127],[121.57018,18.05109],[121.57028,18.05109],[121.57028,18.051],[121.57034,18.05088],[121.57047,18.05082],[121.57056,18.05082],[121.57056,18.05073],[121.57069,18.05067],[121.57075,18.05055],[121.57085,18.05055],[121.57085,18.05037],[121.57104,18.05038],[121.57123,18.05047],[121.57123,18.05056],[121.57142,18.05056],[121.57151,18.05069],[121.5716,18.05056],[121.5717,18.05056],[121.5717,18.05047],[121.57179,18.05047],[121.5718,18.05029],[121.57183,18.05014],[121.57189,18.05002],[121.57199,18.05002],[121.57199,18.04993],[121.57205,18.04981],[121.57209,18.04957],[121.57209,18.04948],[121.57199,18.04948],[121.57199,18.04921],[121.572,18.04894],[121.5719,18.04894],[121.5719,18.04876],[121.57181,18.04875],[121.57181,18.04866],[121.57162,18.04866],[121.57162,18.04857],[121.57134,18.04857],[121.57138,18.04852],[121.57151,18.04844],[121.57216,18.04866],[121.57213,18.04925],[121.57228,18.04966],[121.57207,18.05021],[121.5724,18.05051],[121.57288,18.05016],[121.57323,18.05008],[121.57364,18.05035],[121.57385,18.05035],[121.57383,18.04971],[121.57404,18.04915],[121.57465,18.049],[121.57568,18.04982],[121.57629,18.0501],[121.57651,18.05021],[121.57666,18.05063],[121.57577,18.05076],[121.57533,18.05116],[121.5759,18.05127],[121.57621,18.05137],[121.57647,18.05165],[121.57646,18.05195],[121.57597,18.05254],[121.57598,18.05283],[121.57629,18.0531],[121.57743,18.05306],[121.57767,18.05339],[121.57716,18.05374],[121.57602,18.05369],[121.57569,18.0538],[121.57535,18.05388],[121.57464,18.05332],[121.57467,18.05271],[121.57462,18.05138],[121.57445,18.05126],[121.57409,18.05163],[121.57411,18.05198],[121.57409,18.05231],[121.57341,18.05242],[121.57298,18.0522],[121.57268,18.05269],[121.57258,18.05278],[121.57251,18.05296],[121.5731,18.05277],[121.57367,18.05279],[121.57399,18.05354],[121.57335,18.0541],[121.5744,18.05467],[121.57463,18.05515],[121.57521,18.05524],[121.57548,18.05533],[121.57645,18.05543],[121.57672,18.05572],[121.57669,18.05624],[121.5768,18.05634],[121.57692,18.05645],[121.57734,18.05632],[121.57774,18.05653],[121.57813,18.05665],[121.57812,18.05637],[121.57774,18.05626],[121.57765,18.05615],[121.57807,18.05579],[121.57839,18.05563],[121.57852,18.05615],[121.57831,18.05644],[121.57841,18.05653],[121.57854,18.05681],[121.57837,18.05712],[121.57784,18.05758],[121.57744,18.0577],[121.57689,18.05733],[121.57678,18.05733],[121.57679,18.0576],[121.57673,18.05769],[121.5763,18.0574],[121.57594,18.05723],[121.57595,18.057],[121.57549,18.05679],[121.57481,18.05669],[121.57451,18.05658],[121.57411,18.0566],[121.57343,18.05614],[121.57228,18.05602],[121.57209,18.05621],[121.57142,18.0563],[121.57113,18.05648],[121.5709,18.05652],[121.5709,18.05643],[121.57099,18.05643],[121.57112,18.05634],[121.57099,18.05625],[121.57099,18.05607],[121.5709,18.05607],[121.5709,18.05589],[121.57081,18.05589],[121.57053,18.05552],[121.57053,18.05543],[121.57043,18.05543],[121.57043,18.05534],[121.57005,18.05534],[121.57005,18.05543],[121.56987,18.05543],[121.56987,18.05534],[121.56977,18.05534],[121.56939,18.05533],[121.56939,18.05542],[121.56902,18.05542],[121.56901,18.05551],[121.56873,18.05551],[121.56873,18.0556],[121.56854,18.0556],[121.56854,18.05569],[121.56835,18.05569],[121.56807,18.05568],[121.56797,18.05568],[121.56797,18.05559],[121.56779,18.05559],[121.56779,18.0555],[121.56741,18.0555],[121.56741,18.05541],[121.56731,18.05541],[121.56732,18.05532],[121.56722,18.05532],[121.56722,18.05505]],[[121.56798,18.05501],[121.56824,18.05551],[121.56868,18.05537],[121.56925,18.05529],[121.56964,18.0552],[121.57048,18.0552],[121.5709,18.05562],[121.57115,18.05585],[121.57151,18.05581],[121.57113,18.05557],[121.57094,18.05538],[121.57096,18.05489],[121.57143,18.05467],[121.57162,18.05452],[121.5709,18.05406],[121.57047,18.05374],[121.57035,18.05362],[121.57002,18.05367],[121.56964,18.05395],[121.57029,18.05456],[121.56968,18.05467],[121.56916,18.05465],[121.56888,18.05492],[121.56798,18.05501]],[[121.57043,18.05113],[121.57068,18.05149],[121.57111,18.05135],[121.57122,18.05091],[121.57113,18.05056],[121.57098,18.05059],[121.57081,18.05088],[121.57043,18.05113]],[[121.57163,18.05584],[121.57179,18.05592],[121.57185,18.0558],[121.57163,18.05584]],[[121.57291,18.055],[121.57322,18.05539],[121.57359,18.05544],[121.57325,18.0549],[121.57318,18.05464],[121.57296,18.05469],[121.57291,18.055]],[[121.57405,18.05642],[121.57458,18.05637],[121.57458,18.05646],[121.57467,18.05646],[121.57467,18.05655],[121.57486,18.05655],[121.57486,18.05664],[121.57515,18.05664],[121.57515,18.05655],[121.57534,18.05655],[121.57533,18.05664],[121.57562,18.05664],[121.57571,18.05665],[121.57571,18.05655],[121.57581,18.05656],[121.57581,18.05637],[121.5759,18.05638],[121.5759,18.05628],[121.576,18.05629],[121.576,18.0561],[121.57609,18.05611],[121.5761,18.05602],[121.57619,18.05602],[121.57619,18.05593],[121.57628,18.05593],[121.57629,18.05566],[121.57619,18.05565],[121.57619,18.05556],[121.57553,18.05556],[121.57553,18.05565],[121.57525,18.05565],[121.5752,18.0556],[121.57454,18.05551],[121.57415,18.05537],[121.57405,18.05642]],[[121.57471,18.05194],[121.57471,18.0523],[121.5748,18.0523],[121.5748,18.05266],[121.57489,18.05266],[121.57489,18.05293],[121.5748,18.05293],[121.5748,18.05302],[121.57484,18.05332],[121.57508,18.05348],[121.57508,18.05357],[121.57526,18.05357],[121.57526,18.05366],[121.57555,18.05366],[121.57555,18.05357],[121.57564,18.05357],[121.57564,18.05339],[121.57574,18.05339],[121.57574,18.05312],[121.57586,18.05308],[121.57574,18.05303],[121.57575,18.0524],[121.57584,18.0524],[121.57584,18.05231],[121.57594,18.05231],[121.57594,18.05222],[121.57608,18.05215],[121.57613,18.05195],[121.57622,18.05195],[121.57623,18.05159],[121.57613,18.05159],[121.57613,18.0515],[121.57594,18.0515],[121.57594,18.05141],[121.57575,18.0514],[121.57509,18.0514],[121.57509,18.05149],[121.5749,18.05149],[121.5749,18.05167],[121.57481,18.05167],[121.57481,18.05194],[121.57471,18.05194]],[[121.5769,18.05682],[121.57702,18.05706],[121.57727,18.05694],[121.57732,18.05666],[121.5769,18.05682]]],[[[121.56791,18.07556],[121.5681,18.07556],[121.5681,18.07566],[121.56791,18.07565],[121.56791,18.07556]]],[[[121.56796,18.07933],[121.56819,18.07901],[121.56879,18.07913],[121.56907,18.07897],[121.56934,18.0785],[121.56977,18.07847],[121.56981,18.07861],[121.57009,18.07904],[121.56984,18.0794],[121.56863,18.07976],[121.56802,18.07967],[121.56796,18.07933]],[[121.56822,18.07945],[121.56835,18.07954],[121.56844,18.07954],[121.56844,18.07963],[121.56854,18.07963],[121.56863,18.07964],[121.56882,18.07964],[121.56882,18.07955],[121.56901,18.07946],[121.56939,18.07946],[121.56939,18.07937],[121.56967,18.07937],[121.56967,18.07928],[121.56977,18.07928],[121.56977,18.07919],[121.56986,18.07919],[121.56986,18.07892],[121.56977,18.07892],[121.56977,18.07874],[121.56968,18.07874],[121.56968,18.07865],[121.56939,18.07865],[121.56939,18.07874],[121.5693,18.07874],[121.5693,18.07892],[121.5692,18.07892],[121.5692,18.07901],[121.56914,18.07913],[121.56901,18.07919],[121.56892,18.07919],[121.56892,18.07928],[121.56844,18.07927],[121.56835,18.07927],[121.56835,18.07936],[121.56822,18.07945]]],[[[121.56797,18.07446],[121.56839,18.07412],[121.56849,18.07412],[121.56849,18.07403],[121.56858,18.07403],[121.56858,18.07394],[121.56865,18.07382],[121.56868,18.07358],[121.56868,18.07349],[121.56859,18.07349],[121.56859,18.0734],[121.56849,18.0734],[121.56849,18.07313],[121.56859,18.07313],[121.56859,18.07304],[121.56881,18.07298],[121.56887,18.07277],[121.56897,18.07277],[121.56897,18.07232],[121.56888,18.07232],[121.56888,18.07223],[121.56878,18.07223],[121.56879,18.07214],[121.56879,18.07205],[121.56869,18.07205],[121.56869,18.07186],[121.56898,18.07187],[121.56907,18.07187],[121.56907,18.07178],[121.56926,18.07178],[121.56926,18.07169],[121.56945,18.0716],[121.56955,18.0716],[121.56955,18.07151],[121.56964,18.07151],[121.56964,18.07142],[121.5697,18.0713],[121.56974,18.07097],[121.56983,18.07097],[121.56983,18.07088],[121.56993,18.07088],[121.56993,18.07079],[121.57002,18.07079],[121.57002,18.07088],[121.57021,18.07088],[121.57031,18.07101],[121.5704,18.07088],[121.5704,18.07079],[121.5705,18.07079],[121.5705,18.0707],[121.57055,18.07075],[121.57064,18.07097],[121.57039,18.07156],[121.57017,18.07111],[121.57,18.07095],[121.56983,18.07143],[121.56912,18.07207],[121.56982,18.07224],[121.56968,18.07264],[121.56958,18.07292],[121.56901,18.07343],[121.56891,18.07404],[121.56922,18.07417],[121.57012,18.07373],[121.57047,18.07425],[121.57071,18.07437],[121.57084,18.0745],[121.57028,18.0745],[121.57013,18.07427],[121.57002,18.07391],[121.5699,18.07404],[121.56981,18.07404],[121.56981,18.07413],[121.56962,18.07413],[121.56962,18.07422],[121.56943,18.07431],[121.56933,18.07431],[121.56933,18.0744],[121.56905,18.0744],[121.56905,18.07449],[121.56877,18.07449],[121.56877,18.07458],[121.56867,18.07458],[121.5681,18.07457],[121.56797,18.07446]]],[[[121.56819,18.07566],[121.56838,18.07566],[121.56838,18.07575],[121.56819,18.07575],[121.56819,18.07566]]],[[[121.56826,18.06743],[121.56837,18.06747],[121.56829,18.06754],[121.56826,18.06743]]],[[[121.5683,18.01502],[121.56852,18.0148],[121.56901,18.01517],[121.56939,18.01544],[121.56976,18.01571],[121.5702,18.01603],[121.57033,18.01659],[121.5709,18.01681],[121.57103,18.01694],[121.57084,18.01694],[121.57084,18.01685],[121.57055,18.01685],[121.57056,18.01676],[121.57027,18.01675],[121.57027,18.01666],[121.57018,18.01666],[121.57018,18.0163],[121.57009,18.0163],[121.57005,18.0161],[121.5699,18.01603],[121.5699,18.01594],[121.56981,18.01594],[121.56981,18.01585],[121.56971,18.01585],[121.56934,18.01557],[121.56934,18.01548],[121.56924,18.01548],[121.56887,18.0153],[121.56887,18.01521],[121.56877,18.01521],[121.56859,18.01512],[121.56859,18.01503],[121.5683,18.01502]]],[[[121.56847,18.07575],[121.56857,18.07575],[121.56857,18.07584],[121.56847,18.07584],[121.56847,18.07575]]],[[[121.56863,18.05659],[121.56872,18.05659],[121.56967,18.0566],[121.56976,18.0566],[121.56976,18.05651],[121.56988,18.05647],[121.56976,18.05642],[121.5698,18.05618],[121.56986,18.05606],[121.56995,18.05606],[121.56996,18.05597],[121.57014,18.05597],[121.57014,18.05606],[121.57024,18.05606],[121.57024,18.05624],[121.57033,18.05624],[121.57033,18.05633],[121.57042,18.05633],[121.57042,18.05643],[121.57027,18.05639],[121.57009,18.05627],[121.57001,18.05648],[121.56985,18.05669],[121.56863,18.05668],[121.56863,18.05659]]],[[[121.56866,18.07584],[121.56876,18.07584],[121.56875,18.07593],[121.56866,18.07593],[121.56866,18.07584]]],[[[121.56871,18.04289],[121.56893,18.04286],[121.56888,18.04297],[121.56871,18.04289]]],[[[121.56885,18.07593],[121.56894,18.07593],[121.56894,18.07602],[121.56885,18.07602],[121.56885,18.07593]]],[[[121.56904,18.07602],[121.56932,18.07603],[121.56932,18.07612],[121.56904,18.07611],[121.56904,18.07602]]],[[[121.56923,18.1047],[121.56946,18.10429],[121.57003,18.10418],[121.57065,18.10464],[121.57136,18.10462],[121.57163,18.10423],[121.57193,18.10397],[121.57193,18.10415],[121.57183,18.10415],[121.57183,18.10433],[121.57174,18.10433],[121.57174,18.10442],[121.57173,18.1046],[121.57173,18.10469],[121.57183,18.10469],[121.57183,18.10487],[121.57192,18.10487],[121.57192,18.10505],[121.57183,18.10505],[121.57182,18.10514],[121.57173,18.10532],[121.57163,18.10532],[121.57163,18.1055],[121.57158,18.10554],[121.57151311676904,18.10561431470106],[121.57021,18.105627091136338],[121.57021,18.10558],[121.57031,18.10558],[121.57031,18.10495],[121.57022,18.10495],[121.57022,18.10468],[121.57013,18.10468],[121.57013,18.10459],[121.57003,18.10459],[121.57003,18.1045],[121.56985,18.10449],[121.56956,18.10449],[121.56956,18.10458],[121.56947,18.10458],[121.56947,18.10476],[121.56946,18.10494],[121.56956,18.10494],[121.56956,18.10521],[121.56965,18.10522],[121.56965,18.1054],[121.56974,18.1054],[121.56981,18.10552],[121.56993,18.10558],[121.56993,18.105629836402123],[121.56966287372981,18.105632455447157],[121.56936,18.10527],[121.56923,18.1047]]],[[[121.56932,18.07603],[121.56938,18.07591],[121.56942,18.07567],[121.56951,18.07567],[121.56951,18.07539],[121.56961,18.0754],[121.56961,18.07531],[121.5697,18.07531],[121.56971,18.07522],[121.56989,18.07522],[121.56965,18.07553],[121.56947,18.07599],[121.56932,18.07603]]],[[[121.56938,18.04298],[121.56949,18.04295],[121.56946,18.04306],[121.56938,18.04298]]],[[[121.5694,18.0191],[121.5695,18.0191],[121.5695,18.01901],[121.56969,18.01901],[121.56969,18.01892],[121.56997,18.01892],[121.56997,18.01883],[121.57012,18.01876],[121.57016,18.01856],[121.5703,18.01847],[121.57016,18.01838],[121.57017,18.01829],[121.57017,18.0182],[121.57007,18.0182],[121.57007,18.01811],[121.56979,18.01811],[121.56979,18.01802],[121.5696,18.01801],[121.5696,18.01792],[121.56979,18.01793],[121.57102,18.01793],[121.57102,18.01784],[121.57124,18.01779],[121.5714,18.01758],[121.57149,18.01758],[121.57149,18.0174],[121.5715,18.01731],[121.5714,18.01731],[121.5714,18.01721],[121.57121,18.01721],[121.57121,18.01712],[121.57112,18.01712],[121.57103,18.01694],[121.57125,18.01701],[121.57173,18.01738],[121.57128,18.01798],[121.57021,18.01806],[121.57031,18.01833],[121.57044,18.01877],[121.57076,18.01843],[121.57107,18.01835],[121.57154,18.01818],[121.57239,18.01771],[121.57288,18.01805],[121.57281,18.01849],[121.57271,18.01849],[121.57271,18.0184],[121.57262,18.0184],[121.57262,18.01831],[121.57253,18.01831],[121.57248,18.01819],[121.57243,18.01831],[121.57234,18.01831],[121.57234,18.0184],[121.57215,18.0184],[121.57215,18.01849],[121.57205,18.01848],[121.57205,18.01867],[121.57196,18.01866],[121.57186,18.01866],[121.57186,18.01857],[121.57177,18.01857],[121.57177,18.01839],[121.5713,18.01839],[121.5713,18.01848],[121.57111,18.01848],[121.57111,18.01857],[121.57082,18.01857],[121.57082,18.01866],[121.57063,18.01875],[121.57054,18.01893],[121.57044,18.01892],[121.57044,18.01902],[121.57035,18.01901],[121.57035,18.0191],[121.56997,18.0191],[121.56997,18.01919],[121.5695,18.01919],[121.5695,18.01928],[121.5694,18.01928],[121.5694,18.0191]]],[[[121.56947,18.06943],[121.56956,18.06943],[121.56956,18.06934],[121.56966,18.06934],[121.56966,18.06925],[121.56985,18.06925],[121.56985,18.06916],[121.56994,18.06916],[121.56981,18.06969],[121.57003,18.07016],[121.56984,18.07016],[121.56984,18.06998],[121.56975,18.06997],[121.56975,18.0697],[121.56966,18.0697],[121.56966,18.06961],[121.56956,18.06961],[121.56956,18.06952],[121.56947,18.06952],[121.56947,18.06943]]],[[[121.56957,18.04254],[121.56967,18.04148],[121.57045,18.04143],[121.57049,18.04147],[121.57094,18.04161],[121.57115,18.04192],[121.57047,18.04238],[121.56957,18.04254]],[[121.56978,18.04223],[121.56988,18.04223],[121.57007,18.04224],[121.57026,18.04224],[121.57026,18.04215],[121.57035,18.04215],[121.57035,18.04206],[121.57045,18.04206],[121.57045,18.04197],[121.57059,18.04185],[121.57035,18.04179],[121.57035,18.0417],[121.56998,18.04169],[121.56998,18.04178],[121.56988,18.04178],[121.56988,18.04187],[121.56979,18.04187],[121.56978,18.04223]]],[[[121.56973,18.05754],[121.56985,18.05751],[121.56982,18.05762],[121.56973,18.05754]]],[[[121.56989,18.07513],[121.57084,18.07513],[121.57084,18.07522],[121.56989,18.07522],[121.56989,18.07513]]],[[[121.56994,18.06907],[121.57004,18.06907],[121.57004,18.06916],[121.56994,18.06916],[121.56994,18.06907]]],[[[121.57003,18.07016],[121.57024,18.0702],[121.57031,18.07034],[121.57015,18.07031],[121.57003,18.07025],[121.57003,18.07016]]],[[[121.57004,18.06898],[121.57023,18.06898],[121.57023,18.06907],[121.57004,18.06907],[121.57004,18.06898]]],[[[121.57023,18.06889],[121.57032,18.06889],[121.57042,18.0689],[121.57042,18.0688],[121.57051,18.06881],[121.57051,18.06872],[121.5707,18.06872],[121.5707,18.06863],[121.57155,18.06863],[121.57155,18.06845],[121.57165,18.06845],[121.57165,18.06827],[121.57175,18.06827],[121.5717,18.06887],[121.57161,18.06894],[121.57094,18.06868],[121.57047,18.06895],[121.57023,18.06898],[121.57023,18.06889]]],[[[121.57031,18.07034],[121.57041,18.07034],[121.57041,18.07043],[121.57031,18.07043],[121.57031,18.07034]]],[[[121.5704,18.0707],[121.57041,18.07043],[121.5705,18.07043],[121.5705,18.0707],[121.5704,18.0707]]],[[[121.57042,18.05643],[121.57061,18.05643],[121.57061,18.05652],[121.57042,18.05652],[121.57042,18.05643]]],[[[121.57049,18.10094],[121.57148,18.10089],[121.57153,18.10104],[121.5711,18.10201],[121.57059,18.10146],[121.57049,18.10094]],[[121.57068,18.10134],[121.57082,18.10143],[121.57081,18.10152],[121.57091,18.10152],[121.57096,18.10164],[121.571,18.10152],[121.5711,18.10152],[121.5711,18.10143],[121.57123,18.10134],[121.5711,18.10125],[121.5711,18.10116],[121.57082,18.10116],[121.57082,18.10125],[121.57068,18.10134]]],[[[121.5705,18.07191],[121.57067,18.07149],[121.57106,18.07143],[121.5713,18.07174],[121.57172,18.07205],[121.57221,18.07178],[121.57278,18.07187],[121.57289,18.07249],[121.57306,18.07292],[121.57288,18.0732],[121.57247,18.07269],[121.57196,18.07234],[121.57138,18.07241],[121.57083,18.07226],[121.57063,18.07201],[121.5705,18.07191]],[[121.57064,18.07179],[121.57077,18.07188],[121.57077,18.07206],[121.57086,18.07206],[121.57086,18.07215],[121.57115,18.07215],[121.57119,18.07227],[121.57124,18.07215],[121.57137,18.07207],[121.57124,18.07197],[121.57124,18.07188],[121.57115,18.07188],[121.57115,18.07179],[121.57106,18.07179],[121.57106,18.0717],[121.57096,18.0717],[121.57087,18.07157],[121.57077,18.0717],[121.57064,18.07179]],[[121.57197,18.07211],[121.57209,18.07216],[121.57215,18.07228],[121.57228,18.07234],[121.57228,18.07243],[121.57237,18.07243],[121.57237,18.07252],[121.57247,18.07252],[121.57256,18.07253],[121.57261,18.07264],[121.57266,18.07253],[121.57266,18.07198],[121.57257,18.07198],[121.57257,18.07189],[121.57219,18.07189],[121.57219,18.07198],[121.57209,18.07198],[121.57209,18.07207],[121.57197,18.07211]]],[[[121.57084,18.0745],[121.57094,18.0745],[121.57094,18.07459],[121.57084,18.07459],[121.57084,18.0745]]],[[[121.57084,18.07513],[121.57094,18.07495],[121.57103,18.07495],[121.57103,18.07513],[121.57084,18.07513]]],[[[121.57094,18.07459],[121.57103,18.07459],[121.57103,18.07468],[121.57094,18.07468],[121.57094,18.07459]]],[[[121.57096,18.04875],[121.57104,18.0486],[121.57134,18.04857],[121.57134,18.04866],[121.57115,18.04866],[121.57115,18.04875],[121.57096,18.04875]]],[[[121.57098,18.07531],[121.57131,18.07505],[121.57153,18.07538],[121.57137,18.07554],[121.57098,18.07531]]],[[[121.57103,18.07468],[121.57113,18.07468],[121.57112,18.07495],[121.57103,18.07495],[121.57103,18.07468]]],[[[121.57123,18.10283],[121.57138,18.10239],[121.57189,18.10249],[121.5726,18.10363],[121.57288,18.10367],[121.57311,18.10364],[121.57347,18.10369],[121.57371,18.10329],[121.5738,18.1027],[121.57364,18.10208],[121.57374,18.10208],[121.57383,18.10226],[121.57383,18.10245],[121.57393,18.10245],[121.57392,18.10263],[121.57392,18.10317],[121.5738,18.10321],[121.57392,18.10326],[121.57392,18.10371],[121.57391,18.10407],[121.57382,18.10407],[121.57382,18.10416],[121.57363,18.10425],[121.57345,18.10458],[121.57306,18.10461],[121.57306,18.10452],[121.57296,18.10452],[121.57296,18.10443],[121.57287,18.10443],[121.57287,18.10434],[121.57278,18.10433],[121.57278,18.10424],[121.57268,18.10424],[121.57268,18.10397],[121.57259,18.10397],[121.57259,18.10388],[121.5725,18.10388],[121.57243,18.10376],[121.57231,18.1037],[121.57222,18.10357],[121.57212,18.1037],[121.57212,18.10379],[121.57202,18.10379],[121.57202,18.10397],[121.57193,18.10397],[121.57202,18.10344],[121.57123,18.10283]],[[121.57144,18.10265],[121.57159,18.10291],[121.57177,18.10283],[121.57166,18.10261],[121.57144,18.10265]]],[[[121.57151,18.05722],[121.57306,18.05717],[121.57294,18.0573],[121.57171,18.05738],[121.57151,18.05722]]],[[[121.57155,18.03785],[121.57158,18.03746],[121.5719,18.03737],[121.5719,18.03746],[121.57181,18.03746],[121.5718,18.03755],[121.57167,18.03764],[121.5718,18.03773],[121.5718,18.03782],[121.5719,18.03782],[121.5719,18.03791],[121.57208,18.03791],[121.57208,18.038],[121.57218,18.038],[121.57246,18.03801],[121.57246,18.0381],[121.57265,18.0381],[121.57265,18.03819],[121.57274,18.03819],[121.57359,18.0382],[121.57378,18.0382],[121.57378,18.03811],[121.57388,18.03811],[121.57388,18.03802],[121.57397,18.03802],[121.57397,18.03793],[121.57398,18.03775],[121.57411,18.03766],[121.57398,18.03757],[121.57398,18.03729],[121.57388,18.03729],[121.57389,18.0372],[121.57389,18.03702],[121.57379,18.03702],[121.57379,18.03675],[121.57427,18.03675],[121.57446,18.03676],[121.57445,18.03685],[121.57474,18.03685],[121.57474,18.03694],[121.57493,18.03694],[121.57493,18.03703],[121.57511,18.03703],[121.57511,18.03712],[121.57521,18.03712],[121.57528,18.03726],[121.57549,18.03731],[121.57568,18.0374],[121.57568,18.03749],[121.57577,18.03749],[121.57577,18.03758],[121.57596,18.03758],[121.57596,18.03767],[121.57605,18.03767],[121.57605,18.03776],[121.57615,18.03776],[121.57623,18.03786],[121.57647,18.03805],[121.57622,18.03816],[121.57563,18.03771],[121.57547,18.03763],[121.57535,18.0379],[121.57521,18.038],[121.57537,18.0384],[121.57626,18.0383],[121.57633,18.0384],[121.57605,18.03839],[121.57605,18.03848],[121.57576,18.03848],[121.57576,18.03857],[121.57567,18.03857],[121.57567,18.03866],[121.57548,18.03866],[121.57548,18.03875],[121.57482,18.03875],[121.57482,18.03884],[121.57472,18.03884],[121.57453,18.03883],[121.57453,18.03893],[121.5743,18.03898],[121.57411,18.03925],[121.57424,18.03956],[121.57424,18.03965],[121.57434,18.03965],[121.57434,18.03974],[121.57443,18.03974],[121.57443,18.03992],[121.57452,18.03992],[121.57452,18.04001],[121.57439,18.0401],[121.57452,18.04019],[121.57452,18.04037],[121.57462,18.04037],[121.57461,18.04046],[121.57471,18.04046],[121.57471,18.04064],[121.5748,18.04064],[121.5748,18.04092],[121.57489,18.04092],[121.57489,18.0411],[121.57537,18.0411],[121.57536,18.04119],[121.57527,18.04119],[121.57527,18.04137],[121.57515,18.04141],[121.57527,18.04146],[121.57527,18.04173],[121.57536,18.04173],[121.57536,18.04182],[121.57545,18.04182],[121.57545,18.042],[121.57536,18.042],[121.57536,18.04218],[121.57526,18.04218],[121.57526,18.04227],[121.5753,18.04269],[121.57535,18.04291],[121.57535,18.04318],[121.57516,18.04318],[121.57516,18.04327],[121.57506,18.04327],[121.57506,18.04336],[121.57497,18.04336],[121.57497,18.04345],[121.57487,18.04345],[121.57487,18.04372],[121.57475,18.04376],[121.57487,18.04381],[121.57487,18.04399],[121.57496,18.04399],[121.57496,18.04408],[121.57525,18.04408],[121.57525,18.04399],[121.57555,18.04392],[121.57563,18.04363],[121.57591,18.04345],[121.57601,18.04345],[121.57601,18.04336],[121.5761,18.04336],[121.5761,18.04345],[121.5762,18.04346],[121.57629,18.04346],[121.57629,18.04355],[121.57638,18.04355],[121.57638,18.04373],[121.57648,18.04373],[121.57648,18.04391],[121.57657,18.04391],[121.57662,18.04403],[121.57667,18.04391],[121.57685,18.04391],[121.57685,18.04382],[121.57686,18.04328],[121.57686,18.0431],[121.57677,18.0431],[121.57677,18.04292],[121.57686,18.04292],[121.57686,18.04265],[121.57705,18.04265],[121.57705,18.04283],[121.57715,18.04283],[121.57714,18.04319],[121.57714,18.04328],[121.57724,18.04328],[121.57723,18.0441],[121.57723,18.04419],[121.57732,18.04419],[121.57732,18.04428],[121.57742,18.04428],[121.57742,18.04437],[121.57751,18.04437],[121.57751,18.04473],[121.5777,18.04473],[121.57779,18.04486],[121.57789,18.04473],[121.57817,18.04474],[121.57826,18.04474],[121.57826,18.04492],[121.57836,18.04492],[121.57836,18.04519],[121.57826,18.04519],[121.57826,18.04528],[121.57807,18.04528],[121.57807,18.04537],[121.57788,18.04537],[121.57788,18.04546],[121.57779,18.04546],[121.57769,18.04545],[121.57769,18.04564],[121.5776,18.04563],[121.5776,18.04572],[121.5775,18.0459],[121.5774,18.0459],[121.5774,18.04599],[121.57736,18.04623],[121.57731,18.04645],[121.57721,18.04645],[121.57721,18.04672],[121.57711,18.04672],[121.57711,18.04708],[121.57721,18.04708],[121.57721,18.04717],[121.5773,18.04717],[121.5773,18.04726],[121.57739,18.04726],[121.57739,18.04798],[121.57748,18.04798],[121.57748,18.04816],[121.57758,18.04816],[121.57757,18.04835],[121.57757,18.04853],[121.57767,18.04853],[121.57767,18.04871],[121.57776,18.04871],[121.57776,18.0488],[121.57785,18.0488],[121.57795,18.04893],[121.57804,18.0488],[121.57814,18.0488],[121.57814,18.04871],[121.57823,18.04871],[121.57823,18.04862],[121.57832,18.04832],[121.57859,18.04795],[121.5789,18.0479],[121.5789,18.04799],[121.57899,18.04799],[121.57918,18.04822],[121.57931,18.04782],[121.57918,18.04772],[121.57919,18.04763],[121.57919,18.04745],[121.57923,18.04725],[121.57938,18.04718],[121.57947,18.04718],[121.57947,18.04709],[121.57966,18.0471],[121.57966,18.04719],[121.57976,18.04719],[121.57985,18.04737],[121.57985,18.04746],[121.57994,18.04746],[121.58004,18.04764],[121.58004,18.04773],[121.58013,18.04773],[121.58013,18.04782],[121.58022,18.04782],[121.58035,18.04788],[121.58051,18.04792],[121.58051,18.04801],[121.5806,18.04801],[121.5806,18.0481],[121.58079,18.0481],[121.58079,18.04819],[121.58098,18.04819],[121.58098,18.04828],[121.58107,18.04828],[121.58119,18.04834],[121.58126,18.04846],[121.58126,18.04855],[121.58135,18.04855],[121.58144,18.04873],[121.58163,18.04883],[121.58163,18.04892],[121.58182,18.04892],[121.58182,18.04901],[121.58191,18.04901],[121.58191,18.0491],[121.58201,18.0491],[121.58201,18.04919],[121.5821,18.04919],[121.5821,18.04928],[121.5822,18.04928],[121.58219,18.04937],[121.58229,18.04937],[121.58248,18.04947],[121.58248,18.04956],[121.58257,18.04956],[121.58257,18.04965],[121.58266,18.04965],[121.58266,18.04974],[121.58276,18.04974],[121.58276,18.04983],[121.58275,18.05037],[121.58275,18.05073],[121.58284,18.05073],[121.58284,18.05082],[121.58303,18.05083],[121.58341,18.05083],[121.58341,18.05092],[121.58369,18.05092],[121.58369,18.05101],[121.58379,18.05101],[121.58407,18.05119],[121.58407,18.05128],[121.58392,18.05124],[121.58358,18.05106],[121.58249,18.05086],[121.58255,18.05008],[121.58213,18.04956],[121.58167,18.04924],[121.58149,18.04896],[121.58106,18.04844],[121.58047,18.04831],[121.5798,18.04777],[121.57953,18.04768],[121.57938,18.04829],[121.57916,18.0484],[121.57865,18.04805],[121.57834,18.04868],[121.57795,18.04935],[121.57775,18.04952],[121.57733,18.04945],[121.57754,18.04908],[121.57743,18.04866],[121.57734,18.04828],[121.57703,18.04802],[121.57722,18.04737],[121.57662,18.04719],[121.57701,18.04672],[121.57749,18.04548],[121.5778,18.04507],[121.57755,18.04496],[121.57737,18.04486],[121.57693,18.04466],[121.57681,18.04441],[121.57642,18.04423],[121.57623,18.04364],[121.57602,18.0435],[121.57559,18.04396],[121.57535,18.04415],[121.57477,18.04412],[121.57464,18.04361],[121.57521,18.04295],[121.57497,18.04238],[121.57482,18.04211],[121.57485,18.04168],[121.57439,18.04128],[121.57424,18.04096],[121.57408,18.04044],[121.57363,18.04024],[121.57352,18.04012],[121.57354,18.03987],[121.57343,18.03967],[121.57306,18.0395],[121.57288,18.03916],[121.57317,18.0385],[121.57298,18.03851],[121.57283,18.03835],[121.57203,18.03805],[121.57155,18.03785]]],[[[121.57171,18.07957],[121.57201,18.07908],[121.57241,18.07903],[121.57264,18.07938],[121.57199,18.07965],[121.57171,18.07957]],[[121.57201,18.07934],[121.57217,18.07941],[121.57222,18.0793],[121.57201,18.07934]]],[[[121.57175,18.06791],[121.57184,18.06791],[121.57184,18.06827],[121.57175,18.06827],[121.57175,18.06791]]],[[[121.57186,18.03897],[121.57217,18.03882],[121.57225,18.03897],[121.57186,18.03897]]],[[[121.57194,18.0671],[121.57204,18.0671],[121.57204,18.06737],[121.57194,18.06737],[121.57194,18.0671]]],[[[121.57194,18.068],[121.57203,18.068],[121.57203,18.06809],[121.57212,18.06809],[121.57212,18.06819],[121.57231,18.06819],[121.57262,18.06823],[121.57297,18.06846],[121.57302,18.06858],[121.57307,18.06846],[121.57326,18.06846],[121.57326,18.06837],[121.57335,18.06837],[121.57335,18.06801],[121.57326,18.06801],[121.57326,18.06774],[121.57336,18.06774],[121.57336,18.06756],[121.57345,18.06756],[121.57345,18.06738],[121.57355,18.06738],[121.57355,18.06729],[121.57364,18.06729],[121.57364,18.06702],[121.57355,18.06702],[121.57355,18.06693],[121.57327,18.06693],[121.57327,18.06711],[121.57317,18.06711],[121.57317,18.06729],[121.57308,18.06729],[121.57308,18.06738],[121.57298,18.06738],[121.57298,18.06747],[121.5727,18.06747],[121.5727,18.06729],[121.5726,18.06728],[121.5726,18.0671],[121.57251,18.0671],[121.57251,18.06701],[121.57242,18.06701],[121.57216,18.06704],[121.57204,18.0671],[121.57209,18.06694],[121.57234,18.06675],[121.57291,18.06722],[121.5733,18.06676],[121.57377,18.06662],[121.57387,18.06733],[121.57344,18.06785],[121.57361,18.06828],[121.57357,18.06859],[121.57318,18.06888],[121.57292,18.06885],[121.57261,18.06835],[121.572,18.06822],[121.57194,18.068]]],[[[121.57248,18.04813],[121.57264,18.0464],[121.57327,18.04619],[121.57386,18.04665],[121.574,18.04674],[121.57416,18.04612],[121.57467,18.04602],[121.57528,18.04626],[121.57495,18.047],[121.5747,18.04746],[121.5746,18.04775],[121.57498,18.04809],[121.57507,18.04832],[121.57486,18.04864],[121.57389,18.04844],[121.57309,18.04845],[121.57304,18.0484],[121.57323,18.0484],[121.57323,18.04831],[121.57342,18.04831],[121.57351,18.04832],[121.57351,18.04823],[121.5738,18.04823],[121.5738,18.04832],[121.57436,18.04832],[121.57436,18.04841],[121.57465,18.04841],[121.57465,18.04805],[121.57455,18.04805],[121.57446,18.04769],[121.57446,18.04742],[121.57456,18.04742],[121.57456,18.04733],[121.57465,18.04733],[121.57465,18.04724],[121.57472,18.04712],[121.57475,18.04697],[121.57485,18.04697],[121.57485,18.0467],[121.57494,18.0467],[121.57494,18.04652],[121.57508,18.04643],[121.57495,18.04634],[121.57495,18.04625],[121.57485,18.04625],[121.57428,18.04624],[121.57419,18.04624],[121.57419,18.04669],[121.57409,18.04669],[121.57409,18.04678],[121.57396,18.04684],[121.57381,18.04687],[121.57381,18.04678],[121.57371,18.04678],[121.57371,18.04669],[121.57362,18.04669],[121.57362,18.0466],[121.57353,18.0466],[121.57353,18.04651],[121.57334,18.04651],[121.57334,18.04642],[121.57296,18.04641],[121.57296,18.0465],[121.57277,18.0465],[121.57277,18.04668],[121.57268,18.04668],[121.57267,18.04732],[121.57267,18.04768],[121.57257,18.04768],[121.57257,18.04804],[121.57266,18.04804],[121.57269,18.04819],[121.57276,18.04831],[121.57261,18.04826],[121.57248,18.04813]]],[[[121.5726,18.02129],[121.57269,18.02129],[121.57269,18.0212],[121.57288,18.0212],[121.57288,18.02111],[121.57307,18.02102],[121.57317,18.02102],[121.57317,18.02093],[121.57345,18.02093],[121.57345,18.02084],[121.57364,18.02085],[121.57373,18.02085],[121.57373,18.02076],[121.57383,18.02076],[121.57383,18.0204],[121.57393,18.0204],[121.57393,18.02031],[121.57412,18.02031],[121.57412,18.02022],[121.5744,18.02022],[121.5744,18.02013],[121.57468,18.02013],[121.57468,18.02004],[121.57487,18.02004],[121.57488,18.01977],[121.57478,18.01977],[121.57469,18.01959],[121.57469,18.0195],[121.57459,18.0195],[121.57452,18.01936],[121.57431,18.01931],[121.57431,18.01922],[121.57412,18.01922],[121.57413,18.01913],[121.57394,18.01913],[121.57394,18.01904],[121.57384,18.01904],[121.57384,18.01895],[121.57375,18.01895],[121.57375,18.01886],[121.57366,18.01886],[121.57366,18.01877],[121.57356,18.01877],[121.57356,18.01868],[121.57337,18.01868],[121.57293,18.01864],[121.57281,18.01858],[121.57281,18.01849],[121.57295,18.01853],[121.57355,18.01858],[121.5743,18.01912],[121.57469,18.01929],[121.57504,18.01977],[121.57501,18.0201],[121.57428,18.02041],[121.57383,18.0209],[121.5734,18.02116],[121.57321,18.02131],[121.5735,18.02143],[121.57463,18.02099],[121.57495,18.0209],[121.57529,18.02109],[121.57555,18.02096],[121.57567,18.02045],[121.57595,18.0204],[121.57576,18.02073],[121.57599,18.02092],[121.57628,18.0209],[121.5765,18.02092],[121.57696,18.02124],[121.5773,18.02162],[121.57807,18.02191],[121.57856,18.02246],[121.57799,18.02292],[121.57783,18.02327],[121.57719,18.02398],[121.57735,18.02426],[121.57743,18.02463],[121.57753,18.02471],[121.57809,18.02557],[121.57866,18.02553],[121.57876,18.02608],[121.57914,18.02655],[121.57908,18.0268],[121.57867,18.02658],[121.57789,18.02671],[121.57756,18.02675],[121.57768,18.02689],[121.57814,18.02686],[121.5787,18.02725],[121.57901,18.02734],[121.57973,18.02677],[121.58006,18.02607],[121.58017,18.02543],[121.5806,18.02508],[121.58076,18.02457],[121.58127,18.02447],[121.58183,18.02478],[121.58196,18.0252],[121.58243,18.02531],[121.58285,18.0256],[121.58318,18.02612],[121.58343,18.02638],[121.58413,18.02621],[121.58427,18.02622],[121.58462,18.02619],[121.58479,18.02585],[121.58492,18.02563],[121.5851,18.02548],[121.58534,18.0255],[121.58552,18.0261],[121.58516,18.02658],[121.58536,18.02667],[121.58553,18.02686],[121.58578,18.02707],[121.58595,18.02727],[121.58611,18.0274],[121.5861,18.02758],[121.58639,18.02795],[121.58637,18.02815],[121.58609,18.02837],[121.586,18.02888],[121.58652,18.02904],[121.58686,18.02943],[121.5868,18.03008],[121.58689,18.0302],[121.58707,18.02984],[121.58725,18.02953],[121.58744,18.02938],[121.58769,18.02943],[121.58731,18.02993],[121.58726,18.0303],[121.58763,18.02989],[121.58798,18.02961],[121.58885,18.02946],[121.58901,18.02953],[121.58872,18.02976],[121.58863,18.02997],[121.58906,18.02994],[121.58945,18.02952],[121.59002,18.02942],[121.59015,18.02972],[121.59013,18.02997],[121.59036,18.03036],[121.59032,18.03077],[121.59037,18.03135],[121.59098,18.03131],[121.5912,18.03133],[121.59144,18.03161],[121.59156,18.03236],[121.59193,18.03267],[121.5924,18.03321],[121.59294,18.03366],[121.59367,18.03387],[121.59384,18.0335],[121.59411,18.03352],[121.59406,18.03406],[121.59455,18.03428],[121.59524,18.03465],[121.59561,18.0349],[121.59601,18.03487],[121.59643,18.03491],[121.59676,18.03454],[121.5979,18.03438],[121.59784,18.03504],[121.59723,18.03512],[121.59723,18.03502],[121.59742,18.03503],[121.59752,18.03503],[121.59752,18.03494],[121.59761,18.03494],[121.59761,18.03485],[121.59773,18.0348],[121.59761,18.03476],[121.59761,18.03467],[121.59705,18.03466],[121.597,18.03455],[121.59695,18.03466],[121.59676,18.03466],[121.59676,18.03475],[121.59667,18.03475],[121.59667,18.03493],[121.59654,18.03499],[121.59638,18.03502],[121.59572,18.03501],[121.59553,18.03501],[121.59537,18.03499],[121.59523,18.03485],[121.59487,18.03483],[121.59438,18.03486],[121.59431,18.035],[121.59412,18.035],[121.59412,18.03509],[121.59402,18.03509],[121.59402,18.03518],[121.59393,18.03518],[121.59393,18.03527],[121.59355,18.03527],[121.59355,18.03536],[121.59345,18.03536],[121.59345,18.03545],[121.59336,18.03545],[121.59336,18.03554],[121.59326,18.03554],[121.59326,18.03563],[121.59307,18.03563],[121.59307,18.03545],[121.59308,18.03536],[121.59317,18.03536],[121.59317,18.03509],[121.59327,18.03509],[121.59327,18.035],[121.59336,18.035],[121.59336,18.03491],[121.59346,18.03491],[121.59346,18.03482],[121.59355,18.03482],[121.59355,18.03473],[121.59365,18.03473],[121.59365,18.0341],[121.59356,18.03409],[121.59356,18.034],[121.59337,18.034],[121.59337,18.03391],[121.5928,18.03391],[121.5928,18.03382],[121.59271,18.03382],[121.59252,18.03373],[121.59252,18.03364],[121.59243,18.03363],[121.59243,18.03345],[121.59233,18.03345],[121.59234,18.03336],[121.59224,18.03336],[121.59224,18.03327],[121.59215,18.03327],[121.59205,18.03314],[121.59196,18.03327],[121.59186,18.03327],[121.59186,18.03354],[121.59167,18.03354],[121.59167,18.03345],[121.59158,18.03345],[121.59158,18.03327],[121.59167,18.03327],[121.59168,18.03318],[121.59168,18.03291],[121.59158,18.03291],[121.59158,18.03272],[121.59149,18.03272],[121.59149,18.03263],[121.5914,18.03263],[121.5914,18.03254],[121.5913,18.03254],[121.5913,18.03245],[121.59093,18.03245],[121.59083,18.03227],[121.59102,18.03227],[121.59102,18.03218],[121.59112,18.03218],[121.59112,18.03209],[121.59121,18.03209],[121.59121,18.032],[121.59131,18.032],[121.59131,18.03164],[121.59122,18.03164],[121.59114,18.03149],[121.59074,18.03145],[121.59065,18.03145],[121.59065,18.03154],[121.59046,18.03154],[121.59046,18.03163],[121.59018,18.03163],[121.59008,18.03145],[121.59008,18.03136],[121.59018,18.03136],[121.59018,18.031],[121.59009,18.031],[121.58999,18.03087],[121.5899,18.031],[121.5898,18.03099],[121.5898,18.03109],[121.58971,18.03108],[121.58971,18.03145],[121.5898,18.03145],[121.5898,18.03172],[121.5897,18.0319],[121.58961,18.0319],[121.58961,18.03199],[121.5896,18.03244],[121.58951,18.03244],[121.58951,18.03262],[121.58941,18.03262],[121.58941,18.03271],[121.58897,18.03268],[121.58885,18.03261],[121.58892,18.03222],[121.5888,18.0322],[121.5887,18.03221],[121.58839,18.03203],[121.58814,18.03233],[121.58796,18.03211],[121.58791,18.03207],[121.58791,18.03197],[121.588,18.03198],[121.588,18.0317],[121.5881,18.03171],[121.5881,18.03161],[121.58819,18.03162],[121.58819,18.03153],[121.58829,18.03153],[121.58829,18.03135],[121.58832,18.0311],[121.58839,18.03098],[121.58848,18.03099],[121.58858,18.03099],[121.58858,18.0309],[121.58877,18.03081],[121.58886,18.03081],[121.58886,18.03072],[121.58896,18.03072],[121.58896,18.03054],[121.58909,18.03045],[121.58896,18.03036],[121.58896,18.03027],[121.58887,18.03026],[121.58887,18.03017],[121.58858,18.03017],[121.58858,18.02999],[121.58849,18.02999],[121.58849,18.02981],[121.5884,18.02981],[121.5884,18.02972],[121.58802,18.02972],[121.58802,18.02981],[121.58762,18.0301],[121.58754,18.03035],[121.58745,18.03034],[121.58745,18.03062],[121.58726,18.03061],[121.58726,18.03071],[121.58707,18.0307],[121.58707,18.03061],[121.58697,18.03061],[121.58697,18.03052],[121.58688,18.03052],[121.58688,18.03043],[121.58669,18.03043],[121.58669,18.03034],[121.5866,18.03034],[121.5866,18.03025],[121.5865,18.03025],[121.5865,18.03016],[121.58632,18.03016],[121.58632,18.03007],[121.58613,18.03006],[121.58594,18.03006],[121.58594,18.02997],[121.58537,18.02997],[121.58537,18.0297],[121.58528,18.0297],[121.58529,18.02897],[121.58519,18.02897],[121.58519,18.02888],[121.5851,18.02888],[121.5851,18.02879],[121.585,18.02879],[121.585,18.0287],[121.58482,18.0287],[121.58482,18.02861],[121.58453,18.02861],[121.58453,18.0287],[121.58415,18.02869],[121.58406,18.02869],[121.58406,18.0286],[121.58349,18.0286],[121.58356,18.02826],[121.58345,18.02789],[121.58321,18.02771],[121.58313,18.02742],[121.58331,18.02742],[121.58331,18.02751],[121.58341,18.02751],[121.58341,18.0276],[121.5835,18.02761],[121.5835,18.0277],[121.58407,18.0277],[121.58407,18.02761],[121.58426,18.02761],[121.58426,18.02752],[121.58435,18.02752],[121.58435,18.02743],[121.58454,18.02743],[121.58454,18.02725],[121.58464,18.02725],[121.58464,18.02689],[121.58455,18.02689],[121.58455,18.0268],[121.58426,18.0268],[121.58427,18.02671],[121.58408,18.02671],[121.5837,18.0267],[121.5837,18.02661],[121.5836,18.02661],[121.58345,18.02657],[121.58323,18.02643],[121.58323,18.02634],[121.58313,18.02634],[121.58301,18.02628],[121.58295,18.02616],[121.58295,18.02607],[121.58285,18.02606],[121.58285,18.02597],[121.58276,18.02597],[121.58276,18.02579],[121.58267,18.02579],[121.5826,18.02567],[121.58248,18.02561],[121.58248,18.02552],[121.5822,18.02552],[121.5822,18.02543],[121.58182,18.02542],[121.58169,18.02536],[121.58163,18.02524],[121.58163,18.02515],[121.58154,18.02515],[121.58154,18.02488],[121.58145,18.02488],[121.58145,18.02479],[121.58135,18.02479],[121.58135,18.0247],[121.58107,18.0247],[121.58107,18.02479],[121.58097,18.02479],[121.58088,18.02478],[121.58088,18.02488],[121.58079,18.02487],[121.58078,18.02506],[121.58069,18.02505],[121.58069,18.02514],[121.58031,18.02559],[121.58021,18.02559],[121.58021,18.02614],[121.58011,18.02613],[121.58011,18.02641],[121.58002,18.0264],[121.58002,18.02668],[121.57992,18.02668],[121.57992,18.02677],[121.57983,18.02677],[121.57982,18.02686],[121.57973,18.02685],[121.57973,18.02695],[121.57964,18.02694],[121.57963,18.02703],[121.57954,18.02703],[121.57954,18.02712],[121.57944,18.02712],[121.57944,18.02721],[121.57935,18.02721],[121.57935,18.0273],[121.57925,18.0273],[121.57925,18.02739],[121.57906,18.02739],[121.57906,18.02748],[121.57878,18.02748],[121.57878,18.02739],[121.57859,18.02739],[121.57859,18.0273],[121.5784,18.0273],[121.57841,18.02721],[121.57831,18.02721],[121.57824,18.02708],[121.57797,18.02718],[121.57793,18.02775],[121.57793,18.02784],[121.5778,18.02792],[121.57793,18.02802],[121.57792,18.0282],[121.57792,18.02838],[121.57802,18.02838],[121.57797,18.0287],[121.57775,18.02878],[121.57748,18.02846],[121.57685,18.02808],[121.57652,18.02797],[121.57641,18.0281],[121.57632,18.02809],[121.57632,18.02773],[121.57623,18.02773],[121.57623,18.02764],[121.57576,18.02764],[121.57576,18.02773],[121.57566,18.02773],[121.57566,18.02782],[121.57557,18.02782],[121.57557,18.02791],[121.57547,18.02791],[121.57547,18.028],[121.57509,18.028],[121.57509,18.0279],[121.57519,18.02791],[121.57519,18.02782],[121.57528,18.02782],[121.57529,18.02754],[121.57529,18.02745],[121.57538,18.02746],[121.57538,18.02727],[121.57548,18.02728],[121.57548,18.02709],[121.57557,18.0271],[121.57557,18.02691],[121.57567,18.02692],[121.57576,18.02692],[121.57576,18.02683],[121.57586,18.02683],[121.57586,18.02674],[121.57595,18.02674],[121.57595,18.02665],[121.57618,18.02645],[121.57596,18.02638],[121.57602,18.02585],[121.57625,18.02566],[121.57634,18.02556],[121.57634,18.02511],[121.57644,18.02511],[121.57644,18.02502],[121.57653,18.02502],[121.57653,18.02493],[121.57663,18.02493],[121.57663,18.02484],[121.57672,18.02484],[121.57672,18.02475],[121.57673,18.02448],[121.57673,18.02439],[121.57663,18.02439],[121.57663,18.02421],[121.57664,18.02385],[121.57701,18.02379],[121.57711,18.02367],[121.57721,18.02367],[121.57721,18.02358],[121.57733,18.02352],[121.5774,18.0234],[121.57749,18.0234],[121.57749,18.02331],[121.57759,18.02331],[121.57759,18.02313],[121.57768,18.02313],[121.57768,18.02295],[121.57778,18.02295],[121.57778,18.02286],[121.57787,18.02287],[121.57787,18.02277],[121.57797,18.02278],[121.57797,18.02269],[121.5781,18.02263],[121.57816,18.02251],[121.57829,18.02242],[121.57816,18.02232],[121.57816,18.02214],[121.57807,18.02214],[121.57807,18.02205],[121.57788,18.02205],[121.57788,18.02196],[121.5776,18.02196],[121.5776,18.02187],[121.57694,18.02186],[121.57694,18.02177],[121.57684,18.02177],[121.57685,18.02141],[121.57675,18.02141],[121.57675,18.02123],[121.57666,18.02123],[121.57666,18.02114],[121.57619,18.02114],[121.57619,18.02123],[121.576,18.02122],[121.576,18.02113],[121.5759,18.02113],[121.57565,18.02116],[121.57553,18.02122],[121.57543,18.02122],[121.57543,18.02131],[121.57505,18.02131],[121.57496,18.02118],[121.57486,18.02131],[121.57477,18.02131],[121.57477,18.02149],[121.57467,18.02149],[121.57467,18.02158],[121.57411,18.02157],[121.5741,18.02166],[121.57382,18.02166],[121.57382,18.02175],[121.57354,18.02175],[121.57354,18.02184],[121.57344,18.02184],[121.57344,18.02202],[121.57335,18.02202],[121.57334,18.0222],[121.57334,18.02238],[121.57325,18.02238],[121.57325,18.02202],[121.57316,18.02202],[121.57316,18.02184],[121.57306,18.02184],[121.57307,18.02175],[121.57297,18.02174],[121.57297,18.02165],[121.57288,18.02165],[121.57288,18.02156],[121.57278,18.02156],[121.57278,18.02147],[121.5726,18.02147],[121.5726,18.02129]],[[121.57756,18.02675],[121.57748,18.02648],[121.57645,18.02662],[121.5761,18.02707],[121.5762,18.02741],[121.57638,18.02733],[121.5765,18.0268],[121.57736,18.02668],[121.57756,18.02675]],[[121.58537,18.0297],[121.58569,18.02965],[121.58589,18.02952],[121.58546,18.02939],[121.58537,18.0297]],[[121.58939,18.03133],[121.58948,18.03156],[121.58952,18.03126],[121.58939,18.03133]],[[121.58967,18.03054],[121.58977,18.03085],[121.58987,18.03068],[121.58981,18.03045],[121.58967,18.03054]]],[[[121.57276,18.04831],[121.57304,18.04831],[121.57304,18.0484],[121.57276,18.0484],[121.57276,18.04831]]],[[[121.57315,18.04509],[121.57331,18.04484],[121.57344,18.04442],[121.57354,18.04434],[121.57396,18.04496],[121.57371,18.04515],[121.57315,18.04509]]],[[[121.57341,18.10189],[121.57358,18.10099],[121.57402,18.10051],[121.57436,18.10062],[121.57445,18.10196],[121.57513,18.1016],[121.57578,18.1017],[121.57634,18.10216],[121.57653,18.10214],[121.57662,18.10234],[121.57679,18.10216],[121.57728,18.10195],[121.5772,18.10161],[121.57701,18.10112],[121.57732,18.10096],[121.57782,18.10152],[121.57832,18.1014],[121.57834,18.10121],[121.57832,18.10097],[121.57871,18.10065],[121.57881,18.10035],[121.57894,18.10013],[121.57878,18.09996],[121.57837,18.09967],[121.57744,18.09933],[121.57722,18.09894],[121.57781,18.09873],[121.57835,18.0987],[121.57871,18.0991],[121.5791,18.09927],[121.57958,18.09964],[121.58033,18.09947],[121.58042,18.09937],[121.58108,18.09887],[121.58015,18.09822],[121.58028,18.09793],[121.58101,18.09785],[121.58148,18.09768],[121.58222,18.09763],[121.58263,18.0981],[121.58319,18.09815],[121.58387,18.09779],[121.5842,18.09777],[121.58473,18.09796],[121.58536,18.09781],[121.58563,18.09751],[121.58582,18.09736],[121.58574,18.09688],[121.58554,18.09653],[121.5856,18.09588],[121.58462,18.09514],[121.5846,18.09476],[121.58537,18.0949],[121.58566,18.09488],[121.58612,18.09492],[121.58697,18.09474],[121.58701,18.09431],[121.58694,18.09387],[121.58703,18.09387],[121.58703,18.09405],[121.58713,18.09405],[121.58713,18.09432],[121.58712,18.09441],[121.58712,18.09504],[121.58684,18.09504],[121.58684,18.09513],[121.58627,18.09513],[121.58627,18.09522],[121.58608,18.09522],[121.58608,18.09513],[121.58589,18.09512],[121.58542,18.09512],[121.58499,18.09517],[121.58523,18.09539],[121.58523,18.09548],[121.58532,18.09548],[121.58532,18.09557],[121.58551,18.09557],[121.58551,18.09566],[121.5856,18.09566],[121.5856,18.09575],[121.5857,18.09576],[121.5857,18.09585],[121.58579,18.09585],[121.58579,18.09621],[121.58569,18.09621],[121.58569,18.0963],[121.58573,18.09668],[121.58607,18.09684],[121.58606,18.09693],[121.58616,18.09693],[121.58616,18.0972],[121.58625,18.09721],[121.58625,18.09748],[121.58606,18.09747],[121.58606,18.09757],[121.58597,18.09756],[121.58596,18.09765],[121.58587,18.09765],[121.58587,18.09774],[121.58577,18.09774],[121.58577,18.09783],[121.58559,18.09783],[121.58558,18.09792],[121.58539,18.09801],[121.5853,18.09801],[121.5853,18.0981],[121.58464,18.0981],[121.58464,18.09801],[121.58454,18.09801],[121.58436,18.098],[121.58436,18.09791],[121.58407,18.09791],[121.58407,18.098],[121.58388,18.098],[121.58388,18.09809],[121.58369,18.09818],[121.5836,18.09818],[121.5836,18.09827],[121.58341,18.09827],[121.58341,18.09836],[121.58294,18.09836],[121.58294,18.09827],[121.58284,18.09826],[121.58237,18.09826],[121.58237,18.09817],[121.58228,18.09817],[121.58228,18.09799],[121.58218,18.09799],[121.58218,18.09781],[121.58209,18.09781],[121.582,18.09768],[121.5819,18.09781],[121.58152,18.09789],[121.58124,18.09789],[121.58124,18.09798],[121.58105,18.09798],[121.58105,18.09807],[121.58058,18.09807],[121.58057,18.09834],[121.58076,18.09834],[121.58076,18.09843],[121.58086,18.09843],[121.58086,18.09852],[121.58095,18.09852],[121.58095,18.09861],[121.58104,18.09861],[121.58104,18.0987],[121.58114,18.0987],[121.58114,18.09879],[121.58123,18.09879],[121.58132,18.09898],[121.58132,18.09916],[121.58126,18.09928],[121.58123,18.09943],[121.58113,18.09943],[121.58113,18.09961],[121.58085,18.09961],[121.58085,18.0997],[121.58066,18.09969],[121.58066,18.09978],[121.58037,18.09978],[121.58037,18.09987],[121.58009,18.09987],[121.58009,18.09978],[121.57999,18.09978],[121.57946,18.09975],[121.57915,18.09959],[121.57915,18.0995],[121.57905,18.0995],[121.57905,18.09941],[121.57877,18.09941],[121.57877,18.09932],[121.57868,18.09932],[121.57868,18.09923],[121.57858,18.09923],[121.57858,18.09914],[121.57849,18.09914],[121.57843,18.09902],[121.5783,18.09895],[121.57821,18.09883],[121.57811,18.09895],[121.57783,18.09895],[121.57783,18.09904],[121.57764,18.09904],[121.57764,18.09913],[121.57752,18.09917],[121.57764,18.09922],[121.57764,18.09931],[121.57782,18.09931],[121.57782,18.0994],[121.57811,18.0994],[121.57811,18.09949],[121.5782,18.0995],[121.57839,18.0995],[121.57839,18.09959],[121.57848,18.09959],[121.57867,18.09968],[121.57867,18.09977],[121.57886,18.09977],[121.57886,18.09986],[121.57895,18.09986],[121.57911,18.10017],[121.57914,18.10032],[121.57914,18.10041],[121.57923,18.10041],[121.57923,18.10059],[121.57914,18.10059],[121.57914,18.10068],[121.57895,18.10077],[121.57885,18.10077],[121.57885,18.10086],[121.57876,18.10085],[121.57866,18.10085],[121.57866,18.10094],[121.57857,18.10094],[121.57844,18.10103],[121.57857,18.10112],[121.57866,18.10131],[121.57866,18.1014],[121.57875,18.1014],[121.57875,18.10158],[121.57866,18.10158],[121.57866,18.10167],[121.57856,18.10167],[121.57856,18.10176],[121.57837,18.10176],[121.57837,18.10185],[121.57799,18.10184],[121.5779,18.10184],[121.57781,18.10172],[121.57771,18.10184],[121.57758,18.10193],[121.57771,18.10202],[121.57771,18.10211],[121.5779,18.10211],[121.57809,18.10212],[121.57826,18.10238],[121.57814,18.10298],[121.57802,18.10306],[121.57798,18.10311],[121.57779,18.10311],[121.57779,18.1032],[121.5776,18.1032],[121.5776,18.10329],[121.57741,18.10328],[121.57741,18.10338],[121.57732,18.10337],[121.57732,18.10346],[121.57697,18.10349],[121.57672,18.10361],[121.57609,18.10364],[121.57609,18.10355],[121.576,18.10355],[121.576,18.103],[121.57609,18.103],[121.5761,18.10273],[121.5761,18.10228],[121.57601,18.10228],[121.57601,18.10219],[121.57591,18.10219],[121.57591,18.1021],[121.57582,18.1021],[121.57566,18.10188],[121.57544,18.10182],[121.57544,18.10173],[121.57516,18.10173],[121.57516,18.10182],[121.57497,18.10182],[121.57497,18.10191],[121.57475,18.10196],[121.57459,18.10218],[121.57449,18.10218],[121.57449,18.10227],[121.5744,18.10227],[121.5744,18.10236],[121.5743,18.10236],[121.5743,18.10227],[121.57412,18.10227],[121.57412,18.10191],[121.57421,18.10191],[121.57421,18.10173],[121.57422,18.10145],[121.57422,18.10127],[121.57412,18.10127],[121.57413,18.10109],[121.57422,18.10109],[121.57422,18.10082],[121.57413,18.10082],[121.57403,18.10069],[121.57394,18.10082],[121.57384,18.10082],[121.57384,18.10091],[121.57375,18.10091],[121.57375,18.10127],[121.57365,18.10127],[121.57365,18.10145],[121.57356,18.10145],[121.57355,18.10163],[121.57358,18.10187],[121.57365,18.10199],[121.57364,18.10208],[121.57341,18.10189]]],[[[121.57636,18.06472],[121.57657,18.06414],[121.57683,18.06402],[121.57694,18.06382],[121.57693,18.06327],[121.57671,18.0622],[121.57699,18.06168],[121.57766,18.0619],[121.57779,18.06231],[121.57818,18.0625],[121.57858,18.06249],[121.57874,18.06204],[121.57877,18.06195],[121.57902,18.0621],[121.57872,18.06252],[121.57843,18.06278],[121.57883,18.06304],[121.57903,18.06304],[121.57929,18.06335],[121.57905,18.06349],[121.57861,18.0632],[121.57844,18.06367],[121.57809,18.06411],[121.57843,18.06461],[121.57773,18.065],[121.57753,18.06506],[121.57763,18.06488],[121.57772,18.06488],[121.57773,18.06479],[121.57782,18.06479],[121.57782,18.0647],[121.57801,18.0647],[121.57801,18.06443],[121.57792,18.06443],[121.57792,18.06389],[121.57802,18.06389],[121.57802,18.0638],[121.57811,18.0638],[121.57811,18.06371],[121.57818,18.06359],[121.57821,18.06344],[121.5783,18.06344],[121.57831,18.06317],[121.57821,18.06317],[121.57821,18.06308],[121.57812,18.06308],[121.57812,18.06299],[121.57783,18.06299],[121.57783,18.06308],[121.57768,18.06311],[121.57755,18.06316],[121.57745,18.06316],[121.57745,18.06325],[121.57736,18.06325],[121.57736,18.06334],[121.57726,18.06334],[121.57726,18.06343],[121.57717,18.06343],[121.57717,18.0637],[121.57707,18.0637],[121.57707,18.06379],[121.57704,18.06412],[121.57697,18.06424],[121.57669,18.06424],[121.57669,18.06433],[121.5766,18.06433],[121.57659,18.06442],[121.57659,18.06451],[121.5765,18.06451],[121.5765,18.06487],[121.57645,18.06483],[121.57636,18.06472]]],[[[121.5765,18.06487],[121.57659,18.06487],[121.57659,18.06506],[121.57668,18.06506],[121.57668,18.06524],[121.57653,18.06516],[121.5765,18.06487]]],[[[121.57668,18.06524],[121.57715,18.06524],[121.57715,18.06533],[121.57668,18.06533],[121.57668,18.06524]]],[[[121.57687,18.04211],[121.57696,18.04211],[121.57696,18.0422],[121.57687,18.0422],[121.57687,18.04211]]],[[[121.57697,18.02909],[121.57701,18.02894],[121.57718,18.02888],[121.57707,18.02909],[121.57697,18.02909]]],[[[121.57722,18.05166],[121.57733,18.05142],[121.57789,18.05113],[121.57834,18.05144],[121.57846,18.05079],[121.58001,18.05071],[121.58008,18.05105],[121.57988,18.05147],[121.57968,18.05157],[121.57927,18.05169],[121.57862,18.05219],[121.57817,18.05205],[121.57722,18.05166]],[[121.57836,18.05182],[121.57858,18.05198],[121.57868,18.05179],[121.57836,18.05182]],[[121.57859,18.05106],[121.57859,18.05133],[121.57868,18.05134],[121.57868,18.05152],[121.57878,18.05152],[121.57878,18.05161],[121.57915,18.05161],[121.57915,18.05152],[121.57944,18.05152],[121.57944,18.05143],[121.57963,18.05143],[121.57963,18.05134],[121.57972,18.05134],[121.57972,18.05125],[121.57982,18.05125],[121.57982,18.05107],[121.57994,18.05103],[121.57982,18.05098],[121.57982,18.05089],[121.57973,18.05089],[121.57973,18.0508],[121.57935,18.0508],[121.57935,18.05089],[121.57916,18.05089],[121.57916,18.05098],[121.57888,18.05098],[121.57869,18.05097],[121.57869,18.05106],[121.57859,18.05106]]],[[[121.57725,18.06515],[121.57734,18.06515],[121.57734,18.06524],[121.57725,18.06524],[121.57725,18.06515]]],[[[121.57744,18.06506],[121.57753,18.06506],[121.57753,18.06515],[121.57744,18.06515],[121.57744,18.06506]]],[[[121.57786,18.05473],[121.5783,18.05462],[121.57861,18.05445],[121.57885,18.05441],[121.57889,18.05446],[121.57921,18.0547],[121.57916,18.05501],[121.57846,18.05517],[121.57786,18.05473]]],[[[121.57789,18.04419],[121.57799,18.04419],[121.57799,18.0441],[121.57817,18.0441],[121.57817,18.04419],[121.57808,18.04419],[121.57808,18.04428],[121.57789,18.04428],[121.57789,18.04419]]],[[[121.57873,18.0636],[121.57896,18.06354],[121.5789,18.06375],[121.57873,18.0636]]],[[[121.57907,18.05753],[121.5793,18.05748],[121.57941,18.05771],[121.57916,18.05779],[121.57907,18.05753]]],[[[121.57924,18.06746],[121.57929,18.06692],[121.57983,18.0663],[121.58008,18.06617],[121.58012,18.06621],[121.58027,18.06634],[121.58002,18.06675],[121.57993,18.06703],[121.57938,18.06748],[121.57924,18.06746]]],[[[121.5795,18.06225],[121.58008,18.06201],[121.58004,18.06145],[121.5803,18.06138],[121.58037,18.06154],[121.58034,18.06183],[121.58035,18.06199],[121.58149,18.06176],[121.58147,18.06191],[121.58053,18.06214],[121.57966,18.06239],[121.5795,18.06225]]],[[[121.57976,18.0194],[121.57988,18.01936],[121.57985,18.01956],[121.57976,18.0194]]],[[[121.57984,18.05671],[121.58003,18.05603],[121.58085,18.05589],[121.5805,18.05557],[121.58073,18.05551],[121.58115,18.05601],[121.58124,18.05669],[121.58086,18.05686],[121.57984,18.05671]],[[121.58025,18.05623],[121.58025,18.0565],[121.58034,18.0565],[121.58044,18.05663],[121.58053,18.0565],[121.58072,18.0565],[121.58072,18.05641],[121.58084,18.05637],[121.58072,18.05632],[121.58072,18.05623],[121.58025,18.05623]]],[[[121.57993,18.01986],[121.58026,18.01981],[121.5803,18.01986],[121.58075,18.01996],[121.58091,18.02033],[121.58071,18.02058],[121.58026,18.02005],[121.58002,18.01995],[121.57993,18.01986]]],[[[121.58008,18.06071],[121.5804,18.06066],[121.58053,18.06098],[121.58021,18.06115],[121.58008,18.06071]]],[[[121.58023,18.06522],[121.58075,18.06518],[121.58079,18.06523],[121.58116,18.06538],[121.58092,18.06575],[121.58069,18.06592],[121.58038,18.06573],[121.58023,18.06522]]],[[[121.58041,18.05444],[121.58074,18.05415],[121.58087,18.05451],[121.58041,18.05444]]],[[[121.58047,18.06409],[121.58062,18.0636],[121.58075,18.06297],[121.58126,18.06307],[121.58142,18.0636],[121.58166,18.06333],[121.58183,18.06298],[121.5825,18.06293],[121.58252,18.06311],[121.5825,18.06334],[121.58324,18.06366],[121.58344,18.0642],[121.58335,18.06452],[121.5832,18.06478],[121.58342,18.06466],[121.58361,18.06426],[121.58415,18.06408],[121.58462,18.06434],[121.58552,18.06381],[121.58524,18.06305],[121.58484,18.06271],[121.5849,18.06203],[121.58479,18.0619],[121.58417,18.06179],[121.58394,18.06139],[121.58422,18.06118],[121.58451,18.0611],[121.58476,18.06096],[121.58512,18.06136],[121.5857,18.06126],[121.58607,18.06065],[121.58688,18.06057],[121.58735,18.06039],[121.58811,18.06028],[121.58856,18.05998],[121.5895,18.05982],[121.58966,18.05942],[121.5895,18.05941],[121.58877,18.05961],[121.58814,18.06003],[121.58767,18.05993],[121.5883,18.05959],[121.58835,18.05954],[121.58863,18.05954],[121.58863,18.05945],[121.58882,18.05945],[121.58882,18.05936],[121.5892,18.05936],[121.5892,18.05927],[121.59032,18.05918],[121.59078,18.05934],[121.59096,18.05974],[121.59142,18.05987],[121.59169,18.05997],[121.59219,18.06012],[121.59216,18.06047],[121.59196,18.06081],[121.59148,18.06101],[121.59082,18.06095],[121.59023,18.06126],[121.58966,18.06121],[121.58952,18.06076],[121.58944,18.06068],[121.58932,18.06119],[121.58902,18.06131],[121.58886,18.06149],[121.5887,18.06157],[121.58805,18.06122],[121.58791,18.06166],[121.58774,18.0618],[121.58692,18.0615],[121.58661,18.06183],[121.58573,18.06191],[121.58552,18.06202],[121.58555,18.06234],[121.5863,18.06246],[121.58664,18.06269],[121.58723,18.06249],[121.58742,18.06261],[121.58723,18.0631],[121.58714,18.06365],[121.58704,18.06382],[121.58699,18.06396],[121.58732,18.064],[121.5876,18.06419],[121.58776,18.06428],[121.58788,18.06398],[121.58751,18.06366],[121.58742,18.0632],[121.58785,18.06275],[121.58838,18.06303],[121.58893,18.06292],[121.58861,18.06264],[121.58888,18.06218],[121.58955,18.06167],[121.5897,18.06214],[121.59031,18.06211],[121.59081,18.06158],[121.59117,18.0616],[121.59168,18.06187],[121.59187,18.06196],[121.59192,18.062],[121.59154,18.062],[121.59154,18.06191],[121.59145,18.06191],[121.59145,18.06182],[121.59126,18.06182],[121.59126,18.06173],[121.59079,18.06173],[121.59079,18.06182],[121.59069,18.06182],[121.59069,18.06191],[121.5906,18.0619],[121.5906,18.062],[121.59059,18.06218],[121.5905,18.06218],[121.5905,18.06236],[121.59022,18.06235],[121.59012,18.06223],[121.59003,18.06235],[121.58984,18.06244],[121.58974,18.06244],[121.58974,18.06253],[121.58962,18.06247],[121.58955,18.06235],[121.58955,18.06226],[121.58946,18.06226],[121.58946,18.06217],[121.58918,18.06217],[121.58908,18.06216],[121.58908,18.06226],[121.58899,18.06225],[121.58899,18.06244],[121.58885,18.06252],[121.58898,18.06262],[121.58898,18.0628],[121.58908,18.0628],[121.58908,18.06298],[121.58917,18.06298],[121.58917,18.06334],[121.58907,18.06334],[121.58907,18.06325],[121.58889,18.06325],[121.58889,18.06316],[121.5886,18.06316],[121.58851,18.06315],[121.58851,18.06325],[121.58813,18.06324],[121.58813,18.06315],[121.58804,18.06315],[121.58804,18.06306],[121.58794,18.06306],[121.58785,18.06293],[121.58775,18.06306],[121.58766,18.06306],[121.58766,18.06324],[121.58754,18.06328],[121.58766,18.06333],[121.58766,18.06351],[121.58765,18.0636],[121.58784,18.0636],[121.58784,18.06369],[121.58803,18.06369],[121.58803,18.06442],[121.5879,18.06446],[121.58802,18.06451],[121.58802,18.0646],[121.5884,18.0646],[121.5884,18.06451],[121.5885,18.06451],[121.5885,18.0646],[121.58859,18.0646],[121.58859,18.06496],[121.58868,18.06496],[121.58874,18.06519],[121.58925,18.06524],[121.58934,18.06524],[121.5893,18.06529],[121.58867,18.06536],[121.58832,18.06493],[121.5881,18.06543],[121.58764,18.0655],[121.58764,18.06541],[121.58783,18.06541],[121.58783,18.06532],[121.58792,18.06532],[121.58792,18.06523],[121.58793,18.06505],[121.58793,18.06496],[121.58783,18.06496],[121.58783,18.06487],[121.58774,18.06487],[121.58774,18.06478],[121.58764,18.06477],[121.58765,18.06468],[121.58755,18.06468],[121.58755,18.06459],[121.58746,18.06459],[121.58746,18.06441],[121.58736,18.06441],[121.5873,18.06419],[121.58718,18.06432],[121.58708,18.06432],[121.58708,18.06477],[121.5867,18.06477],[121.58651,18.06468],[121.58651,18.06459],[121.58642,18.06459],[121.58633,18.0644],[121.58633,18.06431],[121.58623,18.06431],[121.58623,18.06422],[121.58614,18.06422],[121.58614,18.06395],[121.58652,18.06395],[121.58652,18.06386],[121.58671,18.06386],[121.58671,18.06377],[121.5868,18.06377],[121.5869,18.06378],[121.5869,18.06369],[121.58699,18.06369],[121.58699,18.0636],[121.587,18.06314],[121.58708,18.06281],[121.58653,18.06287],[121.58653,18.06278],[121.58643,18.06278],[121.58643,18.06269],[121.58634,18.06269],[121.58621,18.06263],[121.58587,18.06259],[121.58577,18.06259],[121.58577,18.06268],[121.58568,18.06268],[121.58568,18.06286],[121.58558,18.06286],[121.58558,18.06313],[121.58545,18.06322],[121.58558,18.06331],[121.58558,18.0634],[121.58567,18.06341],[121.58567,18.0635],[121.58577,18.0635],[121.58576,18.06359],[121.58586,18.06359],[121.58593,18.06387],[121.58586,18.06404],[121.58557,18.06404],[121.58557,18.06413],[121.58529,18.06413],[121.58519,18.06412],[121.58519,18.06421],[121.585,18.0643],[121.58491,18.0643],[121.58491,18.06439],[121.58472,18.06439],[121.58472,18.06448],[121.58462,18.06448],[121.58462,18.06457],[121.58453,18.06457],[121.58453,18.06493],[121.58443,18.06493],[121.58443,18.06511],[121.58424,18.06511],[121.58424,18.06502],[121.58415,18.06502],[121.58415,18.06475],[121.58424,18.06475],[121.58425,18.06457],[121.58425,18.0643],[121.58415,18.0643],[121.58383,18.06434],[121.58377,18.06457],[121.58368,18.06457],[121.58368,18.06484],[121.58358,18.06484],[121.58358,18.06493],[121.58349,18.06493],[121.58311,18.06492],[121.58264,18.06492],[121.58264,18.06483],[121.58245,18.06483],[121.58226,18.06455],[121.58249,18.06441],[121.58264,18.06438],[121.58274,18.06438],[121.58273,18.06447],[121.58321,18.06447],[121.58321,18.06393],[121.58312,18.06393],[121.58305,18.06381],[121.58293,18.06375],[121.58293,18.06366],[121.58284,18.06366],[121.58274,18.06365],[121.58274,18.06356],[121.58236,18.06356],[121.58236,18.06347],[121.58218,18.06347],[121.58218,18.06338],[121.58189,18.06338],[121.58189,18.06356],[121.5817,18.06356],[121.5817,18.06365],[121.58161,18.06365],[121.58161,18.06374],[121.58151,18.06374],[121.58151,18.06383],[121.58132,18.06383],[121.58132,18.06392],[121.58123,18.06391],[121.58123,18.0641],[121.58113,18.06409],[121.58113,18.06419],[121.58104,18.06418],[121.58104,18.06427],[121.58094,18.06427],[121.58094,18.065],[121.58112,18.065],[121.58112,18.06509],[121.58078,18.06503],[121.58081,18.06471],[121.58071,18.06449],[121.58047,18.06409]],[[121.58689,18.06405],[121.58658,18.06413],[121.58653,18.06444],[121.58681,18.06448],[121.58689,18.06405]],[[121.58699,18.06396],[121.5869,18.06396],[121.58689,18.06405],[121.58699,18.06405],[121.58699,18.06396]],[[121.58518,18.06183],[121.58527,18.06198],[121.58531,18.06178],[121.58518,18.06183]],[[121.58574,18.06147],[121.58588,18.06164],[121.58636,18.0614],[121.58626,18.06115],[121.58574,18.06147]],[[121.58682,18.06115],[121.58692,18.06116],[121.58692,18.06125],[121.58701,18.06125],[121.58701,18.06134],[121.5872,18.06134],[121.5872,18.06143],[121.58767,18.06143],[121.58767,18.06125],[121.58777,18.06125],[121.58777,18.06116],[121.58786,18.06116],[121.58786,18.06107],[121.58824,18.06107],[121.58834,18.06108],[121.58834,18.06117],[121.58843,18.06117],[121.58843,18.06126],[121.58862,18.06126],[121.58892,18.06119],[121.589,18.06108],[121.58909,18.06108],[121.58909,18.06099],[121.58919,18.06099],[121.58919,18.06072],[121.58928,18.06072],[121.58928,18.06063],[121.58941,18.06057],[121.58957,18.06054],[121.58957,18.06063],[121.58966,18.06063],[121.58966,18.06072],[121.58976,18.06072],[121.5898,18.06112],[121.59013,18.06118],[121.59022,18.06118],[121.59023,18.06109],[121.59035,18.06103],[121.59042,18.06091],[121.59051,18.06091],[121.59051,18.06082],[121.59061,18.06082],[121.59061,18.06073],[121.59079,18.06073],[121.59079,18.06082],[121.59108,18.06082],[121.59108,18.06091],[121.59136,18.06092],[121.59136,18.06083],[121.59164,18.06083],[121.59165,18.06074],[121.59174,18.06074],[121.59174,18.06056],[121.59186,18.06051],[121.59174,18.06047],[121.59174,18.0602],[121.59165,18.0602],[121.59165,18.06011],[121.59156,18.0601],[121.59156,18.06001],[121.59127,18.06001],[121.59127,18.05992],[121.59071,18.05992],[121.59071,18.05974],[121.59061,18.05974],[121.59062,18.05956],[121.59062,18.05947],[121.59052,18.05946],[121.59043,18.05946],[121.59043,18.05937],[121.59014,18.05937],[121.59014,18.05946],[121.58995,18.05946],[121.58995,18.05955],[121.58986,18.05955],[121.58986,18.05964],[121.58976,18.05964],[121.58976,18.05973],[121.58967,18.05973],[121.58967,18.05982],[121.58957,18.05982],[121.58957,18.05991],[121.58938,18.05991],[121.58938,18.06],[121.58901,18.06],[121.58891,18.05999],[121.58891,18.06009],[121.58872,18.06008],[121.58863,18.06008],[121.58863,18.06017],[121.5885,18.06023],[121.58844,18.06035],[121.58834,18.06035],[121.58834,18.06044],[121.58825,18.06044],[121.58825,18.06053],[121.5873,18.06053],[121.5873,18.06062],[121.58717,18.06068],[121.58711,18.0608],[121.58702,18.06079],[121.58701,18.06088],[121.58683,18.06088],[121.58682,18.06115]]],[[[121.58093,18.06062],[121.58172,18.06006],[121.58204,18.06011],[121.58249,18.05995],[121.58243,18.06026],[121.58177,18.06043],[121.58126,18.06079],[121.58093,18.06062]]],[[[121.58112,18.06509],[121.58179,18.06509],[121.58178,18.06518],[121.58207,18.06519],[121.58207,18.0651],[121.58226,18.0651],[121.58226,18.06519],[121.58235,18.06519],[121.58291,18.06564],[121.58291,18.06573],[121.58301,18.06574],[121.58301,18.06583],[121.5832,18.06583],[121.5832,18.06592],[121.58319,18.06601],[121.58329,18.06601],[121.58329,18.0661],[121.58338,18.0661],[121.58338,18.06619],[121.58348,18.06619],[121.58348,18.06628],[121.58366,18.06628],[121.58366,18.06637],[121.58376,18.06637],[121.58376,18.06673],[121.58375,18.06692],[121.58365,18.06683],[121.58324,18.06633],[121.58306,18.06605],[121.58253,18.06546],[121.58192,18.06533],[121.58155,18.06522],[121.58117,18.06514],[121.58112,18.06509]]],[[[121.58274,18.0598],[121.58284,18.05955],[121.58306,18.0595],[121.58301,18.05971],[121.58274,18.0598]]],[[[121.58315,18.05406],[121.58357,18.05394],[121.58382,18.05321],[121.58438,18.05271],[121.5845,18.05225],[121.58571,18.05205],[121.58544,18.05179],[121.58475,18.05169],[121.58411,18.05133],[121.58407,18.05128],[121.58416,18.05129],[121.58435,18.05129],[121.58435,18.05138],[121.58463,18.05138],[121.58463,18.05147],[121.58511,18.05147],[121.58511,18.05138],[121.5853,18.05138],[121.58548,18.05139],[121.58558,18.05139],[121.58558,18.05148],[121.58577,18.05148],[121.58577,18.05157],[121.58586,18.05157],[121.58586,18.05166],[121.58605,18.05166],[121.58605,18.05175],[121.58633,18.05175],[121.58633,18.05202],[121.58614,18.05202],[121.58614,18.05211],[121.58595,18.05211],[121.58595,18.0522],[121.58576,18.0522],[121.58576,18.05229],[121.58538,18.05229],[121.58491,18.05228],[121.58482,18.05228],[121.58482,18.05237],[121.58472,18.05237],[121.58472,18.05255],[121.58463,18.05255],[121.58462,18.05264],[121.58453,18.05282],[121.58443,18.05282],[121.58443,18.05291],[121.58424,18.053],[121.58415,18.05318],[121.58405,18.05318],[121.58405,18.05327],[121.58396,18.05327],[121.58396,18.05336],[121.58386,18.05336],[121.58386,18.05372],[121.58377,18.05372],[121.58376,18.05381],[121.58376,18.05426],[121.58386,18.05427],[121.58404,18.05427],[121.58404,18.05436],[121.58423,18.05436],[121.58423,18.05454],[121.58433,18.05454],[121.58433,18.05463],[121.58432,18.05472],[121.58442,18.05472],[121.58442,18.05481],[121.58451,18.05481],[121.58451,18.0549],[121.58461,18.0549],[121.58461,18.05499],[121.58451,18.05499],[121.58451,18.05508],[121.58432,18.05508],[121.58432,18.05517],[121.58394,18.05517],[121.58394,18.05526],[121.58385,18.05526],[121.58385,18.05544],[121.58384,18.05562],[121.58403,18.05562],[121.58403,18.0558],[121.58384,18.0558],[121.5838,18.05569],[121.58375,18.0558],[121.58365,18.0558],[121.58365,18.05589],[121.58369,18.05612],[121.58374,18.05634],[121.58365,18.05634],[121.58365,18.05625],[121.58356,18.05625],[121.58362,18.05528],[121.58418,18.05478],[121.58395,18.05449],[121.58371,18.05458],[121.58339,18.05474],[121.58315,18.05406]]],[[[121.58321,18.05829],[121.58363,18.05824],[121.58358,18.05864],[121.58321,18.05829]]],[[[121.5835,18.05946],[121.58372,18.05941],[121.58379,18.05953],[121.58401,18.05966],[121.58393,18.05981],[121.58357,18.05968],[121.5835,18.05946]]],[[[121.58374,18.05634],[121.58384,18.05634],[121.58384,18.05643],[121.58374,18.05643],[121.58374,18.05634]]],[[[121.58375,18.06692],[121.58385,18.06692],[121.58385,18.06701],[121.58375,18.06701],[121.58375,18.06692]]],[[[121.58385,18.06701],[121.58394,18.06701],[121.58394,18.0671],[121.58385,18.0671],[121.58385,18.06701]]],[[[121.58404,18.0671],[121.58432,18.0671],[121.58432,18.06719],[121.58404,18.06719],[121.58404,18.0671]]],[[[121.58412,18.05653],[121.58422,18.05653],[121.58421,18.05662],[121.58412,18.05662],[121.58412,18.05653]]],[[[121.58432,18.06701],[121.58451,18.06701],[121.58451,18.0671],[121.58432,18.0671],[121.58432,18.06701]]],[[[121.5844,18.05662],[121.58459,18.05662],[121.58459,18.05653],[121.58469,18.05653],[121.58469,18.05644],[121.58478,18.05644],[121.58478,18.05653],[121.58488,18.05653],[121.58488,18.05662],[121.58506,18.05662],[121.58506,18.05671],[121.58535,18.05672],[121.58535,18.05663],[121.58544,18.05663],[121.58544,18.05654],[121.58563,18.05654],[121.58563,18.05645],[121.58573,18.05645],[121.58573,18.05672],[121.58572,18.05735],[121.58558,18.05723],[121.58549,18.05684],[121.58525,18.05686],[121.58495,18.05683],[121.58529,18.05743],[121.58508,18.05757],[121.58496,18.05744],[121.58496,18.05735],[121.58509,18.0573],[121.58497,18.05726],[121.58497,18.05716],[121.58487,18.05716],[121.58487,18.05707],[121.58478,18.05707],[121.58478,18.05698],[121.58459,18.05698],[121.58459,18.05671],[121.5844,18.05671],[121.5844,18.05662]]],[[[121.58451,18.06701],[121.5848,18.06665],[121.58489,18.06665],[121.58489,18.06656],[121.58499,18.06656],[121.58499,18.0662],[121.58508,18.0662],[121.58508,18.06611],[121.58518,18.06611],[121.58518,18.06593],[121.58552,18.0658],[121.58556,18.06575],[121.58565,18.06575],[121.58575,18.06576],[121.58575,18.06566],[121.58594,18.06558],[121.58603,18.06558],[121.58603,18.06549],[121.58613,18.06549],[121.58613,18.0654],[121.58622,18.0654],[121.58622,18.06531],[121.58632,18.06531],[121.58632,18.0654],[121.58641,18.0654],[121.58641,18.06549],[121.58651,18.06549],[121.5865,18.06558],[121.58688,18.06558],[121.58688,18.06549],[121.58707,18.0654],[121.58736,18.06541],[121.58736,18.0655],[121.58764,18.0655],[121.5876,18.06555],[121.58692,18.06578],[121.58635,18.06569],[121.58589,18.06595],[121.58576,18.06626],[121.58531,18.06651],[121.58466,18.06697],[121.58451,18.06701]]],[[[121.58468,18.05707],[121.58478,18.05707],[121.58478,18.05725],[121.58468,18.05725],[121.58468,18.05707]]],[[[121.58478,18.05734],[121.58487,18.05734],[121.58487,18.05744],[121.58478,18.05743],[121.58478,18.05734]]],[[[121.58483,18.05874],[121.58505,18.0587],[121.58512,18.05885],[121.58493,18.05891],[121.58483,18.05874]]],[[[121.58538,18.09928],[121.58539,18.09919],[121.58539,18.09901],[121.58558,18.09901],[121.58557,18.0991],[121.58605,18.0991],[121.58605,18.09901],[121.58633,18.09901],[121.58633,18.09892],[121.58662,18.09892],[121.58662,18.09883],[121.58671,18.09884],[121.5869,18.09884],[121.5869,18.09875],[121.58718,18.09875],[121.58718,18.09866],[121.58737,18.09857],[121.58747,18.09857],[121.58747,18.09848],[121.58756,18.09848],[121.58756,18.09839],[121.58766,18.09839],[121.58766,18.09821],[121.58776,18.09821],[121.58776,18.09785],[121.58851,18.09785],[121.58851,18.09794],[121.5887,18.09795],[121.58889,18.09795],[121.58889,18.09804],[121.58936,18.09804],[121.58936,18.09795],[121.58974,18.09795],[121.58974,18.09804],[121.58984,18.09804],[121.59021,18.09814],[121.59021,18.09823],[121.5905,18.09823],[121.5905,18.09814],[121.59116,18.09814],[121.59125,18.09827],[121.59135,18.09815],[121.59154,18.09815],[121.59154,18.09806],[121.59173,18.09806],[121.59173,18.09797],[121.59182,18.09797],[121.59182,18.09788],[121.59205,18.09783],[121.59239,18.09779],[121.59258,18.09779],[121.59258,18.09743],[121.59239,18.09743],[121.59239,18.09734],[121.5922,18.09734],[121.5922,18.09725],[121.59202,18.09725],[121.59202,18.09716],[121.59192,18.09716],[121.59192,18.09707],[121.59193,18.09652],[121.59202,18.09652],[121.59202,18.09643],[121.59221,18.09644],[121.59221,18.09635],[121.59231,18.09635],[121.59231,18.09626],[121.5924,18.09626],[121.5924,18.09617],[121.5925,18.09617],[121.5925,18.09608],[121.59259,18.09608],[121.59259,18.09599],[121.59306,18.09599],[121.59306,18.09608],[121.59363,18.09608],[121.59363,18.0959],[121.59344,18.0959],[121.59344,18.09581],[121.59326,18.09581],[121.59326,18.09572],[121.59307,18.09572],[121.59307,18.09563],[121.59297,18.09563],[121.59297,18.09545],[121.59288,18.09545],[121.59288,18.09527],[121.59298,18.09527],[121.59298,18.09518],[121.59307,18.09518],[121.59307,18.09509],[121.59317,18.09509],[121.59317,18.09491],[121.59326,18.09491],[121.59326,18.09482],[121.59336,18.09482],[121.59336,18.09455],[121.59345,18.09455],[121.59345,18.09446],[121.59346,18.09437],[121.59355,18.09437],[121.59355,18.09428],[121.59383,18.09428],[121.59383,18.09437],[121.59393,18.09437],[121.59393,18.09446],[121.59402,18.09446],[121.59402,18.09455],[121.59421,18.09455],[121.59421,18.09464],[121.5944,18.09464],[121.5944,18.09473],[121.59449,18.09474],[121.59468,18.09483],[121.59468,18.09492],[121.59487,18.09492],[121.59487,18.09501],[121.59496,18.09501],[121.59496,18.0951],[121.59477,18.09504],[121.59445,18.09487],[121.59411,18.09472],[121.59377,18.09449],[121.59347,18.09483],[121.59331,18.09548],[121.59395,18.09587],[121.59405,18.09629],[121.59288,18.09617],[121.59254,18.0964],[121.59235,18.09707],[121.59268,18.09733],[121.59285,18.09752],[121.5928,18.09789],[121.59202,18.09802],[121.59154,18.09827],[121.59115,18.09838],[121.59087,18.09835],[121.59036,18.0984],[121.58986,18.09826],[121.5892,18.09832],[121.58866,18.09817],[121.58851,18.09818],[121.58828,18.09853],[121.58776,18.09862],[121.58749,18.09892],[121.58753,18.09929],[121.5875,18.09956],[121.58755,18.10008],[121.5879,18.09996],[121.58853,18.10003],[121.58863,18.10089],[121.58894,18.10108],[121.58943,18.10103],[121.58991,18.10108],[121.59014,18.10106],[121.59026,18.10028],[121.59154,18.10041],[121.59214,18.1002],[121.59258,18.10096],[121.59326,18.10143],[121.59358,18.10156],[121.594,18.10152],[121.5941,18.10174],[121.59434,18.10161],[121.595,18.10185],[121.59514,18.10202],[121.59523,18.10192],[121.59607,18.10182],[121.59654,18.10187],[121.59704,18.10222],[121.59727,18.1022],[121.59762,18.10164],[121.59791,18.10141],[121.59822,18.10136],[121.59822,18.10145],[121.59803,18.10145],[121.59803,18.10154],[121.59784,18.10163],[121.59774,18.10163],[121.59774,18.10172],[121.59768,18.10184],[121.59764,18.10271],[121.59764,18.1028],[121.59773,18.1028],[121.59773,18.10307],[121.59783,18.10307],[121.59783,18.10334],[121.59782,18.10352],[121.59792,18.10353],[121.59792,18.10371],[121.59782,18.10371],[121.59782,18.10389],[121.59773,18.10389],[121.59773,18.10398],[121.59763,18.10398],[121.59763,18.10434],[121.59753,18.10434],[121.59753,18.10515],[121.59743,18.10515],[121.59744,18.10452],[121.59744,18.10443],[121.59734,18.10442],[121.59734,18.10433],[121.59735,18.10424],[121.59725,18.10424],[121.59725,18.10406],[121.59716,18.10406],[121.59716,18.10388],[121.59706,18.10388],[121.59707,18.10379],[121.59707,18.10361],[121.59697,18.10361],[121.59697,18.10343],[121.59688,18.10343],[121.59688,18.10325],[121.59669,18.10325],[121.5966,18.10324],[121.5966,18.10315],[121.5965,18.10315],[121.5965,18.10306],[121.59641,18.10306],[121.59641,18.10297],[121.59632,18.10297],[121.59632,18.10288],[121.59622,18.10288],[121.59622,18.10279],[121.59575,18.10279],[121.59575,18.10288],[121.59566,18.10288],[121.59565,18.10297],[121.59553,18.10303],[121.59546,18.10315],[121.59487,18.103],[121.59481,18.1026],[121.59481,18.10251],[121.5949,18.10251],[121.5949,18.10224],[121.59491,18.10215],[121.59481,18.10215],[121.59481,18.10197],[121.59462,18.10197],[121.59462,18.10187],[121.59434,18.10187],[121.59434,18.10196],[121.59415,18.10196],[121.59415,18.10205],[121.59399,18.10208],[121.59387,18.10214],[121.59377,18.10214],[121.59377,18.10223],[121.59362,18.1023],[121.59358,18.1025],[121.59349,18.1025],[121.59348,18.10268],[121.59348,18.10277],[121.59339,18.10277],[121.59339,18.10295],[121.59329,18.10295],[121.59329,18.10313],[121.5932,18.10313],[121.5932,18.10331],[121.5931,18.10331],[121.5931,18.1034],[121.59301,18.1034],[121.593,18.10349],[121.59276,18.1036],[121.59272,18.10322],[121.59282,18.10322],[121.59282,18.1024],[121.59283,18.10222],[121.59283,18.10177],[121.59273,18.10177],[121.59274,18.10159],[121.59264,18.10159],[121.59264,18.1015],[121.59255,18.1015],[121.59251,18.1013],[121.59236,18.10123],[121.59236,18.10114],[121.59227,18.10113],[121.59227,18.10086],[121.59218,18.10086],[121.59218,18.10059],[121.59208,18.10059],[121.59208,18.1005],[121.59161,18.1005],[121.59161,18.10059],[121.59104,18.10058],[121.59095,18.10046],[121.59085,18.10058],[121.59067,18.10058],[121.59066,18.10085],[121.59057,18.10085],[121.59057,18.10103],[121.59047,18.10103],[121.59047,18.10112],[121.59038,18.10112],[121.59038,18.10121],[121.59019,18.1013],[121.59009,18.1013],[121.59009,18.10139],[121.5899,18.10139],[121.5899,18.10157],[121.58981,18.10157],[121.58981,18.10166],[121.58971,18.10184],[121.58962,18.10184],[121.58962,18.10193],[121.58952,18.10193],[121.58952,18.10211],[121.58943,18.10211],[121.58942,18.1022],[121.58942,18.10229],[121.58933,18.10229],[121.58933,18.10238],[121.58918,18.10241],[121.5891,18.10252],[121.58892,18.10263],[121.58854,18.10245],[121.58869,18.10199],[121.58858,18.10192],[121.58858,18.10183],[121.58848,18.10183],[121.58848,18.10174],[121.58839,18.10174],[121.58839,18.10156],[121.5883,18.10156],[121.5883,18.10047],[121.58844,18.10038],[121.58831,18.10029],[121.58831,18.1002],[121.58812,18.1002],[121.58807,18.10008],[121.58802,18.1002],[121.58783,18.1002],[121.58783,18.10029],[121.58774,18.10029],[121.58774,18.10056],[121.58783,18.10056],[121.58783,18.10083],[121.58773,18.10083],[121.58773,18.10092],[121.58745,18.10092],[121.58745,18.10101],[121.58707,18.10109],[121.58684,18.10095],[121.58645,18.10087],[121.58618,18.10068],[121.58582,18.10054],[121.58572,18.10004],[121.58558,18.09971],[121.58542,18.0996],[121.58538,18.09928]]],[[[121.58553,18.02656],[121.58557,18.02617],[121.58578,18.026],[121.58578,18.02618],[121.58569,18.02618],[121.58569,18.02627],[121.58568,18.02654],[121.58568,18.02663],[121.58578,18.02663],[121.58578,18.02672],[121.58653,18.02672],[121.58653,18.02654],[121.58665,18.0265],[121.58653,18.02645],[121.58654,18.02618],[121.58654,18.026],[121.58644,18.026],[121.58644,18.02591],[121.58635,18.02591],[121.58635,18.02582],[121.58607,18.02582],[121.58607,18.02591],[121.58588,18.02591],[121.586,18.02577],[121.58652,18.02569],[121.58677,18.02623],[121.58703,18.02659],[121.58671,18.02713],[121.58571,18.02677],[121.58553,18.02656]]],[[[121.58572,18.05735],[121.58581,18.05735],[121.58591,18.05753],[121.58572,18.05753],[121.58572,18.05735]]],[[[121.58578,18.02591],[121.58588,18.02591],[121.58588,18.026],[121.58578,18.026],[121.58578,18.02591]]],[[[121.58591,18.05753],[121.58657,18.05754],[121.58666,18.05754],[121.58666,18.05745],[121.58685,18.05745],[121.58685,18.05736],[121.58708,18.05721],[121.58723,18.057],[121.58733,18.057],[121.58733,18.05691],[121.58742,18.05691],[121.58743,18.05682],[121.58752,18.05664],[121.58762,18.05664],[121.58762,18.05646],[121.58771,18.05646],[121.58771,18.05628],[121.58781,18.05628],[121.58781,18.05619],[121.58806,18.05589],[121.58838,18.05565],[121.58847,18.05565],[121.58847,18.05556],[121.58848,18.05547],[121.58857,18.05547],[121.58857,18.0552],[121.58848,18.0552],[121.58841,18.05508],[121.58829,18.05502],[121.58829,18.05493],[121.58791,18.05493],[121.58791,18.05484],[121.58772,18.05484],[121.58773,18.05465],[121.58763,18.05465],[121.58763,18.05447],[121.58754,18.05447],[121.58754,18.05438],[121.58735,18.05438],[121.58735,18.05429],[121.58726,18.05429],[121.58726,18.0542],[121.58716,18.0542],[121.58716,18.05411],[121.58707,18.05411],[121.58707,18.05366],[121.58717,18.05366],[121.58717,18.0532],[121.58708,18.0532],[121.58708,18.05302],[121.58698,18.05302],[121.58698,18.05284],[121.58708,18.05284],[121.58708,18.05257],[121.58699,18.05257],[121.58699,18.0523],[121.58712,18.05224],[121.58727,18.05221],[121.58737,18.05221],[121.58737,18.0523],[121.58765,18.0523],[121.58765,18.05221],[121.58775,18.05222],[121.58775,18.05212],[121.58784,18.05213],[121.58784,18.05185],[121.58794,18.05186],[121.58794,18.05149],[121.58785,18.05149],[121.58775,18.05131],[121.58775,18.05122],[121.58766,18.05122],[121.58766,18.05104],[121.58775,18.05104],[121.58775,18.05113],[121.58785,18.05113],[121.58804,18.05122],[121.58804,18.05131],[121.58813,18.05131],[121.58813,18.0514],[121.58822,18.05141],[121.58832,18.05141],[121.58832,18.0515],[121.58841,18.0515],[121.58841,18.05159],[121.58851,18.05159],[121.58851,18.05168],[121.5886,18.05168],[121.5886,18.05177],[121.58869,18.05177],[121.58869,18.05186],[121.58907,18.05186],[121.58907,18.05195],[121.58954,18.05196],[121.58954,18.05187],[121.58964,18.05187],[121.58964,18.05178],[121.58973,18.05178],[121.58973,18.0516],[121.59002,18.0516],[121.58998,18.05189],[121.58983,18.05196],[121.58973,18.05196],[121.58973,18.05205],[121.58954,18.05205],[121.58954,18.05214],[121.58945,18.05214],[121.58944,18.0525],[121.58944,18.05259],[121.58935,18.05259],[121.58935,18.05268],[121.58925,18.05268],[121.58925,18.05277],[121.58916,18.05277],[121.58916,18.05286],[121.58906,18.05286],[121.58906,18.05295],[121.58897,18.05295],[121.58897,18.05304],[121.58896,18.05331],[121.58887,18.05331],[121.58887,18.0534],[121.58874,18.05349],[121.58887,18.05358],[121.58887,18.05367],[121.58925,18.05367],[121.58925,18.05322],[121.58944,18.05322],[121.58944,18.05313],[121.58953,18.05313],[121.58953,18.05304],[121.59001,18.05304],[121.59,18.05332],[121.59,18.05377],[121.59009,18.05377],[121.59009,18.05395],[121.59019,18.05395],[121.59019,18.05413],[121.59009,18.05413],[121.59009,18.05431],[121.59,18.05431],[121.59,18.0544],[121.5899,18.0544],[121.5899,18.05449],[121.58981,18.05449],[121.5898,18.05458],[121.58971,18.05458],[121.58971,18.05467],[121.58962,18.05467],[121.58961,18.05476],[121.58952,18.05476],[121.58952,18.05494],[121.58942,18.05494],[121.58942,18.05503],[121.58948,18.05524],[121.5897,18.05539],[121.5897,18.05548],[121.58956,18.05544],[121.58928,18.05521],[121.58951,18.05443],[121.58985,18.05397],[121.58944,18.05381],[121.58891,18.05408],[121.58864,18.05406],[121.58829,18.05424],[121.58806,18.05397],[121.58844,18.0538],[121.58883,18.05302],[121.58929,18.0524],[121.58874,18.05209],[121.58815,18.0516],[121.58817,18.05208],[121.58817,18.05219],[121.58788,18.05243],[121.58778,18.05328],[121.5874,18.0536],[121.58731,18.05397],[121.58789,18.05463],[121.58855,18.05493],[121.5888,18.05541],[121.58802,18.05625],[121.58771,18.05689],[121.58707,18.0576],[121.58611,18.05776],[121.58591,18.05753]]],[[[121.58678,18.09308],[121.58691,18.09279],[121.58747,18.09219],[121.58861,18.09229],[121.58907,18.09249],[121.58953,18.09262],[121.58975,18.09335],[121.58953,18.09384],[121.58943,18.09465],[121.58887,18.09529],[121.58918,18.09529],[121.58948,18.09496],[121.58996,18.09457],[121.59029,18.09375],[121.59063,18.09348],[121.59092,18.09304],[121.59144,18.09295],[121.59172,18.09277],[121.59228,18.09243],[121.59232,18.09206],[121.59183,18.09191],[121.59191,18.09169],[121.5923,18.09123],[121.59208,18.09069],[121.59188,18.09038],[121.59207,18.09038],[121.59207,18.09047],[121.59226,18.09047],[121.59226,18.09056],[121.59235,18.09056],[121.59235,18.09083],[121.59244,18.09083],[121.59244,18.09111],[121.59254,18.09111],[121.59254,18.09129],[121.59244,18.09129],[121.59244,18.09147],[121.59225,18.09147],[121.59225,18.09156],[121.59216,18.09156],[121.59215,18.09165],[121.59202,18.09174],[121.59215,18.09183],[121.59263,18.09183],[121.59262,18.09192],[121.59281,18.09192],[121.59281,18.0921],[121.59272,18.0921],[121.59272,18.09219],[121.59262,18.09219],[121.59262,18.09228],[121.59253,18.09228],[121.59253,18.09255],[121.59243,18.09255],[121.59243,18.09264],[121.59224,18.09264],[121.59224,18.09273],[121.59211,18.09279],[121.59196,18.09282],[121.59186,18.09282],[121.59186,18.09291],[121.59167,18.09291],[121.59167,18.093],[121.59158,18.093],[121.59158,18.09309],[121.59148,18.09309],[121.59148,18.09318],[121.59139,18.09318],[121.59139,18.09327],[121.5912,18.09327],[121.5912,18.09336],[121.5911,18.09336],[121.59101,18.09335],[121.59101,18.09344],[121.59042,18.09392],[121.59034,18.09416],[121.59024,18.09416],[121.59024,18.09452],[121.59011,18.09461],[121.59024,18.0947],[121.59024,18.09479],[121.59014,18.09479],[121.59014,18.09506],[121.58986,18.09506],[121.58986,18.09515],[121.58967,18.09515],[121.58967,18.09524],[121.58957,18.09524],[121.58957,18.09542],[121.58948,18.09542],[121.58948,18.09551],[121.58938,18.09551],[121.58938,18.0956],[121.58929,18.0956],[121.58929,18.09578],[121.58919,18.09578],[121.58919,18.09587],[121.58881,18.09587],[121.58881,18.09578],[121.58872,18.09578],[121.58872,18.09569],[121.58863,18.09569],[121.58863,18.09551],[121.58853,18.09551],[121.58834,18.09541],[121.58835,18.09532],[121.58825,18.09532],[121.58825,18.09505],[121.58854,18.09505],[121.58854,18.09496],[121.58882,18.09496],[121.58882,18.09487],[121.58892,18.09488],[121.58892,18.09478],[121.58901,18.09479],[121.58911,18.09479],[121.58911,18.0947],[121.5892,18.0947],[121.5892,18.09452],[121.5893,18.09452],[121.5893,18.09388],[121.5894,18.09352],[121.58949,18.09352],[121.5895,18.09325],[121.5894,18.09325],[121.5894,18.09316],[121.58931,18.09316],[121.58931,18.09298],[121.58921,18.09298],[121.58922,18.09289],[121.58922,18.0928],[121.58912,18.0928],[121.58912,18.09271],[121.58903,18.09271],[121.58903,18.09262],[121.58893,18.09262],[121.58875,18.09261],[121.58875,18.09252],[121.58837,18.09252],[121.58837,18.09261],[121.58799,18.09261],[121.58799,18.0927],[121.58742,18.0927],[121.58723,18.09269],[121.58723,18.09278],[121.58714,18.09278],[121.58714,18.09287],[121.58704,18.09287],[121.58704,18.09296],[121.58695,18.09296],[121.58695,18.09305],[121.58694,18.09378],[121.58694,18.09387],[121.58683,18.09377],[121.58678,18.09308]]],[[[121.58699,18.0909],[121.58703,18.0907],[121.58734,18.09062],[121.58758,18.09093],[121.58785,18.09144],[121.58762,18.0918],[121.58724,18.09192],[121.58711,18.09129],[121.58699,18.0909]]],[[[121.58753,18.06661],[121.58802,18.06601],[121.58837,18.06596],[121.58872,18.06654],[121.58882,18.06646],[121.58894,18.06594],[121.58924,18.06578],[121.58928,18.06583],[121.58966,18.06598],[121.59003,18.06647],[121.58995,18.06683],[121.58965,18.06718],[121.58953,18.06759],[121.58914,18.06781],[121.58863,18.06769],[121.58853,18.06707],[121.5882,18.06726],[121.58769,18.067],[121.58753,18.06661]],[[121.58772,18.06658],[121.58772,18.06685],[121.58782,18.06685],[121.58789,18.067],[121.5881,18.06704],[121.58815,18.06715],[121.58819,18.06704],[121.58829,18.06704],[121.58829,18.06695],[121.58838,18.06695],[121.58838,18.06686],[121.58839,18.06641],[121.58839,18.06632],[121.58829,18.06632],[121.5882,18.06619],[121.58811,18.06631],[121.58792,18.06631],[121.58792,18.0664],[121.58782,18.0664],[121.58782,18.06649],[121.58773,18.06649],[121.58772,18.06658]],[[121.58876,18.06677],[121.58876,18.06758],[121.58885,18.06759],[121.58895,18.06759],[121.58899,18.0677],[121.58904,18.06759],[121.58923,18.06759],[121.58923,18.0675],[121.58932,18.0675],[121.58932,18.06741],[121.58933,18.06732],[121.58942,18.06732],[121.58942,18.06714],[121.58952,18.06714],[121.58952,18.06705],[121.58976,18.06674],[121.5898,18.06642],[121.58981,18.06633],[121.58971,18.06633],[121.58962,18.06615],[121.58943,18.06605],[121.58943,18.06596],[121.58915,18.06596],[121.58915,18.06605],[121.58905,18.06605],[121.58905,18.06632],[121.58902,18.06647],[121.58895,18.06659],[121.58886,18.06659],[121.58886,18.06677],[121.58876,18.06677]]],[[[121.58862,18.09114],[121.58872,18.09067],[121.58914,18.09063],[121.58918,18.09077],[121.58929,18.09094],[121.58936,18.0912],[121.589,18.09133],[121.58862,18.09114]],[[121.58892,18.09104],[121.589,18.0912],[121.58904,18.09099],[121.58892,18.09104]]],[[[121.58922,18.08811],[121.58931,18.08779],[121.58954,18.08774],[121.58954,18.08783],[121.58944,18.08783],[121.58944,18.08792],[121.58935,18.08792],[121.58935,18.08819],[121.58922,18.08811]]],[[[121.58934,18.06515],[121.58963,18.06497],[121.58972,18.06497],[121.58972,18.06488],[121.58991,18.06488],[121.58991,18.06479],[121.59001,18.06479],[121.59001,18.0647],[121.5901,18.0647],[121.5901,18.06461],[121.59029,18.06461],[121.59029,18.06452],[121.59039,18.06452],[121.59039,18.06434],[121.59048,18.06434],[121.59048,18.06425],[121.59058,18.06425],[121.59058,18.06407],[121.59071,18.06398],[121.59058,18.06389],[121.59011,18.06389],[121.59011,18.06371],[121.5903,18.06371],[121.5903,18.06362],[121.59049,18.06362],[121.59049,18.06344],[121.59058,18.06344],[121.59058,18.06335],[121.59059,18.06308],[121.59068,18.06308],[121.59068,18.06299],[121.59087,18.06299],[121.59087,18.0629],[121.59106,18.0629],[121.59106,18.06299],[121.59115,18.06299],[121.59115,18.06308],[121.59106,18.06308],[121.59106,18.06317],[121.59096,18.06353],[121.59096,18.06362],[121.59106,18.06363],[121.59105,18.06372],[121.59115,18.06372],[121.59115,18.06381],[121.591,18.06377],[121.5908,18.06365],[121.59085,18.06409],[121.59029,18.0648],[121.58968,18.06515],[121.58934,18.06524],[121.58934,18.06515]]],[[[121.58935,18.08819],[121.58944,18.08819],[121.58944,18.08828],[121.58935,18.08828],[121.58935,18.08819]]],[[[121.58944,18.08828],[121.58963,18.08828],[121.58963,18.08837],[121.58944,18.08837],[121.58944,18.08828]]],[[[121.58954,18.08774],[121.58969,18.08752],[121.58982,18.08686],[121.5903,18.08638],[121.59092,18.08624],[121.59073,18.08578],[121.59036,18.08545],[121.59046,18.08526],[121.59056,18.08508],[121.59065,18.08489],[121.59084,18.08473],[121.59113,18.0843],[121.5916,18.08419],[121.59202,18.08409],[121.59264,18.08378],[121.59311,18.08358],[121.59334,18.08317],[121.59327,18.0818],[121.59337,18.08181],[121.59336,18.08244],[121.59336,18.08253],[121.59346,18.08253],[121.59345,18.0828],[121.59345,18.08289],[121.59355,18.08289],[121.59354,18.08325],[121.59345,18.08325],[121.59345,18.08334],[121.59321,18.08374],[121.59288,18.08379],[121.59278,18.08379],[121.59278,18.08388],[121.59259,18.08388],[121.59259,18.08397],[121.5925,18.08397],[121.5925,18.08406],[121.5924,18.08406],[121.5924,18.08415],[121.59231,18.08433],[121.59221,18.08433],[121.59221,18.08442],[121.59183,18.08441],[121.59183,18.08432],[121.59146,18.08432],[121.59146,18.08441],[121.59127,18.08441],[121.59127,18.0845],[121.59117,18.0845],[121.59117,18.08459],[121.59108,18.08477],[121.59098,18.08477],[121.59098,18.08486],[121.59089,18.08486],[121.59089,18.08495],[121.59088,18.08504],[121.59079,18.08504],[121.59079,18.08522],[121.59069,18.08522],[121.59069,18.08549],[121.59079,18.08549],[121.59079,18.08558],[121.59088,18.08558],[121.59088,18.08585],[121.59097,18.08585],[121.591,18.086],[121.59106,18.08613],[121.59106,18.08622],[121.59116,18.08622],[121.59116,18.08631],[121.59106,18.08631],[121.59106,18.08649],[121.59087,18.08649],[121.59087,18.08658],[121.59078,18.08658],[121.59068,18.08657],[121.59068,18.08667],[121.59029,18.0867],[121.59021,18.08684],[121.59011,18.08684],[121.59011,18.08693],[121.59002,18.08693],[121.59002,18.08702],[121.58992,18.08702],[121.58992,18.08756],[121.58982,18.08756],[121.58982,18.08765],[121.58963,18.08774],[121.58954,18.08774]]],[[[121.58963,18.08837],[121.58972,18.08838],[121.58982,18.08838],[121.58982,18.08847],[121.58963,18.08846],[121.58963,18.08837]]],[[[121.5898,18.05548],[121.58989,18.05548],[121.58989,18.05557],[121.5898,18.05557],[121.5898,18.05548]]],[[[121.58982,18.08847],[121.59001,18.08847],[121.59001,18.08856],[121.59,18.08874],[121.5901,18.08874],[121.5901,18.08901],[121.59019,18.08901],[121.59019,18.08919],[121.59028,18.08919],[121.59028,18.08928],[121.59038,18.08928],[121.59038,18.08937],[121.59047,18.08937],[121.59047,18.08946],[121.59057,18.08947],[121.59056,18.08956],[121.59066,18.08956],[121.59066,18.08965],[121.5904,18.08958],[121.59001,18.08908],[121.58987,18.0886],[121.58982,18.08847]]],[[[121.58989,18.05557],[121.58999,18.05557],[121.58998,18.05567],[121.58989,18.05566],[121.58989,18.05557]]],[[[121.58996,18.0656],[121.59029,18.06534],[121.59029,18.06543],[121.59022,18.06555],[121.59019,18.0657],[121.59019,18.06579],[121.59057,18.06579],[121.59056,18.06588],[121.59085,18.06588],[121.591,18.0661],[121.59126,18.06617],[121.59114,18.06577],[121.59104,18.0657],[121.59104,18.06516],[121.59095,18.06516],[121.59095,18.06507],[121.59085,18.06507],[121.5907,18.0651],[121.59057,18.06516],[121.59048,18.06516],[121.59057,18.06506],[121.59073,18.06492],[121.59115,18.06495],[121.59131,18.06564],[121.59166,18.06612],[121.59185,18.06611],[121.59203,18.06539],[121.59221,18.06522],[121.59231,18.06585],[121.59244,18.06622],[121.59261,18.06621],[121.59303,18.06577],[121.59346,18.06568],[121.59368,18.06545],[121.5939,18.06527],[121.5941,18.06444],[121.59453,18.06433],[121.59485,18.06468],[121.5952,18.0649],[121.59534,18.06507],[121.59503,18.06533],[121.59487,18.06571],[121.59525,18.06605],[121.59523,18.06634],[121.59496,18.06657],[121.59401,18.06684],[121.5939,18.06696],[121.59392,18.06731],[121.59412,18.06776],[121.59529,18.06716],[121.59583,18.06705],[121.59617,18.06723],[121.59649,18.06732],[121.59668,18.06636],[121.59728,18.06585],[121.5976,18.06552],[121.59782,18.06533],[121.59837,18.06517],[121.5987,18.06506],[121.59914,18.06509],[121.59937,18.06534],[121.59919,18.06566],[121.59899,18.06582],[121.59821,18.06605],[121.59751,18.06659],[121.59719,18.0671],[121.59675,18.06747],[121.59665,18.0677],[121.59687,18.0679],[121.59773,18.06785],[121.59819,18.06788],[121.59834,18.06831],[121.59786,18.0686],[121.59776,18.06891],[121.59756,18.06926],[121.59626,18.06958],[121.59535,18.06919],[121.5947,18.06922],[121.59437,18.069],[121.59458,18.06864],[121.59455,18.06824],[121.59365,18.0681],[121.5932,18.06812],[121.59296,18.06848],[121.59285,18.06856],[121.59259,18.06801],[121.59234,18.0678],[121.59192,18.06802],[121.59178,18.06806],[121.59169,18.06815],[121.59153,18.06828],[121.59141,18.06842],[121.59157,18.06916],[121.59103,18.06945],[121.59078,18.06882],[121.59058,18.06846],[121.59092,18.06805],[121.59066,18.0676],[121.59071,18.06711],[121.5912,18.06682],[121.59143,18.06657],[121.59098,18.06629],[121.59062,18.06604],[121.59014,18.0659],[121.58996,18.0656]],[[121.59178,18.06806],[121.59178,18.06797],[121.5919,18.06791],[121.59197,18.06779],[121.59206,18.06779],[121.59206,18.0677],[121.59216,18.0677],[121.59216,18.06761],[121.59244,18.06761],[121.59282,18.06789],[121.59282,18.06798],[121.59329,18.06798],[121.59329,18.06789],[121.59348,18.06789],[121.59348,18.0678],[121.59357,18.0678],[121.59357,18.06753],[121.59371,18.06744],[121.59358,18.06735],[121.59358,18.06699],[121.59367,18.06699],[121.59367,18.0669],[121.59368,18.06681],[121.59377,18.06681],[121.59377,18.06663],[121.59387,18.06663],[121.59387,18.06654],[121.59396,18.06654],[121.59396,18.06645],[121.59481,18.06645],[121.59481,18.06636],[121.595,18.06636],[121.595,18.06609],[121.59491,18.06609],[121.59491,18.066],[121.59463,18.066],[121.59463,18.06564],[121.59472,18.06564],[121.59472,18.06555],[121.59473,18.06537],[121.59482,18.06537],[121.59482,18.06501],[121.59473,18.06501],[121.59473,18.06483],[121.59464,18.06483],[121.59454,18.06464],[121.59454,18.06455],[121.59426,18.06455],[121.59426,18.06464],[121.59416,18.06464],[121.59416,18.065],[121.59407,18.065],[121.59407,18.06527],[121.59397,18.06527],[121.59397,18.06536],[121.59387,18.06554],[121.59378,18.06554],[121.59378,18.06581],[121.59368,18.06581],[121.59368,18.0659],[121.59359,18.0659],[121.59359,18.06599],[121.5933,18.06599],[121.59326,18.06587],[121.59321,18.06599],[121.59302,18.06599],[121.59302,18.06617],[121.59292,18.06617],[121.59292,18.06635],[121.59273,18.06635],[121.59273,18.06644],[121.59226,18.06644],[121.59217,18.06643],[121.59217,18.06634],[121.59179,18.06634],[121.59179,18.06643],[121.5916,18.06643],[121.5916,18.06661],[121.5915,18.06661],[121.5915,18.06679],[121.59122,18.06715],[121.59112,18.06715],[121.59112,18.06733],[121.59103,18.06733],[121.59102,18.06778],[121.59112,18.06778],[121.59112,18.06796],[121.59121,18.06796],[121.59121,18.06805],[121.5913,18.06805],[121.5914,18.06818],[121.59149,18.06806],[121.59178,18.06806]],[[121.59461,18.06793],[121.5947,18.06799],[121.5947,18.06808],[121.5948,18.06808],[121.5948,18.06817],[121.59489,18.06817],[121.59489,18.06826],[121.59518,18.06826],[121.59517,18.06835],[121.59536,18.06836],[121.59536,18.06845],[121.59555,18.06845],[121.5956,18.06856],[121.59565,18.06845],[121.59574,18.06845],[121.59574,18.06836],[121.59584,18.06836],[121.59584,18.06827],[121.59593,18.06827],[121.59593,18.06818],[121.59603,18.06818],[121.59603,18.06809],[121.59609,18.06805],[121.59619,18.06775],[121.59605,18.06753],[121.59594,18.06746],[121.59594,18.06737],[121.59584,18.06736],[121.59584,18.06727],[121.59547,18.06727],[121.59547,18.06736],[121.59518,18.06736],[121.59518,18.06745],[121.59499,18.06745],[121.59499,18.06754],[121.59469,18.06761],[121.59461,18.06793]],[[121.59589,18.06917],[121.59602,18.06926],[121.59602,18.06935],[121.59611,18.06935],[121.59611,18.06945],[121.59649,18.06945],[121.59649,18.06936],[121.59677,18.06936],[121.59677,18.06927],[121.59715,18.06927],[121.59715,18.06918],[121.59734,18.06918],[121.59734,18.06909],[121.59744,18.06909],[121.59744,18.069],[121.59757,18.06891],[121.5974,18.0686],[121.59693,18.06878],[121.59668,18.06882],[121.59658,18.06842],[121.59625,18.06849],[121.59621,18.06854],[121.59612,18.06854],[121.59611,18.0689],[121.59602,18.0689],[121.59602,18.06908],[121.59589,18.06917]],[[121.59759,18.06818],[121.59779,18.06832],[121.59815,18.06822],[121.59801,18.0681],[121.59789,18.06797],[121.59759,18.06818]]],[[[121.58998,18.05567],[121.59008,18.05567],[121.59008,18.05576],[121.58998,18.05576],[121.58998,18.05567]]],[[[121.59008,18.05576],[121.59017,18.05576],[121.59017,18.05585],[121.59008,18.05585],[121.59008,18.05576]]],[[[121.59017,18.05585],[121.59036,18.05585],[121.59036,18.05594],[121.59017,18.05594],[121.59017,18.05585]]],[[[121.59029,18.06516],[121.59048,18.06516],[121.59048,18.06525],[121.59038,18.06525],[121.59038,18.06534],[121.59029,18.06534],[121.59029,18.06516]]],[[[121.59036,18.05594],[121.59074,18.05594],[121.59074,18.05585],[121.59112,18.05585],[121.59112,18.05576],[121.59121,18.05576],[121.59131,18.05577],[121.59131,18.05568],[121.59144,18.05559],[121.59131,18.05549],[121.59122,18.05531],[121.59122,18.05522],[121.59112,18.05522],[121.59107,18.05482],[121.59056,18.05477],[121.59046,18.05477],[121.5905,18.05443],[121.59056,18.05431],[121.59066,18.05431],[121.59066,18.05422],[121.59075,18.05423],[121.59085,18.05423],[121.59085,18.05405],[121.59094,18.05405],[121.59094,18.05387],[121.59104,18.05387],[121.59104,18.05359],[121.59095,18.05359],[121.59095,18.05287],[121.59086,18.05287],[121.59086,18.05242],[121.59096,18.05242],[121.59096,18.05152],[121.59106,18.05152],[121.59106,18.05143],[121.59125,18.05143],[121.59124,18.05179],[121.59134,18.05179],[121.5914,18.05191],[121.59153,18.05197],[121.59153,18.05206],[121.59152,18.05215],[121.59162,18.05215],[121.59162,18.05233],[121.59171,18.05233],[121.59171,18.05252],[121.59161,18.05243],[121.59136,18.05213],[121.5912,18.05226],[121.59138,18.05273],[121.59146,18.05306],[121.59122,18.05346],[121.59141,18.05413],[121.59124,18.05439],[121.59134,18.05519],[121.59178,18.05553],[121.59192,18.05577],[121.59157,18.05604],[121.59107,18.05597],[121.59045,18.05604],[121.59036,18.05594]]],[[[121.59066,18.08965],[121.59075,18.08965],[121.59094,18.08974],[121.59094,18.08983],[121.59113,18.08983],[121.59113,18.08992],[121.59132,18.08992],[121.59132,18.09001],[121.59141,18.09001],[121.59141,18.0901],[121.59125,18.09007],[121.59075,18.08983],[121.59066,18.08965]]],[[[121.59115,18.06381],[121.59134,18.06381],[121.59134,18.0639],[121.59115,18.0639],[121.59115,18.06381]]],[[[121.59125,18.05134],[121.59134,18.05134],[121.59134,18.05143],[121.59125,18.05143],[121.59125,18.05134]]],[[[121.59134,18.0639],[121.59181,18.0639],[121.59181,18.06381],[121.5919,18.06381],[121.5919,18.06372],[121.592,18.06372],[121.592,18.06309],[121.59257,18.06309],[121.59257,18.063],[121.59276,18.06291],[121.5927,18.06313],[121.59224,18.06347],[121.5921,18.06393],[121.59144,18.06403],[121.59134,18.0639]]],[[[121.59141,18.0901],[121.59151,18.0901],[121.59169,18.0902],[121.59169,18.09029],[121.59148,18.09025],[121.59141,18.0901]]],[[[121.59169,18.09029],[121.59188,18.09029],[121.59188,18.09038],[121.59169,18.09038],[121.59169,18.09029]]],[[[121.59171,18.05252],[121.5918,18.05252],[121.5918,18.05261],[121.59171,18.05261],[121.59171,18.05252]]],[[[121.5918,18.05261],[121.59199,18.05261],[121.59199,18.0527],[121.59218,18.0527],[121.59224,18.05282],[121.59237,18.05288],[121.59237,18.05306],[121.59246,18.05306],[121.59246,18.05315],[121.59256,18.05315],[121.59303,18.05316],[121.59312,18.05316],[121.59312,18.05307],[121.59322,18.05307],[121.59322,18.0528],[121.59313,18.0528],[121.59313,18.05271],[121.59303,18.05271],[121.59303,18.05262],[121.59322,18.05262],[121.59322,18.05271],[121.59341,18.05271],[121.59346,18.05282],[121.5935,18.05271],[121.59369,18.05271],[121.59369,18.05253],[121.59379,18.05253],[121.59379,18.05235],[121.59388,18.05235],[121.59389,18.0519],[121.59408,18.0519],[121.59408,18.05199],[121.59436,18.05199],[121.59436,18.0519],[121.59445,18.0519],[121.59446,18.05181],[121.59464,18.05181],[121.59465,18.05172],[121.59474,18.05172],[121.59474,18.05163],[121.59483,18.05163],[121.59484,18.05154],[121.59502,18.05155],[121.59502,18.05173],[121.59493,18.05173],[121.59493,18.05182],[121.59483,18.05182],[121.59483,18.05191],[121.59474,18.0519],[121.59474,18.052],[121.59464,18.05199],[121.59464,18.05208],[121.59455,18.05208],[121.59455,18.05217],[121.59426,18.05217],[121.59426,18.05226],[121.59417,18.05226],[121.59417,18.05271],[121.59407,18.05271],[121.59407,18.0528],[121.59401,18.05292],[121.59397,18.05344],[121.59388,18.05343],[121.59387,18.0538],[121.59397,18.0538],[121.59397,18.05407],[121.59406,18.05407],[121.59406,18.05416],[121.59425,18.05416],[121.59425,18.05425],[121.59444,18.05425],[121.59444,18.05434],[121.59453,18.05434],[121.59453,18.05461],[121.59443,18.05461],[121.59443,18.0547],[121.59434,18.0547],[121.59434,18.05479],[121.59424,18.05479],[121.59424,18.05533],[121.59433,18.05534],[121.59433,18.05543],[121.59443,18.05543],[121.59442,18.0557],[121.59442,18.05579],[121.59429,18.05588],[121.59442,18.05597],[121.59442,18.05606],[121.59452,18.05606],[121.59452,18.05615],[121.59433,18.05615],[121.59429,18.05609],[121.59405,18.05594],[121.59416,18.05556],[121.59403,18.05509],[121.59426,18.05443],[121.59382,18.05427],[121.59374,18.05314],[121.59346,18.05295],[121.5932,18.05332],[121.59288,18.05352],[121.59279,18.05411],[121.59258,18.05436],[121.5925,18.05518],[121.59219,18.05507],[121.59188,18.05469],[121.59211,18.05437],[121.59205,18.0531],[121.5918,18.05261]]],[[[121.59192,18.062],[121.59284,18.06208],[121.59319,18.06254],[121.59286,18.06283],[121.59286,18.06264],[121.59299,18.06255],[121.59286,18.06246],[121.5928,18.06234],[121.59267,18.06228],[121.59267,18.06219],[121.59239,18.06219],[121.59239,18.0621],[121.59192,18.0621],[121.59192,18.062]]],[[[121.59266,18.05189],[121.59275,18.05189],[121.59275,18.05216],[121.59266,18.05216],[121.59266,18.05189]]],[[[121.59275,18.05225],[121.59285,18.05225],[121.59284,18.05243],[121.59275,18.05243],[121.59275,18.05225]]],[[[121.59276,18.06282],[121.59286,18.06283],[121.59286,18.06292],[121.59276,18.06291],[121.59276,18.06282]]],[[[121.59284,18.05243],[121.59294,18.05243],[121.59294,18.05252],[121.59284,18.05252],[121.59284,18.05243]]],[[[121.59286,18.08053],[121.59305,18.08023],[121.59372,18.08014],[121.59418,18.07995],[121.59438,18.07998],[121.59466,18.08043],[121.59483,18.08105],[121.59502,18.08113],[121.59514,18.08049],[121.59596,18.07963],[121.59637,18.07953],[121.59683,18.07934],[121.59793,18.07927],[121.59824,18.07965],[121.59867,18.07959],[121.59905,18.07982],[121.59986,18.0799],[121.60056,18.08002],[121.60076,18.08028],[121.60108,18.08036],[121.60142,18.08049],[121.6015,18.0806],[121.60141,18.0806],[121.60103,18.08051],[121.60103,18.08041],[121.60056,18.08041],[121.60056,18.08032],[121.60046,18.08032],[121.60047,18.08023],[121.60047,18.08014],[121.60018,18.08014],[121.60018,18.08005],[121.59999,18.08005],[121.59981,18.08004],[121.59981,18.07995],[121.59924,18.07995],[121.59924,18.08004],[121.599,18.08019],[121.59896,18.08004],[121.59896,18.07995],[121.59886,18.07995],[121.59871,18.07973],[121.59835,18.07982],[121.59816,18.08009],[121.5981,18.08012],[121.5981,18.08003],[121.59801,18.08003],[121.59801,18.07949],[121.59792,18.07949],[121.59792,18.0794],[121.59754,18.0794],[121.59745,18.07939],[121.59745,18.07949],[121.59726,18.07957],[121.59726,18.07948],[121.59669,18.07948],[121.59669,18.07957],[121.5965,18.07957],[121.5965,18.07966],[121.59612,18.07966],[121.59612,18.07975],[121.59603,18.07975],[121.59603,18.07984],[121.59593,18.07984],[121.59593,18.07993],[121.59584,18.07993],[121.59584,18.08002],[121.59574,18.08002],[121.59574,18.08011],[121.59565,18.0801],[121.59565,18.0802],[121.59555,18.08019],[121.59555,18.08028],[121.59543,18.08034],[121.59536,18.08046],[121.59527,18.08046],[121.59527,18.08064],[121.59517,18.08064],[121.59517,18.081],[121.59526,18.08101],[121.59526,18.0811],[121.59545,18.0811],[121.59545,18.08119],[121.59554,18.08119],[121.59554,18.08128],[121.59564,18.08128],[121.59564,18.08137],[121.59573,18.08137],[121.59573,18.08155],[121.59554,18.08155],[121.59554,18.08164],[121.59535,18.08164],[121.59535,18.08146],[121.59526,18.08146],[121.59526,18.08137],[121.59507,18.08137],[121.59502,18.08125],[121.59498,18.08136],[121.59469,18.08136],[121.59469,18.08145],[121.5945,18.08145],[121.5945,18.08136],[121.5946,18.08136],[121.5946,18.08082],[121.59451,18.08082],[121.59451,18.08064],[121.59442,18.08064],[121.59442,18.08028],[121.59432,18.08028],[121.59432,18.08019],[121.59423,18.08018],[121.59414,18.08006],[121.59404,18.08018],[121.59385,18.08018],[121.59385,18.08027],[121.59357,18.08027],[121.59357,18.08036],[121.59309,18.08036],[121.59309,18.08045],[121.59296,18.08054],[121.59309,18.08063],[121.59309,18.08099],[121.59304,18.08095],[121.59286,18.08053]]],[[[121.59294,18.05252],[121.59303,18.05252],[121.59303,18.05262],[121.59294,18.05261],[121.59294,18.05252]]],[[[121.59298,18.05536],[121.59329,18.05533],[121.59338,18.05551],[121.59313,18.05563],[121.59298,18.05536]]],[[[121.59309,18.08099],[121.59318,18.08099],[121.59318,18.08135],[121.59309,18.08135],[121.59309,18.08099]]],[[[121.59318,18.08135],[121.59328,18.08135],[121.59327,18.08162],[121.59318,18.08162],[121.59318,18.08135]]],[[[121.59412,18.10031],[121.59464,18.10025],[121.59458,18.10067],[121.59423,18.10101],[121.59412,18.10031]]],[[[121.59451,18.05624],[121.59452,18.05615],[121.59489,18.05615],[121.59489,18.05606],[121.59546,18.05607],[121.59556,18.05607],[121.59556,18.05598],[121.59565,18.05598],[121.59565,18.05553],[121.59584,18.05553],[121.59584,18.05544],[121.59603,18.05544],[121.59603,18.05535],[121.59613,18.05535],[121.59613,18.05526],[121.59622,18.05526],[121.59622,18.05517],[121.59629,18.05505],[121.59632,18.0549],[121.59641,18.0549],[121.59642,18.05481],[121.59642,18.05472],[121.5967,18.05472],[121.5967,18.05463],[121.59698,18.05463],[121.59698,18.05454],[121.59708,18.05454],[121.59708,18.05445],[121.59717,18.05445],[121.59717,18.05436],[121.59718,18.05427],[121.59727,18.05427],[121.59727,18.05373],[121.59737,18.05373],[121.59737,18.05319],[121.59728,18.05319],[121.59728,18.05265],[121.59719,18.05265],[121.59716,18.05223],[121.59704,18.05187],[121.5971,18.05174],[121.59729,18.05174],[121.59729,18.05165],[121.59748,18.05165],[121.59748,18.05147],[121.59758,18.05147],[121.59757,18.05174],[121.59745,18.05179],[121.59757,18.05183],[121.59757,18.05202],[121.59767,18.05202],[121.59767,18.05211],[121.59852,18.05211],[121.59851,18.0522],[121.5987,18.0522],[121.5987,18.05248],[121.5988,18.05248],[121.59879,18.05275],[121.59879,18.05284],[121.59889,18.05284],[121.59889,18.05293],[121.59898,18.05293],[121.59898,18.05302],[121.59917,18.05302],[121.59917,18.05311],[121.59974,18.05312],[121.59983,18.05312],[121.59983,18.05257],[121.60021,18.05258],[121.60021,18.05267],[121.60087,18.05267],[121.60087,18.05276],[121.60097,18.05276],[121.60109,18.05282],[121.60125,18.05286],[121.60125,18.05295],[121.60172,18.05295],[121.60323,18.05296],[121.60323,18.05305],[121.60333,18.05305],[121.60345,18.05311],[121.60351,18.05323],[121.60351,18.05332],[121.60361,18.05332],[121.60361,18.05351],[121.6036,18.0536],[121.6037,18.0536],[121.6037,18.05369],[121.60455,18.05369],[121.60455,18.0536],[121.60483,18.0536],[121.6048,18.05375],[121.60474,18.05387],[121.60464,18.05387],[121.60464,18.05396],[121.60455,18.05396],[121.60455,18.05405],[121.6046,18.05427],[121.60483,18.05433],[121.60483,18.05442],[121.60502,18.05442],[121.60501,18.05451],[121.60511,18.05451],[121.60511,18.0546],[121.6052,18.0546],[121.6053,18.05478],[121.6053,18.05487],[121.60497,18.05464],[121.60449,18.05437],[121.60426,18.05401],[121.6038,18.05391],[121.60328,18.05336],[121.60308,18.05346],[121.60289,18.05345],[121.60291,18.05304],[121.60133,18.05309],[121.60119,18.05338],[121.60049,18.05334],[121.6007,18.05297],[121.60037,18.05281],[121.59972,18.0533],[121.59891,18.05313],[121.59856,18.0526],[121.59846,18.0529],[121.59866,18.05326],[121.59922,18.05352],[121.59837,18.05361],[121.59767,18.05414],[121.59751,18.05414],[121.59712,18.05475],[121.5966,18.05486],[121.59627,18.0554],[121.59558,18.0562],[121.59451,18.05624]]],[[[121.59488,18.0932],[121.59498,18.0932],[121.59498,18.09293],[121.59507,18.09293],[121.59507,18.09284],[121.59526,18.09284],[121.59526,18.09275],[121.59555,18.09275],[121.59555,18.09266],[121.59564,18.09267],[121.59574,18.09267],[121.59574,18.09258],[121.59593,18.09258],[121.59593,18.09249],[121.59602,18.09249],[121.59602,18.0924],[121.59612,18.0924],[121.59612,18.09231],[121.59621,18.09231],[121.59621,18.09204],[121.59631,18.09204],[121.59631,18.0915],[121.5966,18.0915],[121.5966,18.09159],[121.59669,18.09159],[121.59669,18.09168],[121.59678,18.09168],[121.59678,18.09177],[121.59697,18.09177],[121.59697,18.09213],[121.59687,18.09213],[121.59687,18.09231],[121.59678,18.09231],[121.59678,18.0924],[121.59668,18.0924],[121.59668,18.09249],[121.59645,18.09265],[121.59669,18.09288],[121.59678,18.09276],[121.59696,18.09277],[121.59697,18.09267],[121.59715,18.09268],[121.59715,18.09277],[121.59753,18.09277],[121.59753,18.09286],[121.5971,18.0929],[121.59648,18.09335],[121.59607,18.09307],[121.59578,18.09298],[121.59549,18.09351],[121.59607,18.09417],[121.59674,18.09449],[121.59833,18.09464],[121.59876,18.09507],[121.59926,18.0949],[121.59956,18.09482],[121.60021,18.09504],[121.60115,18.09519],[121.60124,18.09538],[121.60102,18.09558],[121.60019,18.09572],[121.60006,18.09559],[121.60015,18.09559],[121.60059,18.09556],[121.60082,18.0955],[121.60091,18.0955],[121.60091,18.09541],[121.60104,18.09533],[121.60091,18.09523],[121.60025,18.09523],[121.60025,18.09514],[121.59997,18.09514],[121.59997,18.09505],[121.59988,18.09505],[121.59969,18.09504],[121.59969,18.09495],[121.59931,18.09495],[121.59931,18.09504],[121.59915,18.09507],[121.59902,18.09513],[121.59893,18.09513],[121.59893,18.09522],[121.59883,18.09522],[121.59883,18.09531],[121.59871,18.09535],[121.59883,18.0954],[121.59883,18.09549],[121.59893,18.09549],[121.59893,18.09558],[121.59876,18.09556],[121.59862,18.09542],[121.59791,18.09537],[121.59789,18.0953],[121.59827,18.0953],[121.59836,18.09531],[121.59836,18.09522],[121.59846,18.09522],[121.59846,18.09494],[121.59836,18.09494],[121.59837,18.09485],[121.59837,18.09476],[121.59723,18.09476],[121.59723,18.09466],[121.59695,18.09466],[121.59695,18.09457],[121.59648,18.09457],[121.59648,18.09448],[121.59629,18.09448],[121.59629,18.09439],[121.5961,18.09439],[121.5961,18.0943],[121.59601,18.09429],[121.59591,18.09429],[121.59591,18.0942],[121.59572,18.0942],[121.59573,18.09411],[121.59554,18.09411],[121.59554,18.09402],[121.59525,18.09402],[121.59526,18.09384],[121.59516,18.09384],[121.59516,18.09366],[121.59497,18.09365],[121.59488,18.09365],[121.59488,18.0932]]],[[[121.59496,18.0951],[121.59524,18.0951],[121.59525,18.09501],[121.5954,18.09498],[121.59553,18.09492],[121.59562,18.09492],[121.59563,18.09483],[121.59638,18.09484],[121.59638,18.09493],[121.59586,18.09497],[121.59508,18.09523],[121.59496,18.0951]]],[[[121.59562,18.03333],[121.5957,18.03298],[121.59612,18.03294],[121.59606,18.03324],[121.59562,18.03333]]],[[[121.59627,18.03782],[121.59636,18.03782],[121.59636,18.03764],[121.59646,18.03764],[121.59646,18.03755],[121.59655,18.03755],[121.59655,18.03737],[121.59665,18.03737],[121.59665,18.03728],[121.59712,18.03728],[121.59721,18.03741],[121.59731,18.03728],[121.5974,18.03729],[121.59741,18.03719],[121.59741,18.0371],[121.5975,18.03711],[121.5975,18.03674],[121.59751,18.03629],[121.59751,18.0362],[121.59741,18.0362],[121.59741,18.03602],[121.59732,18.03602],[121.59732,18.03593],[121.59713,18.03593],[121.59713,18.03584],[121.59685,18.03584],[121.59676,18.03583],[121.59676,18.03574],[121.59666,18.03574],[121.59666,18.03538],[121.59667,18.0352],[121.59676,18.0352],[121.59676,18.03511],[121.59714,18.03511],[121.59723,18.03512],[121.59719,18.03516],[121.59681,18.03533],[121.5969,18.03561],[121.59744,18.03587],[121.59758,18.03599],[121.59788,18.03706],[121.59812,18.03706],[121.59835,18.03729],[121.59867,18.0376],[121.59885,18.03795],[121.59905,18.03816],[121.59964,18.0383],[121.5998,18.03861],[121.59979,18.03897],[121.59999,18.03889],[121.59999,18.03853],[121.60025,18.03781],[121.60001,18.03708],[121.59982,18.03655],[121.6,18.03618],[121.60114,18.03633],[121.60115,18.03677],[121.60113,18.03718],[121.60142,18.03771],[121.60132,18.03781],[121.60076,18.03807],[121.60141,18.0388],[121.60165,18.03917],[121.60187,18.03917],[121.60235,18.03888],[121.60235,18.03827],[121.6024,18.03822],[121.6024,18.0385],[121.6025,18.0385],[121.60249,18.03868],[121.60249,18.03886],[121.6023,18.03912],[121.60202,18.03931],[121.60192,18.03931],[121.60192,18.0394],[121.60183,18.0394],[121.60183,18.03949],[121.60154,18.03948],[121.60154,18.03957],[121.60139,18.03954],[121.60126,18.03948],[121.60126,18.0393],[121.60136,18.0393],[121.60136,18.03894],[121.60126,18.03894],[121.60127,18.03885],[121.60127,18.03876],[121.60117,18.03876],[121.6007,18.03821],[121.6007,18.03812],[121.60061,18.03812],[121.60061,18.03803],[121.60033,18.03803],[121.60033,18.03812],[121.60023,18.03812],[121.60023,18.03839],[121.60014,18.03839],[121.60013,18.03848],[121.60013,18.03875],[121.60023,18.03875],[121.60023,18.03893],[121.60032,18.03893],[121.60032,18.0392],[121.59994,18.0392],[121.59994,18.03929],[121.59984,18.03929],[121.59984,18.03938],[121.59975,18.03938],[121.59975,18.03947],[121.59947,18.03947],[121.59946,18.03956],[121.59918,18.03956],[121.5988,18.03955],[121.5988,18.03964],[121.59871,18.03964],[121.59871,18.03955],[121.59861,18.03955],[121.59862,18.03901],[121.59862,18.03892],[121.59853,18.03892],[121.59853,18.03847],[121.59862,18.03847],[121.59863,18.0382],[121.59853,18.0382],[121.59853,18.03811],[121.59815,18.0381],[121.59815,18.03819],[121.59806,18.03819],[121.59806,18.03828],[121.59787,18.03828],[121.59787,18.03819],[121.59778,18.03819],[121.59778,18.03801],[121.59768,18.03801],[121.59768,18.03792],[121.5974,18.03792],[121.59731,18.03779],[121.59721,18.03792],[121.59702,18.03791],[121.59693,18.03791],[121.59693,18.038],[121.59645,18.038],[121.59646,18.03791],[121.59627,18.03791],[121.59627,18.03782]],[[121.5987,18.03868],[121.59878,18.03876],[121.59881,18.03865],[121.5987,18.03868]],[[121.59996,18.0364],[121.59996,18.03667],[121.60005,18.03667],[121.60019,18.03726],[121.60024,18.03731],[121.60024,18.03758],[121.60033,18.03758],[121.60033,18.03776],[121.60042,18.03776],[121.60042,18.03785],[121.60052,18.03785],[121.60061,18.03798],[121.60071,18.03785],[121.60099,18.03785],[121.60099,18.03776],[121.60118,18.03776],[121.60118,18.03749],[121.60109,18.03749],[121.60109,18.03731],[121.60099,18.03731],[121.60099,18.03722],[121.601,18.03704],[121.601,18.03686],[121.60113,18.03677],[121.601,18.03668],[121.601,18.0365],[121.60091,18.0365],[121.60091,18.03641],[121.60081,18.03641],[121.60053,18.0364],[121.60053,18.03631],[121.60006,18.03631],[121.60006,18.0364],[121.59996,18.0364]]],[[[121.59638,18.09493],[121.59647,18.09493],[121.59663,18.09496],[121.59676,18.09502],[121.59676,18.09511],[121.59685,18.09511],[121.59704,18.09512],[121.59713,18.09524],[121.59723,18.09512],[121.5977,18.09512],[121.5977,18.09521],[121.59746,18.09525],[121.59712,18.09543],[121.59647,18.09503],[121.59638,18.09493]]],[[[121.59753,18.09286],[121.5981,18.09286],[121.5981,18.09277],[121.59904,18.09278],[121.59914,18.09278],[121.59909,18.09283],[121.59762,18.09296],[121.59753,18.09286]]],[[[121.5977,18.09521],[121.59789,18.09521],[121.59789,18.0953],[121.5977,18.0953],[121.5977,18.09521]]],[[[121.59822,18.10127],[121.59841,18.10127],[121.59841,18.10136],[121.59822,18.10136],[121.59822,18.10127]]],[[[121.59832,18.06741],[121.59836,18.06699],[121.59915,18.06694],[121.59923,18.06714],[121.59919,18.06756],[121.59875,18.0677],[121.59832,18.06741]]],[[[121.59841,18.10118],[121.5986,18.10118],[121.5986,18.10127],[121.59841,18.10127],[121.59841,18.10118]]],[[[121.5986,18.10118],[121.59872,18.10105],[121.59929,18.10117],[121.5994,18.10159],[121.59951,18.10231],[121.60004,18.10222],[121.60031,18.10131],[121.60037,18.1007],[121.60034,18.10029],[121.60038,18.09989],[121.59989,18.09959],[121.60003,18.09907],[121.60027,18.09916],[121.60083,18.0996],[121.6015,18.09941],[121.60196,18.09904],[121.6021,18.09847],[121.60302,18.09773],[121.60316,18.09769],[121.60316,18.09778],[121.60274,18.0981],[121.6024,18.0985],[121.6023,18.0985],[121.6023,18.09904],[121.60221,18.09904],[121.60221,18.09913],[121.60211,18.09913],[121.60211,18.09922],[121.60192,18.09931],[121.60183,18.09931],[121.60183,18.0994],[121.60173,18.0994],[121.60173,18.09949],[121.60164,18.09949],[121.60163,18.09958],[121.60145,18.09958],[121.60145,18.09967],[121.60097,18.09966],[121.60078,18.09966],[121.60078,18.09975],[121.60059,18.09975],[121.60059,18.10002],[121.6005,18.10002],[121.6005,18.10011],[121.60049,18.10074],[121.60049,18.10138],[121.60058,18.10138],[121.60064,18.1015],[121.60077,18.10156],[121.60077,18.10165],[121.60086,18.10165],[121.60086,18.10174],[121.60096,18.10174],[121.60096,18.10183],[121.60077,18.10183],[121.60077,18.10192],[121.60058,18.10192],[121.60058,18.10201],[121.6003,18.10219],[121.6001,18.10246],[121.60001,18.10246],[121.6,18.10255],[121.6,18.10264],[121.59991,18.10264],[121.59991,18.10273],[121.59981,18.10273],[121.59981,18.10282],[121.59934,18.10281],[121.59934,18.1029],[121.59906,18.1029],[121.59906,18.10299],[121.59896,18.10299],[121.59896,18.1029],[121.59887,18.1029],[121.59887,18.10272],[121.59896,18.10272],[121.59896,18.10263],[121.59906,18.10245],[121.59916,18.10245],[121.59916,18.10236],[121.59922,18.10224],[121.59925,18.10209],[121.59935,18.10209],[121.59935,18.10173],[121.59926,18.10173],[121.59926,18.10146],[121.59916,18.10146],[121.59916,18.10128],[121.59907,18.10127],[121.59898,18.10127],[121.59898,18.10118],[121.5986,18.10118]],[[121.59999,18.09947],[121.60012,18.09957],[121.60012,18.09966],[121.60031,18.09966],[121.60039,18.09978],[121.60053,18.09964],[121.60041,18.09957],[121.60041,18.09939],[121.60031,18.09939],[121.60022,18.09926],[121.60012,18.09938],[121.59999,18.09947]]],[[[121.59893,18.09558],[121.5993,18.09558],[121.5993,18.09567],[121.59893,18.09567],[121.59893,18.09558]]],[[[121.59923,18.09269],[121.59952,18.09269],[121.59952,18.0926],[121.59961,18.0926],[121.59961,18.09242],[121.59971,18.09242],[121.59971,18.09233],[121.5999,18.09206],[121.59999,18.09206],[121.59999,18.09197],[121.6,18.09179],[121.60009,18.09179],[121.60009,18.09152],[121.60019,18.09152],[121.60019,18.09161],[121.60028,18.09161],[121.60038,18.09162],[121.60037,18.09171],[121.60047,18.09171],[121.60047,18.0918],[121.60104,18.0918],[121.60104,18.09171],[121.60113,18.09171],[121.60113,18.09234],[121.60107,18.0923],[121.6009,18.09202],[121.6006,18.09194],[121.60032,18.09183],[121.60014,18.09212],[121.59987,18.09232],[121.59968,18.09273],[121.59923,18.09278],[121.59923,18.09269]]],[[[121.5993,18.07133],[121.59948,18.0707],[121.60016,18.07065],[121.60035,18.07106],[121.60027,18.07192],[121.59983,18.07204],[121.5993,18.07133]],[[121.5995,18.07101],[121.5995,18.07146],[121.59959,18.07146],[121.59959,18.07155],[121.59968,18.07155],[121.59968,18.07164],[121.60006,18.07164],[121.60006,18.07155],[121.60016,18.07155],[121.60016,18.07092],[121.60007,18.07092],[121.60007,18.07083],[121.59969,18.07083],[121.59969,18.07092],[121.59959,18.07092],[121.59959,18.07101],[121.5995,18.07101]]],[[[121.5994,18.09549],[121.59997,18.0955],[121.59997,18.09559],[121.5994,18.09558],[121.5994,18.09549]]],[[[121.59949,18.08393],[121.60044,18.08393],[121.60036,18.08408],[121.60091,18.08412],[121.60091,18.08421],[121.60034,18.08421],[121.60006,18.0842],[121.60006,18.08411],[121.59968,18.08411],[121.59968,18.08402],[121.59949,18.08402],[121.59949,18.08393]]],[[[121.5997,18.06986],[121.59976,18.0696],[121.60046,18.06957],[121.60049,18.06962],[121.60074,18.06979],[121.60048,18.07017],[121.60002,18.07041],[121.5997,18.06986]],[[121.59988,18.07001],[121.59998,18.07002],[121.59998,18.07011],[121.60007,18.07011],[121.60012,18.07022],[121.60017,18.07011],[121.60036,18.07011],[121.60036,18.06984],[121.60026,18.06984],[121.60027,18.06975],[121.60008,18.06975],[121.59989,18.06974],[121.59988,18.07001]]],[[[121.60023,18.01011],[121.60113,18.00962],[121.60136,18.00971],[121.6017,18.00988],[121.60207,18.01],[121.60259,18.01027],[121.60303,18.00982],[121.60367,18.00995],[121.60366,18.01004],[121.60376,18.01004],[121.6037,18.01034],[121.60318,18.01065],[121.60268,18.01116],[121.60229,18.01117],[121.60158,18.01044],[121.60052,18.01064],[121.60023,18.01011]],[[121.6006,18.01012],[121.60072,18.01033],[121.60136,18.01026],[121.6014,18.0102],[121.60159,18.01021],[121.60152,18.01009],[121.6014,18.01002],[121.6014,18.00993],[121.60102,18.00993],[121.60102,18.01002],[121.6006,18.01012]],[[121.60159,18.01021],[121.60168,18.01039],[121.60187,18.01048],[121.60187,18.01057],[121.60196,18.01057],[121.60196,18.01066],[121.60205,18.01066],[121.60205,18.01075],[121.60215,18.01075],[121.60215,18.01084],[121.60224,18.01084],[121.60224,18.01093],[121.60234,18.01093],[121.60252,18.01094],[121.60262,18.01094],[121.60262,18.01058],[121.60253,18.01057],[121.60253,18.01048],[121.60243,18.01048],[121.60243,18.01039],[121.60234,18.01039],[121.60234,18.0103],[121.60215,18.0103],[121.60215,18.01021],[121.60159,18.01021]],[[121.60287,18.01031],[121.603,18.0104],[121.60328,18.0104],[121.60329,18.01031],[121.60347,18.01031],[121.60347,18.01022],[121.60361,18.01011],[121.60338,18.01004],[121.60329,18.01004],[121.60319,18.00991],[121.6031,18.01004],[121.603,18.01004],[121.603,18.01022],[121.60287,18.01031]]],[[[121.60023,18.08646],[121.60042,18.08646],[121.60051,18.08647],[121.6006,18.08647],[121.6006,18.08656],[121.60079,18.08656],[121.60079,18.08665],[121.60155,18.08665],[121.60155,18.08656],[121.60174,18.08656],[121.60174,18.08647],[121.60183,18.08648],[121.60183,18.08638],[121.60193,18.08639],[121.60193,18.0862],[121.60202,18.08621],[121.60202,18.08612],[121.60203,18.08602],[121.60221,18.08603],[121.6027,18.086],[121.60278,18.08585],[121.60288,18.08585],[121.60288,18.08576],[121.60303,18.08569],[121.60307,18.08549],[121.60316,18.08549],[121.60316,18.0854],[121.60317,18.08513],[121.60326,18.08513],[121.60326,18.08495],[121.60327,18.08414],[121.60336,18.08414],[121.60336,18.08396],[121.60346,18.08396],[121.60332,18.08475],[121.60341,18.08503],[121.60352,18.08441],[121.60365,18.08432],[121.60364,18.08441],[121.60364,18.08459],[121.60355,18.08459],[121.60355,18.08468],[121.60354,18.0854],[121.60354,18.08549],[121.60364,18.08549],[121.60364,18.08558],[121.60363,18.08577],[121.60373,18.08577],[121.60373,18.08604],[121.60382,18.08604],[121.60382,18.08631],[121.60372,18.08631],[121.60372,18.0864],[121.60353,18.0864],[121.60353,18.08649],[121.60334,18.08649],[121.60316,18.08648],[121.60316,18.08658],[121.60306,18.08657],[121.60306,18.08666],[121.60268,18.08666],[121.60268,18.08675],[121.6023,18.08675],[121.6023,18.08684],[121.60202,18.08684],[121.60202,18.08693],[121.60174,18.08693],[121.60126,18.08692],[121.60126,18.08701],[121.60098,18.08701],[121.60098,18.08692],[121.60088,18.08692],[121.60089,18.08683],[121.60079,18.08683],[121.60079,18.08674],[121.6007,18.08674],[121.60057,18.08668],[121.60041,18.08665],[121.60042,18.08656],[121.60032,18.08655],[121.60023,18.08655],[121.60023,18.08646]],[[121.60326,18.08513],[121.60329,18.08524],[121.60338,18.08516],[121.60326,18.08513]],[[121.6021,18.08651],[121.60218,18.08659],[121.60221,18.08648],[121.6021,18.08651]],[[121.60221,18.08648],[121.60243,18.08643],[121.60262,18.08618],[121.60234,18.08628],[121.60221,18.08648]],[[121.60267,18.08615],[121.60275,18.08623],[121.60278,18.08612],[121.60267,18.08615]],[[121.60278,18.08612],[121.60305,18.08604],[121.60349,18.08565],[121.60333,18.08528],[121.60321,18.08563],[121.60278,18.08612]]],[[[121.60044,18.08384],[121.60072,18.08385],[121.60072,18.08394],[121.60044,18.08393],[121.60044,18.08384]]],[[[121.60072,18.08376],[121.60082,18.08376],[121.60082,18.08367],[121.60091,18.08367],[121.60091,18.08385],[121.60072,18.08385],[121.60072,18.08376]]],[[[121.60091,18.08349],[121.60101,18.08349],[121.601,18.08367],[121.60091,18.08367],[121.60091,18.08349]]],[[[121.60091,18.08403],[121.6011,18.08403],[121.6011,18.08412],[121.60091,18.08412],[121.60091,18.08403]]],[[[121.60101,18.0834],[121.6011,18.0834],[121.6011,18.08349],[121.60101,18.08349],[121.60101,18.0834]]],[[[121.6011,18.08331],[121.60129,18.08322],[121.60139,18.08322],[121.60139,18.08313],[121.60148,18.08313],[121.60148,18.08304],[121.60158,18.08286],[121.60167,18.08286],[121.60167,18.08277],[121.60177,18.08277],[121.60177,18.08259],[121.60196,18.0825],[121.60205,18.08232],[121.60206,18.08223],[121.60196,18.08223],[121.60196,18.08214],[121.60158,18.08214],[121.60159,18.08186],[121.60168,18.08187],[121.60168,18.08178],[121.60178,18.08178],[121.60178,18.08169],[121.60187,18.08169],[121.60187,18.0816],[121.60197,18.0816],[121.60197,18.08142],[121.60206,18.08142],[121.60202,18.08165],[121.60175,18.08199],[121.60208,18.08211],[121.60219,18.08235],[121.60175,18.08298],[121.6016,18.08336],[121.6011,18.0834],[121.6011,18.08331]]],[[[121.6011,18.08403],[121.60118,18.08388],[121.60185,18.08385],[121.60185,18.08404],[121.60166,18.08403],[121.60166,18.08394],[121.60129,18.08394],[121.60129,18.08403],[121.6011,18.08403]]],[[[121.60112,18.09243],[121.60113,18.09234],[121.60122,18.09234],[121.60122,18.09243],[121.60112,18.09243]]],[[[121.60122,18.09243],[121.60131,18.09244],[121.60131,18.09253],[121.60122,18.09253],[121.60122,18.09243]]],[[[121.60131,18.09253],[121.6015,18.09253],[121.6015,18.09262],[121.60131,18.09262],[121.60131,18.09253]]],[[[121.6015,18.0806],[121.60172,18.08066],[121.60188,18.08087],[121.60178,18.08087],[121.6015,18.08069],[121.6015,18.0806]]],[[[121.6015,18.09262],[121.60178,18.09262],[121.60178,18.09271],[121.6015,18.09271],[121.6015,18.09262]]],[[[121.60185,18.08376],[121.60195,18.08377],[121.60195,18.08386],[121.60185,18.08385],[121.60185,18.08376]]],[[[121.60188,18.08087],[121.6021,18.08101],[121.60219,18.08134],[121.60206,18.08142],[121.60206,18.08115],[121.60197,18.08114],[121.60188,18.08096],[121.60188,18.08087]]],[[[121.60188,18.09271],[121.60216,18.09271],[121.60216,18.0928],[121.60188,18.0928],[121.60188,18.09271]]],[[[121.60195,18.08367],[121.60204,18.08368],[121.60204,18.08377],[121.60195,18.08377],[121.60195,18.08367]]],[[[121.60204,18.08359],[121.60214,18.08359],[121.60214,18.08368],[121.60204,18.08368],[121.60204,18.08359]]],[[[121.6021,18.0574],[121.60212,18.05705],[121.60234,18.05686],[121.60349,18.05691],[121.60419,18.05668],[121.60466,18.05684],[121.60548,18.05672],[121.60614,18.05624],[121.60638,18.05648],[121.60636,18.05683],[121.60698,18.05681],[121.60735,18.05623],[121.60756,18.05611],[121.60799,18.05639],[121.60854,18.05601],[121.60823,18.05573],[121.60837,18.05547],[121.60893,18.05531],[121.60944,18.05514],[121.6098,18.05532],[121.60976,18.05603],[121.60989,18.05621],[121.61038,18.05571],[121.61057,18.05559],[121.61082,18.05634],[121.61105,18.05677],[121.61088,18.05707],[121.61019,18.05722],[121.60988,18.05721],[121.60935,18.05681],[121.6089,18.05704],[121.60891,18.05758],[121.60926,18.05821],[121.61001,18.05819],[121.61013,18.05859],[121.60913,18.05915],[121.60937,18.05983],[121.60945,18.06064],[121.60961,18.06108],[121.60934,18.06156],[121.6088,18.0618],[121.6084,18.06208],[121.60812,18.06226],[121.60802,18.06298],[121.60772,18.06307],[121.60755,18.06288],[121.6075,18.06284],[121.6075,18.06266],[121.6076,18.06266],[121.60772,18.06279],[121.60779,18.06212],[121.60788,18.06212],[121.60788,18.06203],[121.60807,18.06203],[121.60807,18.06194],[121.6083,18.0618],[121.60851,18.06173],[121.60855,18.06167],[121.60864,18.06167],[121.60864,18.06158],[121.60874,18.06158],[121.60883,18.06159],[121.60883,18.06149],[121.60893,18.0615],[121.60902,18.0615],[121.60902,18.06141],[121.60921,18.06141],[121.60921,18.06132],[121.60931,18.06132],[121.60931,18.06078],[121.60922,18.06077],[121.60922,18.06041],[121.60912,18.06041],[121.60913,18.06014],[121.60913,18.05951],[121.60904,18.05951],[121.60904,18.05933],[121.60876,18.05933],[121.60866,18.05932],[121.60866,18.05942],[121.60857,18.05941],[121.60857,18.0595],[121.60856,18.05978],[121.60847,18.05996],[121.60837,18.05996],[121.60828,18.05995],[121.60828,18.06005],[121.60818,18.06004],[121.60818,18.06041],[121.60827,18.06041],[121.60827,18.06059],[121.60818,18.06059],[121.60818,18.06068],[121.60808,18.06068],[121.60808,18.06077],[121.60799,18.06077],[121.60799,18.06086],[121.60789,18.06086],[121.60789,18.06095],[121.6078,18.06095],[121.60785,18.06081],[121.60794,18.06063],[121.60805,18.06003],[121.60849,18.05942],[121.60901,18.05847],[121.60881,18.05829],[121.6087,18.05796],[121.60826,18.05775],[121.60787,18.05747],[121.60749,18.05774],[121.60721,18.05773],[121.6072,18.05824],[121.60767,18.05885],[121.60751,18.05927],[121.60692,18.05937],[121.60728,18.06007],[121.6071,18.06044],[121.6068,18.06035],[121.60658,18.06012],[121.60648,18.06003],[121.60648,18.05985],[121.60639,18.05985],[121.60639,18.05967],[121.6063,18.05967],[121.6063,18.05949],[121.6062,18.05949],[121.6062,18.05931],[121.6063,18.05931],[121.6063,18.05913],[121.6064,18.05913],[121.6064,18.05904],[121.60668,18.05904],[121.60668,18.05895],[121.60734,18.05895],[121.60734,18.05859],[121.60725,18.05859],[121.60725,18.0585],[121.60706,18.0585],[121.60706,18.05841],[121.60697,18.05841],[121.60697,18.05823],[121.60687,18.05823],[121.60688,18.05814],[121.60688,18.05778],[121.60678,18.05778],[121.60679,18.05759],[121.60679,18.05741],[121.60669,18.05741],[121.60669,18.05732],[121.6066,18.05732],[121.6066,18.05723],[121.60632,18.05723],[121.60632,18.05714],[121.60613,18.05714],[121.60613,18.05696],[121.60603,18.05696],[121.60604,18.05687],[121.60594,18.05687],[121.60589,18.05675],[121.60585,18.05686],[121.60556,18.05686],[121.60556,18.05695],[121.60537,18.05695],[121.60537,18.05704],[121.60528,18.05704],[121.60515,18.0571],[121.60481,18.05713],[121.60462,18.05713],[121.60462,18.05704],[121.60443,18.05704],[121.60433,18.05703],[121.60433,18.05694],[121.60415,18.05694],[121.60405,18.05682],[121.60396,18.05694],[121.6038,18.05697],[121.60367,18.05703],[121.60358,18.05703],[121.60358,18.05712],[121.60301,18.05712],[121.60301,18.05721],[121.60292,18.05721],[121.60282,18.0572],[121.60282,18.05766],[121.60291,18.05766],[121.60291,18.05793],[121.603,18.05793],[121.603,18.05802],[121.6031,18.05802],[121.6031,18.05811],[121.60357,18.05811],[121.60357,18.05802],[121.60366,18.05802],[121.60366,18.05811],[121.60385,18.05812],[121.60385,18.05821],[121.60281,18.05815],[121.60266,18.05754],[121.6021,18.0574]],[[121.60726,18.05678],[121.60726,18.05733],[121.60735,18.05733],[121.60745,18.05745],[121.60754,18.05733],[121.60764,18.05733],[121.60764,18.05724],[121.60792,18.05724],[121.60792,18.05733],[121.60802,18.05733],[121.60801,18.05742],[121.60811,18.05742],[121.60811,18.05751],[121.6082,18.05751],[121.6085,18.05764],[121.60858,18.05752],[121.60871,18.05743],[121.60858,18.05734],[121.60858,18.05725],[121.60868,18.05725],[121.60868,18.05707],[121.60874,18.05695],[121.60887,18.05689],[121.60896,18.05689],[121.60896,18.0568],[121.60915,18.0568],[121.60915,18.05671],[121.60944,18.05671],[121.60944,18.05662],[121.60972,18.05662],[121.60972,18.05698],[121.60981,18.05698],[121.60981,18.05707],[121.60991,18.05707],[121.61038,18.05708],[121.61047,18.05708],[121.61047,18.05699],[121.61076,18.05699],[121.61076,18.05681],[121.61088,18.05677],[121.61076,18.05672],[121.61076,18.05654],[121.61067,18.05654],[121.61067,18.05618],[121.61058,18.05618],[121.61058,18.056],[121.61048,18.05599],[121.61044,18.05588],[121.61039,18.05599],[121.6102,18.05599],[121.6102,18.05608],[121.6101,18.05626],[121.61001,18.05626],[121.61001,18.05635],[121.60991,18.05635],[121.60991,18.05644],[121.60975,18.05641],[121.60963,18.05635],[121.60963,18.05617],[121.60954,18.05617],[121.60954,18.05572],[121.60967,18.05563],[121.60954,18.05554],[121.60954,18.05536],[121.60945,18.05535],[121.60907,18.05535],[121.60907,18.05544],[121.60879,18.05544],[121.60879,18.05553],[121.6086,18.05553],[121.6086,18.05562],[121.60847,18.05566],[121.60859,18.05571],[121.60869,18.05571],[121.60869,18.0558],[121.60878,18.0558],[121.60878,18.05589],[121.60888,18.05589],[121.60887,18.05616],[121.60878,18.05616],[121.60878,18.05625],[121.60859,18.05625],[121.60859,18.05634],[121.60831,18.05634],[121.60831,18.05643],[121.60821,18.05643],[121.60821,18.0567],[121.60811,18.0567],[121.60811,18.05688],[121.60792,18.05688],[121.60793,18.05679],[121.60783,18.05679],[121.60783,18.0567],[121.60774,18.0567],[121.60774,18.05661],[121.60764,18.05661],[121.60764,18.05652],[121.60736,18.05651],[121.60736,18.05679],[121.60726,18.05678]],[[121.60923,18.05852],[121.60923,18.05879],[121.60952,18.05879],[121.60952,18.0587],[121.60961,18.0587],[121.60961,18.05861],[121.60984,18.05854],[121.60971,18.05843],[121.60961,18.0583],[121.60952,18.05843],[121.60942,18.05843],[121.60942,18.05852],[121.60923,18.05852]]],[[[121.60214,18.0835],[121.60223,18.0835],[121.60223,18.08359],[121.60214,18.08359],[121.60214,18.0835]]],[[[121.60223,18.0835],[121.60224,18.08341],[121.60233,18.08341],[121.60233,18.0835],[121.60223,18.0835]]],[[[121.60226,18.0928],[121.60235,18.0928],[121.6023,18.09292],[121.60226,18.0928]]],[[[121.6023,18.05896],[121.60262,18.05892],[121.60257,18.05913],[121.6023,18.05896]]],[[[121.60233,18.08341],[121.60248,18.08319],[121.60252,18.08278],[121.60262,18.08278],[121.60261,18.08332],[121.60252,18.08332],[121.60252,18.08341],[121.60233,18.08341]]],[[[121.60235,18.09271],[121.60254,18.09272],[121.60263,18.09272],[121.60263,18.09281],[121.60235,18.0928],[121.60235,18.09271]]],[[[121.60237,18.04193],[121.60238,18.04166],[121.60238,18.04157],[121.60247,18.04157],[121.60247,18.04148],[121.60276,18.04148],[121.60276,18.04139],[121.60304,18.04139],[121.6037,18.0414],[121.6038,18.0414],[121.6038,18.04095],[121.6037,18.04095],[121.60371,18.04085],[121.60371,18.04076],[121.60361,18.04076],[121.60361,18.04049],[121.60409,18.0405],[121.60409,18.04059],[121.60446,18.04059],[121.60446,18.0405],[121.60459,18.04043],[121.60449,18.04016],[121.60428,18.04005],[121.60428,18.03996],[121.60418,18.03995],[121.60419,18.03986],[121.60419,18.03968],[121.60438,18.03969],[121.60456,18.03969],[121.60456,18.03978],[121.60504,18.03978],[121.60499,18.03983],[121.60451,18.03991],[121.6047,18.04027],[121.60488,18.04062],[121.60385,18.04072],[121.60412,18.04151],[121.60323,18.04162],[121.60337,18.0419],[121.60393,18.04226],[121.60411,18.04244],[121.60487,18.04271],[121.60496,18.04287],[121.60449,18.04316],[121.6044,18.04323],[121.60516,18.04372],[121.60529,18.04385],[121.60519,18.04385],[121.60469,18.0436],[121.60453,18.04357],[121.60453,18.04348],[121.60435,18.04348],[121.60435,18.04339],[121.60425,18.04339],[121.60425,18.04312],[121.60435,18.04312],[121.60435,18.04303],[121.60444,18.04303],[121.60444,18.04294],[121.60454,18.04294],[121.60454,18.04285],[121.60466,18.0428],[121.60454,18.04276],[121.60445,18.04276],[121.60445,18.04267],[121.60426,18.04267],[121.60397,18.04266],[121.60388,18.04266],[121.60388,18.04275],[121.6035,18.04275],[121.6035,18.04257],[121.60341,18.04257],[121.60341,18.04239],[121.60332,18.04239],[121.60332,18.0423],[121.60322,18.0423],[121.60322,18.04221],[121.60313,18.04221],[121.60284,18.0422],[121.60285,18.04211],[121.60266,18.04211],[121.60266,18.04202],[121.60256,18.04202],[121.60237,18.04193]]],[[[121.6024,18.03822],[121.60245,18.03792],[121.6028,18.03783],[121.60288,18.03796],[121.60259,18.03796],[121.60259,18.03805],[121.6025,18.03804],[121.6025,18.03823],[121.6024,18.03822]]],[[[121.60244,18.08151],[121.60253,18.08151],[121.60253,18.08187],[121.60244,18.08187],[121.60244,18.08151]]],[[[121.60253,18.08142],[121.60254,18.08115],[121.60263,18.08115],[121.60263,18.08142],[121.60253,18.08142]]],[[[121.60253,18.08232],[121.60262,18.08232],[121.60262,18.0826],[121.60253,18.08259],[121.60253,18.08232]]],[[[121.60263,18.08097],[121.60282,18.08097],[121.60273,18.08115],[121.60263,18.08115],[121.60263,18.08097]]],[[[121.60263,18.09263],[121.60282,18.09254],[121.60282,18.09272],[121.60263,18.09272],[121.60263,18.09263]]],[[[121.60279,18.01356],[121.60284,18.01308],[121.60347,18.01291],[121.60394,18.01236],[121.6041,18.01167],[121.60422,18.01158],[121.60422,18.01194],[121.60412,18.01194],[121.60412,18.0123],[121.60402,18.0123],[121.60402,18.01248],[121.60393,18.01248],[121.60393,18.01257],[121.60374,18.01284],[121.60364,18.01284],[121.60364,18.01293],[121.60355,18.01293],[121.60355,18.01302],[121.60345,18.01302],[121.60345,18.0132],[121.60298,18.0132],[121.60298,18.01329],[121.60285,18.01338],[121.60298,18.01347],[121.60298,18.01356],[121.60279,18.01356]]],[[[121.60282,18.08097],[121.60294,18.08083],[121.60339,18.08075],[121.60375,18.08096],[121.60461,18.08086],[121.60471,18.08098],[121.60414,18.08098],[121.60414,18.08107],[121.60399,18.0811],[121.60386,18.08116],[121.60376,18.08116],[121.60348,18.08097],[121.60348,18.08088],[121.60339,18.08088],[121.60305,18.08092],[121.60282,18.08097]]],[[[121.60282,18.09254],[121.60286,18.09239],[121.60302,18.09209],[121.6033,18.09209],[121.60327,18.09215],[121.60308,18.09224],[121.60295,18.09248],[121.60282,18.09254]]],[[[121.60288,18.03796],[121.60309,18.038],[121.60316,18.03814],[121.60307,18.03814],[121.60288,18.03805],[121.60288,18.03796]]],[[[121.60294,18.08928],[121.60304,18.08929],[121.60313,18.08929],[121.60313,18.0892],[121.60361,18.0892],[121.60361,18.08911],[121.6037,18.08911],[121.6037,18.08902],[121.6038,18.08902],[121.6038,18.08875],[121.60389,18.08875],[121.60389,18.08866],[121.60399,18.08866],[121.60385,18.08909],[121.60355,18.08933],[121.60357,18.08956],[121.60347,18.09065],[121.60379,18.09091],[121.60388,18.09101],[121.60369,18.09101],[121.60369,18.09092],[121.60359,18.09092],[121.6034,18.09082],[121.60341,18.09073],[121.60331,18.09073],[121.60332,18.09019],[121.60344,18.09015],[121.60332,18.0901],[121.60332,18.08983],[121.60341,18.08983],[121.60341,18.08956],[121.60342,18.08947],[121.60323,18.08947],[121.60323,18.08938],[121.60294,18.08937],[121.60294,18.08928]]],[[[121.60297,18.01473],[121.60306,18.01473],[121.60306,18.01455],[121.60316,18.0145],[121.60336,18.01394],[121.60354,18.01383],[121.60354,18.01393],[121.60348,18.01405],[121.60344,18.0142],[121.60338,18.01423],[121.60326,18.01459],[121.60346,18.0145],[121.60354,18.01438],[121.60391,18.01438],[121.60391,18.01429],[121.6041,18.01429],[121.6041,18.0142],[121.6042,18.0142],[121.6042,18.01411],[121.60429,18.01411],[121.60429,18.01402],[121.6043,18.01384],[121.60439,18.01384],[121.60439,18.01339],[121.6043,18.01339],[121.6043,18.01312],[121.6044,18.01312],[121.6044,18.01303],[121.60449,18.01303],[121.60449,18.01294],[121.60496,18.01294],[121.60506,18.01307],[121.60515,18.01294],[121.60525,18.01294],[121.60525,18.01285],[121.60537,18.01281],[121.60525,18.01276],[121.60525,18.01258],[121.60516,18.01258],[121.60516,18.01249],[121.60497,18.01249],[121.60497,18.0124],[121.60487,18.0124],[121.60487,18.01231],[121.60488,18.01213],[121.60488,18.01204],[121.60497,18.01204],[121.60497,18.01186],[121.60516,18.01186],[121.60507,18.01224],[121.60532,18.01246],[121.60548,18.01283],[121.60528,18.01318],[121.60463,18.01315],[121.6045,18.0139],[121.60433,18.01435],[121.60358,18.01469],[121.60304,18.01496],[121.60297,18.01473]]],[[[121.60298,18.01356],[121.60364,18.01356],[121.60364,18.01365],[121.60373,18.01366],[121.60364,18.01384],[121.60354,18.01383],[121.60354,18.01365],[121.60298,18.01365],[121.60298,18.01356]]],[[[121.60302,18.03903],[121.60325,18.03868],[121.60334,18.03868],[121.60324,18.03907],[121.60346,18.03912],[121.60366,18.03899],[121.60381,18.03896],[121.60381,18.03905],[121.60372,18.03905],[121.60372,18.03914],[121.60362,18.03914],[121.60362,18.03923],[121.60325,18.03923],[121.60302,18.03903]]],[[[121.60316,18.03814],[121.60325,18.03814],[121.60325,18.03823],[121.60316,18.03823],[121.60316,18.03814]]],[[[121.60316,18.09769],[121.60325,18.09757],[121.60387,18.09719],[121.6043,18.09698],[121.6043,18.09716],[121.60421,18.09716],[121.6042,18.09725],[121.60411,18.09724],[121.60411,18.09734],[121.60401,18.09733],[121.60392,18.09733],[121.60392,18.09742],[121.60373,18.09742],[121.60373,18.09751],[121.60354,18.09751],[121.60354,18.0976],[121.60335,18.0976],[121.60335,18.09769],[121.60316,18.09769]]],[[[121.60323223705174,18.104766165054155],[121.6033,18.10465],[121.60339,18.10465],[121.60339,18.10447],[121.60349,18.10447],[121.60349,18.10438],[121.60358,18.10438],[121.60358,18.10429],[121.60368,18.10411],[121.60377,18.10411],[121.60377,18.10402],[121.60387,18.10402],[121.60387,18.10393],[121.60396,18.10393],[121.60396,18.10375],[121.60406,18.10375],[121.60406,18.10357],[121.60425,18.10357],[121.60425,18.10339],[121.60446,18.10335],[121.60454,18.10321],[121.60463,18.10321],[121.60463,18.10312],[121.60472,18.10312],[121.60473,18.10303],[121.60491,18.10303],[121.60492,18.10294],[121.6052,18.10295],[121.60529,18.10295],[121.60529,18.10286],[121.60548,18.10286],[121.60548,18.10277],[121.60567,18.10268],[121.60596,18.10268],[121.60596,18.10259],[121.60615,18.10259],[121.60615,18.10241],[121.60624,18.10241],[121.60624,18.10232],[121.60634,18.10232],[121.60634,18.10205],[121.60643,18.10205],[121.60644,18.10196],[121.60653,18.10196],[121.60653,18.10187],[121.60662,18.10187],[121.60663,18.10178],[121.6071,18.10178],[121.60705,18.10183],[121.60671,18.10193],[121.60624,18.1027],[121.60572,18.10281],[121.60531,18.10308],[121.60496,18.10326],[121.60459,18.10342],[121.60456,18.10366],[121.60458,18.10389],[121.60383,18.1045],[121.60381080968327,18.10472068864237],[121.60323223705174,18.104766165054155]]],[[[121.60325,18.03823],[121.60344,18.03823],[121.60344,18.03868],[121.60334,18.03868],[121.60335,18.03859],[121.60332,18.03835],[121.60325,18.03823]]],[[[121.6033,18.092],[121.60358,18.092],[121.60358,18.09209],[121.6033,18.09209],[121.6033,18.092]]],[[[121.60346,18.08378],[121.60365,18.08378],[121.60359,18.0839],[121.60346,18.08396],[121.60346,18.08378]]],[[[121.60351,18.10086],[121.60352,18.10067],[121.60361,18.10068],[121.60361,18.10077],[121.60427,18.10077],[121.60427,18.10068],[121.60465,18.10068],[121.60465,18.10059],[121.60493,18.10059],[121.60493,18.1005],[121.60512,18.10051],[121.60522,18.10051],[121.60522,18.10042],[121.60531,18.10042],[121.60531,18.10033],[121.60532,18.10005],[121.60532,18.09996],[121.60522,18.09996],[121.60523,18.0996],[121.60532,18.0996],[121.60532,18.09933],[121.60523,18.09933],[121.60523,18.09897],[121.60532,18.09897],[121.60533,18.09888],[121.60533,18.09879],[121.60542,18.09879],[121.60542,18.0987],[121.6058,18.09852],[121.6059,18.09852],[121.6059,18.09843],[121.60602,18.09837],[121.60609,18.09825],[121.60618,18.09825],[121.60618,18.09798],[121.60628,18.09798],[121.60628,18.0978],[121.60647,18.0978],[121.60647,18.09771],[121.60656,18.09771],[121.60666,18.09772],[121.60666,18.09762],[121.60679,18.09754],[121.60666,18.09744],[121.60666,18.09735],[121.60657,18.09735],[121.60638,18.09726],[121.60628,18.09708],[121.60629,18.09699],[121.60629,18.0969],[121.60638,18.0969],[121.60638,18.09681],[121.60657,18.09672],[121.60667,18.09672],[121.60667,18.09663],[121.60676,18.09663],[121.60676,18.09645],[121.60686,18.09645],[121.60686,18.09636],[121.60695,18.09636],[121.60695,18.09627],[121.60705,18.09627],[121.60705,18.09636],[121.60714,18.09636],[121.60714,18.09645],[121.60687,18.09653],[121.60662,18.09716],[121.60727,18.09744],[121.60699,18.09768],[121.60635,18.09802],[121.60623,18.09841],[121.60547,18.09902],[121.60555,18.09967],[121.60597,18.09922],[121.60641,18.09911],[121.60665,18.09907],[121.60665,18.09916],[121.60646,18.09916],[121.60646,18.09925],[121.60617,18.09925],[121.60617,18.09934],[121.60598,18.09934],[121.60598,18.09943],[121.60589,18.09943],[121.60589,18.09952],[121.60579,18.09952],[121.60579,18.10024],[121.60569,18.10042],[121.6056,18.10042],[121.6056,18.1006],[121.6055,18.1006],[121.6055,18.10069],[121.60541,18.10069],[121.6054,18.10078],[121.60531,18.10078],[121.60531,18.10087],[121.60465,18.10086],[121.60455,18.10086],[121.60455,18.10095],[121.60427,18.10095],[121.60427,18.10104],[121.60408,18.10104],[121.60408,18.10113],[121.60389,18.10113],[121.60389,18.10122],[121.6037,18.10122],[121.6037,18.10104],[121.60361,18.10104],[121.60361,18.10095],[121.60351,18.10095],[121.60351,18.10086]]],[[[121.60358,18.092],[121.60359,18.09191],[121.60377,18.09191],[121.60377,18.092],[121.60358,18.092]]],[[[121.60365,18.08369],[121.60374,18.08369],[121.60375,18.0836],[121.60387,18.08354],[121.60394,18.08342],[121.60403,18.08342],[121.60403,18.08324],[121.60413,18.08324],[121.60413,18.08297],[121.60422,18.08297],[121.60422,18.08288],[121.60423,18.08261],[121.60432,18.08261],[121.60432,18.08252],[121.60442,18.08234],[121.60461,18.08234],[121.60442,18.08261],[121.60424,18.08325],[121.60392,18.08371],[121.60365,18.08378],[121.60365,18.08369]]],[[[121.60365,18.08423],[121.60374,18.08423],[121.60374,18.08432],[121.60365,18.08432],[121.60365,18.08423]]],[[[121.60374,18.08423],[121.60382,18.08409],[121.60403,18.08405],[121.60402,18.08414],[121.60393,18.08414],[121.60393,18.08423],[121.60374,18.08423]]],[[[121.60377,18.09191],[121.60378,18.09182],[121.60396,18.09182],[121.60396,18.09191],[121.60377,18.09191]]],[[[121.60381,18.03896],[121.60382,18.03887],[121.60419,18.03887],[121.60419,18.03896],[121.60381,18.03896]]],[[[121.60385,18.05821],[121.60395,18.05821],[121.60394,18.05866],[121.60394,18.05875],[121.60404,18.05875],[121.60416,18.05881],[121.6046,18.05884],[121.6046,18.05893],[121.60385,18.05893],[121.60385,18.05821]]],[[[121.60388,18.09101],[121.60446,18.09108],[121.60434,18.09155],[121.60415,18.09164],[121.60416,18.09155],[121.60429,18.09127],[121.60416,18.09119],[121.60416,18.0911],[121.60388,18.0911],[121.60388,18.09101]]],[[[121.60396,18.09173],[121.60406,18.09173],[121.60406,18.09182],[121.60396,18.09182],[121.60396,18.09173]]],[[[121.60399,18.08857],[121.60418,18.08857],[121.60418,18.08866],[121.60399,18.08866],[121.60399,18.08857]]],[[[121.60403,18.08405],[121.60416,18.08392],[121.60541,18.08339],[121.6061,18.08384],[121.60619,18.08355],[121.60594,18.08296],[121.60607,18.08285],[121.6064,18.0828],[121.60644,18.08292],[121.60649,18.0828],[121.60659,18.0828],[121.60659,18.08289],[121.60668,18.0829],[121.60668,18.08308],[121.60677,18.08308],[121.60677,18.08317],[121.60669,18.08329],[121.60639,18.08316],[121.6064,18.08307],[121.6063,18.08307],[121.60622,18.08295],[121.60608,18.08309],[121.60621,18.08316],[121.6062,18.08325],[121.6063,18.08325],[121.60636,18.08338],[121.60639,18.08362],[121.60624,18.08383],[121.6061,18.08407],[121.60592,18.08406],[121.60592,18.08397],[121.60582,18.08397],[121.60573,18.08379],[121.60573,18.0837],[121.60563,18.0837],[121.60564,18.08361],[121.60535,18.08361],[121.60531,18.08349],[121.60526,18.08361],[121.60507,18.08361],[121.60507,18.0837],[121.60488,18.0837],[121.60488,18.08379],[121.60469,18.08388],[121.60459,18.08387],[121.60459,18.08396],[121.60431,18.08396],[121.60431,18.08405],[121.60403,18.08405]]],[[[121.60406,18.09164],[121.60415,18.09164],[121.60415,18.09173],[121.60406,18.09173],[121.60406,18.09164]]],[[[121.60411,18.05609],[121.60444,18.05604],[121.6044,18.05637],[121.60423,18.05653],[121.60411,18.05609]]],[[[121.60413,18.01757],[121.60474,18.01636],[121.60503,18.01629],[121.6053,18.01664],[121.60524,18.01712],[121.6046,18.01724],[121.60413,18.01757]],[[121.60465,18.01673],[121.60465,18.01701],[121.60484,18.01701],[121.60488,18.01712],[121.60493,18.01701],[121.60512,18.01701],[121.60512,18.01683],[121.60524,18.01678],[121.60512,18.01674],[121.60512,18.01656],[121.60484,18.01656],[121.60475,18.01655],[121.60475,18.01674],[121.60465,18.01673]]],[[[121.60418,18.08848],[121.60437,18.08848],[121.60437,18.0883],[121.60446,18.0883],[121.60446,18.08821],[121.60456,18.08821],[121.60456,18.08794],[121.60466,18.08794],[121.60466,18.08776],[121.60475,18.08776],[121.60475,18.0874],[121.60476,18.08731],[121.60466,18.08731],[121.6047,18.08711],[121.60485,18.08704],[121.60495,18.08704],[121.60495,18.08695],[121.60523,18.08677],[121.60533,18.08677],[121.60533,18.08668],[121.60552,18.08668],[121.60552,18.08677],[121.60561,18.08677],[121.60561,18.08686],[121.6057,18.08686],[121.6058,18.08687],[121.6058,18.08696],[121.60599,18.08696],[121.60599,18.08705],[121.60574,18.08701],[121.60541,18.08688],[121.60495,18.08714],[121.60502,18.08762],[121.60474,18.08807],[121.60454,18.08851],[121.60418,18.08857],[121.60418,18.08848]]],[[[121.60419,18.03896],[121.60438,18.03896],[121.60438,18.03905],[121.60419,18.03905],[121.60419,18.03896]]],[[[121.60422,18.01158],[121.60431,18.01132],[121.60477,18.011],[121.60488,18.01113],[121.60479,18.01113],[121.60479,18.01122],[121.60453,18.01128],[121.60431,18.01158],[121.60422,18.01158]]],[[[121.6043,18.09679],[121.60449,18.0968],[121.60449,18.09689],[121.6044,18.09689],[121.6044,18.09698],[121.6043,18.09698],[121.6043,18.09679]]],[[[121.60438,18.03905],[121.605,18.03919],[121.60504,18.03924],[121.60495,18.03924],[121.60451,18.0392],[121.60438,18.03914],[121.60438,18.03905]]],[[[121.60449,18.0968],[121.60461,18.09664],[121.605,18.09638],[121.60514,18.09589],[121.60548,18.09576],[121.60563,18.09572],[121.60563,18.09581],[121.60554,18.09581],[121.60554,18.0959],[121.60544,18.0959],[121.60544,18.09599],[121.60525,18.09599],[121.60525,18.09626],[121.60516,18.09626],[121.60516,18.09635],[121.60506,18.09653],[121.60487,18.09662],[121.60478,18.09662],[121.60478,18.09671],[121.60459,18.0968],[121.60449,18.0968]]],[[[121.6046,18.05875],[121.60479,18.05875],[121.60479,18.05866],[121.60498,18.05867],[121.60498,18.05858],[121.60527,18.05858],[121.60527,18.05867],[121.60545,18.05867],[121.60545,18.05876],[121.60555,18.05876],[121.60555,18.05894],[121.60574,18.05894],[121.60573,18.05903],[121.60592,18.05903],[121.60592,18.05912],[121.60602,18.05913],[121.60611,18.05913],[121.6062,18.05931],[121.60592,18.05931],[121.60585,18.05916],[121.60564,18.05912],[121.60558,18.05903],[121.60513,18.05888],[121.6046,18.05884],[121.6046,18.05875]]],[[[121.60461,18.08225],[121.6048,18.08225],[121.6048,18.08216],[121.60489,18.08216],[121.60489,18.08207],[121.60499,18.08207],[121.60499,18.08198],[121.60511,18.08189],[121.60518,18.08153],[121.60531,18.08144],[121.60518,18.08135],[121.60518,18.08117],[121.60499,18.08117],[121.60499,18.08108],[121.6049,18.08108],[121.60471,18.08107],[121.60471,18.08098],[121.60505,18.08103],[121.6054,18.08116],[121.60529,18.08178],[121.60497,18.08228],[121.60461,18.08234],[121.60461,18.08225]]],[[[121.60488,18.01113],[121.60498,18.01113],[121.60498,18.01122],[121.60488,18.01122],[121.60488,18.01113]]],[[[121.60498,18.01122],[121.60517,18.01123],[121.60517,18.01141],[121.60507,18.01141],[121.60507,18.01132],[121.60498,18.01131],[121.60498,18.01122]]],[[[121.60504,18.03924],[121.60514,18.03924],[121.60513,18.03933],[121.60504,18.03933],[121.60504,18.03924]]],[[[121.60504,18.03969],[121.60513,18.03969],[121.60513,18.03978],[121.60504,18.03978],[121.60504,18.03969]]],[[[121.60513,18.03933],[121.60523,18.03933],[121.60523,18.03969],[121.60513,18.03969],[121.60513,18.03933]]],[[[121.60516,18.01159],[121.60517,18.01141],[121.60526,18.01141],[121.60526,18.01159],[121.60516,18.01159]]],[[[121.60516,18.01168],[121.60526,18.01168],[121.60526,18.01186],[121.60516,18.01186],[121.60516,18.01168]]],[[[121.60529,18.04385],[121.60598,18.04379],[121.60637,18.04406],[121.60684,18.04375],[121.60728,18.04363],[121.60775,18.04283],[121.60816,18.04274],[121.60866,18.04312],[121.60902,18.0431],[121.6094,18.04313],[121.60988,18.04309],[121.61009,18.04333],[121.61005,18.04373],[121.60982,18.04379],[121.60982,18.0437],[121.60992,18.0437],[121.60992,18.04334],[121.60983,18.04334],[121.60983,18.04325],[121.60945,18.04325],[121.60945,18.04334],[121.60926,18.04333],[121.60926,18.04324],[121.60841,18.04324],[121.60841,18.04315],[121.60832,18.04315],[121.60832,18.04306],[121.60813,18.04306],[121.60813,18.04297],[121.60785,18.04296],[121.60784,18.04305],[121.60775,18.04305],[121.60775,18.04314],[121.60765,18.04314],[121.60765,18.04332],[121.60756,18.04332],[121.60756,18.04377],[121.60746,18.04377],[121.60746,18.04386],[121.6068,18.04386],[121.6068,18.04395],[121.60651,18.04413],[121.60642,18.04413],[121.60642,18.04422],[121.60623,18.04422],[121.60623,18.04413],[121.60614,18.04413],[121.60591,18.04398],[121.60529,18.04394],[121.60529,18.04385]]],[[[121.60529,18.05496],[121.6053,18.05487],[121.60539,18.05487],[121.60539,18.05496],[121.60529,18.05496]]],[[[121.60530617054008,18.104627039424837],[121.60559,18.10455],[121.60589,18.10435],[121.60648,18.1041],[121.60691,18.10364],[121.60782,18.10373],[121.60742,18.10405],[121.60718523327843,18.104627134857186],[121.60688867289886,18.104627119795712],[121.60692,18.10462],[121.60708,18.10441],[121.60717,18.10441],[121.60718,18.10386],[121.6068,18.10386],[121.6068,18.10395],[121.60661,18.1042],[121.60623,18.1044],[121.60613,18.1044],[121.60613,18.10449],[121.60604,18.10449],[121.60604,18.10458],[121.60594,18.10458],[121.60594,18.104627071615266],[121.60530617054008,18.104627039424837]]],[[[121.60539,18.05496],[121.60548,18.05496],[121.60548,18.05533],[121.60557,18.05533],[121.60557,18.05551],[121.60567,18.05551],[121.60567,18.0556],[121.60595,18.0556],[121.60595,18.05551],[121.60614,18.05551],[121.60614,18.05542],[121.60633,18.05542],[121.60633,18.05551],[121.60642,18.05551],[121.60655,18.05557],[121.6069,18.05561],[121.60699,18.05561],[121.60699,18.05552],[121.60708,18.05552],[121.60709,18.05543],[121.60709,18.05498],[121.60699,18.05498],[121.607,18.05479],[121.60709,18.0548],[121.60719,18.0548],[121.60718,18.05489],[121.60728,18.05489],[121.60728,18.05498],[121.60737,18.05498],[121.60737,18.05507],[121.60756,18.05507],[121.60761,18.05519],[121.60766,18.05507],[121.60784,18.05507],[121.60784,18.05498],[121.60794,18.05498],[121.60794,18.05471],[121.60785,18.05471],[121.60785,18.05453],[121.60775,18.05453],[121.60775,18.05444],[121.60766,18.05444],[121.60766,18.05426],[121.60757,18.05426],[121.60749,18.05412],[121.60729,18.05407],[121.60729,18.05398],[121.6071,18.05398],[121.6071,18.05389],[121.607,18.05389],[121.60701,18.05362],[121.60701,18.05353],[121.6071,18.05353],[121.6071,18.05335],[121.6072,18.05335],[121.6072,18.05326],[121.60739,18.05326],[121.60739,18.05317],[121.60758,18.05317],[121.60758,18.05308],[121.60777,18.05308],[121.60777,18.05299],[121.60796,18.05299],[121.60796,18.0529],[121.60805,18.0529],[121.60814,18.05291],[121.60815,18.05282],[121.60843,18.05282],[121.60843,18.05273],[121.60852,18.05273],[121.60852,18.05264],[121.60862,18.05264],[121.60862,18.05255],[121.60868,18.05243],[121.60872,18.05228],[121.60885,18.05219],[121.60872,18.0521],[121.60872,18.05201],[121.60862,18.05201],[121.60853,18.052],[121.60853,18.05191],[121.60825,18.05191],[121.60825,18.05182],[121.60815,18.05182],[121.60803,18.05176],[121.60797,18.05164],[121.60797,18.05146],[121.60825,18.05146],[121.60825,18.05137],[121.60882,18.05137],[121.60882,18.05128],[121.60897,18.05121],[121.60901,18.05092],[121.60901,18.05083],[121.60929,18.05084],[121.60939,18.05084],[121.60939,18.05093],[121.60958,18.05093],[121.60958,18.05102],[121.60967,18.05102],[121.6098,18.05108],[121.60995,18.05111],[121.60995,18.0512],[121.61005,18.0512],[121.61005,18.05129],[121.60936,18.05115],[121.60883,18.05154],[121.60867,18.0517],[121.60886,18.05187],[121.60905,18.05219],[121.60853,18.05291],[121.6081,18.05304],[121.60771,18.05331],[121.60772,18.05398],[121.60808,18.05467],[121.60817,18.05496],[121.60742,18.05538],[121.6072,18.05569],[121.60702,18.05583],[121.60627,18.05565],[121.60586,18.05565],[121.60545,18.05564],[121.60539,18.05496]]],[[[121.60563,18.09572],[121.60571,18.09558],[121.60592,18.09554],[121.60592,18.09563],[121.60573,18.09572],[121.60563,18.09572]]],[[[121.60584,18.08162],[121.60593,18.08163],[121.60593,18.08208],[121.60584,18.08208],[121.60584,18.08162]]],[[[121.60592,18.09545],[121.6062,18.09545],[121.6062,18.09554],[121.60592,18.09554],[121.60592,18.09545]]],[[[121.60593,18.08163],[121.60594,18.08144],[121.60603,18.08145],[121.60603,18.08163],[121.60593,18.08163]]],[[[121.60593,18.08208],[121.60603,18.08208],[121.60602,18.08217],[121.60593,18.08217],[121.60593,18.08208]]],[[[121.60599,18.08705],[121.60638,18.08702],[121.60646,18.08687],[121.60655,18.08687],[121.60655,18.08678],[121.60662,18.08666],[121.60675,18.0866],[121.60674,18.08669],[121.60684,18.08669],[121.60684,18.08678],[121.60693,18.08678],[121.60693,18.08705],[121.60703,18.08705],[121.60702,18.08724],[121.60702,18.08733],[121.6069,18.08726],[121.60674,18.08695],[121.60652,18.08711],[121.60605,18.08717],[121.60599,18.08705]]],[[[121.60602,18.08217],[121.60612,18.08217],[121.60612,18.08235],[121.60602,18.08235],[121.60602,18.08217]]],[[[121.60603,18.08145],[121.60609,18.08123],[121.60632,18.08118],[121.60632,18.08127],[121.60619,18.08133],[121.60612,18.08145],[121.60603,18.08145]]],[[[121.60612,18.08235],[121.60621,18.08235],[121.60621,18.08244],[121.60612,18.08244],[121.60612,18.08235]]],[[[121.60614,18.05497],[121.60624,18.05497],[121.60624,18.05515],[121.60614,18.05515],[121.60614,18.05497]]],[[[121.60621,18.08244],[121.60631,18.08244],[121.60631,18.08253],[121.60621,18.08253],[121.60621,18.08244]]],[[[121.6063,18.08262],[121.60631,18.08253],[121.6064,18.08253],[121.6064,18.08262],[121.6063,18.08262]]],[[[121.6063,18.09536],[121.60658,18.09537],[121.60658,18.09546],[121.6063,18.09545],[121.6063,18.09536]]],[[[121.60632,18.08118],[121.60641,18.08108],[121.60707,18.08089],[121.60781,18.0806],[121.60817,18.08079],[121.60815,18.07993],[121.60844,18.07935],[121.6091,18.07933],[121.6093,18.07952],[121.60941,18.07996],[121.60963,18.08003],[121.60963,18.08012],[121.60931,18.08006],[121.60926,18.07975],[121.60926,18.07957],[121.60916,18.07957],[121.60916,18.07948],[121.6086,18.07948],[121.6085,18.07947],[121.6085,18.07957],[121.60841,18.07956],[121.60841,18.07975],[121.60831,18.07974],[121.60831,18.08002],[121.60821,18.08002],[121.60821,18.08029],[121.60831,18.08029],[121.60831,18.08047],[121.6083,18.08056],[121.6084,18.08056],[121.6084,18.08092],[121.60839,18.0811],[121.60821,18.0811],[121.60821,18.08101],[121.60811,18.08101],[121.60804,18.08087],[121.60783,18.08083],[121.60774,18.0807],[121.60764,18.08082],[121.60734,18.0809],[121.60726,18.081],[121.60698,18.081],[121.60698,18.08109],[121.6066,18.08109],[121.6066,18.08118],[121.60632,18.08118]]],[[[121.6064,18.08262],[121.60649,18.08262],[121.60649,18.0828],[121.6064,18.0828],[121.6064,18.08262]]],[[[121.60658,18.09546],[121.60677,18.09546],[121.60677,18.09555],[121.60658,18.09555],[121.60658,18.09546]]],[[[121.60665,18.09907],[121.60674,18.09889],[121.60693,18.0988],[121.60693,18.09898],[121.60684,18.09898],[121.60684,18.09907],[121.60665,18.09907]]],[[[121.60677,18.09537],[121.60696,18.09537],[121.60696,18.09546],[121.60677,18.09546],[121.60677,18.09537]]],[[[121.60693,18.09871],[121.60712,18.09871],[121.60712,18.0988],[121.60693,18.0988],[121.60693,18.09871]]],[[[121.60696,18.09528],[121.60715,18.09528],[121.60715,18.09537],[121.60696,18.09537],[121.60696,18.09528]]],[[[121.60702,18.08733],[121.60712,18.08733],[121.60712,18.08742],[121.60702,18.08742],[121.60702,18.08733]]],[[[121.6071,18.10169],[121.60738,18.1017],[121.60748,18.1017],[121.60748,18.10161],[121.60757,18.10161],[121.60757,18.10152],[121.60764,18.1014],[121.60767,18.10125],[121.60776,18.10125],[121.60777,18.10107],[121.60786,18.10107],[121.60786,18.10098],[121.60795,18.10098],[121.60796,18.10089],[121.60805,18.10089],[121.60805,18.1008],[121.60828,18.10065],[121.60834,18.10044],[121.60843,18.10044],[121.60843,18.09999],[121.60844,18.0999],[121.60834,18.0999],[121.60834,18.09962],[121.60844,18.09963],[121.60844,18.09935],[121.60853,18.09936],[121.60854,18.09917],[121.60863,18.09918],[121.60859,18.09941],[121.60848,18.09976],[121.60857,18.10049],[121.6079,18.1012],[121.60781,18.10139],[121.60759,18.10174],[121.6071,18.10178],[121.6071,18.10169]]],[[[121.60712,18.08742],[121.60787,18.08742],[121.60787,18.08733],[121.60816,18.08733],[121.60816,18.08724],[121.60831,18.08717],[121.60842,18.08739],[121.60863,18.08743],[121.60863,18.08752],[121.60813,18.08744],[121.60754,18.08756],[121.60719,18.08751],[121.60712,18.08742]]],[[[121.60712,18.09871],[121.60724,18.09858],[121.60797,18.09854],[121.60797,18.09863],[121.6075,18.09862],[121.60741,18.09862],[121.60741,18.09871],[121.60712,18.09871]]],[[[121.60713,18.06175],[121.60722,18.06175],[121.60722,18.06203],[121.60713,18.06202],[121.60713,18.06175]]],[[[121.60714,18.09645],[121.60733,18.09645],[121.60733,18.09655],[121.60742,18.09655],[121.60742,18.09664],[121.60721,18.09659],[121.60714,18.09645]]],[[[121.60715,18.09519],[121.60724,18.09519],[121.60724,18.09528],[121.60715,18.09528],[121.60715,18.09519]]],[[[121.60722,18.06221],[121.60732,18.06221],[121.60731,18.0623],[121.60722,18.0623],[121.60722,18.06221]]],[[[121.60723,18.06157],[121.60732,18.06157],[121.60732,18.06166],[121.60723,18.06166],[121.60723,18.06157]]],[[[121.60731,18.06239],[121.60741,18.06239],[121.60741,18.06248],[121.60731,18.06248],[121.60731,18.06239]]],[[[121.60732,18.06157],[121.60736,18.06137],[121.60751,18.0613],[121.60751,18.0614],[121.60742,18.06158],[121.60732,18.06157]]],[[[121.60734,18.0951],[121.60753,18.0951],[121.60753,18.09519],[121.60734,18.09519],[121.60734,18.0951]]],[[[121.60741,18.06248],[121.6075,18.06248],[121.6075,18.06257],[121.60741,18.06257],[121.60741,18.06248]]],[[[121.60742,18.09664],[121.60799,18.09664],[121.60799,18.09673],[121.60742,18.09673],[121.60742,18.09664]]],[[[121.60751,18.0613],[121.60756,18.0611],[121.6077,18.06103],[121.6077,18.06113],[121.60761,18.06131],[121.60751,18.0613]]],[[[121.60753,18.09501],[121.60772,18.09501],[121.60772,18.0951],[121.60753,18.0951],[121.60753,18.09501]]],[[[121.6077,18.06094],[121.6078,18.06095],[121.6078,18.06104],[121.6077,18.06103],[121.6077,18.06094]]],[[[121.60772,18.09492],[121.60791,18.09492],[121.60791,18.09501],[121.60772,18.09501],[121.60772,18.09492]]],[[[121.60791,18.09483],[121.60825,18.09475],[121.6085,18.09441],[121.60867,18.0943],[121.60867,18.09439],[121.60855,18.0946],[121.60867,18.09466],[121.60867,18.09475],[121.60876,18.09475],[121.60908,18.0947],[121.60914,18.09439],[121.60914,18.0943],[121.60905,18.0943],[121.60905,18.09421],[121.60914,18.09421],[121.60914,18.09412],[121.60933,18.09385],[121.60952,18.09385],[121.60943,18.09403],[121.60924,18.09417],[121.60929,18.09453],[121.60918,18.09479],[121.60844,18.09489],[121.6083,18.09548],[121.60841,18.09619],[121.60828,18.09628],[121.60828,18.09574],[121.60819,18.09574],[121.60819,18.09529],[121.60828,18.09529],[121.60829,18.09502],[121.60819,18.09502],[121.60819,18.09492],[121.60791,18.09492],[121.60791,18.09483]]],[[[121.60797,18.09854],[121.60803,18.09846],[121.60845,18.09836],[121.60845,18.09845],[121.60832,18.09851],[121.60807,18.09854],[121.60797,18.09854]]],[[[121.60799,18.09655],[121.60808,18.09655],[121.60808,18.09664],[121.60799,18.09664],[121.60799,18.09655]]],[[[121.60808,18.09655],[121.60815,18.09643],[121.60818,18.09628],[121.60828,18.09628],[121.60827,18.09655],[121.60808,18.09655]]],[[[121.60845,18.09836],[121.60859,18.09818],[121.60894,18.09825],[121.60905,18.09875],[121.60882,18.09891],[121.60882,18.09872],[121.60896,18.09864],[121.60882,18.09854],[121.60883,18.09845],[121.60883,18.09836],[121.60845,18.09836]]],[[[121.60849,18.04468],[121.60862,18.04462],[121.60868,18.04451],[121.60887,18.04451],[121.60887,18.04442],[121.60925,18.04442],[121.6092,18.04447],[121.60892,18.04464],[121.60873,18.0448],[121.60926,18.04513],[121.60983,18.04499],[121.61028,18.04523],[121.61013,18.04601],[121.61028,18.04627],[121.61088,18.04641],[121.61099,18.0473],[121.61158,18.04783],[121.61203,18.0481],[121.6122,18.04771],[121.61188,18.04652],[121.61232,18.04601],[121.6123,18.04549],[121.61249,18.0453],[121.61316,18.04585],[121.61362,18.04596],[121.61476,18.04695],[121.61522,18.04728],[121.61557,18.04801],[121.61616,18.04867],[121.61625,18.04896],[121.61601,18.04917],[121.61602,18.04908],[121.61608,18.04896],[121.61611,18.04881],[121.61611,18.04872],[121.61602,18.04871],[121.61546,18.04808],[121.61546,18.04799],[121.61536,18.04799],[121.61536,18.0479],[121.61527,18.0479],[121.61527,18.04763],[121.61518,18.04762],[121.61518,18.04744],[121.61508,18.04744],[121.61508,18.04735],[121.61499,18.04735],[121.61499,18.04726],[121.6149,18.04726],[121.6149,18.04717],[121.6148,18.04717],[121.6148,18.04708],[121.61461,18.04708],[121.61461,18.04699],[121.61433,18.04699],[121.61433,18.0469],[121.61424,18.04689],[121.61405,18.0468],[121.61396,18.04662],[121.61396,18.04653],[121.61386,18.04653],[121.61377,18.04635],[121.61377,18.04626],[121.61368,18.04626],[121.61361,18.04614],[121.61349,18.04608],[121.61349,18.04599],[121.61339,18.04599],[121.61292,18.04598],[121.61269,18.04567],[121.61264,18.04598],[121.61257,18.0461],[121.61245,18.04616],[121.61235,18.04616],[121.61235,18.04625],[121.61226,18.04625],[121.61226,18.04634],[121.61216,18.04634],[121.61216,18.04643],[121.61207,18.04643],[121.61207,18.0467],[121.61206,18.04697],[121.61216,18.04697],[121.61216,18.04724],[121.61225,18.04724],[121.61234,18.04742],[121.61234,18.04751],[121.61244,18.04751],[121.61244,18.04779],[121.61243,18.04824],[121.61213,18.04844],[121.61233,18.04873],[121.61249,18.04865],[121.61252,18.0486],[121.61262,18.0486],[121.61262,18.04851],[121.61271,18.04851],[121.61271,18.04842],[121.61319,18.04842],[121.61319,18.04851],[121.61328,18.04851],[121.61347,18.04852],[121.61347,18.04861],[121.61356,18.04861],[121.61356,18.0487],[121.61366,18.0487],[121.61366,18.04879],[121.61375,18.04879],[121.61394,18.04906],[121.61394,18.04915],[121.61413,18.04915],[121.61412,18.04924],[121.61431,18.04924],[121.61441,18.04937],[121.6145,18.04925],[121.61469,18.04916],[121.61535,18.04916],[121.61535,18.04925],[121.61483,18.04929],[121.61448,18.04948],[121.61429,18.04946],[121.61392,18.04924],[121.61346,18.04868],[121.61306,18.04856],[121.61257,18.04883],[121.61222,18.04897],[121.61182,18.04928],[121.61139,18.04944],[121.61095,18.04953],[121.61087,18.04984],[121.6111,18.05002],[121.61151,18.04998],[121.61171,18.05009],[121.61211,18.05102],[121.61197,18.05144],[121.61103,18.05123],[121.61072,18.05126],[121.61054,18.05147],[121.61015,18.05142],[121.61005,18.05129],[121.61014,18.05129],[121.61049,18.05127],[121.61061,18.05121],[121.61071,18.05121],[121.61071,18.05112],[121.61128,18.05112],[121.61128,18.05121],[121.61175,18.05121],[121.61175,18.05112],[121.61184,18.05112],[121.61185,18.05076],[121.61175,18.05076],[121.61175,18.05049],[121.61166,18.05049],[121.61157,18.05031],[121.61157,18.05022],[121.61147,18.05022],[121.61147,18.05013],[121.61128,18.05013],[121.61081,18.05012],[121.61081,18.04994],[121.61072,18.04994],[121.61072,18.04976],[121.61063,18.04976],[121.61063,18.04958],[121.61053,18.04958],[121.61053,18.04949],[121.61044,18.04949],[121.61044,18.0494],[121.61035,18.0494],[121.61035,18.04931],[121.61025,18.04931],[121.61025,18.04922],[121.61016,18.04921],[121.61016,18.04912],[121.61006,18.04912],[121.61006,18.04903],[121.60997,18.04903],[121.60997,18.04894],[121.61016,18.04894],[121.61054,18.04895],[121.61054,18.04904],[121.61091,18.04904],[121.61091,18.04913],[121.61167,18.04914],[121.61167,18.04905],[121.61176,18.04905],[121.61177,18.04896],[121.61182,18.04892],[121.6119,18.04863],[121.61206,18.0484],[121.61177,18.04832],[121.61177,18.04823],[121.61168,18.04823],[121.61168,18.04814],[121.61158,18.04814],[121.61158,18.04805],[121.61149,18.04805],[121.61149,18.04787],[121.6114,18.04787],[121.6114,18.04778],[121.6113,18.04778],[121.6113,18.04769],[121.61121,18.04769],[121.61121,18.0476],[121.61111,18.0476],[121.61093,18.0475],[121.61093,18.04741],[121.61083,18.04741],[121.61083,18.04732],[121.61074,18.04732],[121.61074,18.04678],[121.61065,18.04678],[121.61065,18.0466],[121.61056,18.0466],[121.61056,18.04651],[121.61046,18.04651],[121.61031,18.04647],[121.61018,18.04641],[121.61018,18.04632],[121.61009,18.04632],[121.61009,18.04623],[121.60999,18.04623],[121.60999,18.04614],[121.6099,18.04614],[121.6099,18.04605],[121.6098,18.04605],[121.60981,18.04587],[121.6099,18.04587],[121.6099,18.04578],[121.61,18.04578],[121.61,18.04542],[121.6099,18.04542],[121.60991,18.04524],[121.60981,18.04524],[121.60972,18.04511],[121.60962,18.04524],[121.60906,18.04523],[121.60906,18.04514],[121.60877,18.04514],[121.60877,18.04505],[121.60858,18.04505],[121.60859,18.04487],[121.60849,18.04487],[121.60849,18.04468]]],[[[121.60856,18.08354],[121.60866,18.08354],[121.60866,18.08336],[121.60894,18.08336],[121.60894,18.08345],[121.60913,18.08346],[121.60942,18.08346],[121.60964,18.08351],[121.60998,18.08355],[121.61112,18.08356],[121.61121,18.08356],[121.61121,18.08347],[121.61149,18.08347],[121.61149,18.08338],[121.61159,18.08338],[121.61159,18.08293],[121.61169,18.08293],[121.61188,18.08302],[121.61188,18.08311],[121.61197,18.08311],[121.61206,18.08312],[121.61206,18.08321],[121.61263,18.08321],[121.61263,18.08312],[121.61291,18.08312],[121.61291,18.08303],[121.61329,18.08294],[121.61339,18.08294],[121.61339,18.08285],[121.61351,18.08281],[121.61339,18.08276],[121.61339,18.08267],[121.61342,18.08252],[121.61349,18.0824],[121.61358,18.0824],[121.61358,18.08249],[121.61377,18.08249],[121.61377,18.08259],[121.61424,18.08259],[121.61519,18.0826],[121.61528,18.0826],[121.61528,18.08251],[121.61538,18.08251],[121.61538,18.08242],[121.61547,18.08242],[121.61547,18.08206],[121.61557,18.08206],[121.61557,18.08178],[121.61566,18.08179],[121.61567,18.0817],[121.61567,18.08151],[121.6151,18.08151],[121.6151,18.08124],[121.61501,18.08124],[121.61501,18.08106],[121.61491,18.08106],[121.61492,18.08097],[121.61482,18.08097],[121.61454,18.08096],[121.61444,18.08096],[121.61444,18.08114],[121.61435,18.08114],[121.61445,18.08065],[121.61534,18.08111],[121.61573,18.0812],[121.61597,18.08145],[121.6157,18.08194],[121.61551,18.08248],[121.61522,18.08274],[121.61406,18.08269],[121.61349,18.08297],[121.6127,18.08328],[121.61192,18.08325],[121.61137,18.08364],[121.60964,18.08388],[121.60965,18.08406],[121.61037,18.08439],[121.61246,18.08453],[121.61288,18.08442],[121.61315,18.08444],[121.61328,18.08457],[121.61271,18.08457],[121.61271,18.08466],[121.61262,18.08466],[121.61252,18.08465],[121.61252,18.08475],[121.61243,18.08474],[121.61233,18.08474],[121.61234,18.08465],[121.61215,18.08465],[121.61215,18.08456],[121.61149,18.08456],[121.61149,18.08465],[121.61139,18.08465],[121.61139,18.08456],[121.6112,18.08455],[121.61073,18.08455],[121.61073,18.08464],[121.61054,18.08464],[121.61054,18.08455],[121.61016,18.08455],[121.61016,18.08446],[121.60969,18.08445],[121.6096,18.08445],[121.6096,18.08436],[121.6095,18.08436],[121.6095,18.08418],[121.60941,18.08418],[121.60941,18.084],[121.60922,18.084],[121.60922,18.08391],[121.60885,18.08391],[121.60885,18.08381],[121.60856,18.08381],[121.60856,18.08354]]],[[[121.60863,18.08752],[121.60901,18.08752],[121.60901,18.08761],[121.60863,18.08761],[121.60863,18.08752]]],[[[121.60863,18.09908],[121.60873,18.0989],[121.60882,18.09891],[121.60878,18.09911],[121.60863,18.09918],[121.60863,18.09908]]],[[[121.60867,18.09384],[121.60877,18.09384],[121.60877,18.09403],[121.60876,18.09421],[121.60876,18.0943],[121.60867,18.0943],[121.60867,18.09384]]],[[[121.60877,18.09366],[121.60886,18.09366],[121.60886,18.09376],[121.60877,18.09375],[121.60877,18.09366]]],[[[121.60886,18.09348],[121.60896,18.09348],[121.60896,18.09358],[121.60886,18.09357],[121.60886,18.09348]]],[[[121.60896,18.09348],[121.60905,18.09318],[121.60966,18.09329],[121.60975,18.09369],[121.60952,18.09385],[121.60952,18.09367],[121.60966,18.09358],[121.60953,18.09349],[121.60953,18.0934],[121.60943,18.0934],[121.60943,18.09331],[121.60915,18.09331],[121.60915,18.0934],[121.60896,18.09348]]],[[[121.60901062268526,18.104627227563615],[121.60912,18.10387],[121.60957,18.10319],[121.60971,18.10276],[121.60993,18.10286],[121.61033,18.10332],[121.61082,18.10373],[121.61142,18.10447],[121.61166,18.10449],[121.61157,18.10403],[121.61147,18.10367],[121.61136,18.10291],[121.61121,18.10258],[121.61102,18.10226],[121.61084,18.10158],[121.61058,18.10098],[121.61145,18.10053],[121.61177,18.10027],[121.6119,18.09993],[121.6118,18.09969],[121.61165,18.09947],[121.61175,18.09947],[121.61187,18.09953],[121.61193,18.09965],[121.61193,18.09974],[121.61203,18.09974],[121.61203,18.09983],[121.61212,18.09983],[121.61212,18.09992],[121.61222,18.09992],[121.61221,18.1001],[121.61212,18.1001],[121.61212,18.10019],[121.61202,18.10037],[121.61193,18.10037],[121.61193,18.10055],[121.61174,18.10055],[121.61174,18.10064],[121.61155,18.10064],[121.61155,18.10073],[121.61136,18.10082],[121.61126,18.10082],[121.61126,18.10091],[121.61117,18.10091],[121.61117,18.101],[121.61088,18.101],[121.61088,18.10109],[121.61075,18.10118],[121.61088,18.10127],[121.61088,18.10145],[121.61097,18.10145],[121.61097,18.10172],[121.61107,18.10172],[121.6111,18.10219],[121.61125,18.10227],[121.61125,18.10236],[121.61135,18.10236],[121.61134,18.10245],[121.61144,18.10245],[121.61144,18.10263],[121.61153,18.10263],[121.61153,18.10299],[121.61162,18.10299],[121.61162,18.1039],[121.61171,18.1039],[121.61171,18.10408],[121.6118,18.10408],[121.6118,18.10444],[121.6119,18.10444],[121.6118965301087,18.104627374130796],[121.61095,18.104627326059173],[121.61095,18.10407],[121.61086,18.10407],[121.61086,18.10398],[121.61077,18.10398],[121.61077,18.10389],[121.61067,18.10389],[121.61048,18.1038],[121.61039,18.10362],[121.61039,18.10353],[121.6103,18.10352],[121.6103,18.10343],[121.61011,18.10343],[121.61011,18.10334],[121.60992,18.10334],[121.60987,18.10323],[121.60983,18.10334],[121.60973,18.10334],[121.60973,18.10343],[121.60933,18.10372],[121.60925,18.10397],[121.60916,18.10397],[121.60916,18.10424],[121.60925,18.10424],[121.60925,18.1046],[121.60915,18.1046],[121.60915,18.1046272346422],[121.60901062268526,18.104627227563615]]],[[[121.60919,18.08752],[121.6092,18.08743],[121.60948,18.08743],[121.60948,18.08752],[121.60919,18.08752]]],[[[121.60925,18.04433],[121.60935,18.04433],[121.60935,18.04424],[121.60944,18.04424],[121.60944,18.04397],[121.60954,18.04397],[121.60954,18.04388],[121.60963,18.04388],[121.6095,18.04436],[121.60925,18.04442],[121.60925,18.04433]]],[[[121.60957,18.08734],[121.6097,18.08728],[121.60976,18.08717],[121.60986,18.08717],[121.60986,18.08708],[121.60993,18.08694],[121.61014,18.0869],[121.61024,18.0869],[121.61077,18.08702],[121.61119,18.08672],[121.61137,18.08672],[121.61147,18.08673],[121.61147,18.08682],[121.61122,18.08688],[121.61077,18.0872],[121.61015,18.08706],[121.60972,18.0874],[121.60957,18.08743],[121.60957,18.08734]]],[[[121.60963,18.04379],[121.60982,18.04379],[121.60982,18.04388],[121.60963,18.04388],[121.60963,18.04379]]],[[[121.60963,18.08003],[121.60971,18.07991],[121.6102,18.07981],[121.61029,18.07994],[121.60992,18.07994],[121.60992,18.08003],[121.60963,18.08003]]],[[[121.61,18.08102],[121.6101,18.08102],[121.6101,18.08093],[121.61019,18.08093],[121.61019,18.08084],[121.61029,18.08084],[121.61029,18.08075],[121.61038,18.08075],[121.61038,18.08066],[121.61048,18.08066],[121.61044,18.08081],[121.6103,18.0811],[121.61079,18.08127],[121.61094,18.08171],[121.61113,18.08175],[121.61113,18.08184],[121.6109,18.08195],[121.61085,18.08184],[121.61085,18.08175],[121.61075,18.08175],[121.61075,18.08139],[121.61066,18.08139],[121.61066,18.0813],[121.61057,18.0813],[121.61,18.08129],[121.61,18.08102]]],[[[121.61029,18.07994],[121.6105,18.08],[121.61061,18.08057],[121.61048,18.08066],[121.61048,18.08021],[121.61039,18.08021],[121.61039,18.08003],[121.61029,18.08003],[121.61029,18.07994]]],[[[121.61113,18.08175],[121.61123,18.08163],[121.61146,18.0816],[121.61211,18.0817],[121.6126,18.08151],[121.61284,18.08094],[121.61318,18.08075],[121.61389,18.08065],[121.61404,18.08133],[121.61435,18.08114],[121.61435,18.08123],[121.61425,18.08141],[121.61406,18.0815],[121.61406,18.08141],[121.61397,18.08141],[121.61397,18.08132],[121.61387,18.08132],[121.61388,18.08096],[121.61388,18.08087],[121.61378,18.08087],[121.61378,18.08078],[121.61341,18.08078],[121.6134,18.08087],[121.61299,18.08093],[121.61293,18.0814],[121.61293,18.08149],[121.61283,18.08149],[121.61283,18.08158],[121.61274,18.08158],[121.61274,18.08167],[121.61245,18.08167],[121.61245,18.08176],[121.61217,18.08176],[121.61217,18.08185],[121.6117,18.08185],[121.6117,18.08176],[121.6116,18.08176],[121.61122,18.08175],[121.61113,18.08175]]],[[[121.61147,18.08682],[121.61156,18.08682],[121.61156,18.08691],[121.61147,18.08691],[121.61147,18.08682]]],[[[121.61156,18.08691],[121.61169,18.08697],[121.61184,18.087],[121.61184,18.08709],[121.61241,18.08709],[121.61241,18.08718],[121.61163,18.08712],[121.61156,18.08691]]],[[[121.61156,18.09902],[121.61166,18.09902],[121.61165,18.09911],[121.61165,18.09947],[121.61156,18.09947],[121.61156,18.09902]]],[[[121.61166,18.09902],[121.61186,18.0988],[121.61216,18.09878],[121.61262,18.0995],[121.61276,18.10031],[121.61259,18.10146],[121.61272,18.10169],[121.61281,18.10187],[121.613,18.10221],[121.61314,18.10314],[121.61331,18.1035],[121.61356,18.10322],[121.61377,18.10198],[121.61426,18.10138],[121.61443,18.10071],[121.61448,18.10066],[121.61448,18.10075],[121.61447,18.10121],[121.61438,18.1012],[121.61438,18.10148],[121.61428,18.10148],[121.61428,18.10157],[121.61425,18.10172],[121.61418,18.10184],[121.61409,18.10184],[121.61409,18.10202],[121.61399,18.10202],[121.61399,18.10238],[121.61409,18.10238],[121.61409,18.10247],[121.61399,18.10247],[121.61399,18.1031],[121.61398,18.10319],[121.61389,18.10319],[121.61389,18.10346],[121.61379,18.10346],[121.61379,18.104],[121.6137,18.104],[121.61369,18.10409],[121.61369,18.10418],[121.6136,18.10418],[121.6136,18.10427],[121.6135,18.10427],[121.6135,18.104627455566554],[121.61312005697177,18.104627436270306],[121.61313,18.10418],[121.61313,18.10409],[121.61325,18.10404],[121.61313,18.104],[121.61313,18.10364],[121.61304,18.10363],[121.61304,18.10336],[121.61294,18.10336],[121.61294,18.10327],[121.61295,18.10318],[121.61285,18.10318],[121.61286,18.10246],[121.61286,18.10237],[121.61276,18.10237],[121.61276,18.10219],[121.61277,18.1021],[121.61267,18.1021],[121.61248,18.102],[121.61248,18.10191],[121.61239,18.10191],[121.61239,18.10182],[121.61229,18.10182],[121.6123,18.10173],[121.6123,18.10137],[121.61239,18.10137],[121.61239,18.1011],[121.61249,18.1011],[121.61249,18.10065],[121.61259,18.10065],[121.61259,18.10038],[121.61271,18.10033],[121.61259,18.10029],[121.61259,18.10002],[121.6125,18.10002],[121.6125,18.09947],[121.61241,18.09947],[121.61241,18.09929],[121.61231,18.09929],[121.61222,18.09911],[121.61222,18.09902],[121.61203,18.09902],[121.61194,18.09889],[121.61184,18.09902],[121.61166,18.09902]]],[[[121.61241,18.08718],[121.6125,18.08718],[121.6126,18.08719],[121.6126,18.08728],[121.61241,18.08727],[121.61241,18.08718]]],[[[121.6126,18.08728],[121.61269,18.08728],[121.61269,18.08737],[121.6126,18.08737],[121.6126,18.08728]]],[[[121.61269,18.08737],[121.61279,18.08737],[121.61279,18.08746],[121.61269,18.08746],[121.61269,18.08737]]],[[[121.61278,18.08755],[121.61279,18.08746],[121.61288,18.08746],[121.61288,18.08755],[121.61278,18.08755]]],[[[121.61287,18.09538],[121.6131,18.09505],[121.61348,18.09496],[121.61348,18.09505],[121.61339,18.09505],[121.61339,18.09514],[121.61307,18.09522],[121.61301,18.09559],[121.613,18.09568],[121.61295,18.09565],[121.61287,18.09538]]],[[[121.61288,18.08755],[121.61297,18.08755],[121.61297,18.08764],[121.61288,18.08764],[121.61288,18.08755]]],[[[121.61297,18.08764],[121.61307,18.08764],[121.61307,18.08773],[121.61297,18.08773],[121.61297,18.08764]]],[[[121.613,18.09568],[121.6131,18.09568],[121.6131,18.09595],[121.613,18.09595],[121.613,18.09568]]],[[[121.61307,18.08773],[121.61316,18.08773],[121.61316,18.08782],[121.61307,18.08782],[121.61307,18.08773]]],[[[121.6131,18.09595],[121.61319,18.09596],[121.61319,18.09605],[121.61329,18.09605],[121.61328,18.09614],[121.61385,18.09614],[121.61385,18.09632],[121.61394,18.09632],[121.61394,18.09641],[121.61404,18.09641],[121.61404,18.0965],[121.61389,18.09647],[121.61372,18.09636],[121.61317,18.09622],[121.6131,18.09595]]],[[[121.61316,18.08782],[121.61335,18.08782],[121.61335,18.08791],[121.61316,18.08791],[121.61316,18.08782]]],[[[121.61328,18.08457],[121.6135,18.08463],[121.61393,18.08481],[121.61431,18.08528],[121.61525,18.08569],[121.61576,18.08575],[121.61617,18.08559],[121.61643,18.08545],[121.6172,18.08534],[121.61755,18.08457],[121.61763,18.08451],[121.61763,18.08478],[121.61753,18.08478],[121.61753,18.08505],[121.61743,18.08505],[121.61743,18.08523],[121.61734,18.08523],[121.61734,18.08532],[121.61727,18.08544],[121.61715,18.0855],[121.61705,18.0855],[121.61705,18.08559],[121.61649,18.08559],[121.61648,18.08568],[121.6163,18.08568],[121.61629,18.08577],[121.6162,18.08577],[121.61611,18.08576],[121.61611,18.08586],[121.61592,18.08585],[121.61582,18.08585],[121.61582,18.08594],[121.61535,18.08594],[121.61535,18.08585],[121.61516,18.08585],[121.61497,18.08576],[121.61497,18.08567],[121.61488,18.08567],[121.61478,18.08566],[121.61478,18.08557],[121.6146,18.08557],[121.6146,18.08548],[121.61431,18.08548],[121.61431,18.08539],[121.61422,18.08539],[121.61409,18.08533],[121.61403,18.08521],[121.61403,18.08512],[121.61394,18.08512],[121.61378,18.0849],[121.61356,18.08484],[121.61356,18.08475],[121.61337,18.08475],[121.61337,18.08466],[121.61328,18.08466],[121.61328,18.08457]]],[[[121.61335,18.08791],[121.61363,18.08792],[121.61373,18.08792],[121.61373,18.08783],[121.61382,18.08783],[121.61382,18.08774],[121.61392,18.08774],[121.61392,18.08756],[121.61401,18.08756],[121.61401,18.08747],[121.61402,18.08729],[121.61411,18.08729],[121.61411,18.08711],[121.61421,18.08711],[121.61433,18.08717],[121.61439,18.08729],[121.61439,18.08738],[121.61449,18.08738],[121.61449,18.08756],[121.61436,18.0875],[121.61425,18.08729],[121.61388,18.08798],[121.61363,18.0881],[121.61338,18.08798],[121.61335,18.08791]]],[[[121.61348,18.09496],[121.61355,18.09484],[121.61367,18.09478],[121.61367,18.09496],[121.61348,18.09496]]],[[[121.61367,18.09478],[121.61372,18.09464],[121.6138,18.09396],[121.61394,18.09373],[121.6143,18.09376],[121.6148,18.09414],[121.61473,18.09467],[121.6154,18.09461],[121.61617,18.09489],[121.61702,18.09455],[121.61775,18.09472],[121.61818,18.09488],[121.61815,18.0952],[121.61792,18.09527],[121.61792,18.09518],[121.61805,18.09509],[121.61792,18.09499],[121.61792,18.0949],[121.61774,18.0949],[121.61774,18.09481],[121.61717,18.09481],[121.61717,18.09472],[121.61689,18.09472],[121.61689,18.09481],[121.6167,18.09481],[121.6166,18.0948],[121.6166,18.0949],[121.61651,18.09489],[121.61641,18.09489],[121.61641,18.09498],[121.61628,18.09504],[121.61603,18.09507],[121.61603,18.09498],[121.61575,18.09498],[121.61575,18.09489],[121.61547,18.09489],[121.61547,18.0948],[121.61509,18.09479],[121.61509,18.09488],[121.61471,18.09488],[121.61471,18.09479],[121.61462,18.09479],[121.61443,18.0947],[121.61443,18.09461],[121.61434,18.09461],[121.61441,18.09419],[121.61425,18.09406],[121.61425,18.09397],[121.61415,18.09397],[121.61411,18.09386],[121.61406,18.09397],[121.61396,18.09397],[121.61396,18.09433],[121.61387,18.09433],[121.61386,18.09451],[121.61383,18.09466],[121.61377,18.09478],[121.61367,18.09478]]],[[[121.61404,18.0965],[121.61413,18.0965],[121.61413,18.09659],[121.61404,18.09659],[121.61404,18.0965]]],[[[121.61413,18.09659],[121.61423,18.09659],[121.61451,18.0966],[121.6146,18.0966],[121.6146,18.09651],[121.61479,18.09651],[121.61479,18.09642],[121.61489,18.09642],[121.61489,18.09633],[121.61517,18.09633],[121.61517,18.09624],[121.61546,18.09624],[121.61546,18.09615],[121.61565,18.09606],[121.61574,18.09606],[121.61574,18.09597],[121.61581,18.09585],[121.61584,18.09561],[121.61593,18.09561],[121.61593,18.09552],[121.61603,18.09552],[121.61603,18.09543],[121.61641,18.09544],[121.61641,18.09553],[121.61697,18.09553],[121.61697,18.09562],[121.61612,18.09565],[121.61586,18.09607],[121.61553,18.09629],[121.61502,18.09646],[121.61451,18.09677],[121.61421,18.09671],[121.61413,18.09659]]],[[[121.61448,18.10057],[121.61457,18.10057],[121.61457,18.10066],[121.61448,18.10066],[121.61448,18.10057]]],[[[121.61449,18.05716],[121.61482,18.05711],[121.61495,18.05745],[121.61461,18.05741],[121.61449,18.05716]]],[[[121.61449,18.08756],[121.61458,18.08756],[121.61458,18.08765],[121.61467,18.08765],[121.61467,18.08774],[121.61477,18.08774],[121.61477,18.08783],[121.61454,18.08778],[121.61449,18.08756]]],[[[121.61457,18.10048],[121.61505,18.10049],[121.61504,18.10058],[121.61467,18.10057],[121.61457,18.10057],[121.61457,18.10048]]],[[[121.61477,18.08783],[121.61496,18.08783],[121.61496,18.08793],[121.61477,18.08792],[121.61477,18.08783]]],[[[121.61487,18.05809],[121.61507,18.0577],[121.61529,18.05766],[121.61541,18.05791],[121.61516,18.05822],[121.61487,18.05809]]],[[[121.61496,18.08793],[121.61533,18.08793],[121.61533,18.08802],[121.61552,18.08802],[121.61552,18.08811],[121.61562,18.08811],[121.61561,18.0882],[121.61547,18.08816],[121.615,18.08798],[121.61496,18.08793]]],[[[121.61504,18.10058],[121.61523,18.10058],[121.61523,18.10067],[121.61504,18.10067],[121.61504,18.10058]]],[[[121.61523,18.10067],[121.61542,18.10067],[121.61542,18.10076],[121.61523,18.10076],[121.61523,18.10067]]],[[[121.61535,18.04925],[121.61573,18.04925],[121.61583,18.04926],[121.61582,18.04935],[121.61535,18.04934],[121.61535,18.04925]]],[[[121.61542,18.10076],[121.61557,18.1008],[121.61587,18.10102],[121.61614,18.10064],[121.61619,18.09977],[121.61628,18.09977],[121.61628,18.10022],[121.61637,18.10022],[121.61637,18.10059],[121.61627,18.10059],[121.61627,18.10077],[121.61618,18.10077],[121.61618,18.10095],[121.61613,18.10115],[121.61598,18.10122],[121.61589,18.10122],[121.61589,18.10131],[121.6157,18.1013],[121.6157,18.10112],[121.61561,18.10112],[121.61561,18.10094],[121.61551,18.10094],[121.61552,18.10085],[121.61542,18.10085],[121.61542,18.10076]]],[[[121.61561,18.0882],[121.61571,18.0882],[121.61571,18.08829],[121.61561,18.08829],[121.61561,18.0882]]],[[[121.61571,18.08829],[121.6158,18.08829],[121.6158,18.08838],[121.61571,18.08838],[121.61571,18.08829]]],[[[121.6158,18.08838],[121.6159,18.08838],[121.6159,18.08847],[121.6158,18.08847],[121.6158,18.08838]]],[[[121.61583,18.04917],[121.61601,18.04917],[121.61601,18.04926],[121.61583,18.04926],[121.61583,18.04917]]],[[[121.6159,18.08847],[121.61599,18.08847],[121.61612,18.08854],[121.61618,18.08866],[121.61597,18.08862],[121.6159,18.08847]]],[[[121.61609,18.09941],[121.61619,18.09941],[121.61619,18.09977],[121.61609,18.09977],[121.61609,18.09941]]],[[[121.61618,18.08866],[121.61627,18.08866],[121.61627,18.08875],[121.61618,18.08875],[121.61618,18.08866]]],[[[121.61619,18.09941],[121.61626,18.0992],[121.61713,18.09884],[121.61757,18.09875],[121.61784,18.09856],[121.61826,18.09839],[121.61867,18.09794],[121.61879,18.09848],[121.61894,18.09875],[121.61913,18.09916],[121.61902,18.09925],[121.61902,18.09916],[121.61893,18.09916],[121.6189,18.09892],[121.61884,18.0988],[121.61884,18.09871],[121.61874,18.09871],[121.61875,18.09862],[121.61865,18.09861],[121.61865,18.09852],[121.61818,18.09852],[121.61818,18.09861],[121.6179,18.09861],[121.61789,18.0987],[121.61777,18.09876],[121.6177,18.09888],[121.61761,18.09888],[121.61761,18.09897],[121.61714,18.09897],[121.61704,18.09896],[121.61704,18.09906],[121.61695,18.09905],[121.61685,18.09905],[121.61685,18.09914],[121.61657,18.09914],[121.61657,18.09923],[121.61636,18.09927],[121.61628,18.09941],[121.61619,18.09941]]],[[[121.61627,18.08875],[121.61637,18.08875],[121.61651,18.08885],[121.61659,18.08962],[121.61664,18.08984],[121.61664,18.08993],[121.61654,18.08987],[121.6164,18.08945],[121.61633,18.08887],[121.61627,18.08875]]],[[[121.61664,18.08993],[121.61673,18.08993],[121.61679,18.09014],[121.61683,18.09047],[121.61682,18.09056],[121.61692,18.09056],[121.61698,18.09068],[121.61711,18.09074],[121.6173,18.09074],[121.6173,18.09065],[121.61748,18.09065],[121.61733,18.09082],[121.6168,18.09078],[121.61664,18.08993]]],[[[121.61673,18.10303],[121.61682,18.10303],[121.61682,18.10294],[121.61692,18.10276],[121.61701,18.10276],[121.61701,18.10249],[121.61711,18.10249],[121.61711,18.1024],[121.6172,18.1024],[121.6172,18.10231],[121.61739,18.10222],[121.61749,18.10222],[121.61749,18.10213],[121.61762,18.10207],[121.61768,18.10195],[121.61777,18.10195],[121.61778,18.10186],[121.61784,18.10174],[121.61797,18.10168],[121.61815,18.10168],[121.61816,18.10159],[121.61834,18.10159],[121.61834,18.1015],[121.61844,18.1015],[121.61844,18.10141],[121.61853,18.10142],[121.61863,18.10142],[121.61863,18.10133],[121.61882,18.10097],[121.61892,18.10097],[121.61881,18.10132],[121.61862,18.10154],[121.61799,18.10189],[121.61751,18.10247],[121.6182,18.10272],[121.61877,18.1032],[121.61924,18.10265],[121.61934,18.10243],[121.61947,18.10233],[121.61947,18.10251],[121.61938,18.10251],[121.61938,18.1026],[121.61937,18.10278],[121.61928,18.10278],[121.61928,18.10296],[121.61918,18.10296],[121.61918,18.10314],[121.61909,18.10314],[121.61909,18.10323],[121.61899,18.10323],[121.61899,18.10341],[121.6188,18.1035],[121.61871,18.10349],[121.61871,18.10359],[121.61861,18.10358],[121.61861,18.10367],[121.61842,18.10367],[121.61842,18.10358],[121.61843,18.10322],[121.61833,18.10322],[121.61833,18.10295],[121.61824,18.10295],[121.61824,18.10286],[121.61805,18.10286],[121.61805,18.10277],[121.61796,18.10277],[121.61767,18.10276],[121.61767,18.10267],[121.61739,18.10267],[121.61739,18.10276],[121.6173,18.10276],[121.61729,18.10285],[121.6172,18.10285],[121.6172,18.10294],[121.61711,18.10294],[121.6171,18.10303],[121.61701,18.10303],[121.61701,18.10312],[121.61673,18.10312],[121.61673,18.10303]]],[[[121.61707,18.09562],[121.61716,18.09562],[121.61711,18.09574],[121.61707,18.09562]]],[[[121.61716,18.09553],[121.61735,18.09553],[121.61735,18.09544],[121.61764,18.09544],[121.61754,18.09556],[121.61716,18.09562],[121.61716,18.09553]]],[[[121.61723,18.08722],[121.61732,18.08722],[121.61732,18.08713],[121.61777,18.08706],[121.61808,18.08668],[121.61818,18.08668],[121.61818,18.08659],[121.61827,18.08659],[121.61827,18.0865],[121.61837,18.0865],[121.61837,18.08623],[121.61846,18.08623],[121.61847,18.08614],[121.61847,18.08578],[121.61853,18.08582],[121.6186,18.08636],[121.61889,18.08627],[121.61894,18.08606],[121.61903,18.08606],[121.61903,18.08624],[121.61913,18.08624],[121.61913,18.08633],[121.61912,18.08651],[121.61856,18.08651],[121.61856,18.0866],[121.61837,18.08669],[121.61827,18.08686],[121.61818,18.08686],[121.61818,18.08695],[121.61802,18.08717],[121.6178,18.08722],[121.6177,18.08722],[121.6177,18.08731],[121.61723,18.08731],[121.61723,18.08722]]],[[[121.61748,18.09065],[121.61749,18.09056],[121.61758,18.09056],[121.61758,18.09047],[121.61768,18.09047],[121.61768,18.09038],[121.61777,18.09039],[121.61777,18.09029],[121.61787,18.0903],[121.61787,18.09021],[121.61796,18.09021],[121.61796,18.09012],[121.61834,18.09012],[121.61834,18.09003],[121.61843,18.09003],[121.61844,18.08994],[121.61844,18.08976],[121.61853,18.08976],[121.61853,18.08949],[121.61863,18.08949],[121.61863,18.08958],[121.61872,18.08958],[121.61872,18.09003],[121.61881,18.09003],[121.61881,18.09012],[121.61891,18.09012],[121.61891,18.09021],[121.619,18.09021],[121.61957,18.09022],[121.61976,18.09022],[121.61975,18.0904],[121.61985,18.0904],[121.61985,18.09076],[121.61994,18.09076],[121.62002,18.09091],[121.62032,18.09095],[121.62041,18.09095],[121.62041,18.09086],[121.62051,18.09086],[121.62051,18.09077],[121.62057,18.09065],[121.6207,18.09059],[121.62089,18.09059],[121.62088,18.09095],[121.62098,18.09095],[121.62098,18.09122],[121.62107,18.09122],[121.62107,18.09131],[121.62116,18.09131],[121.62116,18.0914],[121.62088,18.09132],[121.62073,18.09085],[121.62024,18.09117],[121.61986,18.09097],[121.61961,18.09044],[121.61942,18.09045],[121.61928,18.09044],[121.61904,18.09045],[121.6186,18.09022],[121.6183,18.09054],[121.61801,18.09034],[121.61763,18.09061],[121.61748,18.09065]]],[[[121.61763,18.08451],[121.61773,18.08416],[121.61802,18.08402],[121.61815,18.08454],[121.61819,18.08497],[121.6181,18.08497],[121.6181,18.0846],[121.618,18.0846],[121.61801,18.08451],[121.61801,18.08442],[121.61791,18.08442],[121.61787,18.08431],[121.61782,18.08442],[121.61772,18.08442],[121.61772,18.08451],[121.61763,18.08451]]],[[[121.61764,18.09535],[121.61773,18.09536],[121.61783,18.09536],[121.61783,18.09545],[121.61764,18.09544],[121.61764,18.09535]]],[[[121.61783,18.09527],[121.61792,18.09527],[121.61792,18.09536],[121.61783,18.09536],[121.61783,18.09527]]],[[[121.61819,18.08497],[121.61829,18.08497],[121.61828,18.08524],[121.61819,18.08524],[121.61819,18.08497]]],[[[121.61828,18.08524],[121.61838,18.08524],[121.61838,18.08551],[121.61828,18.08551],[121.61828,18.08524]]],[[[121.61837,18.0856],[121.61838,18.08551],[121.61847,18.08551],[121.61847,18.08578],[121.61837,18.08578],[121.61837,18.0856]]],[[[121.61857,18.0847],[121.61867,18.0847],[121.61866,18.08488],[121.61866,18.08515],[121.61857,18.08515],[121.61857,18.0847]]],[[[121.61864,18.09979],[121.61867,18.09964],[121.61874,18.09952],[121.61889,18.09945],[121.61893,18.09925],[121.61902,18.09925],[121.61899,18.09949],[121.61885,18.09965],[121.61902,18.09997],[121.61892,18.09997],[121.61874,18.09988],[121.61874,18.09979],[121.61864,18.09979]]],[[[121.61866,18.08524],[121.61876,18.08524],[121.61875,18.08542],[121.61866,18.08542],[121.61866,18.08524]]],[[[121.61867,18.08461],[121.61876,18.08461],[121.61876,18.0847],[121.61867,18.0847],[121.61867,18.08461]]],[[[121.61875,18.08551],[121.61885,18.08551],[121.61885,18.08569],[121.61875,18.08569],[121.61875,18.08551]]],[[[121.61876,18.08461],[121.6188,18.08447],[121.61895,18.08412],[121.61927,18.08403],[121.61965,18.08431],[121.6201,18.0844],[121.62035,18.08472],[121.62096,18.08424],[121.62191,18.08443],[121.62201,18.08468],[121.6225,18.08477],[121.62298,18.08495],[121.62353,18.08504],[121.62395,18.08537],[121.62408,18.08592],[121.62376,18.086],[121.62376,18.08591],[121.62385,18.08591],[121.62385,18.08582],[121.62399,18.08573],[121.62385,18.08564],[121.62379,18.08539],[121.62348,18.08518],[121.62348,18.08509],[121.62291,18.08509],[121.62291,18.085],[121.62282,18.085],[121.62244,18.08491],[121.62244,18.08482],[121.62235,18.08482],[121.62169,18.08481],[121.62169,18.08463],[121.6216,18.08463],[121.6216,18.08454],[121.62141,18.08454],[121.62141,18.08445],[121.62131,18.08445],[121.62103,18.08444],[121.62094,18.08444],[121.62093,18.08453],[121.62074,18.08462],[121.62065,18.08462],[121.62065,18.08471],[121.62056,18.08471],[121.62055,18.0848],[121.62031,18.08486],[121.61995,18.08456],[121.6198,18.08453],[121.6198,18.08444],[121.61961,18.08443],[121.61942,18.08434],[121.61942,18.08425],[121.61933,18.08425],[121.61924,18.08412],[121.61914,18.08425],[121.61905,18.08425],[121.61905,18.08434],[121.61895,18.08434],[121.61895,18.08452],[121.61886,18.08452],[121.61886,18.08461],[121.61876,18.08461]]],[[[121.61884,18.08597],[121.61885,18.08578],[121.61894,18.08579],[121.61894,18.08597],[121.61884,18.08597]]],[[[121.61892,18.10088],[121.61901,18.10088],[121.61901,18.10097],[121.61892,18.10097],[121.61892,18.10088]]],[[[121.61901,18.10079],[121.61914,18.10073],[121.6192,18.10061],[121.6193,18.10061],[121.6193,18.10034],[121.6192,18.10034],[121.61911,18.10015],[121.61911,18.10006],[121.61926,18.1001],[121.61952,18.10047],[121.61928,18.10081],[121.61901,18.10088],[121.61901,18.10079]]],[[[121.61902,18.09997],[121.61911,18.09997],[121.61911,18.10006],[121.61902,18.10006],[121.61902,18.09997]]],[[[121.61947,18.10224],[121.61957,18.10224],[121.61957,18.10233],[121.61947,18.10233],[121.61947,18.10224]]],[[[121.61957,18.10215],[121.61966,18.10215],[121.61966,18.10224],[121.61957,18.10224],[121.61957,18.10215]]],[[[121.61966,18.10206],[121.61976,18.10206],[121.61976,18.10215],[121.61966,18.10215],[121.61966,18.10206]]],[[[121.61976,18.10197],[121.61985,18.10197],[121.61985,18.10206],[121.61976,18.10206],[121.61976,18.10197]]],[[[121.61985,18.10197],[121.62006,18.10175],[121.62038,18.10187],[121.62081,18.10254],[121.62118,18.10274],[121.62126,18.10184],[121.62118,18.10089],[121.62128,18.10089],[121.62128,18.10116],[121.62137,18.10116],[121.62137,18.10171],[121.62136,18.10216],[121.62136,18.10225],[121.62146,18.10225],[121.62146,18.10252],[121.62155,18.10252],[121.62155,18.10261],[121.62164,18.10261],[121.62164,18.10279],[121.62155,18.10279],[121.62155,18.10288],[121.62145,18.10306],[121.62136,18.10306],[121.62136,18.10315],[121.62117,18.10315],[121.62117,18.10306],[121.62107,18.10306],[121.62107,18.10297],[121.62098,18.10297],[121.62098,18.10288],[121.62089,18.10288],[121.62089,18.10279],[121.62079,18.10279],[121.62079,18.1027],[121.6207,18.1027],[121.6206,18.10251],[121.62061,18.10242],[121.62051,18.10242],[121.62051,18.10224],[121.62042,18.10224],[121.62042,18.10206],[121.62032,18.10206],[121.62033,18.10197],[121.62023,18.10197],[121.62014,18.10184],[121.62004,18.10197],[121.61985,18.10197]]],[[[121.621,18.10035],[121.62109,18.10035],[121.62109,18.10071],[121.621,18.10071],[121.621,18.10035]]],[[[121.62109,18.10026],[121.62114,18.09996],[121.62157,18.09978],[121.62199,18.09989],[121.62191,18.09949],[121.6218,18.09932],[121.62176,18.09918],[121.62186,18.09918],[121.62186,18.09927],[121.62195,18.09927],[121.62195,18.09936],[121.62205,18.09936],[121.62205,18.09954],[121.62214,18.09954],[121.62214,18.09981],[121.62223,18.09982],[121.62232,18.10018],[121.62223,18.10018],[121.62223,18.10027],[121.62213,18.10027],[121.62214,18.10018],[121.62204,18.10018],[121.62204,18.10008],[121.62195,18.10008],[121.62176,18.09999],[121.62176,18.0999],[121.62148,18.0999],[121.62148,18.09999],[121.62129,18.09999],[121.62129,18.10008],[121.62119,18.10008],[121.62119,18.10026],[121.62109,18.10026]]],[[[121.62109,18.10071],[121.62119,18.10071],[121.62118,18.10089],[121.62109,18.10089],[121.62109,18.10071]]],[[[121.62116,18.0914],[121.62126,18.0914],[121.62126,18.09149],[121.62116,18.09149],[121.62116,18.0914]]],[[[121.62126,18.09149],[121.62138,18.09156],[121.62145,18.09168],[121.62144,18.09177],[121.6213,18.0917],[121.62126,18.09149]]],[[[121.62144,18.09177],[121.62154,18.09177],[121.62154,18.09186],[121.62144,18.09186],[121.62144,18.09177]]],[[[121.62147,18.09884],[121.62167,18.09855],[121.6222,18.09842],[121.62304,18.09805],[121.62357,18.09798],[121.62366,18.09811],[121.62338,18.09811],[121.6231,18.0981],[121.6231,18.09819],[121.62291,18.09819],[121.62291,18.09828],[121.62281,18.09828],[121.62281,18.09837],[121.62272,18.09837],[121.62272,18.09846],[121.62243,18.09846],[121.62243,18.09855],[121.62224,18.09855],[121.62224,18.09864],[121.62186,18.09864],[121.62186,18.09873],[121.62167,18.09873],[121.62167,18.09909],[121.62162,18.09905],[121.62147,18.09884]]],[[[121.62154,18.09186],[121.62163,18.09186],[121.62176,18.09192],[121.62192,18.09195],[121.62201,18.09195],[121.62198,18.09201],[121.62165,18.09207],[121.62154,18.09186]]],[[[121.62167,18.09909],[121.62177,18.09909],[121.62176,18.09918],[121.62167,18.09918],[121.62167,18.09909]]],[[[121.62201,18.09186],[121.62211,18.09186],[121.62211,18.09177],[121.6222,18.09159],[121.62232,18.09155],[121.6222,18.0915],[121.6222,18.09123],[121.62211,18.09123],[121.62211,18.09105],[121.62202,18.09105],[121.62202,18.09078],[121.62211,18.09078],[121.62211,18.09087],[121.62221,18.09087],[121.62221,18.09096],[121.62258,18.09096],[121.62259,18.09087],[121.62268,18.09087],[121.62268,18.09078],[121.62278,18.09078],[121.62278,18.09051],[121.62268,18.09051],[121.62268,18.09042],[121.62259,18.09042],[121.62259,18.09033],[121.6225,18.09033],[121.6225,18.09015],[121.62269,18.09015],[121.62269,18.09024],[121.62278,18.09024],[121.62354,18.09025],[121.62372,18.09025],[121.62373,18.09016],[121.62382,18.09016],[121.62382,18.09007],[121.62391,18.09007],[121.62392,18.08998],[121.62392,18.08989],[121.62401,18.08989],[121.62401,18.08962],[121.62411,18.08962],[121.62411,18.08944],[121.62408,18.08901],[121.62402,18.08889],[121.62402,18.0888],[121.62424,18.08898],[121.62415,18.08993],[121.62419,18.09054],[121.62461,18.0908],[121.62473,18.09119],[121.62532,18.09144],[121.62527,18.09202],[121.62492,18.0922],[121.62456,18.09179],[121.62466,18.09179],[121.62485,18.09188],[121.62484,18.09197],[121.62513,18.09197],[121.62513,18.09188],[121.62522,18.09188],[121.62523,18.09161],[121.62513,18.09161],[121.62513,18.09152],[121.62504,18.09152],[121.62504,18.09143],[121.62475,18.09143],[121.62476,18.09134],[121.62466,18.09134],[121.62466,18.09125],[121.62457,18.09125],[121.62457,18.09107],[121.62447,18.09107],[121.62447,18.09098],[121.62438,18.09097],[121.6241,18.09097],[121.6241,18.09106],[121.62391,18.09106],[121.62391,18.09115],[121.62381,18.09115],[121.62381,18.09124],[121.62369,18.09129],[121.62381,18.09133],[121.62387,18.09145],[121.624,18.09151],[121.624,18.0916],[121.62385,18.09156],[121.62362,18.09143],[121.62374,18.09075],[121.6232,18.09066],[121.6231,18.09053],[121.62276,18.09095],[121.62234,18.09118],[121.62251,18.09147],[121.62216,18.09191],[121.62201,18.09195],[121.62201,18.09186]]],[[[121.6223,18.09716],[121.62286,18.09684],[121.62262,18.09643],[121.6228,18.09614],[121.62311,18.09617],[121.62367,18.09683],[121.62486,18.09707],[121.62508,18.0972],[121.62564,18.09715],[121.62607,18.09731],[121.62618,18.0979],[121.62637,18.09835],[121.62762,18.09824],[121.62796,18.0985],[121.62772,18.09868],[121.62772,18.09859],[121.62765,18.09844],[121.62687,18.0984],[121.62678,18.0984],[121.62678,18.09849],[121.62621,18.09849],[121.62621,18.0984],[121.62612,18.0984],[121.62612,18.09804],[121.62603,18.09803],[121.62603,18.09776],[121.62593,18.09776],[121.62593,18.09758],[121.62594,18.0974],[121.62575,18.0974],[121.62575,18.09731],[121.62546,18.09731],[121.62546,18.0974],[121.62527,18.0974],[121.62527,18.09749],[121.62509,18.09749],[121.62496,18.09742],[121.6249,18.0973],[121.6249,18.09721],[121.62471,18.09721],[121.62471,18.09712],[121.62433,18.09712],[121.62433,18.09703],[121.62414,18.09703],[121.62377,18.09702],[121.62377,18.09693],[121.62367,18.09693],[121.62348,18.09684],[121.62348,18.09675],[121.62339,18.09675],[121.62339,18.09666],[121.6232,18.09666],[121.62316,18.09654],[121.62311,18.09666],[121.62301,18.09666],[121.62301,18.09675],[121.62293,18.09704],[121.62263,18.09711],[121.62254,18.09711],[121.62254,18.0972],[121.62244,18.0972],[121.62244,18.09747],[121.62253,18.09747],[121.62253,18.09756],[121.62263,18.09756],[121.62263,18.09765],[121.6224,18.09758],[121.6223,18.09716]]],[[[121.62263,18.09765],[121.62338,18.09765],[121.62357,18.09766],[121.62357,18.09775],[121.62263,18.09774],[121.62263,18.09765]]],[[[121.62299,18.08717],[121.62356,18.08717],[121.62356,18.08708],[121.62375,18.08699],[121.62384,18.08699],[121.62384,18.0869],[121.62398,18.08682],[121.62385,18.08672],[121.62385,18.08654],[121.62375,18.08654],[121.62375,18.08645],[121.62357,18.08645],[121.62357,18.08636],[121.62347,18.08636],[121.62347,18.08627],[121.62338,18.08627],[121.62338,18.08618],[121.62347,18.08618],[121.62347,18.08609],[121.62366,18.086],[121.62376,18.086],[121.62368,18.08621],[121.62427,18.08676],[121.62427,18.08696],[121.62361,18.08726],[121.62407,18.08755],[121.62478,18.08782],[121.62439,18.08818],[121.62412,18.08826],[121.62412,18.08817],[121.62421,18.08817],[121.62421,18.08808],[121.62431,18.08808],[121.62431,18.08799],[121.62444,18.0879],[121.62431,18.08781],[121.62422,18.08781],[121.62422,18.08772],[121.62412,18.08772],[121.62393,18.08763],[121.62393,18.08754],[121.62384,18.08754],[121.62371,18.08748],[121.62356,18.08744],[121.62356,18.08735],[121.62309,18.08735],[121.62309,18.08726],[121.62299,18.08726],[121.62299,18.08717]]],[[[121.62364,18.08844],[121.62402,18.08826],[121.62412,18.08826],[121.62395,18.08851],[121.62402,18.0888],[121.62392,18.0888],[121.62374,18.08871],[121.62374,18.08862],[121.62364,18.08862],[121.62364,18.08844]]],[[[121.62366,18.09811],[121.62376,18.09811],[121.62376,18.09784],[121.62385,18.09784],[121.62388,18.09799],[121.62395,18.09811],[121.62395,18.0982],[121.62366,18.0982],[121.62366,18.09811]]],[[[121.62367,18.09775],[121.62376,18.09775],[121.62376,18.09784],[121.62367,18.09784],[121.62367,18.09775]]],[[[121.624,18.0916],[121.62409,18.09161],[121.62438,18.09161],[121.62437,18.0917],[121.624,18.09169],[121.624,18.0916]]],[[[121.62437,18.0917],[121.62456,18.0917],[121.62456,18.09179],[121.62437,18.09179],[121.62437,18.0917]]],[[[121.62619,18.10156],[121.62628,18.10156],[121.62628,18.10147],[121.62638,18.10147],[121.62638,18.10138],[121.62647,18.10138],[121.62648,18.10102],[121.62657,18.10102],[121.62657,18.10039],[121.62658,18.10003],[121.62667,18.10003],[121.62667,18.09985],[121.62668,18.09958],[121.62677,18.09958],[121.62677,18.0994],[121.62687,18.0994],[121.62687,18.09922],[121.62696,18.09922],[121.62696,18.09904],[121.62715,18.09904],[121.62692,18.09951],[121.62675,18.1002],[121.62659,18.10135],[121.62676,18.10129],[121.62676,18.10147],[121.62666,18.10147],[121.62666,18.10156],[121.62638,18.10156],[121.62638,18.10165],[121.62619,18.10165],[121.62619,18.10156]]],[[[121.62676,18.10129],[121.62684,18.10067],[121.62749,18.10019],[121.62888,18.10001],[121.62894,18.10054],[121.62883,18.10137],[121.62904,18.10172],[121.62907,18.10199],[121.62904,18.10225],[121.62936,18.1019],[121.62944,18.10162],[121.62955,18.10136],[121.62965,18.10055],[121.63003,18.1001],[121.63014,18.09952],[121.6304,18.09937],[121.6308,18.09921],[121.63062,18.09874],[121.63099,18.0983],[121.63124,18.09791],[121.63166,18.09767],[121.63219,18.09725],[121.6327,18.09705],[121.63274,18.097],[121.63303,18.097],[121.63303,18.09709],[121.63312,18.09709],[121.63312,18.09718],[121.63321,18.09718],[121.63321,18.09727],[121.63331,18.09727],[121.63331,18.09736],[121.63312,18.09736],[121.63312,18.09727],[121.63284,18.09727],[121.63284,18.09718],[121.63255,18.09718],[121.63255,18.09727],[121.63236,18.09727],[121.63236,18.09736],[121.63217,18.09736],[121.63217,18.09745],[121.63208,18.09745],[121.63208,18.09754],[121.63198,18.09754],[121.63198,18.09763],[121.63189,18.09762],[121.63189,18.09772],[121.63179,18.09771],[121.63179,18.0978],[121.6317,18.0978],[121.6317,18.09789],[121.6316,18.09789],[121.6316,18.09798],[121.63151,18.09798],[121.63151,18.09807],[121.63132,18.09807],[121.63132,18.09816],[121.63122,18.09816],[121.63122,18.09825],[121.63113,18.09825],[121.63113,18.09834],[121.63088,18.09865],[121.63084,18.09879],[121.63072,18.09884],[121.63084,18.09888],[121.63084,18.09906],[121.63093,18.09906],[121.63093,18.09915],[121.63103,18.09915],[121.63102,18.09925],[121.63102,18.09934],[121.63112,18.09934],[121.63112,18.09952],[121.63121,18.09952],[121.63121,18.0997],[121.6313,18.0997],[121.6313,18.09988],[121.63121,18.09988],[121.63121,18.09979],[121.63102,18.09979],[121.63102,18.0997],[121.63093,18.0997],[121.63074,18.0996],[121.63074,18.09951],[121.63064,18.09951],[121.63033,18.09956],[121.63026,18.09978],[121.63017,18.09978],[121.63017,18.10005],[121.63026,18.10005],[121.63026,18.10014],[121.63017,18.10014],[121.63017,18.10023],[121.63007,18.10023],[121.63007,18.10032],[121.62998,18.10032],[121.62998,18.10041],[121.62988,18.10041],[121.62988,18.1005],[121.62979,18.1005],[121.62979,18.10068],[121.62969,18.10068],[121.62969,18.10104],[121.62978,18.10104],[121.62978,18.10113],[121.62969,18.10113],[121.62969,18.10131],[121.62968,18.10149],[121.62959,18.10149],[121.62959,18.10177],[121.62949,18.10176],[121.62949,18.10185],[121.62945,18.102],[121.62921,18.1023],[121.62908,18.10236],[121.62902,18.10248],[121.62892,18.10248],[121.62892,18.10266],[121.62882,18.10266],[121.62882,18.10275],[121.62873,18.10275],[121.62873,18.10293],[121.62863,18.10293],[121.62863,18.10284],[121.62854,18.10284],[121.62857,18.1026],[121.62864,18.10248],[121.62873,18.10248],[121.62873,18.10239],[121.62874,18.10203],[121.62874,18.10149],[121.62864,18.10149],[121.62865,18.10113],[121.62874,18.10113],[121.62874,18.10104],[121.62875,18.10031],[121.62875,18.10022],[121.62865,18.10022],[121.62866,18.10013],[121.62837,18.10013],[121.62837,18.10022],[121.62771,18.10022],[121.62771,18.10031],[121.62752,18.1003],[121.62752,18.10039],[121.62742,18.10039],[121.62742,18.10048],[121.62733,18.10048],[121.62733,18.10057],[121.62702,18.10078],[121.62695,18.10102],[121.62685,18.10102],[121.62685,18.10129],[121.62676,18.10129]]],[[[121.62715,18.09895],[121.62734,18.09886],[121.62744,18.09886],[121.62736,18.099],[121.62715,18.09904],[121.62715,18.09895]]],[[[121.62744,18.09877],[121.62763,18.09868],[121.62772,18.09868],[121.62765,18.09882],[121.62744,18.09886],[121.62744,18.09877]]],[[[121.62854,18.10293],[121.62863,18.10293],[121.62863,18.10302],[121.62854,18.10302],[121.62854,18.10293]]],[[[121.62865,18.08339],[121.62948,18.08329],[121.62987,18.08356],[121.6303,18.08366],[121.63062,18.08405],[121.63109,18.08392],[121.63148,18.08385],[121.63166,18.08375],[121.6319,18.08365],[121.6321,18.08368],[121.63228,18.08389],[121.63209,18.08389],[121.63209,18.0838],[121.63171,18.0838],[121.63171,18.08389],[121.63152,18.08398],[121.63143,18.08398],[121.63143,18.08407],[121.63105,18.08406],[121.63095,18.08406],[121.63095,18.08415],[121.63057,18.08424],[121.63048,18.08424],[121.63048,18.08415],[121.63039,18.08415],[121.63039,18.08397],[121.63029,18.08397],[121.63022,18.08382],[121.62992,18.08378],[121.62992,18.08369],[121.62973,18.08369],[121.62973,18.0836],[121.62945,18.0836],[121.62945,18.08351],[121.62916,18.08351],[121.62916,18.0836],[121.62888,18.0836],[121.62888,18.08369],[121.62887,18.08414],[121.62887,18.08423],[121.62876,18.08414],[121.62865,18.08339]]],[[[121.62887,18.08423],[121.62897,18.08423],[121.62897,18.08441],[121.62887,18.08441],[121.62887,18.08423]]],[[[121.62897,18.08441],[121.62906,18.08441],[121.62906,18.0845],[121.62897,18.0845],[121.62897,18.08441]]],[[[121.62906,18.0845],[121.62915,18.0845],[121.62928,18.08456],[121.62972,18.0846],[121.62969,18.08466],[121.62944,18.08478],[121.62913,18.08463],[121.62906,18.0845]]],[[[121.62911,18.09646],[121.62925,18.09634],[121.62925,18.09643],[121.62953,18.09643],[121.62954,18.09634],[121.62972,18.09634],[121.62972,18.09625],[121.62982,18.09625],[121.62982,18.09598],[121.62973,18.09598],[121.62973,18.09589],[121.62926,18.09589],[121.62925,18.09598],[121.62925,18.09625],[121.62912,18.09616],[121.62924,18.09567],[121.62966,18.09576],[121.62995,18.09595],[121.63105,18.09599],[121.63105,18.09608],[121.63058,18.09608],[121.63058,18.09617],[121.63029,18.09617],[121.63029,18.09626],[121.63012,18.09629],[121.63023,18.0965],[121.63038,18.09653],[121.63038,18.09662],[121.63048,18.09662],[121.63067,18.09671],[121.63067,18.0968],[121.63076,18.0968],[121.63114,18.09681],[121.63161,18.09681],[121.63161,18.0969],[121.6317,18.0969],[121.63274,18.09691],[121.63274,18.097],[121.63177,18.09704],[121.63132,18.09693],[121.6309,18.09694],[121.63043,18.09682],[121.62985,18.09643],[121.62922,18.09659],[121.62911,18.09646]]],[[[121.62991,18.0846],[121.6301,18.0846],[121.6301,18.08469],[121.62991,18.08469],[121.62991,18.0846]]],[[[121.6301,18.08469],[121.63019,18.08469],[121.63019,18.08487],[121.6301,18.08487],[121.6301,18.08469]]],[[[121.63019,18.08487],[121.63029,18.08487],[121.63029,18.08496],[121.63038,18.08496],[121.63038,18.08505],[121.63019,18.08505],[121.63019,18.08487]]],[[[121.63038,18.08505],[121.63057,18.08505],[121.63057,18.08515],[121.63038,18.08514],[121.63038,18.08505]]],[[[121.63057,18.08515],[121.63095,18.08515],[121.63094,18.08524],[121.63057,18.08524],[121.63057,18.08515]]],[[[121.63094,18.08524],[121.63113,18.08524],[121.63113,18.08533],[121.63123,18.08533],[121.63123,18.08542],[121.63132,18.08542],[121.63132,18.08551],[121.6317,18.08551],[121.6317,18.0856],[121.63179,18.08561],[121.63185,18.08573],[121.63198,18.08579],[121.63198,18.08597],[121.63169,18.08597],[121.63169,18.08606],[121.63172,18.0863],[121.63179,18.08642],[121.63178,18.08651],[121.63188,18.08651],[121.63195,18.08665],[121.63216,18.08669],[121.63216,18.08678],[121.63244,18.08678],[121.63259,18.08686],[121.63263,18.08715],[121.63263,18.08724],[121.63272,18.08724],[121.6328,18.08738],[121.63272,18.08742],[121.63263,18.08742],[121.63263,18.08751],[121.63253,18.08751],[121.63253,18.0876],[121.63256,18.08784],[121.63262,18.08796],[121.63262,18.08805],[121.63272,18.08805],[121.63272,18.08823],[121.63258,18.08832],[121.63271,18.08841],[121.63281,18.08841],[121.63281,18.0885],[121.6329,18.08851],[121.6329,18.0886],[121.633,18.0886],[121.633,18.08869],[121.63309,18.08869],[121.63309,18.08878],[121.63318,18.08878],[121.63322,18.08893],[121.63328,18.08905],[121.63313,18.08901],[121.63284,18.08866],[121.63233,18.08851],[121.63241,18.08796],[121.63238,18.08773],[121.63249,18.08737],[121.63244,18.08698],[121.63185,18.08681],[121.6314,18.08608],[121.63166,18.08574],[121.63123,18.08564],[121.63094,18.08524]]],[[[121.63105,18.0959],[121.63124,18.0959],[121.63124,18.09599],[121.63105,18.09599],[121.63105,18.0959]]],[[[121.63124,18.09581],[121.63133,18.09581],[121.63133,18.0959],[121.63124,18.0959],[121.63124,18.09581]]],[[[121.63133,18.09581],[121.63134,18.09572],[121.63143,18.09572],[121.63143,18.09581],[121.63133,18.09581]]],[[[121.63143,18.09563],[121.63153,18.09563],[121.63152,18.09572],[121.63143,18.09572],[121.63143,18.09563]]],[[[121.63153,18.09554],[121.63162,18.09554],[121.63162,18.09563],[121.63153,18.09563],[121.63153,18.09554]]],[[[121.63162,18.09554],[121.63166,18.09549],[121.63282,18.09543],[121.63334,18.09564],[121.63341,18.09592],[121.63322,18.09583],[121.633,18.0956],[121.63171,18.09555],[121.63162,18.09554]]],[[[121.63218,18.08452],[121.63227,18.08452],[121.63227,18.08443],[121.63237,18.08443],[121.63237,18.08398],[121.63242,18.08402],[121.63252,18.08459],[121.6329,18.08454],[121.63281,18.08388],[121.633,18.08358],[121.6338,18.0835],[121.63418,18.08372],[121.63407,18.08418],[121.63426,18.08418],[121.63426,18.08427],[121.63407,18.08436],[121.63397,18.08436],[121.63397,18.08445],[121.63378,18.08454],[121.63379,18.08435],[121.63395,18.08405],[121.63398,18.08381],[121.63398,18.08372],[121.63389,18.08372],[121.63389,18.08363],[121.63322,18.08363],[121.63322,18.08372],[121.63313,18.08372],[121.63313,18.08381],[121.63303,18.08381],[121.63303,18.08444],[121.63312,18.08444],[121.63312,18.08453],[121.63322,18.08453],[121.63322,18.08462],[121.63312,18.08462],[121.63312,18.08471],[121.63299,18.08477],[121.63284,18.0848],[121.63265,18.0848],[121.63265,18.08489],[121.63227,18.08489],[121.63227,18.0848],[121.63218,18.0848],[121.63218,18.08452]],[[121.63407,18.08418],[121.63396,18.08421],[121.63404,18.08429],[121.63407,18.08418]]],[[[121.63228,18.08389],[121.63237,18.08389],[121.63237,18.08398],[121.63228,18.08398],[121.63228,18.08389]]],[[[121.63328,18.08905],[121.63337,18.08905],[121.63337,18.08914],[121.63328,18.08914],[121.63328,18.08905]]],[[[121.63331,18.09736],[121.6334,18.09736],[121.6334,18.09745],[121.63331,18.09745],[121.63331,18.09736]]],[[[121.63337,18.08914],[121.63347,18.08914],[121.63346,18.08923],[121.63337,18.08923],[121.63337,18.08914]]],[[[121.63341,18.09592],[121.63351,18.09592],[121.63351,18.09601],[121.63341,18.09601],[121.63341,18.09592]]],[[[121.63346,18.08923],[121.63365,18.08923],[121.63365,18.08932],[121.63346,18.08932],[121.63346,18.08923]]],[[[121.63351,18.09601],[121.6336,18.09601],[121.6336,18.0961],[121.63351,18.0961],[121.63351,18.09601]]],[[[121.6336,18.0961],[121.63369,18.0961],[121.63369,18.09619],[121.6336,18.09619],[121.6336,18.0961]]],[[[121.63365,18.08932],[121.63384,18.08933],[121.63384,18.08923],[121.63403,18.08924],[121.63396,18.08937],[121.63372,18.08944],[121.63365,18.08932]]],[[[121.63367,18.08752],[121.63376,18.08752],[121.63376,18.08761],[121.63395,18.08761],[121.63404,18.08774],[121.63414,18.08761],[121.63423,18.08761],[121.63423,18.08752],[121.63452,18.08716],[121.63461,18.08716],[121.63462,18.08707],[121.63471,18.08707],[121.63471,18.08725],[121.6345,18.08742],[121.63414,18.08797],[121.63404,18.08797],[121.63404,18.08788],[121.63385,18.08788],[121.63385,18.0877],[121.63367,18.0877],[121.63367,18.08752]]],[[[121.63368,18.08598],[121.63387,18.08598],[121.63387,18.08607],[121.63368,18.08607],[121.63368,18.08598]]],[[[121.63369,18.09619],[121.63389,18.09625],[121.63417,18.09659],[121.63466,18.09688],[121.63481,18.09741],[121.63474,18.09792],[121.63486,18.09823],[121.63495,18.09851],[121.63539,18.09904],[121.63568,18.09916],[121.63579,18.09942],[121.63592,18.09963],[121.63627,18.09977],[121.63631,18.09982],[121.63593,18.09982],[121.63593,18.09973],[121.63584,18.09973],[121.63584,18.09964],[121.63575,18.09964],[121.63575,18.09955],[121.63565,18.09955],[121.63546,18.09946],[121.63546,18.09937],[121.63537,18.09937],[121.63537,18.09928],[121.63528,18.09928],[121.63528,18.09918],[121.63518,18.09918],[121.63509,18.099],[121.63509,18.09891],[121.635,18.09891],[121.63481,18.09864],[121.63481,18.09855],[121.63472,18.09855],[121.63472,18.09837],[121.63462,18.09837],[121.63462,18.09819],[121.63453,18.09819],[121.63453,18.09791],[121.63463,18.09792],[121.63463,18.09764],[121.63472,18.09764],[121.63472,18.09737],[121.63463,18.09737],[121.63463,18.09701],[121.63454,18.09701],[121.63454,18.09692],[121.63444,18.09692],[121.63445,18.09683],[121.63426,18.09683],[121.63426,18.09674],[121.63416,18.09674],[121.63397,18.09664],[121.63388,18.09646],[121.63388,18.09637],[121.63379,18.09637],[121.63379,18.09628],[121.63369,18.09628],[121.63369,18.09619]]],[[[121.63387,18.08607],[121.63415,18.08607],[121.63424,18.0862],[121.63434,18.08608],[121.63462,18.08608],[121.63462,18.08617],[121.63472,18.08617],[121.63472,18.08635],[121.63481,18.08635],[121.63481,18.08653],[121.6349,18.08653],[121.6349,18.08662],[121.63519,18.08662],[121.63518,18.08671],[121.63509,18.08671],[121.63509,18.08689],[121.63499,18.08689],[121.63499,18.08716],[121.6349,18.08734],[121.6348,18.08734],[121.6348,18.0878],[121.63489,18.0878],[121.63489,18.08798],[121.63499,18.08798],[121.63517,18.08807],[121.63517,18.08816],[121.63536,18.08816],[121.63536,18.08825],[121.63555,18.08825],[121.63564,18.08838],[121.63574,18.08825],[121.63583,18.08825],[121.63584,18.08789],[121.63584,18.08753],[121.63593,18.08753],[121.63593,18.08762],[121.63612,18.08762],[121.63612,18.0878],[121.6359,18.08771],[121.636,18.08817],[121.63595,18.08838],[121.63566,18.08847],[121.63487,18.08812],[121.63458,18.08772],[121.63471,18.08725],[121.6348,18.08725],[121.6348,18.08707],[121.63471,18.08707],[121.63471,18.0868],[121.63462,18.0868],[121.63459,18.08665],[121.63452,18.08653],[121.63453,18.08644],[121.63434,18.08644],[121.63434,18.08635],[121.63415,18.08635],[121.63415,18.08625],[121.63396,18.08625],[121.63396,18.08616],[121.63387,18.08616],[121.63387,18.08607]],[[121.6348,18.08707],[121.63492,18.08704],[121.63484,18.08696],[121.6348,18.08707]]],[[[121.63403,18.08915],[121.63413,18.08915],[121.63413,18.08924],[121.63403,18.08924],[121.63403,18.08915]]],[[[121.63413,18.08806],[121.63414,18.08797],[121.63435,18.0881],[121.63452,18.08857],[121.63428,18.08905],[121.63413,18.08915],[121.63413,18.08888],[121.63422,18.08888],[121.63422,18.0887],[121.63432,18.0887],[121.63432,18.08833],[121.63423,18.08833],[121.6342,18.08818],[121.63413,18.08806]]],[[[121.63426,18.08418],[121.63431,18.08413],[121.63441,18.08404],[121.63474,18.08405],[121.63487,18.08459],[121.63518,18.08414],[121.63553,18.08432],[121.63635,18.08442],[121.63647,18.0847],[121.63633,18.08482],[121.63634,18.08455],[121.63624,18.08455],[121.63624,18.08446],[121.63586,18.08446],[121.63586,18.08455],[121.63558,18.08455],[121.63539,18.08446],[121.6353,18.08433],[121.6352,18.08445],[121.63511,18.08445],[121.63511,18.08464],[121.63501,18.08463],[121.63501,18.08472],[121.63495,18.08484],[121.63482,18.0849],[121.63482,18.08481],[121.63463,18.08481],[121.63463,18.08472],[121.63454,18.08472],[121.63454,18.08463],[121.63463,18.08463],[121.63463,18.08454],[121.63464,18.08427],[121.63454,18.08427],[121.63454,18.08418],[121.63426,18.08418]]],[[[121.63612,18.0878],[121.63622,18.08781],[121.63631,18.08799],[121.63636,18.0881],[121.6364,18.08799],[121.63644,18.08766],[121.6365,18.08754],[121.6366,18.08754],[121.6366,18.08745],[121.63669,18.08745],[121.63669,18.087],[121.63682,18.08706],[121.63696,18.08732],[121.63735,18.08736],[121.63745,18.08736],[121.63745,18.08745],[121.63735,18.08745],[121.63735,18.08754],[121.63726,18.08754],[121.63726,18.08763],[121.63707,18.08763],[121.63707,18.08772],[121.63688,18.08772],[121.63688,18.08781],[121.63678,18.08781],[121.63678,18.08853],[121.63687,18.08853],[121.6369,18.08868],[121.63696,18.0888],[121.63696,18.0889],[121.63674,18.08872],[121.63664,18.08797],[121.63678,18.08763],[121.63655,18.08768],[121.63646,18.08813],[121.63623,18.0882],[121.63612,18.0878]],[[121.63678,18.08763],[121.6369,18.0876],[121.63682,18.08752],[121.63678,18.08763]]],[[[121.63621,18.08488],[121.63633,18.08482],[121.63638,18.08507],[121.63694,18.08504],[121.63696,18.08531],[121.63647,18.0861],[121.63662,18.08632],[121.63788,18.08643],[121.63815,18.08666],[121.63837,18.08701],[121.63874,18.08733],[121.63908,18.08804],[121.63959,18.08831],[121.64022,18.0885],[121.64024,18.08877],[121.63987,18.08922],[121.63917,18.09067],[121.63904,18.09116],[121.63848,18.09157],[121.6382,18.09143],[121.63823,18.09102],[121.63787,18.0912],[121.63757,18.09122],[121.63738,18.09087],[121.63749,18.08986],[121.63785,18.08984],[121.63842,18.08987],[121.63833,18.08976],[121.63821,18.08966],[121.63824,18.08922],[121.63814,18.08913],[121.6381,18.0889],[121.63781,18.0889],[121.63781,18.08872],[121.63791,18.08872],[121.63796,18.08884],[121.638,18.08872],[121.63819,18.08872],[121.63819,18.08863],[121.63838,18.08863],[121.63838,18.08854],[121.63848,18.08854],[121.63848,18.08882],[121.63838,18.08881],[121.63838,18.08891],[121.63829,18.0889],[121.63829,18.089],[121.63828,18.08909],[121.63866,18.08909],[121.63866,18.089],[121.63876,18.089],[121.63876,18.08927],[121.63866,18.08927],[121.63866,18.08936],[121.63857,18.08936],[121.63857,18.08945],[121.63843,18.08954],[121.63856,18.08963],[121.63856,18.08972],[121.63866,18.08972],[121.63866,18.08999],[121.63847,18.08999],[121.63847,18.09008],[121.63769,18.08998],[121.63762,18.09007],[121.63752,18.09007],[121.63752,18.09071],[121.63751,18.09089],[121.63751,18.09098],[121.63761,18.09098],[121.63761,18.09107],[121.63789,18.09107],[121.63789,18.09098],[121.63805,18.09095],[121.6383,18.09083],[121.63846,18.0908],[121.63855,18.0908],[121.63862,18.09085],[121.63846,18.09107],[121.63832,18.09117],[121.63845,18.09138],[121.63855,18.09126],[121.63874,18.09126],[121.63874,18.09117],[121.63884,18.09117],[121.63884,18.09108],[121.63893,18.09108],[121.63893,18.09072],[121.63903,18.09072],[121.63903,18.09036],[121.63913,18.09036],[121.63913,18.09018],[121.63922,18.09018],[121.63922,18.09],[121.63932,18.09],[121.63932,18.08973],[121.63941,18.08973],[121.63941,18.08964],[121.63951,18.08946],[121.6396,18.08946],[121.63961,18.08937],[121.63961,18.08928],[121.6397,18.08928],[121.6397,18.0891],[121.6398,18.0891],[121.6398,18.08901],[121.63999,18.08874],[121.64012,18.08865],[121.63999,18.08856],[121.6398,18.08855],[121.6398,18.08846],[121.63952,18.08846],[121.63952,18.08837],[121.63933,18.08837],[121.63933,18.08828],[121.63914,18.08828],[121.63914,18.08819],[121.63905,18.08819],[121.63905,18.0881],[121.63886,18.0881],[121.63886,18.08791],[121.63877,18.08791],[121.63874,18.08758],[121.63868,18.08746],[121.63868,18.08737],[121.63858,18.08737],[121.63839,18.08728],[121.63839,18.08719],[121.6383,18.08719],[121.63821,18.08701],[121.63821,18.08692],[121.63811,18.08692],[121.63811,18.08683],[121.63802,18.08682],[121.63802,18.08673],[121.63792,18.08673],[121.63793,18.08664],[121.63783,18.08664],[121.63771,18.08658],[121.63755,18.08655],[121.63755,18.08646],[121.63698,18.08646],[121.63698,18.08655],[121.63689,18.08655],[121.63689,18.08645],[121.63651,18.08645],[121.63651,18.08636],[121.63642,18.08636],[121.63642,18.08627],[121.63632,18.08627],[121.63636,18.08603],[121.63648,18.08579],[121.63652,18.08564],[121.63661,18.08564],[121.63661,18.08537],[121.63652,18.08537],[121.63652,18.08528],[121.63642,18.08528],[121.63628,18.08521],[121.63621,18.08488]],[[121.6381,18.0889],[121.63821,18.08887],[121.63813,18.08879],[121.6381,18.0889]]],[[[121.63641,18.09983],[121.63669,18.09983],[121.63669,18.09992],[121.63641,18.09992],[121.63641,18.09983]]],[[[121.63663,18.09002],[121.63683,18.08976],[121.63705,18.08971],[121.63701,18.09009],[121.63663,18.09002]]],[[[121.63669,18.09992],[121.63684,18.09996],[121.63711,18.10006],[121.63769,18.10014],[121.63795,18.1003],[121.63861,18.10044],[121.63952,18.10048],[121.63952,18.10057],[121.63933,18.10057],[121.63857,18.10056],[121.63848,18.10056],[121.63839,18.10044],[121.63829,18.10056],[121.6382,18.10056],[121.6382,18.10047],[121.63782,18.10047],[121.63782,18.10038],[121.63772,18.10038],[121.63773,18.10029],[121.63763,18.10029],[121.63763,18.1002],[121.63735,18.10019],[121.63725,18.10019],[121.63725,18.10028],[121.63716,18.10028],[121.63716,18.10019],[121.63678,18.10019],[121.63678,18.10001],[121.63669,18.10001],[121.63669,18.09992]]],[[[121.63696,18.0889],[121.63706,18.0889],[121.63706,18.08908],[121.63715,18.08908],[121.63715,18.08917],[121.63724,18.08917],[121.63729,18.08928],[121.63734,18.08917],[121.63743,18.08917],[121.63743,18.08908],[121.63753,18.08908],[121.63753,18.08827],[121.63772,18.08827],[121.63772,18.08818],[121.63782,18.08818],[121.63782,18.08809],[121.63791,18.08809],[121.63791,18.08818],[121.63801,18.08818],[121.63801,18.08827],[121.63794,18.08839],[121.63791,18.08854],[121.63782,18.08854],[121.63781,18.08872],[121.63772,18.08872],[121.63772,18.08845],[121.63763,18.08852],[121.6377,18.08899],[121.63765,18.08929],[121.63709,18.08966],[121.63696,18.0889]],[[121.63772,18.08845],[121.63784,18.08842],[121.63776,18.08834],[121.63772,18.08845]]],[[[121.63791,18.088],[121.63792,18.08791],[121.63801,18.08791],[121.63801,18.08773],[121.6382,18.08782],[121.63817,18.08806],[121.6381,18.08818],[121.63801,18.08818],[121.63801,18.08809],[121.63791,18.08809],[121.63791,18.088]]],[[[121.63808,18.10273],[121.63809,18.10264],[121.63818,18.10264],[121.63818,18.10273],[121.63808,18.10273]]],[[[121.63818,18.10273],[121.63827,18.10273],[121.63827,18.10282],[121.63818,18.10282],[121.63818,18.10273]]],[[[121.63827,18.10282],[121.63837,18.10282],[121.63837,18.10309],[121.63846,18.10309],[121.63846,18.10318],[121.63855,18.10318],[121.63855,18.10327],[121.63865,18.10328],[121.63884,18.10328],[121.63884,18.10337],[121.63921,18.10337],[121.63921,18.10346],[121.63857,18.10349],[121.63864,18.10364],[121.63849,18.1036],[121.63827,18.10345],[121.63827,18.10282]]],[[[121.63864,18.10364],[121.63905,18.10369],[121.63916,18.10405],[121.63961,18.10418],[121.6402,18.10451],[121.64101,18.1043],[121.64152,18.10411],[121.64193,18.10427],[121.64215,18.10477],[121.64220586706922,18.10510520241532],[121.64203541252228,18.105102574599037],[121.64204,18.10502],[121.64204,18.10484],[121.64194,18.10483],[121.64194,18.10456],[121.64195,18.10447],[121.64185,18.10447],[121.64185,18.10438],[121.64176,18.10438],[121.64176,18.10429],[121.64129,18.10429],[121.64128,18.10438],[121.6411,18.10438],[121.6411,18.10447],[121.64081,18.10447],[121.64072,18.10446],[121.64072,18.10455],[121.64034,18.10455],[121.64034,18.10464],[121.64024,18.10464],[121.64024,18.10473],[121.64015,18.10473],[121.64015,18.10482],[121.64008,18.10479],[121.63996,18.10455],[121.63996,18.10446],[121.63987,18.10446],[121.63974,18.1044],[121.63958,18.10437],[121.63958,18.10428],[121.63949,18.10428],[121.63892,18.10427],[121.63892,18.10418],[121.63906,18.1041],[121.63896,18.10377],[121.63864,18.10373],[121.63864,18.10364]]],[[[121.63912,18.09246],[121.63941,18.09183],[121.64011,18.09125],[121.64021,18.09077],[121.6404,18.0905],[121.64068,18.09005],[121.64093,18.08972],[121.64187,18.08965],[121.64206,18.08993],[121.64196,18.08992],[121.64177,18.08983],[121.64178,18.08974],[121.64168,18.08974],[121.64143,18.08977],[121.6413,18.08983],[121.64121,18.08983],[121.64121,18.08992],[121.64111,18.08992],[121.64111,18.09001],[121.64092,18.09001],[121.64092,18.0901],[121.64083,18.0901],[121.64083,18.09028],[121.64073,18.09028],[121.64073,18.09046],[121.64064,18.09046],[121.64063,18.09064],[121.64054,18.09064],[121.64054,18.09073],[121.64045,18.09073],[121.64044,18.09082],[121.64035,18.09082],[121.64035,18.09145],[121.64044,18.09145],[121.64063,18.09154],[121.64072,18.09172],[121.64072,18.09181],[121.64081,18.09181],[121.64086,18.09193],[121.64091,18.09181],[121.64091,18.09145],[121.64082,18.09145],[121.64082,18.09082],[121.64092,18.09082],[121.64092,18.09073],[121.64101,18.09073],[121.64101,18.09091],[121.64111,18.09091],[121.6411,18.09109],[121.6411,18.09118],[121.6412,18.09118],[121.64127,18.09147],[121.64157,18.09155],[121.64167,18.09155],[121.64167,18.09146],[121.64186,18.09137],[121.64195,18.09137],[121.64195,18.09128],[121.64214,18.09119],[121.64224,18.09119],[121.64224,18.0911],[121.64233,18.0911],[121.64233,18.09101],[121.64243,18.09101],[121.64243,18.0911],[121.64271,18.0911],[121.6428,18.09129],[121.64271,18.09129],[121.64271,18.09138],[121.64261,18.09137],[121.64261,18.09147],[121.64242,18.09146],[121.64233,18.09146],[121.64233,18.09155],[121.64195,18.09182],[121.64185,18.09182],[121.64185,18.09191],[121.64166,18.09191],[121.64166,18.092],[121.64153,18.09209],[121.64166,18.09218],[121.64166,18.09227],[121.64157,18.09227],[121.64157,18.09254],[121.64151,18.09251],[121.64144,18.09197],[121.64222,18.09147],[121.64216,18.09133],[121.64172,18.0916],[121.64132,18.09167],[121.64106,18.09131],[121.64101,18.09127],[121.6411,18.09181],[121.64087,18.09213],[121.6405,18.09165],[121.64036,18.09181],[121.64041,18.09213],[121.64037,18.09235],[121.6404,18.09253],[121.64071,18.09277],[121.64065,18.09317],[121.64022,18.0933],[121.64005,18.09307],[121.64014,18.09307],[121.64024,18.09308],[121.64028,18.09319],[121.64033,18.09308],[121.64052,18.09308],[121.64052,18.09299],[121.64064,18.09294],[121.64052,18.0929],[121.64024,18.09253],[121.64024,18.09244],[121.64015,18.09244],[121.64015,18.09235],[121.64024,18.09235],[121.64024,18.09226],[121.64025,18.09181],[121.64025,18.09163],[121.63997,18.09163],[121.63997,18.09172],[121.63978,18.09172],[121.63978,18.09181],[121.63968,18.09181],[121.63968,18.0919],[121.63959,18.0919],[121.63959,18.09199],[121.63949,18.09199],[121.63949,18.09217],[121.63939,18.09217],[121.63939,18.09226],[121.6393,18.09226],[121.6393,18.09244],[121.6392,18.09244],[121.6392,18.09253],[121.63912,18.09246]],[[121.64101,18.09127],[121.64098,18.09116],[121.64089,18.09124],[121.64101,18.09127]]],[[[121.6392,18.09253],[121.6393,18.09253],[121.63936,18.09284],[121.63948,18.09271],[121.63958,18.09271],[121.63958,18.09262],[121.63967,18.09262],[121.63967,18.09271],[121.63977,18.09271],[121.63977,18.0928],[121.63986,18.0928],[121.63992,18.09292],[121.64005,18.09298],[121.64005,18.09307],[121.63988,18.09305],[121.63974,18.09291],[121.63922,18.09286],[121.6392,18.09253]]],[[[121.63921,18.10346],[121.63959,18.10346],[121.63959,18.10355],[121.63921,18.10355],[121.63921,18.10346]]],[[[121.63952,18.10039],[121.63961,18.10039],[121.63961,18.10048],[121.63952,18.10048],[121.63952,18.10039]]],[[[121.63959,18.10355],[121.63978,18.10355],[121.63968,18.10368],[121.63959,18.10355]]],[[[121.63961,18.10039],[121.63962,18.1003],[121.63971,18.1003],[121.63971,18.10039],[121.63961,18.10039]]],[[[121.63971,18.1003],[121.63979,18.10016],[121.63999,18.10012],[121.63999,18.10021],[121.6399,18.10021],[121.6399,18.1003],[121.63971,18.1003]]],[[[121.63987,18.10346],[121.63997,18.10347],[121.63997,18.10337],[121.64006,18.10338],[121.64006,18.10356],[121.63987,18.10355],[121.63987,18.10346]]],[[[121.63999,18.10012],[121.64,18.10003],[121.64018,18.10003],[121.64018,18.10012],[121.63999,18.10012]]],[[[121.64006,18.10329],[121.64016,18.10329],[121.64016,18.10338],[121.64006,18.10338],[121.64006,18.10329]]],[[[121.64016,18.1032],[121.64025,18.1032],[121.64026,18.10311],[121.64044,18.10311],[121.64037,18.10325],[121.64016,18.10329],[121.64016,18.1032]]],[[[121.64018,18.10003],[121.64019,18.09994],[121.64037,18.09994],[121.64037,18.10003],[121.64018,18.10003]]],[[[121.64037,18.09985],[121.64056,18.09985],[121.64056,18.09995],[121.64037,18.09994],[121.64037,18.09985]]],[[[121.64044,18.10302],[121.64054,18.10302],[121.64054,18.10311],[121.64044,18.10311],[121.64044,18.10302]]],[[[121.64054,18.10257],[121.64055,18.1022],[121.64064,18.1022],[121.64064,18.10211],[121.6407,18.10215],[121.64076,18.10291],[121.64054,18.10302],[121.64054,18.10284],[121.64064,18.10284],[121.64064,18.10257],[121.64054,18.10257]]],[[[121.64055,18.10166],[121.64064,18.10166],[121.64064,18.10175],[121.64074,18.10175],[121.64074,18.10184],[121.64055,18.10184],[121.64055,18.10166]]],[[[121.64056,18.09985],[121.64063,18.09978],[121.64111,18.09982],[121.64202,18.10055],[121.6425,18.10081],[121.64281,18.10124],[121.64275,18.10186],[121.64244,18.10195],[121.64244,18.10186],[121.64259,18.10179],[121.64263,18.10159],[121.64272,18.10159],[121.64273,18.10132],[121.64263,18.10132],[121.64263,18.10113],[121.64254,18.10113],[121.64238,18.10092],[121.64216,18.10086],[121.64216,18.10077],[121.64197,18.10077],[121.64197,18.10068],[121.64188,18.10068],[121.64188,18.10059],[121.64179,18.10059],[121.64179,18.1005],[121.64169,18.1005],[121.64169,18.10041],[121.6416,18.1004],[121.6416,18.10031],[121.64151,18.10031],[121.64151,18.10022],[121.64132,18.10022],[121.64132,18.10013],[121.64122,18.10013],[121.641,18.09999],[121.64085,18.09995],[121.64085,18.09986],[121.64056,18.09985]]],[[[121.64074,18.10184],[121.64083,18.10184],[121.64083,18.10194],[121.64074,18.10193],[121.64074,18.10184]]],[[[121.64092,18.10203],[121.64102,18.10203],[121.64102,18.10212],[121.64092,18.10212],[121.64092,18.10203]]],[[[121.64111,18.10203],[121.64196,18.10203],[121.64196,18.10212],[121.64111,18.10212],[121.64111,18.10203]]],[[[121.64156,18.09263],[121.64185,18.09263],[121.64185,18.09254],[121.64194,18.09255],[121.64194,18.09273],[121.64156,18.09272],[121.64156,18.09263]]],[[[121.64194,18.09236],[121.64204,18.09236],[121.64204,18.09227],[121.64223,18.09228],[121.64223,18.09237],[121.64232,18.09237],[121.64232,18.09246],[121.6427,18.09246],[121.6427,18.09228],[121.6428,18.09228],[121.6428,18.0921],[121.64289,18.0921],[121.64289,18.09201],[121.64299,18.09201],[121.64299,18.09192],[121.64308,18.09192],[121.64308,18.09183],[121.64327,18.09183],[121.64327,18.09174],[121.6435,18.0916],[121.6434,18.09125],[121.64309,18.0912],[121.64309,18.09111],[121.6429,18.09111],[121.6429,18.09074],[121.64281,18.09074],[121.64281,18.09056],[121.643,18.09065],[121.64307,18.09095],[121.64356,18.0912],[121.64356,18.09138],[121.64365,18.09138],[121.64343,18.09189],[121.64305,18.09217],[121.64292,18.09248],[121.64309,18.09292],[121.64278,18.09313],[121.64235,18.0926],[121.64194,18.09255],[121.64194,18.09236]]],[[[121.64199,18.09417],[121.64248,18.09353],[121.64279,18.09336],[121.64279,18.09354],[121.6426,18.09354],[121.6426,18.09363],[121.6425,18.09363],[121.6425,18.09372],[121.64231,18.09399],[121.64222,18.09399],[121.64221,18.09408],[121.64221,18.09435],[121.64199,18.09417]]],[[[121.64206,18.08993],[121.64215,18.08993],[121.64215,18.09002],[121.64206,18.09002],[121.64206,18.08993]]],[[[121.64215,18.09002],[121.64225,18.09002],[121.64225,18.09011],[121.64215,18.09011],[121.64215,18.09002]]],[[[121.64215,18.10194],[121.64244,18.10195],[121.64244,18.10204],[121.64215,18.10203],[121.64215,18.10194]]],[[[121.64221,18.09435],[121.64231,18.09435],[121.64259,18.09436],[121.64268,18.09436],[121.64269,18.09427],[121.64287,18.09427],[121.64288,18.09418],[121.64297,18.09418],[121.64297,18.09409],[121.64306,18.09409],[121.64307,18.094],[121.64316,18.094],[121.64316,18.09391],[121.64326,18.09391],[121.64326,18.09382],[121.64335,18.09382],[121.64335,18.09373],[121.64345,18.09373],[121.64345,18.09337],[121.64335,18.09337],[121.64335,18.09328],[121.64298,18.09328],[121.64298,18.09337],[121.64288,18.09336],[121.64279,18.09336],[121.64302,18.09311],[121.64354,18.09315],[121.64368,18.09357],[121.6431,18.09423],[121.64241,18.09458],[121.64221,18.09435]]],[[[121.64224,18.0902],[121.64225,18.09011],[121.64234,18.09011],[121.64234,18.0902],[121.64224,18.0902]]],[[[121.64234,18.0902],[121.64253,18.0902],[121.64253,18.09029],[121.64262,18.09029],[121.64262,18.09038],[121.64253,18.09038],[121.6424,18.09032],[121.64234,18.0902]]],[[[121.64262,18.09038],[121.64272,18.09038],[121.64271,18.09047],[121.64262,18.09047],[121.64262,18.09038]]],[[[121.64271,18.09047],[121.64281,18.09047],[121.64281,18.09056],[121.64271,18.09056],[121.64271,18.09047]]],[[[121.64292,18.10498],[121.64302,18.1047],[121.64308,18.10466],[121.64308,18.10502],[121.64307,18.10511],[121.64317,18.10511],[121.64336,18.10512],[121.64336,18.1051229951311],[121.64298331753736,18.105117187997607],[121.64292,18.10498]]],[[[121.64308,18.10448],[121.64317,18.10448],[121.64317,18.10466],[121.64308,18.10466],[121.64308,18.10448]]],[[[121.64317,18.10439],[121.64327,18.10439],[121.64327,18.10448],[121.64317,18.10448],[121.64317,18.10439]]],[[[121.64327,18.1043],[121.64346,18.1043],[121.64346,18.10439],[121.64327,18.10439],[121.64327,18.1043]]],[[[121.64346,18.10421],[121.64374,18.10421],[121.64374,18.10431],[121.64365,18.1043],[121.64346,18.1043],[121.64346,18.10421]]],[[[121.64384,18.10413],[121.64422,18.10413],[121.64422,18.10422],[121.64384,18.10422],[121.64384,18.10413]]],[[[121.64422,18.10404],[121.64441,18.10404],[121.64441,18.10413],[121.64422,18.10413],[121.64422,18.10404]]],[[[121.64441,18.10386],[121.6446,18.10377],[121.6446,18.10386],[121.64453,18.10398],[121.64441,18.10404],[121.64441,18.10386]]],[[[121.6446,18.10368],[121.64469,18.10368],[121.64469,18.10377],[121.6446,18.10377],[121.6446,18.10368]]],[[[121.64469,18.10359],[121.64479,18.10359],[121.64479,18.10368],[121.64469,18.10368],[121.64469,18.10359]]],[[[121.64479,18.10341],[121.64488,18.10341],[121.64488,18.10359],[121.64479,18.10359],[121.64479,18.10341]]],[[[121.64488,18.10332],[121.64507,18.10332],[121.64507,18.10341],[121.64488,18.10341],[121.64488,18.10332]]],[[[121.64507,18.10332],[121.6452,18.10319],[121.64544,18.10329],[121.64569,18.10356],[121.64637,18.10353],[121.64708,18.10366],[121.64813,18.10456],[121.64867,18.10497],[121.64885378387059,18.10516976507673],[121.64857076356286,18.105171527125727],[121.64856,18.10515],[121.64856,18.10506],[121.64846,18.10506],[121.64846,18.10497],[121.64837,18.10497],[121.64837,18.10488],[121.64827,18.10488],[121.64827,18.10479],[121.64818,18.10479],[121.64818,18.1047],[121.64809,18.1047],[121.6479,18.10461],[121.6479,18.10452],[121.6478,18.10451],[121.6478,18.10442],[121.64771,18.10442],[121.64771,18.10433],[121.64762,18.10433],[121.64762,18.10424],[121.64752,18.10424],[121.64752,18.10415],[121.64733,18.10415],[121.64724,18.10402],[121.64715,18.10415],[121.64705,18.10415],[121.64705,18.10433],[121.64696,18.10433],[121.64692,18.10418],[121.64686,18.10406],[121.64686,18.10397],[121.64677,18.10396],[121.64677,18.10387],[121.64667,18.10387],[121.64668,18.10378],[121.64649,18.10378],[121.64649,18.10369],[121.64583,18.10369],[121.64583,18.10378],[121.64554,18.10378],[121.64554,18.10387],[121.64545,18.10387],[121.64545,18.10341],[121.64526,18.10341],[121.64526,18.10332],[121.64507,18.10332]]],[[[121.64684,18.1032],[121.64696,18.10315],[121.64692,18.10336],[121.64684,18.1032]]]]}}]}
