{"type":"FeatureCollection","properties":{"name":"Lasam land erosion (2020)","data_source":"Philippines soil erosion dataset clipped to Lasam (demonstration)","vintage":"2020","disclaimer":"Demonstration only — verify with LGU / DENR before planning decisions."},"features":[{"type":"Feature","properties":{"id":"LAS-ERO-001","erosion_class":"moderate","erosion_label":"Moderate erosion","barangay":"Cabatacan West","hectares":1906.63155343,"data_source":"Soil erosion dataset (Lasam barangay clip)"},"geometry":{"type":"MultiPolygon","coordinates":[[[[121.4580051544176,18.048391565367655],[121.45808332425624,18.04737501009174],[121.45875947925444,18.048718032579544],[121.4580051544176,18.048391565367655]]],[[[121.46070726588503,18.052586851494304],[121.4645555497587,18.06023056010486],[121.47047098975727,18.066891315766703],[121.47240750978052,18.068896751494552],[121.47309749525425,18.070159326813908],[121.47841016682419,18.072409267603277],[121.47926038203113,18.072403904608606],[121.47935106118736,18.07370006539589],[121.48131028348853,18.07330009958005],[121.48339607116145,18.073476772899163],[121.48345713017868,18.07700093219712],[121.48608242056203,18.07667706109649],[121.48612783300646,18.077299681444252],[121.48466700890302,18.077194935188338],[121.48265309345273,18.077240106542703],[121.48122320554721,18.077966422733873],[121.47973219360256,18.078863929641383],[121.47782432864048,18.079927561004276],[121.47603433896941,18.081048577540198],[121.47442410790394,18.082001572822122],[121.47329280736646,18.08250428660122],[121.47175062810429,18.082721366124424],[121.46938277484752,18.082650641643454],[121.46761019969956,18.082301113969557],[121.46530090197696,18.082288408865416],[121.4638306229852,18.08277939634894],[121.46321148600009,18.076200550000067],[121.46270127000003,18.07077907100006],[121.46070726588503,18.052586851494304]]]]}},{"type":"Feature","properties":{"id":"LAS-ERO-002","erosion_class":"moderate","erosion_label":"Moderate erosion","barangay":"Cabatacan East","hectares":731.247582176,"data_source":"Soil erosion dataset (Lasam barangay clip)"},"geometry":{"type":"Polygon","coordinates":[[[121.4645555497587,18.06023056010486],[121.48424165927327,18.0583055642971],[121.49129166200662,18.071783343522583],[121.49286287615539,18.072161039775906],[121.49459600380288,18.07248467941744],[121.4973374481256,18.072857699895863],[121.49760954415322,18.07287227299189],[121.49714829142704,18.073305367654324],[121.49631320296517,18.073810530675544],[121.49517620165369,18.07482161347878],[121.49446104576069,18.07521362257325],[121.49331556622754,18.076904587952317],[121.49288301509517,18.07842942880379],[121.49244733592742,18.080181273586145],[121.49027228524744,18.078867602315842],[121.488977138002,18.07823737040414],[121.48785689295653,18.077835530436012],[121.48638276789791,18.0773179593908],[121.48612783300646,18.077299681444252],[121.48608242056203,18.07667706109649],[121.48345713017868,18.07700093219712],[121.48339607116145,18.073476772899163],[121.48131028348853,18.07330009958005],[121.47935106118736,18.07370006539589],[121.47926038203113,18.072403904608606],[121.47841016682419,18.072409267603277],[121.47309749525425,18.070159326813908],[121.47240750978052,18.068896751494552],[121.47047098975727,18.066891315766703],[121.4645555497587,18.06023056010486]]]}},{"type":"Feature","properties":{"id":"LAS-ERO-003","erosion_class":"moderate","erosion_label":"Moderate erosion","barangay":"Sicalao","hectares":2294.93892124,"data_source":"Soil erosion dataset (Lasam barangay clip)"},"geometry":{"type":"MultiPolygon","coordinates":[[[[121.44435697492658,18.01065542375616],[121.44908399500002,18.003593075000026],[121.45754927434356,18.00163123147999],[121.45806260177945,18.003690342447015],[121.4588188125241,18.009922144815178],[121.45920076206967,18.012699226688383],[121.45959325948796,18.014569406698502],[121.46033617063132,18.016837697186286],[121.46161749109602,18.018657337805006],[121.46325467243516,18.02042106354914],[121.46524848944534,18.02207465628303],[121.4670626210593,18.02389623204273],[121.46909760749594,18.02707832739708],[121.4693644255013,18.02957098274986],[121.46933904607856,18.031721346679273],[121.46895624472221,18.034039435279745],[121.46827483230497,18.036583315474225],[121.46825610025446,18.03816785152892],[121.46905950270778,18.040323647010485],[121.47087149849158,18.042314606775296],[121.47251994283023,18.043116027526363],[121.47434354227907,18.04414584682159],[121.47545434853372,18.04534058441308],[121.47573965121938,18.046247563294376],[121.47566418612062,18.0476057557693],[121.47524517184337,18.0479989049215],[121.4748864489294,18.048280708403066],[121.47375156375452,18.049122262180834],[121.47432137072887,18.050993821766426],[121.47613656287703,18.052701262410103],[121.47789020937806,18.05463523260163],[121.47964944559612,18.056060958087514],[121.48265363070382,18.057378982915562],[121.48422899540446,18.05823823298838],[121.48424165927327,18.0583055642971],[121.4645555497587,18.06023056010486],[121.46070726588503,18.052586851494304],[121.46035909600005,18.04941033700004],[121.45875947925444,18.048718032579544],[121.45808332425624,18.04737501009174],[121.44435697492658,18.01065542375616]]],[[[121.48165370587095,18.03998809754497],[121.48194788400797,18.039141021342097],[121.48473806525166,18.03639562116241],[121.48485029879237,18.03690477742196],[121.48532071515308,18.037190838603035],[121.48638040169068,18.037706283402464],[121.48726241197397,18.03822033291421],[121.48772252715142,18.03845771339534],[121.4854500613692,18.041060576270425],[121.48463278672017,18.043341584435602],[121.48420131127557,18.043471567367124],[121.48207902760437,18.041264386423215],[121.48165370587095,18.03998809754497]]]]}},{"type":"Feature","properties":{"id":"LAS-ERO-004","erosion_class":"moderate","erosion_label":"Moderate erosion","barangay":"Peru","hectares":2151.79069799,"data_source":"Soil erosion dataset (Lasam barangay clip)"},"geometry":{"type":"MultiPolygon","coordinates":[[[[121.48420131127557,18.043471567367124],[121.48463278672017,18.043341584435602],[121.4854500613692,18.041060576270425],[121.48772252715142,18.03845771339534],[121.48826277513163,18.038736433526182],[121.48884418893071,18.039644582622017],[121.49001769608158,18.040557355144646],[121.4921875508367,18.04232389454349],[121.49377270383337,18.04346462838757],[121.49588532549463,18.045062387932635],[121.49805500065628,18.046828866762766],[121.49963568977708,18.04836598020041],[121.50127795567886,18.049676528335755],[121.50111750375952,18.0513672894194],[121.50037307578172,18.05285698422565],[121.49899030864009,18.053176064805296],[121.49750137187864,18.052857267240228],[121.49579946281284,18.051687411451827],[121.49377869791189,18.049347147382434],[121.49154502017358,18.047645633571673],[121.48750339390622,18.04583733924746],[121.48473821944451,18.044029938672345],[121.48420131127557,18.043471567367124]]],[[[121.48422899540446,18.05823823298838],[121.4850656971238,18.058694580354043],[121.48795411443247,18.059786848951344],[121.49054726995662,18.06082029430983],[121.49308365023428,18.06162623328703],[121.4951503235785,18.062090759191705],[121.49786851691059,18.062559202153366],[121.50076038090931,18.063367808326035],[121.50211780030244,18.063714933918703],[121.50270311730573,18.064284226844265],[121.50304560032507,18.065361044618427],[121.50231425844825,18.067111759967087],[121.50122573885191,18.069029125363038],[121.49972600293452,18.07066091107237],[121.49810629833263,18.07240582989679],[121.49760954415322,18.07287227299189],[121.4973374481256,18.072857699895863],[121.49459600380288,18.07248467941744],[121.49286287615539,18.072161039775906],[121.49129166200662,18.071783343522583],[121.48424165927327,18.0583055642971],[121.48422899540446,18.05823823298838]]],[[[121.50241099340492,18.014302067604117],[121.51617890118037,18.01371136396054],[121.52009489355237,18.015549017895356],[121.51957375285758,18.026070981120768],[121.51755273719567,18.025036238568095],[121.5140286337187,18.022638349059214],[121.51085592336392,18.020583089593675],[121.50750533861599,18.018525281473163],[121.50445458505423,18.016130882266907],[121.5031070527094,18.014934476908216],[121.50241099340492,18.014302067604117]]]]}},{"type":"Feature","properties":{"id":"LAS-ERO-005","erosion_class":"moderate","erosion_label":"Moderate erosion","barangay":"Viga","hectares":2214.27590367,"data_source":"Soil erosion dataset (Lasam barangay clip)"},"geometry":{"type":"Polygon","coordinates":[[[121.51957375285758,18.026070981120768],[121.52009489355237,18.015549017895356],[121.5204437308584,18.015712709544438],[121.52362001545163,18.01748546083799],[121.52762079393352,18.01960329481119],[121.53025774327695,18.021938863071195],[121.53342567368317,18.0243902474197],[121.53512901438098,18.02553267609803],[121.53748424015434,18.026621284253153],[121.53972511872124,18.02737014400452],[121.54167320813661,18.02783326044983],[121.54479965298809,18.02875703666923],[121.54822445131317,18.029512444284467],[121.55123109805317,18.03054817455237],[121.55341521540122,18.0310694208726],[121.55447799034427,18.03130214267179],[121.55518776125146,18.03149208473277],[121.55517819240171,18.03163683624361],[121.55547384595316,18.03184246525151],[121.5546309527558,18.034116136980867],[121.55453967877594,18.03436234106209],[121.55508084054702,18.035125764951072],[121.55448668167281,18.03565994771975],[121.55324100864425,18.03587992847026],[121.55164269538773,18.03587135396465],[121.54986623516889,18.03591790712337],[121.54868065128413,18.036080702468837],[121.54707715490278,18.036523863258147],[121.54648260143931,18.036747560608525],[121.54517438104175,18.037249400410804],[121.54406494223346,18.035940963258923],[121.54324483759937,18.035200593986104],[121.54306913814713,18.035029841212847],[121.54254035171348,18.0346869985998],[121.54183218401452,18.0345133611189],[121.54122967659904,18.035415828655886],[121.54085194792593,18.037337694240662],[121.54042757784867,18.038185025810826],[121.53946721919237,18.039310690177093],[121.538397673976,18.03964485520041],[121.5376257168126,18.03986605326588],[121.53662118180088,18.039691283668454],[121.53597679015033,18.039121643167938],[121.53486541059713,18.0379837006076],[121.53464436957138,18.036623207234513],[121.53471813265053,18.03537902944084],[121.5348464721155,18.034530598716753],[121.5346842822311,18.03322815679989],[121.53469149951258,18.032605842949362],[121.53434564391159,18.031811425323163],[121.53382211186097,18.031015660620067],[121.53258968272347,18.030102695758274],[121.5297562584275,18.029407986105305],[121.52555857721494,18.02893100720137],[121.52373414412914,18.02801460631318],[121.52202530203024,18.027326106068777],[121.51957375285758,18.026070981120768]]]}},{"type":"Feature","properties":{"id":"LAS-ERO-006","erosion_class":"moderate","erosion_label":"Moderate erosion","barangay":"Tagao","hectares":984.719690996,"data_source":"Soil erosion dataset (Lasam barangay clip)"},"geometry":{"type":"Polygon","coordinates":[[[121.55453967877594,18.03436234106209],[121.5546309527558,18.034116136980867],[121.55547384595316,18.03184246525151],[121.55517819240171,18.03163683624361],[121.55518776125146,18.03149208473277],[121.55577626398565,18.031649570601548],[121.55641037032518,18.03312382804847],[121.55586226020044,18.034423218773806],[121.55508084054702,18.035125764951072],[121.55453967877594,18.03436234106209]]]}},{"type":"Feature","properties":{"id":"LAS-ERO-007","erosion_class":"none","erosion_label":"No apparent erosion","barangay":"Ignacio B Jurado","hectares":691.580379179,"data_source":"Soil erosion dataset (Lasam barangay clip)"},"geometry":{"type":"MultiPolygon","coordinates":[[[[121.57812579063848,18.04454497942159],[121.5801199813974,18.044576989838536],[121.58204516783803,18.044532611657385],[121.58383888037008,18.044144453528325],[121.58448961368691,18.04455410965355],[121.58396321048136,18.044732513906055],[121.583381678241,18.044990307539717],[121.58278598146357,18.04528414086135],[121.58215273171183,18.04558560358668],[121.58155468408106,18.045914431431186],[121.58106519330092,18.04628923586576],[121.58075700609342,18.046730883627934],[121.58067304263288,18.04696747106141],[121.5806072714136,18.047217746536763],[121.58056418366893,18.047473836259826],[121.58054855679315,18.04772899808042],[121.58056489116098,18.047974228723007],[121.5807160814145,18.04837293786128],[121.58101762975153,18.04875919631726],[121.58141319309668,18.04912807174662],[121.58184613260035,18.04947462985279],[121.58226009498311,18.049795068392218],[121.58267337247352,18.0500906511601],[121.58311258603352,18.050354796060194],[121.58356851238472,18.050596471659585],[121.58403221440678,18.050825778246573],[121.58449476406264,18.051051686718466],[121.58487765321951,18.05123521774165],[121.585265338529,18.051409746811146],[121.58565543133386,18.051578645046227],[121.58604701894293,18.051745294385185],[121.58643801695843,18.051911938660396],[121.58693798348547,18.05211100624436],[121.58744633385842,18.05229544980177],[121.58795229679055,18.052483263272496],[121.58844420654802,18.052693563728905],[121.58891188250531,18.052944349667168],[121.58928806817185,18.05319220757545],[121.58965197182427,18.05346256607711],[121.59000362055357,18.053752036806227],[121.59034305042192,18.054056101912398],[121.5906709058483,18.05436798888628],[121.5909825807006,18.054672980102602],[121.59129301284686,18.054985868633846],[121.5915876927062,18.05531219645559],[121.5918521376018,18.055654117182197],[121.59207213295021,18.05601717508105],[121.59222766063057,18.056357172140125],[121.59235677227676,18.056715049381264],[121.5924455565647,18.057034795249436],[121.59208753785589,18.057191509086383],[121.59171087950055,18.057507481083434],[121.59162908982229,18.057941320789094],[121.59131154245364,18.058240122614354],[121.59124162432269,18.058242021884197],[121.59085122612275,18.058252627170077],[121.5904000673324,18.05867103756623],[121.59031528822135,18.05874966241995],[121.59010236670815,18.058844532917586],[121.59008594422,18.05885184998883],[121.5893797102818,18.058882925794265],[121.58869559840849,18.05909194366218],[121.58809823453207,18.05833456498886],[121.58744666994939,18.057217210311805],[121.58683670580653,18.05745581313865],[121.58519542782354,18.055440689904504],[121.58428610282911,18.05355834272102],[121.5787154605681,18.04937414033397],[121.57814866075753,18.046785456100537],[121.57812579063848,18.04454497942159]]],[[[121.60505766127304,18.059361080256227],[121.60511149808453,18.059123133779117],[121.60524969194769,18.058595501739713],[121.60540762781562,18.058072530236704],[121.60558764041886,18.05755762471654],[121.60579116997245,18.057055313706346],[121.60598669352939,18.05659473802539],[121.606191125411,18.056127449017286],[121.6064187521993,18.055676140722134],[121.60668357418083,18.055262375493044],[121.60699985129773,18.05491223567428],[121.60730775805318,18.054650139986734],[121.60765723329632,18.05439512058944],[121.60802498481132,18.05418089603622],[121.60838918788687,18.054042325194864],[121.6087265332904,18.054015385982684],[121.60889501240297,18.05406404016447],[121.60905936972286,18.054148810226902],[121.60922187606515,18.054243732812367],[121.60938510623691,18.054321717185264],[121.6095513042258,18.05436018842794],[121.60981841782312,18.054292078037292],[121.61009242962999,18.054097506916364],[121.61036996982237,18.053829539768483],[121.61064854563799,18.053542377198994],[121.61092476135872,18.0532924724712],[121.61139114794825,18.052960346928593],[121.61188014752929,18.05264306677899],[121.6123568093,18.052317789802036],[121.61278677282445,18.051961678354235],[121.61313480099949,18.05155075923075],[121.61335977073844,18.051171713557316],[121.6135539922943,18.050760819429865],[121.61370910301594,18.050330442066127],[121.6138170356033,18.049892948819444],[121.61386913251368,18.04946070280687],[121.61383740401835,18.04891377050473],[121.61370395981001,18.048350294905237],[121.61349521717759,18.04778966779169],[121.61323674287962,18.04724675660553],[121.61295378150334,18.04673981520135],[121.61259038706714,18.046213093747827],[121.61215970463813,18.045722034406868],[121.61168273682725,18.045261139811256],[121.61163991829721,18.0452238757178],[121.61314166049938,18.04427778815353],[121.6133850244708,18.044829708734245],[121.61465385128275,18.046517559650038],[121.61576609788398,18.048926374814506],[121.61657499186596,18.049558342535178],[121.61646665306051,18.050444719577083],[121.61681098689357,18.05161957773994],[121.61619744124764,18.05199262792468],[121.61733486841092,18.05499149410859],[121.61826100372627,18.057433208177237],[121.6193144301226,18.058891043466044],[121.6194531764686,18.059038687567778],[121.61997232332268,18.05994751038262],[121.62035114568523,18.061888937295226],[121.62125496009078,18.065183693325235],[121.62155554593565,18.066400009082592],[121.62119165985716,18.068933341639138],[121.62316753922684,18.068818657232338],[121.62317762383596,18.068970158414206],[121.6241437799807,18.069350472833232],[121.62292448118802,18.069914494261003],[121.62218379549019,18.07025375124028],[121.62077062955127,18.07089514812225],[121.6192635615565,18.071549736134045],[121.61735480716294,18.07238544519105],[121.61697293790492,18.072549802696646],[121.61582634229565,18.073124400812244],[121.61578209915015,18.072599271389574],[121.61511269400266,18.07199506565706],[121.61491063808536,18.0718006644572],[121.61488596250548,18.07151802469256],[121.61467048635392,18.071097414516686],[121.61416142644873,18.070954826320826],[121.6130679119228,18.070946974423666],[121.61233980603875,18.070801678394876],[121.61190422010023,18.070589580208292],[121.6114006427833,18.069750090759193],[121.6106799631287,18.068698941652986],[121.60995569945867,18.06806682815475],[121.60850558982258,18.067080452036866],[121.60778218777997,18.066378305202274],[121.60727999320366,18.065329849620912],[121.60692394371686,18.06428131760766],[121.6067885451725,18.062956507252746],[121.60670696309153,18.0626792192352],[121.60676565397868,18.06230066757582],[121.60680420094295,18.06207737852806],[121.60681212830264,18.061906706310808],[121.60673663482018,18.061776646560315],[121.60631165185698,18.061335581990782],[121.60600793018494,18.060303207859008],[121.60598443989959,18.060251593607497],[121.60598443335263,18.060251569309],[121.60597259520966,18.06011884599982],[121.60581402469782,18.05976725348693],[121.60573900855637,18.059712214810723],[121.60572122010204,18.059673108383596],[121.60535912895665,18.059392625169842],[121.60505766127304,18.059361080256227]]],[[[121.60647894156304,18.068024260863652],[121.60666945628523,18.066953373477066],[121.60771655602555,18.068300327672734],[121.60900457165351,18.069588262043613],[121.60913033961934,18.069703474392124],[121.60874095197528,18.06969692957087],[121.6082329235283,18.069698546598726],[121.60786083940805,18.06956121914925],[121.60702295050676,18.06912339803201],[121.60661030370132,18.068634371671674],[121.60647894156304,18.068024260863652]]],[[[121.61105579477827,18.073025527191884],[121.61131883091117,18.072383688783628],[121.61142188342689,18.072132227282694],[121.61143296547746,18.0715764061354],[121.61200960788871,18.07190626606818],[121.61269663981989,18.072507607577716],[121.61269643208338,18.073022681904654],[121.61269447933896,18.073040269462844],[121.61258512618504,18.073078825024044],[121.61142404781694,18.07410703267004],[121.61108209903226,18.07392574038228],[121.61105579477827,18.073025527191884]]]]}},{"type":"Feature","properties":{"id":"LAS-ERO-008","erosion_class":"none","erosion_label":"No apparent erosion","barangay":"Malinta","hectares":725.897682519,"data_source":"Soil erosion dataset (Lasam barangay clip)"},"geometry":{"type":"MultiPolygon","coordinates":[[[[121.59636857534441,18.10516936395256],[121.5972401447074,18.104894306837195],[121.60104439679864,18.104177629060494],[121.60010562069112,18.105011920358425],[121.5964130118272,18.105302163263293],[121.59636857534441,18.10516936395256]]],[[[121.60169023607529,18.10360364735623],[121.60184999206524,18.099675008839277],[121.60411083486804,18.09834667054355],[121.6041294586911,18.09800149859962],[121.60519953473197,18.097004387210305],[121.60673664177096,18.096467708315338],[121.60790023875924,18.09521138491783],[121.60636949954345,18.094517132166875],[121.60788849353531,18.090495950749215],[121.60840203649832,18.090586110054385],[121.60850033526266,18.08944074652457],[121.60836580824771,18.089461947782446],[121.60781127884403,18.08801178466717],[121.60987129108221,18.087870287226917],[121.61367043006476,18.088066497401492],[121.61233142603005,18.08668113239863],[121.61616882900556,18.085132260046045],[121.61629245878999,18.085373183767597],[121.61736017109999,18.08467685276042],[121.61733626660676,18.084629793280886],[121.61836695898903,18.083932857409796],[121.6195361021423,18.083875009866688],[121.6204678478643,18.083867208850876],[121.62156938742953,18.08400287785],[121.62268343146803,18.083359328675954],[121.62308548484259,18.083668568184812],[121.62392186409788,18.083946832163914],[121.62399855182275,18.08409494163176],[121.6240328033557,18.08464881800102],[121.62420650712197,18.085218545561588],[121.62464858490517,18.08558755664441],[121.62520586326772,18.085788136895705],[121.62602743048028,18.085735787195826],[121.62777737594531,18.086713232778113],[121.62645936114754,18.08748125693595],[121.62650732043467,18.088467214510224],[121.62673013217653,18.088888071522938],[121.62617655086724,18.089592529938717],[121.62583303614728,18.09036495825025],[121.62591891453502,18.091394594925934],[121.62652012246754,18.092339796468607],[121.62746433391152,18.09276897156693],[121.62807404976152,18.092811714283492],[121.6286663454827,18.092854331234687],[121.62889449925876,18.092854363872117],[121.62798938541438,18.094519213814493],[121.62733565502872,18.094126911234625],[121.62572016857834,18.094126702290342],[121.62507391988552,18.095095772392007],[121.62539705197631,18.09735718492811],[121.62654809130261,18.099659040599402],[121.62653924526984,18.099661681180592],[121.62584421445368,18.099931613812434],[121.62517425576516,18.101022447471745],[121.62517311785203,18.102347110619764],[121.62378168813686,18.10123471633487],[121.62248937868029,18.10026536744318],[121.6199046556577,18.10091106033046],[121.61731976582017,18.10349615479883],[121.61631381939763,18.104627598472582],[121.61043424524189,18.10462729986543],[121.61021205555383,18.102849773073245],[121.60988911527512,18.100588348804347],[121.60956592171571,18.099296074488056],[121.60795047943074,18.098649612841594],[121.60471955868194,18.10091133267788],[121.60169023607529,18.10360364735623]]],[[[121.626836543936,18.09083748129927],[121.62698999697572,18.089862637392457],[121.62715832717153,18.0896817626417],[121.6297716885105,18.09124083838691],[121.6293210345079,18.09206978929344],[121.62864943157393,18.092105315204638],[121.6277038091654,18.0918195894908],[121.6270504533603,18.091465907373045],[121.626836543936,18.09083748129927]]]]}},{"type":"Feature","properties":{"id":"LAS-ERO-009","erosion_class":"none","erosion_label":"No apparent erosion","barangay":"Nicolas Agatep","hectares":448.36497287,"data_source":"Soil erosion dataset (Lasam barangay clip)"},"geometry":{"type":"Polygon","coordinates":[[[121.59034133381815,18.09103441444071],[121.59244017368538,18.085133279274228],[121.59218784025936,18.08406354495005],[121.5916411278243,18.082223453615242],[121.59201678500169,18.082183960801814],[121.59305905078067,18.082163201124377],[121.59546705362152,18.08111929678833],[121.59658757570257,18.081307795447405],[121.59700466922904,18.08156968651621],[121.5970289740523,18.081343802370686],[121.59832839666534,18.078242151955347],[121.59895677068042,18.07648650873506],[121.59911067743063,18.07650974048689],[121.599267619439,18.076497177577473],[121.59930454279294,18.07648971760887],[121.59945309070626,18.076459704941588],[121.59948461200382,18.076436242988063],[121.59953251930679,18.076400584240943],[121.59965866994618,18.07630668710959],[121.59975430023094,18.076238100768652],[121.59979904897233,18.076208756245126],[121.59983874415212,18.076182725741468],[121.59988463254784,18.076152634021827],[121.5999270254145,18.076119162105357],[121.60001637754371,18.076048615334113],[121.60007480380813,18.076024195426996],[121.6001308840199,18.076000758253187],[121.60018174702866,18.075995411598942],[121.60025811529582,18.07598738354234],[121.60035043019359,18.075988846323654],[121.60043043475889,18.07604473807382],[121.60044005312821,18.076098932997432],[121.60043832747486,18.076158233455036],[121.60043754599582,18.076185070345794],[121.60042403152669,18.076251593948527],[121.60041544657406,18.076293855378907],[121.60039468580092,18.076357835108087],[121.60037323738221,18.076423937010613],[121.60032166846503,18.076509739385134],[121.60007976759036,18.076614375823745],[121.599971453292,18.07669463568076],[121.59997613385953,18.076868484296348],[121.60011799458593,18.077109954851217],[121.60018775855814,18.0771985347335],[121.60028366842755,18.077339281427765],[121.60036874386044,18.077419425683527],[121.60049065909415,18.077430568685404],[121.60070765520379,18.07739647444806],[121.60079491211704,18.077394988873063],[121.60086367524941,18.07741749090772],[121.60098585842196,18.07747209238245],[121.60104276211894,18.07751275736156],[121.60110950864843,18.077574432755554],[121.6012979398461,18.077748546759075],[121.60145121558118,18.077791517544124],[121.60156791401742,18.0777795115457],[121.60170997848267,18.07759954752333],[121.60196324146524,18.077402402810076],[121.60214687339416,18.07725446802431],[121.60216160656948,18.077250661968694],[121.60234884848458,18.077129555923825],[121.60243630773252,18.077054987514714],[121.60245849378096,18.076984261670724],[121.6024479414491,18.076840599270838],[121.60243839728913,18.07687214377118],[121.6022935520559,18.076819579922677],[121.60217214693168,18.076807879709875],[121.60208917629744,18.07676408584182],[121.60200678281075,18.076674489800915],[121.60197111640507,18.076571648676914],[121.60200035600418,18.076450537089794],[121.60208686357957,18.076317854381486],[121.60213721463434,18.07618575469515],[121.602143240762,18.07608858041838],[121.60214577396636,18.076047738050303],[121.60209741452552,18.07597350186668],[121.602054180262,18.075871388502094],[121.60205337165348,18.075784729164354],[121.60209820217148,18.075663004828307],[121.60214069163743,18.075528482464506],[121.6022398067868,18.07536728536381],[121.60236306782879,18.075288813095213],[121.60243540226831,18.075266717826867],[121.60249708742138,18.075248386801732],[121.60261012300217,18.075244984195912],[121.60278388400981,18.07531600285113],[121.60286874755596,18.07534498861694],[121.60298391572208,18.075384325260174],[121.60308264382412,18.07543413983857],[121.603225025407,18.07541537954715],[121.60325667631339,18.07536230924752],[121.60324959471247,18.075246611240388],[121.60319201431862,18.075079740754685],[121.60303324263508,18.074932027988616],[121.60293756553344,18.07487003455308],[121.60277722880038,18.074842439976365],[121.60258926140014,18.074751366165575],[121.6023853638535,18.07469470306708],[121.60230198235053,18.07453736691178],[121.602339371826,18.074401114119873],[121.60248339965177,18.07420944508529],[121.602625154482,18.074055207152256],[121.60280421787401,18.073825240402186],[121.60290675272512,18.073749875305708],[121.60320353608418,18.073750630353178],[121.60331043734793,18.073826527799383],[121.60339188879638,18.073918338500086],[121.60350840379503,18.07401199502975],[121.60352145104568,18.074032578517684],[121.6035849638183,18.07413277708124],[121.60364466007952,18.074226955088932],[121.6036755360948,18.074275665872523],[121.60376991552262,18.074401528691368],[121.60388751760496,18.07450127256429],[121.60399269949275,18.07457533459816],[121.60404327926321,18.074669344462954],[121.60405869287257,18.07469799284014],[121.60409520010033,18.074794743779815],[121.60409173638959,18.07491786483887],[121.60403704434559,18.075001275528056],[121.60402030834871,18.075017282648783],[121.60395756830863,18.075077292311796],[121.60388463495138,18.075167284162035],[121.60385522355436,18.07527196222756],[121.60390877331149,18.075369745517783],[121.6040197146538,18.075533267895064],[121.60406781989099,18.07560126940644],[121.60408864292224,18.075630705114985],[121.60410429749592,18.07568230585367],[121.60404224655291,18.075762680397254],[121.60399297338269,18.075795082777365],[121.60387006817497,18.075875906333586],[121.60376150073445,18.075907309592036],[121.60369732213485,18.075985380605555],[121.60367465730093,18.076101165248378],[121.60373568000303,18.076208454705956],[121.60385840154672,18.07633324478807],[121.60400337733248,18.07635272122434],[121.60412169442486,18.0763020739738],[121.60416237343794,18.07628466043168],[121.60417354712166,18.07628232851527],[121.60419150809952,18.07627858087926],[121.60426953837722,18.0762622976643],[121.6043991057657,18.076221364372184],[121.60445977927232,18.076210318684463],[121.60457393491569,18.07624053391193],[121.60462851033307,18.076312387300803],[121.60462289120582,18.076423627107747],[121.60461347777772,18.07644184780747],[121.60445000278825,18.076758263425152],[121.60442580954908,18.07696801285058],[121.60440197119387,18.07717469065184],[121.6043619466726,18.077331006380245],[121.60436094447063,18.077334920926116],[121.6043507905206,18.077348443656167],[121.6042648647335,18.07746288266221],[121.6041792641867,18.07756532726635],[121.60416760959593,18.077642343246495],[121.60420201401479,18.07775896083092],[121.60418113557962,18.07802751042431],[121.60415821499015,18.07806521435632],[121.60405545436076,18.0780209239276],[121.6039247354748,18.07802998536691],[121.6038743366495,18.078121733220026],[121.60386117354236,18.07821875475313],[121.6038853797901,18.078304635446045],[121.6039725520856,18.078311527287696],[121.6041128773441,18.078372339580696],[121.60419190245499,18.078506284540047],[121.6042068655274,18.07851643127185],[121.6042799930668,18.078566022257526],[121.60434672993989,18.078569717283596],[121.604430846032,18.07852747044912],[121.60445781030178,18.078513927396223],[121.60454883930157,18.078383609446185],[121.60456155349601,18.078347763655266],[121.60462964112192,18.07815579349647],[121.60474903163639,18.077972918798135],[121.60498198611396,18.077930406557908],[121.60512268364386,18.077955352669942],[121.60527623749448,18.07795574753919],[121.60533950082883,18.07797753326461],[121.60539088714444,18.078011857894836],[121.60540226472979,18.07806841121828],[121.60539801269111,18.07808520715819],[121.60537965576864,18.078157718966253],[121.60534805770139,18.078231496878214],[121.60532511500342,18.078285063281182],[121.6053221889627,18.078298334667664],[121.60521232886238,18.07842658315124],[121.60517358478558,18.078471813130204],[121.60498428062213,18.078785431806608],[121.60483043462169,18.07903640698301],[121.60484996632371,18.079163556410336],[121.60490100994487,18.079270091192008],[121.60499733633081,18.0793643682932],[121.60509489229274,18.07939786555033],[121.6051031134586,18.079397466823554],[121.60527971440793,18.079388907909124],[121.60532914306654,18.079337885998466],[121.60541807676833,18.07918729742696],[121.60542931203591,18.0790306695397],[121.60541549802763,18.078892265068053],[121.60549601196995,18.07881287476369],[121.60554857367288,18.078794594379243],[121.6055920648097,18.0787794681139],[121.60562822767167,18.078766891375817],[121.60571101304814,18.078781861820445],[121.60575938833679,18.07879060970281],[121.60578355900613,18.07879497990236],[121.60587613129105,18.0788417143105],[121.60589605045655,18.078861740058635],[121.60593521484095,18.078901112566765],[121.60596058860139,18.078926621229414],[121.60598710205966,18.078946475014224],[121.60608222762995,18.079017708261564],[121.60618966826048,18.079115117562438],[121.60632307909376,18.07916956918447],[121.6064206767825,18.079194572776064],[121.60649304794933,18.07916008020216],[121.60658390849203,18.079079700543524],[121.60663072976868,18.07903827958959],[121.6067379332465,18.07882972001695],[121.60676759908657,18.078705371990154],[121.60675186172902,18.07861492788086],[121.60666881468453,18.078459993996507],[121.60647845718418,18.07827104767544],[121.60633833530773,18.078052339299916],[121.60636635768205,18.077948289666256],[121.60650991749579,18.077876247947817],[121.60656296328614,18.07787834782591],[121.6067046791095,18.077883957743463],[121.60678670921375,18.07788720476251],[121.60689882957956,18.07783549269885],[121.60700839148183,18.077784960327396],[121.60705931087779,18.077770365341816],[121.60720493659201,18.077728625277704],[121.60743135024221,18.077663730271507],[121.60764417511345,18.077674366193293],[121.60786703594633,18.077705351944886],[121.60814802079506,18.077808099865823],[121.6083034206009,18.07800474369918],[121.60841929455226,18.07799460716146],[121.60851559729214,18.07796366230917],[121.60855785338286,18.07783773023174],[121.60878510482334,18.077160460791625],[121.60880098335525,18.077132505461496],[121.6089005849379,18.076957159857667],[121.60897025841797,18.07683449942199],[121.60910192594028,18.076723484494085],[121.6091040678668,18.076721678189465],[121.60928969928625,18.07674732725981],[121.60946650106547,18.076835666760164],[121.60957624649873,18.07698063045195],[121.60960262133936,18.07701546872515],[121.60969193080746,18.077133437995418],[121.60994207464537,18.07731983798805],[121.61010037472792,18.07730573443044],[121.61015741399612,18.077300652823656],[121.61038235051076,18.077232507677373],[121.6105425684685,18.077082612102185],[121.61114757755621,18.076526995343546],[121.61152743837039,18.07642152703243],[121.61162641971272,18.076806637982735],[121.61238202542921,18.07742088344119],[121.61305434535947,18.077789135708755],[121.61355518205589,18.078603191152418],[121.61424201011319,18.08006185722868],[121.61518651202293,18.081006165166134],[121.61613092841998,18.081435392409805],[121.61750468417583,18.08152204829786],[121.6177862946265,18.081567046654264],[121.61821402860342,18.081767815697503],[121.61932283158349,18.08187896506441],[121.6196615744868,18.081867958300247],[121.62085317715162,18.08220905587817],[121.62196929815974,18.082810045538842],[121.62268343146803,18.083359328675954],[121.62156938742953,18.08400287785],[121.6204678478643,18.083867208850876],[121.6195361021423,18.083875009866688],[121.61836695898903,18.083932857409796],[121.61733626660676,18.084629793280886],[121.61736017109999,18.08467685276042],[121.61629245878999,18.085373183767597],[121.61616882900556,18.085132260046045],[121.61233142603005,18.08668113239863],[121.61367043006476,18.088066497401492],[121.60987129108221,18.087870287226917],[121.60781127884403,18.08801178466717],[121.60836580824771,18.089461947782446],[121.60850033526266,18.08944074652457],[121.60840203649832,18.090586110054385],[121.60788849353531,18.090495950749215],[121.60636949954345,18.094517132166875],[121.60790023875924,18.09521138491783],[121.60673664177096,18.096467708315338],[121.60519953473197,18.097004387210305],[121.6041294586911,18.09800149859962],[121.60411083486804,18.09834667054355],[121.60184999206524,18.099675008839277],[121.60010627756787,18.09717986281061],[121.59663861866095,18.097238009465222],[121.59612014774261,18.097204067760927],[121.59429165945767,18.09666323300757],[121.59405832429611,18.094394451716326],[121.59034133381815,18.09103441444071]]]}},{"type":"Feature","properties":{"id":"LAS-ERO-010","erosion_class":"none","erosion_label":"No apparent erosion","barangay":"Finugo Norte","hectares":168.53376398,"data_source":"Soil erosion dataset (Lasam barangay clip)"},"geometry":{"type":"MultiPolygon","coordinates":[[[[121.61150295918334,18.076326284290904],[121.61212109739897,18.075982458204574],[121.6122717987271,18.075986794990982],[121.61235311657413,18.07628461954891],[121.61286833310795,18.077486777156608],[121.61305434535947,18.077789135708755],[121.61238202542921,18.07742088344119],[121.61162641971272,18.076806637982735],[121.61152743837039,18.07642152703243],[121.61150295918334,18.076326284290904]]],[[[121.61357372552399,18.07588843012818],[121.61410702981085,18.07495722748207],[121.61455419474268,18.07471967265475],[121.61516322377432,18.07453797178985],[121.61553572634337,18.074047890965417],[121.6157031883141,18.073624515362887],[121.61582634229565,18.073124400812244],[121.61697293790492,18.072549802696646],[121.61735480716294,18.07238544519105],[121.6192635615565,18.071549736134045],[121.62077062955127,18.07089514812225],[121.62218379549019,18.07025375124028],[121.62292448118802,18.069914494261003],[121.6241437799807,18.069350472833232],[121.62539883497439,18.069844384679268],[121.62529839079981,18.070126489080273],[121.62622846291548,18.070939539596203],[121.62647182367449,18.07105471200329],[121.62707826171427,18.07075041274224],[121.6270692154863,18.070957410856984],[121.62706923017384,18.07106953450095],[121.62713275404245,18.071198900387223],[121.62747786193545,18.07210959454733],[121.62771570388946,18.072439503169047],[121.627813601119,18.072575295940737],[121.62778640685138,18.072756419319838],[121.62761405995585,18.072980684766218],[121.62752361052041,18.07301509150911],[121.62725118175807,18.07311872307923],[121.6268882953039,18.073196388016832],[121.62664335261151,18.073291288866663],[121.62612627036157,18.07363634029842],[121.62592669741917,18.07379160849863],[121.62580878534402,18.074015865558838],[121.6259708605076,18.07409596258647],[121.62603560968049,18.074127960664104],[121.62618984849136,18.07418831672558],[121.62630782591046,18.07447291822838],[121.62632598857606,18.0746109121985],[121.626151836696,18.07475581048426],[121.62610827442899,18.07479205563904],[121.62538251193232,18.075025006850854],[121.62485633917748,18.075232060825634],[121.62484727770985,18.075318307957982],[121.6246023496715,18.075525328550935],[121.62446628126881,18.075663339637547],[121.62424856076893,18.07580135877853],[121.62413065313778,18.076060112144596],[121.6240036663051,18.076267118524054],[121.62390387514573,18.076310252903035],[121.62380408568794,18.076362012529994],[121.62365894587556,18.07651202103956],[121.62349567656688,18.076770777587914],[121.6234594279113,18.077089892444885],[121.62376791911021,18.07732272043582],[121.62386773096361,18.077443452366875],[121.62376796764218,18.07770220099154],[121.62370448850353,18.0779178224782],[121.6237136016289,18.07822830478549],[121.62394044021444,18.07845251605513],[121.62408439970883,18.078513319364536],[121.62410375201969,18.07852149343461],[121.62411824636283,18.07854139109881],[121.6242670844458,18.078745711592756],[121.62440320488906,18.079013055518846],[121.62469353163948,18.07909064214444],[121.62480951201726,18.079057072218703],[121.62490218872463,18.07903024636396],[121.62507458769196,18.0792113406054],[121.62524696578052,18.07922856936843],[121.62540118346581,18.07912505821691],[121.62549186880642,18.07882318986243],[121.62544645873656,18.07845234120567],[121.62559159090664,18.07824533571007],[121.62578212065185,18.078314309419294],[121.6259454322087,18.078383287081156],[121.62603615287593,18.078357402779762],[121.62630832585963,18.078365995422],[121.62655329554691,18.078478086533167],[121.62660775479164,18.078667819429747],[121.62666221132127,18.078840302604913],[121.62664800265377,18.078867325327852],[121.62656243887737,18.07903005401665],[121.62659874543463,18.079159417113583],[121.62657156439614,18.079444027452556],[121.62668045250263,18.07959063079422],[121.62697078237689,18.07969409092145],[121.62717039996087,18.079883805384828],[121.62750610740075,18.080108001932977],[121.62761498109059,18.080142487571695],[121.62762928039646,18.080092620354367],[121.6276965959252,18.079857870982817],[121.62776915400961,18.079693998354454],[121.6278145091679,18.07964224642725],[121.6278144893994,18.079487005350103],[121.62789612633867,18.079374878516404],[121.6280322112916,18.079366237467724],[121.62814108566964,18.07940934719266],[121.62824088991913,18.079469707154182],[121.62829534027482,18.07959044353675],[121.62836684579455,18.079767113910425],[121.62838609280514,18.07981466861845],[121.62845868680417,18.079926778481695],[121.62850406116797,18.080021642187123],[121.628494999177,18.08010788773182],[121.62847686689514,18.080202758276563],[121.62844059116902,18.080314880603897],[121.6284405990654,18.080378925665304],[121.62844060233195,18.080401124655616],[121.62850411620752,18.08045286335823],[121.62857669630012,18.08046147941774],[121.62868082500371,18.080425728306537],[121.62871253681092,18.08041484059526],[121.62873973607695,18.0802768464903],[121.62876396872946,18.08026861656571],[121.62886674434692,18.08023370967616],[121.62903004157258,18.080190568505724],[121.62913891577762,18.080233678611325],[121.62922966662187,18.08044065365139],[121.62924748641281,18.080467750444864],[121.62932040820134,18.080578634298405],[121.62946556647367,18.080578617876732],[121.62949255104293,18.08056630033179],[121.62969236413562,18.080475098143662],[121.62995545294436,18.08039744781033],[121.63023669129181,18.080345668099124],[121.63047257844221,18.080380139109327],[121.63056330656187,18.0804146262927],[121.63054518243652,18.080578492377608],[121.63053141292473,18.080689874838985],[121.63052705697339,18.080725108736974],[121.63052706482992,18.0807854796138],[121.63051800263261,18.08086310089966],[121.6304726503001,18.080940725809818],[121.63034564851327,18.0810356083241],[121.63025493675262,18.081130487169244],[121.63027312790562,18.0814927092261],[121.630331637093,18.08166644750095],[121.63034573520851,18.08170831048513],[121.63032760163473,18.08179455592448],[121.63032520152939,18.081801402987992],[121.63024597946942,18.082027422796916],[121.63019155417673,18.08209642386838],[121.62995567420214,18.08211369974202],[121.62977423265004,18.082165467287158],[121.62969259866725,18.08230346629116],[121.62963819012909,18.082501831483142],[121.62953843020625,18.082786445677378],[121.62914835306951,18.08307109313969],[121.62891246546047,18.083027998629916],[121.62862768650116,18.082981813822528],[121.62854048906635,18.082967671960116],[121.62851201699674,18.08294799332504],[121.62834087836393,18.08282970690022],[121.62820478065413,18.082743479574432],[121.62795074510771,18.08267451456999],[121.6279169749201,18.082660127884825],[121.62768763063136,18.08256242867837],[121.62756968691956,18.082545194147713],[121.62756431707017,18.08253867320403],[121.62740635831156,18.082346853419043],[121.62719769883466,18.082389999290413],[121.62697090492462,18.08251938993834],[121.62706164279066,18.082622871276094],[121.6269981456203,18.082700498073102],[121.62685300823773,18.082864376101593],[121.62682582664452,18.083140357451622],[121.6270980156352,18.083269690103148],[121.62717969956579,18.08351978488968],[121.6272372891641,18.083799388267085],[121.62674712769702,18.083659645507876],[121.62499966100772,18.083368201126355],[121.62383640566415,18.082940843612],[121.62195234237697,18.081464624705273],[121.62122774333037,18.080901449147337],[121.6205730512941,18.080687803111516],[121.6197722591617,18.080543142480934],[121.61707547752998,18.08045380452996],[121.61634762383453,18.080308522998394],[121.6156951286945,18.079815877134077],[121.61497109825345,18.07918378097009],[121.61468516539563,18.078484795049377],[121.61447459279725,18.077438447631224],[121.6142618416809,18.076669954285826],[121.6136842241298,18.075968872963465],[121.61357372552399,18.07588843012818]]],[[[121.6177862946265,18.081567046654264],[121.61965120103012,18.081864984394276],[121.6196615744868,18.081867958300247],[121.61932283158349,18.08187896506441],[121.61821402860342,18.081767815697503],[121.6177862946265,18.081567046654264]]],[[[121.62392186409788,18.083946832163914],[121.6241159419071,18.08401139640837],[121.62548979571544,18.084354406716407],[121.62737857580451,18.08504219738371],[121.6276503776607,18.085313703353684],[121.62731290486678,18.08524765286776],[121.62692893238142,18.085388938321458],[121.62602743048028,18.085735787195826],[121.62520586326772,18.085788136895705],[121.62464858490517,18.08558755664441],[121.62420650712197,18.085218545561588],[121.6240328033557,18.08464881800102],[121.62399855182275,18.08409494163176],[121.62392186409788,18.083946832163914]]]]}},{"type":"Feature","properties":{"id":"LAS-ERO-011","erosion_class":"none","erosion_label":"No apparent erosion","barangay":"Centro 01","hectares":415.260781034,"data_source":"Soil erosion dataset (Lasam barangay clip)"},"geometry":{"type":"Polygon","coordinates":[[[121.56760277007604,18.081847231243902],[121.56939692279295,18.081041755424152],[121.56946943250418,18.081096272942318],[121.56999743406305,18.081486486950816],[121.57053896152777,18.081847431937422],[121.57110662505082,18.08215322185266],[121.57146087663476,18.082306072778756],[121.57182262865618,18.082444294645057],[121.57219009133881,18.082570133232974],[121.57256119794434,18.082683573218016],[121.57293417696539,18.082784601474113],[121.57337591089886,18.082890655502748],[121.57382339189627,18.0829798079897],[121.57427455315892,18.083052043617368],[121.57472705088061,18.08310508596833],[121.57517942694831,18.08313666518512],[121.57581904067864,18.083162848140038],[121.57647537044546,18.08316656156522],[121.57712586455408,18.083125048242298],[121.57774856145237,18.083015555584876],[121.57832061361528,18.082815324739023],[121.57867556286774,18.082625918066086],[121.57901898366094,18.082401410120582],[121.57934610653223,18.082147413530084],[121.57965244825348,18.081870672601596],[121.57993351660207,18.08157906114323],[121.58009447188863,18.08139048302842],[121.58024723282966,18.081192808160978],[121.58039148602106,18.080988293332016],[121.58052751762789,18.080778070204545],[121.58065559565696,18.080565529384156],[121.58083823714323,18.080213326873665],[121.58099472895205,18.079845118321302],[121.58113299716042,18.079466609762477],[121.58126126304448,18.07908350937104],[121.58138803399328,18.07870265693613],[121.58153855428404,18.07826889055831],[121.58168792912457,18.077830597423745],[121.5818237406198,18.07738994537472],[121.58193388437863,18.076946845518947],[121.5820059699715,18.07650007735047],[121.58201789851118,18.076227945886405],[121.58200711243853,18.075953388473422],[121.58199189792924,18.07567879852367],[121.58199082720456,18.075407701086487],[121.58202218621582,18.075142489560086],[121.5821367066894,18.074742344043894],[121.58230935002975,18.074347143424912],[121.58252705338877,18.073965827932305],[121.58277823928996,18.07360621919159],[121.58305040849672,18.07328065027439],[121.58336376320054,18.07297345577005],[121.5837161823913,18.072691397157932],[121.58409668843896,18.072441170961696],[121.58449493956967,18.072223830741045],[121.5848996631685,18.07204607102316],[121.58517439964756,18.07195207350298],[121.58545724833165,18.07187733721605],[121.58574500707194,18.071816190967194],[121.58603506413432,18.071762967901684],[121.5863241992234,18.071714255806228],[121.58667682522355,18.071663748962596],[121.58703172249749,18.071624553506798],[121.58738800544421,18.071596662951],[121.5877451288416,18.071574425590725],[121.58810193891807,18.071554444357886],[121.5886452938674,18.07154034436545],[121.58918967636737,18.071545452579482],[121.58973487253783,18.071559601549552],[121.59027979171805,18.07157148787443],[121.59082452400052,18.07156981677459],[121.5912875155076,18.071563029570118],[121.59175137472256,18.071558506669493],[121.5922144113441,18.071546069843496],[121.59267579363588,18.071518935764292],[121.59313410833971,18.071469187325466],[121.59346331123649,18.071430922239145],[121.59379841850298,18.071392699585214],[121.5941286147492,18.07134088603875],[121.59444456060753,18.071261859088025],[121.59473605792084,18.071138601388583],[121.5949922191931,18.070966515630165],[121.59522599815878,18.070750214373916],[121.59544551722874,18.070507829510564],[121.59565861264633,18.07025636126724],[121.59587370217203,18.070013943614093],[121.59615496750858,18.069691809046418],[121.59642246413529,18.069356019356903],[121.59668702547019,18.069017948798148],[121.59696066580759,18.06868898014323],[121.59725421856034,18.068380487518198],[121.59753146981767,18.068117057854458],[121.59781695946198,18.067857076196464],[121.59811327273599,18.06760959765146],[121.59842266387724,18.067388193099664],[121.59874772723123,18.067200788142138],[121.59891989333427,18.067120709910863],[121.5990967111124,18.067049701640922],[121.59927643615235,18.066984362025295],[121.59945788760227,18.06692468249286],[121.59963962520499,18.066866134404727],[121.60004696205412,18.06676516933305],[121.60046495309324,18.066698167027962],[121.600886692251,18.06664248643526],[121.60130584579612,18.066577749789577],[121.60171550725286,18.06648131612437],[121.60190874829549,18.06642397866183],[121.6021014256029,18.066363248270736],[121.60229266245109,18.06629798905791],[121.60248159104627,18.066225935649015],[121.60266644007297,18.06614707523324],[121.60270293599545,18.066130214826863],[121.6027183320682,18.066140506222567],[121.60289836525551,18.066262999400998],[121.60303296145626,18.066366452094456],[121.60311028209836,18.066426346158558],[121.60355416736078,18.066841013273415],[121.60461367757574,18.067876930721617],[121.60546966833606,18.0686788929738],[121.60569733531395,18.068894856014726],[121.60573027009583,18.068926163678025],[121.60578144090603,18.068981741038087],[121.60583728748618,18.069059330477245],[121.60590029355231,18.06914780985068],[121.60594898030267,18.06923899343759],[121.60600769322524,18.06937695041569],[121.606044925558,18.06948001367651],[121.60607213565804,18.069594357914227],[121.60607786648502,18.069661059904707],[121.6060621211356,18.069794778935172],[121.606052102048,18.069914482277202],[121.60603921890774,18.0700002413922],[121.60601774309515,18.07006409207099],[121.6059776540452,18.070158395672745],[121.60592179771365,18.07024755214864],[121.60583302523074,18.070366440150984],[121.60572850135047,18.07046989857034],[121.60517590856817,18.070934258439735],[121.60470928825224,18.071329370252915],[121.6040951096853,18.071847040881373],[121.60367654012734,18.072200755479116],[121.60295077756571,18.072804705879705],[121.60211125609729,18.0734848249463],[121.60109217838142,18.0742976402514],[121.59981590296962,18.07540368597722],[121.59950073288059,18.07565077827494],[121.59915707070955,18.075890360034855],[121.59890426870602,18.07607827191768],[121.59888302561006,18.076029250833283],[121.59896733836273,18.075811213314545],[121.59890985738129,18.075756154069907],[121.59881767169689,18.075706401173292],[121.59871254204533,18.07567645417007],[121.59860060911228,18.075693632097593],[121.59859812283435,18.075696436106302],[121.59856306140344,18.075735971414854],[121.59849142178633,18.07571699360175],[121.59845859686126,18.075693414329855],[121.59839330872599,18.07564651503001],[121.59826152752076,18.075602996828426],[121.59817016854112,18.075640513866524],[121.5981382624475,18.07574755200271],[121.59812647976605,18.07598356056776],[121.59808895866401,18.076236610937848],[121.59804171395088,18.076344436760014],[121.59799130022405,18.076398609603505],[121.59791568623517,18.076479863014246],[121.59788512361534,18.076516543735885],[121.59781649502632,18.076598911422213],[121.59779873602874,18.076615637049446],[121.59774098309758,18.076670028496714],[121.59768318693686,18.07670677971706],[121.59759619611687,18.07669134885353],[121.59754457823225,18.07656557796127],[121.59752968520854,18.07648423461928],[121.59749601321624,18.076283962748054],[121.59749028529275,18.076249894688875],[121.59748570855254,18.076219818224565],[121.5974800506257,18.07618264758515],[121.59748533553972,18.076101320724757],[121.59749919365481,18.07584416506436],[121.59758748629294,18.07575189641579],[121.59769011387634,18.075682273079195],[121.5977357731618,18.075615977815673],[121.59771987021463,18.07555318151982],[121.59761598550767,18.075447886895603],[121.59754709022923,18.07532952411238],[121.59749154319528,18.075227916835072],[121.59747370672711,18.075195290656982],[121.59742888327072,18.075099021347153],[121.5973115842557,18.07495776286884],[121.59720634209643,18.0748979481692],[121.59712759921483,18.074898224458572],[121.59710320696387,18.074931957065218],[121.5970852485589,18.07495679132602],[121.59705205141078,18.075002701501983],[121.59700171616791,18.07511098895199],[121.59697260750903,18.075173611765578],[121.59686986159863,18.07519083378353],[121.59683154068189,18.07511559135112],[121.59682408480481,18.07502232071166],[121.59681500561543,18.074908738978433],[121.5968118456992,18.07486921263005],[121.59681459008785,18.074801704715522],[121.59681926479062,18.07468674008674],[121.59682115404286,18.07464028972555],[121.59682052837903,18.074511662437494],[121.59682023072305,18.074450432563363],[121.5967969794871,18.07438182753653],[121.59678652580773,18.074350982722105],[121.59675857027307,18.074268495264942],[121.59670257169743,18.074207637626195],[121.59655665252454,18.074131882254868],[121.5964126046757,18.074091604507537],[121.59632634191215,18.07406748455924],[121.59621721857361,18.074030720024428],[121.59611738560824,18.073947097147972],[121.59609049200255,18.07379251708289],[121.59618360614077,18.07371715861244],[121.59628545457339,18.07359344042628],[121.59629408613712,18.07340717332011],[121.5962954740573,18.07337721430348],[121.59626442886702,18.073246658870573],[121.59628593344902,18.073169222665673],[121.5962610778729,18.073044925641923],[121.59620961161554,18.073004196816548],[121.59611643957851,18.072988241526808],[121.59602090634728,18.073077848109897],[121.59598642077212,18.073110194197582],[121.59593752412151,18.073147691923886],[121.59577639437548,18.073048751047637],[121.59572253332736,18.073011454764455],[121.59568135040287,18.07298293734639],[121.59565247162962,18.07296293944779],[121.59550371594275,18.072941107110676],[121.59544806822416,18.07293294003157],[121.59540184013204,18.072924038136474],[121.59524972093011,18.07289474511283],[121.59519424630508,18.07288406259441],[121.59508922300921,18.072863137330952],[121.5950388986823,18.072937334656526],[121.59506432410119,18.073048201572014],[121.59508504939686,18.07315251996752],[121.59509905520343,18.07322301876867],[121.59510543768229,18.073255143398075],[121.59511235521548,18.073289961142436],[121.59512767912403,18.073350468991553],[121.5951334728892,18.07337334513733],[121.59516184716513,18.07348538834888],[121.59506403167593,18.073582341531004],[121.59504279367245,18.073603392601946],[121.59494983326931,18.073593115822888],[121.5948564528289,18.073582791664293],[121.5947433677422,18.073493663409977],[121.59473930721946,18.073479871475026],[121.59454120749525,18.073348664536606],[121.59449196902274,18.07331605258866],[121.59435534620484,18.07323461981844],[121.59431642921368,18.073211423865164],[121.59423898617595,18.07323378431259],[121.59417201835888,18.07325311972952],[121.59416296558777,18.073342002308408],[121.59415769666862,18.073393734146563],[121.5941426664241,18.073481763535835],[121.59408094821258,18.073501154311952],[121.59405740204754,18.073508552593],[121.593989707487,18.073565873305228],[121.59396967560696,18.073646526915873],[121.59396054059843,18.073683302521403],[121.59395657372055,18.073801936378043],[121.59395531042912,18.07394541822199],[121.59393962786767,18.07403953062506],[121.59393720395843,18.074054075061774],[121.5939330069676,18.074079264064917],[121.5938938254157,18.074136744504294],[121.5938339556786,18.07417206167405],[121.59373304069611,18.074166917740815],[121.59367600550172,18.074066955937756],[121.5936393393295,18.073900035809555],[121.59358558207536,18.073791012711677],[121.59353125061337,18.073780077785855],[121.59345740914549,18.073753159965673],[121.59341262891408,18.073736836636574],[121.59332575486087,18.07375360586225],[121.59318410544041,18.073829992658577],[121.59314850102247,18.07394660851786],[121.59315067539265,18.073984980982708],[121.59315681418785,18.07409331198372],[121.59314906461812,18.074180655139457],[121.59312586838021,18.074233058705726],[121.59305788367635,18.074240274865506],[121.59301911706217,18.074197489831345],[121.59294912822239,18.074143907401833],[121.59281584761752,18.074131438971776],[121.59272149839113,18.074169642774194],[121.59267358397905,18.07418904333725],[121.59263231174977,18.07425344907522],[121.59257841224877,18.0742944055754],[121.59251232770072,18.07431487003645],[121.59244339169267,18.074333566955954],[121.59240382736061,18.07434429740558],[121.59235241341825,18.07439297002973],[121.59233731101949,18.074469656253093],[121.59238165150212,18.07450073841548],[121.59246835334291,18.07450444476489],[121.59254416663438,18.074504936978276],[121.59256578485419,18.074566983672543],[121.59257265002461,18.07462289284645],[121.59251383768834,18.074685992326067],[121.59247338643777,18.074708418395456],[121.59242417513425,18.07473570087572],[121.59238758821157,18.07473451871489],[121.59226923022983,18.074730691721264],[121.59218037364919,18.074703822946116],[121.59210393084344,18.07475301056624],[121.59204908282696,18.074813360124914],[121.59202048503379,18.074910173042007],[121.59201615149418,18.074924840867148],[121.59200517214005,18.07502152836091],[121.5919444870962,18.075109722389296],[121.59193461046644,18.07511242269986],[121.59175413346878,18.075161769381086],[121.5917071365428,18.07517341143661],[121.59161364702634,18.075227397479203],[121.59157712703613,18.075269815130437],[121.59155338178378,18.075297395221295],[121.59157098283131,18.075343524083042],[121.59161070397332,18.075432454155404],[121.59170947389067,18.075452883937547],[121.59171580959502,18.075454195248476],[121.59177899960785,18.07542972856273],[121.59186075530751,18.0754743834965],[121.59188387899972,18.07553078990237],[121.59194702839847,18.07557267498051],[121.59198404997832,18.075591999976016],[121.59201480815062,18.07560805601361],[121.59203502663875,18.075618609746932],[121.59205864357256,18.075630937703217],[121.59211330636657,18.075698133098026],[121.59215676043169,18.075751550334182],[121.59216134213445,18.075789420758717],[121.59216485752899,18.075818476578615],[121.59212634021763,18.07599219330348],[121.59211402080012,18.076022677943683],[121.59210730786923,18.076039288398192],[121.59207129512521,18.076128397044474],[121.59203705458567,18.076169897041744],[121.59199220728694,18.076224252487563],[121.591942869995,18.07624665516612],[121.59187478382646,18.07624137736314],[121.59180491785573,18.076147579123226],[121.5917587151785,18.076050594686254],[121.59172798504275,18.07595863528159],[121.59168961184321,18.075895189433915],[121.59162687848723,18.07586320752917],[121.59160727437829,18.075853213067532],[121.59156700527741,18.07585867721525],[121.59151733794792,18.075906236383165],[121.59150672938574,18.075971789977373],[121.59150758938503,18.07604803954145],[121.59150768967714,18.076056904931335],[121.59150809191381,18.076092587889164],[121.5915370158976,18.07619089392544],[121.59152206492858,18.07626842423655],[121.59149687681077,18.076318628026332],[121.59144356300418,18.076320869474845],[121.5913076426046,18.07625303572765],[121.59122565776049,18.076240275376858],[121.59119609088839,18.076262357678797],[121.5911195383777,18.076391248239226],[121.59103052137614,18.076511217460016],[121.59098065345236,18.07657842634522],[121.59091728369465,18.076718881963647],[121.59090318067207,18.076750140553692],[121.59084127921068,18.076829009700592],[121.59075538047182,18.076938455210005],[121.59073545441112,18.07696228044345],[121.59067929627766,18.077029425234844],[121.59065658193641,18.07705658439167],[121.59058598130022,18.07711641992457],[121.5905640087261,18.077135041524638],[121.59050650213314,18.077137459918134],[121.59041199901311,18.0770957420898],[121.59039334936793,18.076993522312712],[121.5903861340722,18.076953978084607],[121.59041845671493,18.07684614577483],[121.59043193805378,18.076801170936985],[121.59041920015129,18.076731716742753],[121.59037691538866,18.076607259417283],[121.59037575688222,18.076603850580465],[121.59027690803731,18.076536923000962],[121.59007758961295,18.07649354671516],[121.58999920836443,18.076460183094845],[121.58998362778962,18.0764535504645],[121.5898620454195,18.076455015357308],[121.58977430557206,18.076476954375178],[121.58970560207172,18.076520227178413],[121.58966360078473,18.07658320271194],[121.58962112802178,18.07664688685293],[121.58953808358216,18.07672644053766],[121.5895020890764,18.07680125957579],[121.58953668311575,18.07686627673049],[121.58962178542036,18.076882410359623],[121.58966211702358,18.07688181135638],[121.58976724586216,18.076880248085473],[121.58984574001049,18.07686116208456],[121.58989063844504,18.076915141569614],[121.58991277189966,18.07694393220424],[121.58991274870962,18.076981381350627],[121.58991272323013,18.077022429655496],[121.5898630052934,18.07712295811136],[121.58980477427872,18.077170654825412],[121.58976645761702,18.077202040935717],[121.58960320801953,18.077267980023564],[121.5895058017417,18.077311648430754],[121.58947731792381,18.077324418274724],[121.58942363828893,18.077352428115507],[121.58934247025263,18.07738604018319],[121.58928383188426,18.077384180263568],[121.58925958689021,18.077320738738546],[121.58930435194233,18.077213077124338],[121.58932617044903,18.07717201189464],[121.589345060446,18.07713645730713],[121.5893473048845,18.07706247872851],[121.58926341655885,18.07702943962472],[121.58922239041718,18.077021771539822],[121.58915755218807,18.077009651595585],[121.58899947031563,18.076996180442105],[121.58890198221856,18.076984241024125],[121.58882508802706,18.076915898189583],[121.58872342418901,18.07684565732271],[121.58864667349687,18.07682557042734],[121.58855383707008,18.076837231623983],[121.58852812539929,18.07685637233845],[121.58846486888864,18.076903462594103],[121.58847920980536,18.07694083061459],[121.5885068559697,18.077012871672565],[121.58847888256703,18.077168733709147],[121.58844399799241,18.07723712946831],[121.58841355746287,18.077296813255245],[121.58830965666523,18.07729695701234],[121.58821807634189,18.07724200230242],[121.588136614847,18.07717074591772],[121.587986413737,18.077119679870478],[121.58788358834005,18.077128080542824],[121.58773975591083,18.077073275581323],[121.58756812955829,18.07701633788018],[121.58747314708835,18.077004412465563],[121.5874213079158,18.077026495621755],[121.58737792142102,18.077064337641392],[121.58739450353724,18.077124216278982],[121.5874620253716,18.07719910295255],[121.58746901743645,18.07720293130915],[121.58752747180701,18.077296159524334],[121.58763887431046,18.077320934557346],[121.58778026237685,18.07735735265568],[121.58778689785598,18.077373399133062],[121.58783450308236,18.077488508896277],[121.58783861149118,18.077589456752985],[121.58779222712734,18.0776493816115],[121.58770935219546,18.07767982679358],[121.58763557401272,18.077727724411467],[121.58753347378355,18.07776270784762],[121.58748675891748,18.07782660709464],[121.58748853152034,18.07792082927508],[121.58747510734764,18.078009334098564],[121.58743865292085,18.07810028096986],[121.58743444062824,18.078106112011838],[121.58738551527982,18.078173846332238],[121.5873709188838,18.078194053181228],[121.58735560401944,18.078242415600695],[121.58733305627827,18.078313615919907],[121.58730684447414,18.078345270819508],[121.58729217539448,18.07836298671529],[121.58726311676376,18.078398079879133],[121.58718743874275,18.078460426041083],[121.58710093361181,18.078531692194364],[121.58697371333005,18.078568082702283],[121.58676951898758,18.07862579822527],[121.58664740230634,18.07868049734015],[121.58654276322446,18.07875777603634],[121.5864922739698,18.07879207957942],[121.58652587790316,18.07885616283855],[121.58654237184233,18.078887618011724],[121.58666356454131,18.078972319300682],[121.58670726667658,18.079010674141408],[121.58675053538562,18.079048647177284],[121.5867706066735,18.079066262278822],[121.58682344472801,18.079097707040653],[121.58684827037756,18.079112480682372],[121.58688881192691,18.07910389028974],[121.58689509990032,18.07910255828804],[121.5869213477489,18.079096997033194],[121.58696335616246,18.079090701748843],[121.5870361957147,18.07907978598685],[121.58710429679188,18.07910172143183],[121.58716075923175,18.07915347016789],[121.58713681134995,18.079204918521427],[121.5870551446373,18.07923374747798],[121.58697393358794,18.07923716053355],[121.5869468937097,18.079252433666344],[121.58688654417685,18.079286521437076],[121.58687240791758,18.079324530467577],[121.58691580966065,18.079412825064203],[121.58693791629612,18.079473149911617],[121.58695094137647,18.079508691189048],[121.58695514667735,18.079543638362487],[121.5869584510962,18.079571090532255],[121.58694654663229,18.07957614594886],[121.58685622168301,18.07961450799849],[121.58675315873134,18.079630918747863],[121.58669859723933,18.079660485485064],[121.58666822505363,18.07970442000073],[121.58671745482269,18.079776135891564],[121.58673943123563,18.079846704292304],[121.58672445497989,18.079929085475374],[121.58668821822349,18.079965239235396],[121.5866779587413,18.07997547546022],[121.58661869021961,18.080003488689076],[121.58653121054707,18.08001355696934],[121.58643406620797,18.08003686041616],[121.58636128196068,18.080067128530153],[121.58633940469024,18.080076226000806],[121.58626887355003,18.080090479231085],[121.58623854506489,18.080096607794992],[121.58620986046199,18.080129528459317],[121.5861946604073,18.080146973791138],[121.58618378201284,18.080193194437733],[121.58617361540051,18.080257539942828],[121.58618704265055,18.080320005238335],[121.58622807467123,18.080336095906794],[121.58623907747679,18.080332974937544],[121.58625972987706,18.0803271161645],[121.58632044871656,18.08029664224498],[121.58639082013235,18.08031650449049],[121.5864033636624,18.080359433085153],[121.58640175377494,18.080450393629388],[121.5863776292993,18.08053623102347],[121.58633302335387,18.080563511171313],[121.58628778695474,18.080591176155345],[121.58624479521839,18.080639276961914],[121.58622146691107,18.08069812413132],[121.5862667125008,18.08075484950063],[121.58633803021004,18.080795431779134],[121.58636392964726,18.08081016908068],[121.58645133957785,18.080830099194777],[121.58646216902673,18.080832938210786],[121.58652211569162,18.08084865229473],[121.5865423970611,18.080854210889683],[121.58657936254323,18.080878704410335],[121.58661641167858,18.080903253658736],[121.58666933037061,18.08099584791921],[121.58668065504651,18.081015664391202],[121.58672243711659,18.08112892268502],[121.58672038742408,18.081206267687936],[121.5866764846837,18.08125509476054],[121.58661380653331,18.081238890821602],[121.58654526011665,18.081191889641836],[121.5865230182614,18.081157297420404],[121.58648188102016,18.081093318009536],[121.58641754461009,18.081026755962366],[121.58637287881403,18.081040611303397],[121.58634923545378,18.081065648563577],[121.5863546931003,18.08111692452185],[121.58643026554216,18.081218500626314],[121.58645244340092,18.08126769057703],[121.58643500710981,18.081302450315018],[121.58638036215277,18.08141138599281],[121.58639811712005,18.081592032059845],[121.58640329271361,18.08163617538373],[121.5863961972499,18.08174328341025],[121.58635502986567,18.081775317439664],[121.5863185291308,18.08178054865717],[121.58627983010511,18.081786094492877],[121.5861419187249,18.08178176146947],[121.58611461151746,18.08180322057113],[121.58610569195571,18.081852226087783],[121.58614226480682,18.081936489412044],[121.58614182529756,18.08203748250291],[121.58609973132981,18.082104262488507],[121.58605079615067,18.082136445557563],[121.58597880176671,18.08211481911308],[121.58592019335245,18.08208462399305],[121.58585553220574,18.082079220842044],[121.58578553612169,18.08215312293065],[121.58578821429522,18.08225235056529],[121.58579045153895,18.082335266208176],[121.58587087426646,18.08240707808417],[121.58593039435443,18.08250298664194],[121.58595013784527,18.08267831313837],[121.58595426147853,18.08279112934637],[121.58590268187842,18.082862772688358],[121.5858898529031,18.08288059138199],[121.58583381202037,18.08289713103058],[121.58581622779658,18.08290232094379],[121.58574400739772,18.082826088941058],[121.58567850889547,18.082771630408963],[121.58560983688471,18.082764201639943],[121.58556113017791,18.08277915848874],[121.58552756245712,18.082866741890854],[121.58551859019205,18.08300105167883],[121.58548933073244,18.083129085220456],[121.5854878874234,18.08313540277772],[121.58547442385503,18.083194317600956],[121.58542600967189,18.08330727186154],[121.58538844447715,18.083374306237605],[121.58534484250724,18.08342616050643],[121.58532374454077,18.083451253316166],[121.58526607923471,18.083482177544006],[121.58526279871755,18.083478766678592],[121.58522545091094,18.083439929442576],[121.58521353912916,18.08336900637533],[121.58517750076489,18.08328786976761],[121.5851573889877,18.08324922215054],[121.58511683922362,18.083250929988388],[121.58508635433616,18.083286750540665],[121.58504637938522,18.08336089592712],[121.58501474456881,18.08338917806654],[121.58499582572266,18.083406091777128],[121.58494233754939,18.0834390110331],[121.5849132039311,18.083419768698203],[121.58488331737723,18.083399690399588],[121.58483860034215,18.08336964741691],[121.58476211158418,18.083356796143303],[121.5847329060528,18.083351475515233],[121.58469323609299,18.083388390702577],[121.58470478233528,18.083450436537348],[121.58471191821188,18.083488785706788],[121.5847360692022,18.083553575246576],[121.58475085460924,18.0836048663134],[121.58458975195201,18.08369160714604],[121.58449845119506,18.083735154832706],[121.58440993668047,18.08377634997619],[121.58436779894694,18.08382229866183],[121.58433898651361,18.08385371710642],[121.5843127314358,18.083882345820776],[121.58424889065594,18.084027491377547],[121.58415807937962,18.084209744542434],[121.58410469110817,18.084268202713975],[121.58402631041403,18.08424476023569],[121.58391675967033,18.08422060462744],[121.58382905872861,18.08425750596987],[121.58376574667528,18.08430713953148],[121.58382669691768,18.084434921240973],[121.5839508184607,18.084471750647488],[121.58404414904658,18.084550352117454],[121.5840174913002,18.084641632940155],[121.5839428004683,18.084703983895313],[121.58379697111079,18.084770182654395],[121.5836508357699,18.084906872255665],[121.58359820886402,18.084982492197764],[121.58360862385871,18.084991435989288],[121.58363939334099,18.08501876990409],[121.58371705207068,18.085045791963225],[121.58383592052328,18.08501552711318],[121.58394298957644,18.08497657392076],[121.58398358879232,18.084961803818263],[121.58406339066953,18.08494852322725],[121.58408682394742,18.08497239112467],[121.584112057128,18.085036774809808],[121.58411548783522,18.085121452206675],[121.5842316232844,18.085176878337403],[121.58433742913921,18.085244519812978],[121.58436041138269,18.085308841774893],[121.5843649105316,18.08537093983164],[121.58436784696063,18.085411476611416],[121.58428982651141,18.085491700584978],[121.58428320979601,18.085490167368043],[121.58422690076752,18.0854771187104],[121.58418786407267,18.08545021488769],[121.58410095605913,18.085422717591108],[121.5840288165586,18.08542293639552],[121.58396494548816,18.085434091966757],[121.58388255123448,18.085488757876995],[121.58389116377413,18.08554900747397],[121.58395410511174,18.08558142726107],[121.58407574643496,18.085632491414177],[121.58410070337702,18.085650527613158],[121.58417803263046,18.08570641360358],[121.58425765617866,18.08584224985562],[121.5842573387418,18.08594106055811],[121.58418344478034,18.08601578632761],[121.58412848413256,18.086011539862707],[121.58402432825307,18.085993042622455],[121.58394947041442,18.08597992913193],[121.58388845100181,18.08597067448358],[121.58384917907449,18.08596471865807],[121.58370982701004,18.085925598671373],[121.58351502526709,18.08590197541979],[121.58348336235248,18.0859160122048],[121.58344529963999,18.08591761682446],[121.5833983363262,18.08591959525138],[121.58334808708659,18.085956853516073],[121.58332963429673,18.085980154609988],[121.58334523578641,18.086054396760822],[121.5834077840663,18.086068227048752],[121.58346102922097,18.086102444519074],[121.58348397151421,18.086178776439528],[121.58349948402751,18.086260817171283],[121.58352125139295,18.086298015027968],[121.58355600721092,18.086310891212914],[121.58356780067918,18.08631526010432],[121.58362850809777,18.086309953259416],[121.58373325238574,18.086341445647875],[121.583820091373,18.086421977663893],[121.58386830047125,18.08655865518439],[121.58385734025936,18.086603510524636],[121.58380776261293,18.086635480356822],[121.58375788472247,18.086661652078657],[121.58367565270109,18.086641045640942],[121.58367423635093,18.08658748423541],[121.58367519010669,18.086549173648017],[121.58367034938581,18.086526015086395],[121.58365169440539,18.08651517281678],[121.58361378941503,18.086516769583227],[121.5835682364976,18.08653830123304],[121.58353932215347,18.08655196963687],[121.58353861200189,18.086552276175972],[121.58348665030199,18.086574732157427],[121.5834497996079,18.086653560970525],[121.5835146996286,18.0867388667718],[121.58353971859685,18.0868752548193],[121.58349653074697,18.086954083195245],[121.58341408672867,18.08699989108438],[121.58335352013226,18.087034704250566],[121.58324632823572,18.08709631648222],[121.58316153022048,18.087174163286956],[121.58315095681758,18.087264132490677],[121.58320581215952,18.08735685301959],[121.58327780421638,18.087396749296303],[121.5833240812649,18.0874352250713],[121.58339864361078,18.087497219507497],[121.58346520886194,18.087572502737807],[121.58342656163474,18.087608033491396],[121.58330286764198,18.087662687686475],[121.58309760832842,18.087744613461606],[121.58301628051456,18.087779260464586],[121.58299517197312,18.08784403493665],[121.58305062200738,18.087931187185298],[121.5830905398935,18.087960530302098],[121.58314060143073,18.087997327865335],[121.58329562043413,18.08807719337049],[121.58331080222261,18.088142292207728],[121.58330071887153,18.08822794565383],[121.58328897092117,18.088262258814552],[121.58327193824182,18.088312005137954],[121.5832239125943,18.088340655391324],[121.58311633236504,18.08834897389642],[121.58302039131634,18.0883225292977],[121.58294414017833,18.088303378813652],[121.58286395443082,18.088336022638888],[121.58282507383161,18.088357281395613],[121.58285803370943,18.088418639700414],[121.58299526501703,18.088452973654075],[121.583085106614,18.088496418664047],[121.58312356884417,18.088597625005033],[121.58313599078667,18.08862670291781],[121.5831662128545,18.08869744515922],[121.58324487882247,18.088810552987606],[121.58329816880214,18.0888871764749],[121.5833588434649,18.088999624418747],[121.58342620933809,18.089124475927377],[121.58348185390282,18.08922760209237],[121.58348418494941,18.089299384693394],[121.58345337084691,18.089332956036777],[121.58340695055841,18.089318731771836],[121.58329288696402,18.089251393202414],[121.58316998914555,18.089169799064692],[121.58311433603936,18.089172127408272],[121.58308939709978,18.089255932222535],[121.58308165787989,18.08934851021068],[121.58304214374417,18.089398980541823],[121.58299912754696,18.089421261671173],[121.58288341006654,18.08935680685426],[121.58283568421294,18.089302445323188],[121.58278318418328,18.089296643269698],[121.58273694781886,18.08931058185659],[121.58270548416709,18.089384535179605],[121.58270045737041,18.089495706296425],[121.58267235508694,18.089559594363525],[121.58263923363464,18.089573615725687],[121.5825063556983,18.089566540762554],[121.58242907798841,18.089490470027656],[121.58234380883029,18.089485762611563],[121.58233157980148,18.08949430512569],[121.58230593873901,18.08951221731573],[121.58225324617956,18.08962361732053],[121.58219691393082,18.089685750812684],[121.58204423441376,18.089687848228373],[121.5819567295397,18.089686326669092],[121.581899492937,18.08968533210772],[121.58185215424322,18.089710847815745],[121.58182165036277,18.08972729012482],[121.58181010867897,18.089788553658178],[121.5819009515054,18.089824203748964],[121.58194807204731,18.089901777128155],[121.58196252621393,18.08992557205931],[121.58199612608894,18.08998088720653],[121.58203797266366,18.09009476401631],[121.58200811570295,18.090174957729328],[121.58190680560516,18.0902623666621],[121.58172811895469,18.090301973876297],[121.58160079529071,18.090260714993757],[121.58152660153024,18.090235442483646],[121.58152241966059,18.090234018334264],[121.58141977751326,18.09019551165918],[121.58136866951189,18.090192946308495],[121.58134898669773,18.09025279448199],[121.58131643406705,18.090328241349933],[121.58128265027402,18.090367846596187],[121.5812836534632,18.09042369200631],[121.58124116732299,18.090507604200628],[121.58116878989476,18.09053739316539],[121.5810277203497,18.090548756008573],[121.58097936561224,18.090552650975045],[121.58093725350444,18.09056807247632],[121.58086856036769,18.090588542179898],[121.58082616078707,18.09052857980443],[121.58077500206245,18.090421429564632],[121.58070038631611,18.090385432063016],[121.58065119128929,18.090391484057506],[121.58059456036625,18.09041700515677],[121.5805847836997,18.090530704770348],[121.58050960189354,18.0905367597826],[121.5804697330179,18.090453636943657],[121.58045648988256,18.090426023950073],[121.58035843195412,18.09034459458995],[121.58024436275161,18.09032511768953],[121.58013088319548,18.0903226622238],[121.58010482924834,18.090322098150867],[121.58001734141317,18.090359753599508],[121.57997376429297,18.090429348467097],[121.57998654598775,18.09052097394935],[121.58002898843098,18.090540237313714],[121.58011108859091,18.09057750102668],[121.58024431296711,18.09069200105831],[121.58028726012277,18.090796968356585],[121.58032241551115,18.09090304398348],[121.58030796270317,18.091071663407924],[121.58029089207169,18.09113690184241],[121.58023607364623,18.09118607421328],[121.58016080146044,18.091174677504135],[121.58011788569804,18.091136015162434],[121.58009474205677,18.091064514962753],[121.58006228215618,18.091030210976307],[121.58004681672858,18.091013866128982],[121.58000230306158,18.09101525804908],[121.57995180100535,18.09101932489547],[121.57991682161284,18.091044127745683],[121.57989234016362,18.09115843831847],[121.57989528125519,18.091245336754053],[121.5798529610434,18.09132636993574],[121.57984987970106,18.09133389617301],[121.57982959300789,18.091383463620343],[121.57974735989558,18.091443779063287],[121.5796700010996,18.091464807102803],[121.57961274103067,18.09141549547532],[121.57959409769771,18.091366329949402],[121.57952558968003,18.091371850856667],[121.57950449472443,18.091395170000634],[121.57945483393492,18.091410329537442],[121.57940762639016,18.091424739947097],[121.57932559852624,18.091445938583274],[121.57921169648884,18.091359059629927],[121.57917899639125,18.09127528724051],[121.57913486909945,18.091139067142702],[121.57912290562288,18.091076711706943],[121.57909369012337,18.09106827708233],[121.5790460264062,18.091100502719584],[121.5790061549329,18.09112746065899],[121.57896866360397,18.091185501101453],[121.57894100338511,18.09122832364706],[121.57890768399555,18.091255937072493],[121.57883234771985,18.09126200834182],[121.57879997146576,18.091264617134666],[121.57878294497523,18.0912400918797],[121.57877519717094,18.09122893189776],[121.57876290623307,18.09121122779068],[121.5787282915456,18.09113455731398],[121.57870708746609,18.091084388797295],[121.57864454392804,18.091087285830707],[121.57857892596063,18.09110845507016],[121.57852002741573,18.091127456297507],[121.57851091068021,18.091134686824184],[121.57848279428875,18.09114979794719],[121.57848119809904,18.09115065637911],[121.57843840096663,18.091173658231565],[121.57837677033982,18.091206782884925],[121.57837061583562,18.091208259237277],[121.5783343079628,18.091216967389787],[121.57830726260215,18.091223454911557],[121.57824035232038,18.091216207109323],[121.57820192489406,18.09121204367908],[121.57816102258548,18.09119337591682],[121.5781355783537,18.091171428062367],[121.57810123016002,18.091141798781546],[121.57809005775458,18.09107676626033],[121.57807788790433,18.091065853781025],[121.57802362310899,18.09101719814282],[121.57802447079598,18.0909468442008],[121.57809397113134,18.090900246723905],[121.57814099531807,18.09086156741221],[121.57816863327953,18.090838990639917],[121.57817637534559,18.090794462634786],[121.57812476307586,18.09075738490192],[121.57806347208538,18.09075822980788],[121.57802060714896,18.09075963975245],[121.57799659277644,18.090733095722133],[121.57795982468087,18.090744167925457],[121.5779324473705,18.0907531623299],[121.57790238139636,18.090763040537592],[121.57785159036807,18.090812340385124],[121.57783044721974,18.090874674981908],[121.57783458407037,18.09092329181904],[121.57783503082887,18.09096210960302],[121.5778113759476,18.0909748941445],[121.57774827131765,18.09101504790179],[121.57771646617509,18.091017611025894],[121.57768006194551,18.09099420607515],[121.57765128149651,18.09098561540612],[121.57760331869869,18.09098295295932],[121.57756139360887,18.090984159183012],[121.57752995816324,18.090986691568478],[121.5775003503311,18.090989077484288],[121.57747070046007,18.09100323918009],[121.57746745935482,18.0910047875924],[121.57741242035881,18.09099182214407],[121.57740428941047,18.090986006060444],[121.57735291364398,18.09094925969703],[121.57738134965321,18.090864756000006],[121.57742122461619,18.09079977100957],[121.57743341588255,18.090762319647183],[121.57743202355755,18.09072043520541],[121.57739033415756,18.09070202896036],[121.57735423752406,18.090704938094863],[121.57731777012697,18.09074433393417],[121.57729305929641,18.090811081677455],[121.57729100676677,18.09081826304073],[121.57723469841622,18.090874716714495],[121.57720245725262,18.090896668417976],[121.57715084381911,18.09093181026546],[121.5770591435151,18.090980518958535],[121.57698876436389,18.09102802945396],[121.57690055842518,18.090993297447238],[121.57682283881175,18.09094859351443],[121.57681384260528,18.09091100846709],[121.57681914383609,18.090893960861003],[121.57685760069207,18.090822893151326],[121.57687310537628,18.090768735588014],[121.57686545334484,18.09074888333375],[121.57682078997995,18.09074342662076],[121.57676753362055,18.090740943592863],[121.57666637084893,18.090835983624828],[121.57661454733245,18.090886848722455],[121.576584807406,18.090903383447174],[121.57654755528011,18.09088285551576],[121.5765398924892,18.090827686645795],[121.57654497811144,18.09079017026439],[121.57654740837717,18.090772244840636],[121.5765490139487,18.0907181112487],[121.57655019524617,18.0906782681266],[121.57655580736623,18.09059961973287],[121.57658678275475,18.090563456463247],[121.57659306196075,18.09055612557239],[121.57661331633548,18.09051452466607],[121.57667839042924,18.090445168781958],[121.57675733051538,18.090390085888192],[121.5768297593513,18.090300933289218],[121.57682349042909,18.09025029917748],[121.57680167310086,18.09021696418483],[121.57669357485982,18.090216961805528],[121.5765791084186,18.090258979913752],[121.57647368684495,18.090285106613138],[121.57642957039828,18.090278515281035],[121.57639701651058,18.090273651165333],[121.57633130687096,18.090252680947845],[121.5762405897049,18.090264352256447],[121.57613593926607,18.090308722398465],[121.5760932307064,18.090326830326276],[121.57601857918709,18.090429678781945],[121.57606104171441,18.090556903276518],[121.57605009384936,18.090633895662513],[121.57604573131148,18.09066457779745],[121.57603233701178,18.09067029648146],[121.57598878537102,18.090688892440546],[121.57588591962897,18.09065540269211],[121.57580008600742,18.090589854104326],[121.57573439402833,18.090564234642265],[121.57567274728672,18.090519039902976],[121.57564523122554,18.090498867437212],[121.5756091021073,18.090435351173532],[121.57562392955153,18.09033813805666],[121.57559399938883,18.0902773558601],[121.5755517573087,18.090191572414998],[121.57551403780691,18.090120131318194],[121.57549384671799,18.090075111634437],[121.57544695755573,18.090066837834275],[121.57540865557596,18.090096095494122],[121.57537509794658,18.09018758041687],[121.57533818552636,18.090290006989267],[121.57532540487337,18.09032785143877],[121.57532260924664,18.090336130618905],[121.57527960386429,18.090364776091032],[121.57524380783306,18.090388619605893],[121.57521313597897,18.090399570942537],[121.57518333495528,18.090410212436378],[121.57514734894964,18.090423062792485],[121.57505608922256,18.09046633031384],[121.5750383678228,18.09049282300666],[121.5749733211994,18.09041469821704],[121.57491754602503,18.090347405924906],[121.57487219428467,18.090310220004373],[121.57479114767186,18.09024376568798],[121.57472787126864,18.09023578178737],[121.57459476694083,18.09013325214279],[121.57442931284653,18.090105991425194],[121.57424463518493,18.09011104771257],[121.57414048110809,18.090120147290882],[121.57410814605728,18.090061564623603],[121.57411997140193,18.089739187814008],[121.57394488707176,18.08962328279995],[121.5738531752398,18.089526356655774],[121.57370791883204,18.089642555568734],[121.57370228277775,18.089655640901267],[121.57367075911247,18.08984361184618],[121.57360405040944,18.090028210512504],[121.57360280174042,18.09003166217436],[121.57352716159609,18.09006579402126],[121.57351036509857,18.089849906050752],[121.57349204627242,18.089775795082282],[121.57338224239568,18.089734027928635],[121.57328797175352,18.089747454430487],[121.57322123711175,18.089841044775596],[121.57318732312308,18.089319248840226],[121.57271421959555,18.089278046047383],[121.57240681567255,18.089251274033995],[121.5715143851691,18.088986038633603],[121.5710072228644,18.088835305689614],[121.57062968155996,18.088430991902115],[121.57112808554405,18.087481767478643],[121.57127029179004,18.08721093000473],[121.5715433992283,18.084141285963746],[121.57153032879982,18.08324210930166],[121.56980945376223,18.083744231985968],[121.56786779361738,18.082882073504816],[121.56760277007604,18.081847231243902]]]}},{"type":"Feature","properties":{"id":"LAS-ERO-012","erosion_class":"none","erosion_label":"No apparent erosion","barangay":"Gabun","hectares":711.636040804,"data_source":"Soil erosion dataset (Lasam barangay clip)"},"geometry":{"type":"Polygon","coordinates":[[[121.576584807406,18.090903383447174],[121.57661454733245,18.090886848722455],[121.57666637084893,18.090835983624828],[121.57676753362055,18.090740943592863],[121.57682078997995,18.09074342662076],[121.57686545334484,18.09074888333375],[121.57687310537628,18.090768735588014],[121.57685760069207,18.090822893151326],[121.57681914383609,18.090893960861003],[121.57681384260528,18.09091100846709],[121.57682283881175,18.09094859351443],[121.57690055842518,18.090993297447238],[121.57698876436389,18.09102802945396],[121.5770591435151,18.090980518958535],[121.57715084381911,18.09093181026546],[121.57720245725262,18.090896668417976],[121.57723469841622,18.090874716714495],[121.57729100676677,18.09081826304073],[121.57729305929641,18.090811081677455],[121.57731777012697,18.09074433393417],[121.57735423752406,18.090704938094863],[121.57739033415756,18.09070202896036],[121.57743202355755,18.09072043520541],[121.57743341588255,18.090762319647183],[121.57742122461619,18.09079977100957],[121.57738134965321,18.090864756000006],[121.57735291364398,18.09094925969703],[121.57740428941047,18.090986006060444],[121.57741242035881,18.09099182214407],[121.57746745935482,18.0910047875924],[121.57747070046007,18.09100323918009],[121.5775003503311,18.090989077484288],[121.57752995816324,18.090986691568478],[121.57756139360887,18.090984159183012],[121.57760331869869,18.09098295295932],[121.57765128149651,18.09098561540612],[121.57768006194551,18.09099420607515],[121.57771646617509,18.091017611025894],[121.57774827131765,18.09101504790179],[121.5778113759476,18.0909748941445],[121.57783503082887,18.09096210960302],[121.57783458407037,18.09092329181904],[121.57783044721974,18.090874674981908],[121.57785159036807,18.090812340385124],[121.57790238139636,18.090763040537592],[121.5779324473705,18.0907531623299],[121.57795982468087,18.090744167925457],[121.57799659277644,18.090733095722133],[121.57802060714896,18.09075963975245],[121.57806347208538,18.09075822980788],[121.57812476307586,18.09075738490192],[121.57817637534559,18.090794462634786],[121.57816863327953,18.090838990639917],[121.57814099531807,18.09086156741221],[121.57809397113134,18.090900246723905],[121.57802447079598,18.0909468442008],[121.57802362310899,18.09101719814282],[121.57807788790433,18.091065853781025],[121.57809005775458,18.09107676626033],[121.57810123016002,18.091141798781546],[121.5781355783537,18.091171428062367],[121.57816102258548,18.09119337591682],[121.57820192489406,18.09121204367908],[121.57824035232038,18.091216207109323],[121.57830726260215,18.091223454911557],[121.5783343079628,18.091216967389787],[121.57837061583562,18.091208259237277],[121.57837677033982,18.091206782884925],[121.57843840096663,18.091173658231565],[121.57848119809904,18.09115065637911],[121.57848279428875,18.09114979794719],[121.57851091068021,18.091134686824184],[121.57852002741573,18.091127456297507],[121.57857892596063,18.09110845507016],[121.57864454392804,18.091087285830707],[121.57870708746609,18.091084388797295],[121.5787282915456,18.09113455731398],[121.57876290623307,18.09121122779068],[121.57877519717094,18.09122893189776],[121.57878294497523,18.0912400918797],[121.57879997146576,18.091264617134666],[121.57883234771985,18.09126200834182],[121.57890768399555,18.091255937072493],[121.57894100338511,18.09122832364706],[121.57896866360397,18.091185501101453],[121.5790061549329,18.09112746065899],[121.5790460264062,18.091100502719584],[121.57909369012337,18.09106827708233],[121.57912290562288,18.091076711706943],[121.57913486909945,18.091139067142702],[121.57917899639125,18.09127528724051],[121.57921169648884,18.091359059629927],[121.57932559852624,18.091445938583274],[121.57940762639016,18.091424739947097],[121.57945483393492,18.091410329537442],[121.57950449472443,18.091395170000634],[121.57952558968003,18.091371850856667],[121.57959409769771,18.091366329949402],[121.57961274103067,18.09141549547532],[121.5796700010996,18.091464807102803],[121.57974735989558,18.091443779063287],[121.57982959300789,18.091383463620343],[121.57984987970106,18.09133389617301],[121.5798529610434,18.09132636993574],[121.57989528125519,18.091245336754053],[121.57989234016362,18.09115843831847],[121.57991682161284,18.091044127745683],[121.57995180100535,18.09101932489547],[121.58000230306158,18.09101525804908],[121.58004681672858,18.091013866128982],[121.58006228215618,18.091030210976307],[121.58009474205677,18.091064514962753],[121.58011788569804,18.091136015162434],[121.58016080146044,18.091174677504135],[121.58023607364623,18.09118607421328],[121.58029089207169,18.09113690184241],[121.58030796270317,18.091071663407924],[121.58032241551115,18.09090304398348],[121.58028726012277,18.090796968356585],[121.58024431296711,18.09069200105831],[121.58011108859091,18.09057750102668],[121.58002898843098,18.090540237313714],[121.57998654598775,18.09052097394935],[121.57997376429297,18.090429348467097],[121.58001734141317,18.090359753599508],[121.58010482924834,18.090322098150867],[121.58013088319548,18.0903226622238],[121.58024436275161,18.09032511768953],[121.58035843195412,18.09034459458995],[121.58045648988256,18.090426023950073],[121.5804697330179,18.090453636943657],[121.58050960189354,18.0905367597826],[121.5805847836997,18.090530704770348],[121.58059456036625,18.09041700515677],[121.58065119128929,18.090391484057506],[121.58070038631611,18.090385432063016],[121.58077500206245,18.090421429564632],[121.58082616078707,18.09052857980443],[121.58086856036769,18.090588542179898],[121.58093725350444,18.09056807247632],[121.58097936561224,18.090552650975045],[121.5810277203497,18.090548756008573],[121.58116878989476,18.09053739316539],[121.58124116732299,18.090507604200628],[121.5812836534632,18.09042369200631],[121.58128265027402,18.090367846596187],[121.58131643406705,18.090328241349933],[121.58134898669773,18.09025279448199],[121.58136866951189,18.090192946308495],[121.58141977751326,18.09019551165918],[121.58152241966059,18.090234018334264],[121.58152660153024,18.090235442483646],[121.58160079529071,18.090260714993757],[121.58172811895469,18.090301973876297],[121.58190680560516,18.0902623666621],[121.58200811570295,18.090174957729328],[121.58203797266366,18.09009476401631],[121.58199612608894,18.08998088720653],[121.58196252621393,18.08992557205931],[121.58194807204731,18.089901777128155],[121.5819009515054,18.089824203748964],[121.58181010867897,18.089788553658178],[121.58182165036277,18.08972729012482],[121.58185215424322,18.089710847815745],[121.581899492937,18.08968533210772],[121.5819567295397,18.089686326669092],[121.58204423441376,18.089687848228373],[121.58219691393082,18.089685750812684],[121.58225324617956,18.08962361732053],[121.58230593873901,18.08951221731573],[121.58233157980148,18.08949430512569],[121.58234380883029,18.089485762611563],[121.58242907798841,18.089490470027656],[121.5825063556983,18.089566540762554],[121.58263923363464,18.089573615725687],[121.58267235508694,18.089559594363525],[121.58270045737041,18.089495706296425],[121.58270548416709,18.089384535179605],[121.58273694781886,18.08931058185659],[121.58278318418328,18.089296643269698],[121.58283568421294,18.089302445323188],[121.58288341006654,18.08935680685426],[121.58299912754696,18.089421261671173],[121.58304214374417,18.089398980541823],[121.58308165787989,18.08934851021068],[121.58308939709978,18.089255932222535],[121.58311433603936,18.089172127408272],[121.58316998914555,18.089169799064692],[121.58329288696402,18.089251393202414],[121.58340695055841,18.089318731771836],[121.58345337084691,18.089332956036777],[121.58348418494941,18.089299384693394],[121.58348185390282,18.08922760209237],[121.58342620933809,18.089124475927377],[121.5833588434649,18.088999624418747],[121.58329816880214,18.0888871764749],[121.58324487882247,18.088810552987606],[121.5831662128545,18.08869744515922],[121.58313599078667,18.08862670291781],[121.58312356884417,18.088597625005033],[121.583085106614,18.088496418664047],[121.58299526501703,18.088452973654075],[121.58285803370943,18.088418639700414],[121.58282507383161,18.088357281395613],[121.58286395443082,18.088336022638888],[121.58294414017833,18.088303378813652],[121.58302039131634,18.0883225292977],[121.58311633236504,18.08834897389642],[121.5832239125943,18.088340655391324],[121.58327193824182,18.088312005137954],[121.58328897092117,18.088262258814552],[121.58330071887153,18.08822794565383],[121.58331080222261,18.088142292207728],[121.58329562043413,18.08807719337049],[121.58314060143073,18.087997327865335],[121.5830905398935,18.087960530302098],[121.58305062200738,18.087931187185298],[121.58299517197312,18.08784403493665],[121.58301628051456,18.087779260464586],[121.58309760832842,18.087744613461606],[121.58330286764198,18.087662687686475],[121.58342656163474,18.087608033491396],[121.58346520886194,18.087572502737807],[121.58339864361078,18.087497219507497],[121.5833240812649,18.0874352250713],[121.58327780421638,18.087396749296303],[121.58320581215952,18.08735685301959],[121.58315095681758,18.087264132490677],[121.58316153022048,18.087174163286956],[121.58324632823572,18.08709631648222],[121.58335352013226,18.087034704250566],[121.58341408672867,18.08699989108438],[121.58349653074697,18.086954083195245],[121.58353971859685,18.0868752548193],[121.5835146996286,18.0867388667718],[121.5834497996079,18.086653560970525],[121.58348665030199,18.086574732157427],[121.58353861200189,18.086552276175972],[121.58353932215347,18.08655196963687],[121.5835682364976,18.08653830123304],[121.58361378941503,18.086516769583227],[121.58365169440539,18.08651517281678],[121.58367034938581,18.086526015086395],[121.58367519010669,18.086549173648017],[121.58367423635093,18.08658748423541],[121.58367565270109,18.086641045640942],[121.58375788472247,18.086661652078657],[121.58380776261293,18.086635480356822],[121.58385734025936,18.086603510524636],[121.58386830047125,18.08655865518439],[121.583820091373,18.086421977663893],[121.58373325238574,18.086341445647875],[121.58362850809777,18.086309953259416],[121.58356780067918,18.08631526010432],[121.58355600721092,18.086310891212914],[121.58352125139295,18.086298015027968],[121.58349948402751,18.086260817171283],[121.58348397151421,18.086178776439528],[121.58346102922097,18.086102444519074],[121.5834077840663,18.086068227048752],[121.58334523578641,18.086054396760822],[121.58332963429673,18.085980154609988],[121.58334808708659,18.085956853516073],[121.5833983363262,18.08591959525138],[121.58344529963999,18.08591761682446],[121.58348336235248,18.0859160122048],[121.58351502526709,18.08590197541979],[121.58370982701004,18.085925598671373],[121.58384917907449,18.08596471865807],[121.58388845100181,18.08597067448358],[121.58394947041442,18.08597992913193],[121.58402432825307,18.085993042622455],[121.58412848413256,18.086011539862707],[121.58418344478034,18.08601578632761],[121.5842573387418,18.08594106055811],[121.58425765617866,18.08584224985562],[121.58417803263046,18.08570641360358],[121.58410070337702,18.085650527613158],[121.58407574643496,18.085632491414177],[121.58395410511174,18.08558142726107],[121.58389116377413,18.08554900747397],[121.58388255123448,18.085488757876995],[121.58396494548816,18.085434091966757],[121.5840288165586,18.08542293639552],[121.58410095605913,18.085422717591108],[121.58418786407267,18.08545021488769],[121.58422690076752,18.0854771187104],[121.58428320979601,18.085490167368043],[121.58428982651141,18.085491700584978],[121.58436784696063,18.085411476611416],[121.5843649105316,18.08537093983164],[121.58436041138269,18.085308841774893],[121.58433742913921,18.085244519812978],[121.5842316232844,18.085176878337403],[121.58411548783522,18.085121452206675],[121.584112057128,18.085036774809808],[121.58408682394742,18.08497239112467],[121.58406339066953,18.08494852322725],[121.58398358879232,18.084961803818263],[121.58394298957644,18.08497657392076],[121.58383592052328,18.08501552711318],[121.58371705207068,18.085045791963225],[121.58363939334099,18.08501876990409],[121.58360862385871,18.084991435989288],[121.58359820886402,18.084982492197764],[121.5836508357699,18.084906872255665],[121.58379697111079,18.084770182654395],[121.5839428004683,18.084703983895313],[121.5840174913002,18.084641632940155],[121.58404414904658,18.084550352117454],[121.5839508184607,18.084471750647488],[121.58382669691768,18.084434921240973],[121.58376574667528,18.08430713953148],[121.58382905872861,18.08425750596987],[121.58391675967033,18.08422060462744],[121.58402631041403,18.08424476023569],[121.58410469110817,18.084268202713975],[121.58415807937962,18.084209744542434],[121.58424889065594,18.084027491377547],[121.5843127314358,18.083882345820776],[121.58433898651361,18.08385371710642],[121.58436779894694,18.08382229866183],[121.58440993668047,18.08377634997619],[121.58449845119506,18.083735154832706],[121.58458975195201,18.08369160714604],[121.58475085460924,18.0836048663134],[121.5847360692022,18.083553575246576],[121.58471191821188,18.083488785706788],[121.58470478233528,18.083450436537348],[121.58469323609299,18.083388390702577],[121.5847329060528,18.083351475515233],[121.58476211158418,18.083356796143303],[121.58483860034215,18.08336964741691],[121.58488331737723,18.083399690399588],[121.5849132039311,18.083419768698203],[121.58494233754939,18.0834390110331],[121.58499582572266,18.083406091777128],[121.58501474456881,18.08338917806654],[121.58504637938522,18.08336089592712],[121.58508635433616,18.083286750540665],[121.58511683922362,18.083250929988388],[121.5851573889877,18.08324922215054],[121.58517750076489,18.08328786976761],[121.58521353912916,18.08336900637533],[121.58522545091094,18.083439929442576],[121.58526279871755,18.083478766678592],[121.58526607923471,18.083482177544006],[121.58532374454077,18.083451253316166],[121.58534484250724,18.08342616050643],[121.58538844447715,18.083374306237605],[121.58542600967189,18.08330727186154],[121.58547442385503,18.083194317600956],[121.5854878874234,18.08313540277772],[121.58548933073244,18.083129085220456],[121.58551859019205,18.08300105167883],[121.58552756245712,18.082866741890854],[121.58556113017791,18.08277915848874],[121.58560983688471,18.082764201639943],[121.58567850889547,18.082771630408963],[121.58574400739772,18.082826088941058],[121.58581622779658,18.08290232094379],[121.58583381202037,18.08289713103058],[121.5858898529031,18.08288059138199],[121.58590268187842,18.082862772688358],[121.58595426147853,18.08279112934637],[121.58595013784527,18.08267831313837],[121.58593039435443,18.08250298664194],[121.58587087426646,18.08240707808417],[121.58579045153895,18.082335266208176],[121.58578821429522,18.08225235056529],[121.58578553612169,18.08215312293065],[121.58585553220574,18.082079220842044],[121.58592019335245,18.08208462399305],[121.58597880176671,18.08211481911308],[121.58605079615067,18.082136445557563],[121.58609973132981,18.082104262488507],[121.58614182529756,18.08203748250291],[121.58614226480682,18.081936489412044],[121.58610569195571,18.081852226087783],[121.58611461151746,18.08180322057113],[121.5861419187249,18.08178176146947],[121.58627983010511,18.081786094492877],[121.5863185291308,18.08178054865717],[121.58635502986567,18.081775317439664],[121.5863961972499,18.08174328341025],[121.58640329271361,18.08163617538373],[121.58639811712005,18.081592032059845],[121.58638036215277,18.08141138599281],[121.58643500710981,18.081302450315018],[121.58645244340092,18.08126769057703],[121.58643026554216,18.081218500626314],[121.5863546931003,18.08111692452185],[121.58634923545378,18.081065648563577],[121.58637287881403,18.081040611303397],[121.58641754461009,18.081026755962366],[121.58648188102016,18.081093318009536],[121.5865230182614,18.081157297420404],[121.58654526011665,18.081191889641836],[121.58661380653331,18.081238890821602],[121.5866764846837,18.08125509476054],[121.58672038742408,18.081206267687936],[121.58672243711659,18.08112892268502],[121.58668065504651,18.081015664391202],[121.58666933037061,18.08099584791921],[121.58661641167858,18.080903253658736],[121.58657936254323,18.080878704410335],[121.5865423970611,18.080854210889683],[121.58652211569162,18.08084865229473],[121.58646216902673,18.080832938210786],[121.58645133957785,18.080830099194777],[121.58636392964726,18.08081016908068],[121.58633803021004,18.080795431779134],[121.5862667125008,18.08075484950063],[121.58622146691107,18.08069812413132],[121.58624479521839,18.080639276961914],[121.58628778695474,18.080591176155345],[121.58633302335387,18.080563511171313],[121.5863776292993,18.08053623102347],[121.58640175377494,18.080450393629388],[121.5864033636624,18.080359433085153],[121.58639082013235,18.08031650449049],[121.58632044871656,18.08029664224498],[121.58625972987706,18.0803271161645],[121.58623907747679,18.080332974937544],[121.58622807467123,18.080336095906794],[121.58618704265055,18.080320005238335],[121.58617361540051,18.080257539942828],[121.58618378201284,18.080193194437733],[121.5861946604073,18.080146973791138],[121.58620986046199,18.080129528459317],[121.58623854506489,18.080096607794992],[121.58626887355003,18.080090479231085],[121.58633940469024,18.080076226000806],[121.58636128196068,18.080067128530153],[121.58643406620797,18.08003686041616],[121.58653121054707,18.08001355696934],[121.58661869021961,18.080003488689076],[121.5866779587413,18.07997547546022],[121.58668821822349,18.079965239235396],[121.58672445497989,18.079929085475374],[121.58673943123563,18.079846704292304],[121.58671745482269,18.079776135891564],[121.58666822505363,18.07970442000073],[121.58669859723933,18.079660485485064],[121.58675315873134,18.079630918747863],[121.58685622168301,18.07961450799849],[121.58694654663229,18.07957614594886],[121.5869584510962,18.079571090532255],[121.58695514667735,18.079543638362487],[121.58695094137647,18.079508691189048],[121.58693791629612,18.079473149911617],[121.58691580966065,18.079412825064203],[121.58687240791758,18.079324530467577],[121.58688654417685,18.079286521437076],[121.5869468937097,18.079252433666344],[121.58697393358794,18.07923716053355],[121.5870551446373,18.07923374747798],[121.58713681134995,18.079204918521427],[121.58716075923175,18.07915347016789],[121.58710429679188,18.07910172143183],[121.5870361957147,18.07907978598685],[121.58696335616246,18.079090701748843],[121.5869213477489,18.079096997033194],[121.58689509990032,18.07910255828804],[121.58688881192691,18.07910389028974],[121.58684827037756,18.079112480682372],[121.58682344472801,18.079097707040653],[121.5867706066735,18.079066262278822],[121.58675053538562,18.079048647177284],[121.58670726667658,18.079010674141408],[121.58666356454131,18.078972319300682],[121.58654237184233,18.078887618011724],[121.58652587790316,18.07885616283855],[121.5864922739698,18.07879207957942],[121.58654276322446,18.07875777603634],[121.58664740230634,18.07868049734015],[121.58676951898758,18.07862579822527],[121.58697371333005,18.078568082702283],[121.58710093361181,18.078531692194364],[121.58718743874275,18.078460426041083],[121.58726311676376,18.078398079879133],[121.58729217539448,18.07836298671529],[121.58730684447414,18.078345270819508],[121.58733305627827,18.078313615919907],[121.58735560401944,18.078242415600695],[121.5873709188838,18.078194053181228],[121.58738551527982,18.078173846332238],[121.58743444062824,18.078106112011838],[121.58743865292085,18.07810028096986],[121.58747510734764,18.078009334098564],[121.58748853152034,18.07792082927508],[121.58748675891748,18.07782660709464],[121.58753347378355,18.07776270784762],[121.58763557401272,18.077727724411467],[121.58770935219546,18.07767982679358],[121.58779222712734,18.0776493816115],[121.58783861149118,18.077589456752985],[121.58783450308236,18.077488508896277],[121.58778689785598,18.077373399133062],[121.58778026237685,18.07735735265568],[121.58763887431046,18.077320934557346],[121.58752747180701,18.077296159524334],[121.58746901743645,18.07720293130915],[121.5874620253716,18.07719910295255],[121.58739450353724,18.077124216278982],[121.58737792142102,18.077064337641392],[121.5874213079158,18.077026495621755],[121.58747314708835,18.077004412465563],[121.58756812955829,18.07701633788018],[121.58773975591083,18.077073275581323],[121.58788358834005,18.077128080542824],[121.587986413737,18.077119679870478],[121.588136614847,18.07717074591772],[121.58821807634189,18.07724200230242],[121.58830965666523,18.07729695701234],[121.58841355746287,18.077296813255245],[121.58844399799241,18.07723712946831],[121.58847888256703,18.077168733709147],[121.5885068559697,18.077012871672565],[121.58847920980536,18.07694083061459],[121.58846486888864,18.076903462594103],[121.58852812539929,18.07685637233845],[121.58855383707008,18.076837231623983],[121.58864667349687,18.07682557042734],[121.58872342418901,18.07684565732271],[121.58882508802706,18.076915898189583],[121.58890198221856,18.076984241024125],[121.58899947031563,18.076996180442105],[121.58915755218807,18.077009651595585],[121.58922239041718,18.077021771539822],[121.58926341655885,18.07702943962472],[121.5893473048845,18.07706247872851],[121.589345060446,18.07713645730713],[121.58932617044903,18.07717201189464],[121.58930435194233,18.077213077124338],[121.58925958689021,18.077320738738546],[121.58928383188426,18.077384180263568],[121.58934247025263,18.07738604018319],[121.58942363828893,18.077352428115507],[121.58947731792381,18.077324418274724],[121.5895058017417,18.077311648430754],[121.58960320801953,18.077267980023564],[121.58976645761702,18.077202040935717],[121.58980477427872,18.077170654825412],[121.5898630052934,18.07712295811136],[121.58991272323013,18.077022429655496],[121.58991274870962,18.076981381350627],[121.58991277189966,18.07694393220424],[121.58989063844504,18.076915141569614],[121.58984574001049,18.07686116208456],[121.58976724586216,18.076880248085473],[121.58966211702358,18.07688181135638],[121.58962178542036,18.076882410359623],[121.58953668311575,18.07686627673049],[121.5895020890764,18.07680125957579],[121.58953808358216,18.07672644053766],[121.58962112802178,18.07664688685293],[121.58966360078473,18.07658320271194],[121.58970560207172,18.076520227178413],[121.58977430557206,18.076476954375178],[121.5898620454195,18.076455015357308],[121.58998362778962,18.0764535504645],[121.58999920836443,18.076460183094845],[121.59007758961295,18.07649354671516],[121.59027690803731,18.076536923000962],[121.59037575688222,18.076603850580465],[121.59037691538866,18.076607259417283],[121.59041920015129,18.076731716742753],[121.59043193805378,18.076801170936985],[121.59041845671493,18.07684614577483],[121.5903861340722,18.076953978084607],[121.59039334936793,18.076993522312712],[121.59041199901311,18.0770957420898],[121.59050650213314,18.077137459918134],[121.5905640087261,18.077135041524638],[121.59058598130022,18.07711641992457],[121.59065658193641,18.07705658439167],[121.59067929627766,18.077029425234844],[121.59073545441112,18.07696228044345],[121.59075538047182,18.076938455210005],[121.59084127921068,18.076829009700592],[121.59090318067207,18.076750140553692],[121.59091728369465,18.076718881963647],[121.59098065345236,18.07657842634522],[121.59103052137614,18.076511217460016],[121.5911195383777,18.076391248239226],[121.59119609088839,18.076262357678797],[121.59122565776049,18.076240275376858],[121.5913076426046,18.07625303572765],[121.59144356300418,18.076320869474845],[121.59149687681077,18.076318628026332],[121.59152206492858,18.07626842423655],[121.5915370158976,18.07619089392544],[121.59150809191381,18.076092587889164],[121.59150768967714,18.076056904931335],[121.59150758938503,18.07604803954145],[121.59150672938574,18.075971789977373],[121.59151733794792,18.075906236383165],[121.59156700527741,18.07585867721525],[121.59160727437829,18.075853213067532],[121.59162687848723,18.07586320752917],[121.59168961184321,18.075895189433915],[121.59172798504275,18.07595863528159],[121.5917587151785,18.076050594686254],[121.59180491785573,18.076147579123226],[121.59187478382646,18.07624137736314],[121.591942869995,18.07624665516612],[121.59199220728694,18.076224252487563],[121.59203705458567,18.076169897041744],[121.59207129512521,18.076128397044474],[121.59210730786923,18.076039288398192],[121.59211402080012,18.076022677943683],[121.59212634021763,18.07599219330348],[121.59216485752899,18.075818476578615],[121.59216134213445,18.075789420758717],[121.59215676043169,18.075751550334182],[121.59211330636657,18.075698133098026],[121.59205864357256,18.075630937703217],[121.59203502663875,18.075618609746932],[121.59201480815062,18.07560805601361],[121.59198404997832,18.075591999976016],[121.59194702839847,18.07557267498051],[121.59188387899972,18.07553078990237],[121.59186075530751,18.0754743834965],[121.59177899960785,18.07542972856273],[121.59171580959502,18.075454195248476],[121.59170947389067,18.075452883937547],[121.59161070397332,18.075432454155404],[121.59157098283131,18.075343524083042],[121.59155338178378,18.075297395221295],[121.59157712703613,18.075269815130437],[121.59161364702634,18.075227397479203],[121.5917071365428,18.07517341143661],[121.59175413346878,18.075161769381086],[121.59193461046644,18.07511242269986],[121.5919444870962,18.075109722389296],[121.59200517214005,18.07502152836091],[121.59201615149418,18.074924840867148],[121.59202048503379,18.074910173042007],[121.59204908282696,18.074813360124914],[121.59210393084344,18.07475301056624],[121.59218037364919,18.074703822946116],[121.59226923022983,18.074730691721264],[121.59238758821157,18.07473451871489],[121.59242417513425,18.07473570087572],[121.59247338643777,18.074708418395456],[121.59251383768834,18.074685992326067],[121.59257265002461,18.07462289284645],[121.59256578485419,18.074566983672543],[121.59254416663438,18.074504936978276],[121.59246835334291,18.07450444476489],[121.59238165150212,18.07450073841548],[121.59233731101949,18.074469656253093],[121.59235241341825,18.07439297002973],[121.59240382736061,18.07434429740558],[121.59244339169267,18.074333566955954],[121.59251232770072,18.07431487003645],[121.59257841224877,18.0742944055754],[121.59263231174977,18.07425344907522],[121.59267358397905,18.07418904333725],[121.59272149839113,18.074169642774194],[121.59281584761752,18.074131438971776],[121.59294912822239,18.074143907401833],[121.59301911706217,18.074197489831345],[121.59305788367635,18.074240274865506],[121.59312586838021,18.074233058705726],[121.59314906461812,18.074180655139457],[121.59315681418785,18.07409331198372],[121.59315067539265,18.073984980982708],[121.59314850102247,18.07394660851786],[121.59318410544041,18.073829992658577],[121.59332575486087,18.07375360586225],[121.59341262891408,18.073736836636574],[121.59345740914549,18.073753159965673],[121.59353125061337,18.073780077785855],[121.59358558207536,18.073791012711677],[121.5936393393295,18.073900035809555],[121.59367600550172,18.074066955937756],[121.59373304069611,18.074166917740815],[121.5938339556786,18.07417206167405],[121.5938938254157,18.074136744504294],[121.5939330069676,18.074079264064917],[121.59393720395843,18.074054075061774],[121.59393962786767,18.07403953062506],[121.59395531042912,18.07394541822199],[121.59395657372055,18.073801936378043],[121.59396054059843,18.073683302521403],[121.59396967560696,18.073646526915873],[121.593989707487,18.073565873305228],[121.59405740204754,18.073508552593],[121.59408094821258,18.073501154311952],[121.5941426664241,18.073481763535835],[121.59415769666862,18.073393734146563],[121.59416296558777,18.073342002308408],[121.59417201835888,18.07325311972952],[121.59423898617595,18.07323378431259],[121.59431642921368,18.073211423865164],[121.59435534620484,18.07323461981844],[121.59449196902274,18.07331605258866],[121.59454120749525,18.073348664536606],[121.59473930721946,18.073479871475026],[121.5947433677422,18.073493663409977],[121.5948564528289,18.073582791664293],[121.59494983326931,18.073593115822888],[121.59504279367245,18.073603392601946],[121.59506403167593,18.073582341531004],[121.59516184716513,18.07348538834888],[121.5951334728892,18.07337334513733],[121.59512767912403,18.073350468991553],[121.59511235521548,18.073289961142436],[121.59510543768229,18.073255143398075],[121.59509905520343,18.07322301876867],[121.59508504939686,18.07315251996752],[121.59506432410119,18.073048201572014],[121.5950388986823,18.072937334656526],[121.59508922300921,18.072863137330952],[121.59519424630508,18.07288406259441],[121.59524972093011,18.07289474511283],[121.59540184013204,18.072924038136474],[121.59544806822416,18.07293294003157],[121.59550371594275,18.072941107110676],[121.59565247162962,18.07296293944779],[121.59568135040287,18.07298293734639],[121.59572253332736,18.073011454764455],[121.59577639437548,18.073048751047637],[121.59593752412151,18.073147691923886],[121.59598642077212,18.073110194197582],[121.59602090634728,18.073077848109897],[121.59611643957851,18.072988241526808],[121.59620961161554,18.073004196816548],[121.5962610778729,18.073044925641923],[121.59628593344902,18.073169222665673],[121.59626442886702,18.073246658870573],[121.5962954740573,18.07337721430348],[121.59629408613712,18.07340717332011],[121.59628545457339,18.07359344042628],[121.59618360614077,18.07371715861244],[121.59609049200255,18.07379251708289],[121.59611738560824,18.073947097147972],[121.59621721857361,18.074030720024428],[121.59632634191215,18.07406748455924],[121.5964126046757,18.074091604507537],[121.59655665252454,18.074131882254868],[121.59670257169743,18.074207637626195],[121.59675857027307,18.074268495264942],[121.59678652580773,18.074350982722105],[121.5967969794871,18.07438182753653],[121.59682023072305,18.074450432563363],[121.59682052837903,18.074511662437494],[121.59682115404286,18.07464028972555],[121.59681926479062,18.07468674008674],[121.59681459008785,18.074801704715522],[121.5968118456992,18.07486921263005],[121.59681500561543,18.074908738978433],[121.59682408480481,18.07502232071166],[121.59683154068189,18.07511559135112],[121.59686986159863,18.07519083378353],[121.59697260750903,18.075173611765578],[121.59700171616791,18.07511098895199],[121.59705205141078,18.075002701501983],[121.5970852485589,18.07495679132602],[121.59710320696387,18.074931957065218],[121.59712759921483,18.074898224458572],[121.59720634209643,18.0748979481692],[121.5973115842557,18.07495776286884],[121.59742888327072,18.075099021347153],[121.59747370672711,18.075195290656982],[121.59749154319528,18.075227916835072],[121.59754709022923,18.07532952411238],[121.59761598550767,18.075447886895603],[121.59771987021463,18.07555318151982],[121.5977357731618,18.075615977815673],[121.59769011387634,18.075682273079195],[121.59758748629294,18.07575189641579],[121.59749919365481,18.07584416506436],[121.59748533553972,18.076101320724757],[121.5974800506257,18.07618264758515],[121.59748570855254,18.076219818224565],[121.59749028529275,18.076249894688875],[121.59749601321624,18.076283962748054],[121.59752968520854,18.07648423461928],[121.59754457823225,18.07656557796127],[121.59759619611687,18.07669134885353],[121.59768318693686,18.07670677971706],[121.59774098309758,18.076670028496714],[121.59779873602874,18.076615637049446],[121.59781649502632,18.076598911422213],[121.59788512361534,18.076516543735885],[121.59791568623517,18.076479863014246],[121.59799130022405,18.076398609603505],[121.59804171395088,18.076344436760014],[121.59808895866401,18.076236610937848],[121.59812647976605,18.07598356056776],[121.5981382624475,18.07574755200271],[121.59817016854112,18.075640513866524],[121.59826152752076,18.075602996828426],[121.59839330872599,18.07564651503001],[121.59845859686126,18.075693414329855],[121.59849142178633,18.07571699360175],[121.59856306140344,18.075735971414854],[121.59859812283435,18.075696436106302],[121.59860060911228,18.075693632097593],[121.59871254204533,18.07567645417007],[121.59881767169689,18.075706401173292],[121.59890985738129,18.075756154069907],[121.59896733836273,18.075811213314545],[121.59888302561006,18.076029250833283],[121.59890426870602,18.07607827191768],[121.59892891131915,18.076135135944],[121.59893706571033,18.07619088177319],[121.5989425539173,18.076228405382555],[121.59893997569435,18.07628542515215],[121.59893872434355,18.0763131053201],[121.59893014048498,18.07639388239743],[121.5989426032678,18.07643723177574],[121.59895677068042,18.07648650873506],[121.59832839666534,18.078242151955347],[121.5970289740523,18.081343802370686],[121.59700466922904,18.08156968651621],[121.59658757570257,18.081307795447405],[121.59546705362152,18.08111929678833],[121.59305905078067,18.082163201124377],[121.59201678500169,18.082183960801814],[121.5916411278243,18.082223453615242],[121.59218784025936,18.08406354495005],[121.59244017368538,18.085133279274228],[121.59034133381815,18.09103441444071],[121.59405832429611,18.094394451716326],[121.59429165945767,18.09666323300757],[121.59612014774261,18.097204067760927],[121.59663861866095,18.097238009465222],[121.60010627756787,18.09717986281061],[121.60184999206524,18.099675008839277],[121.60169023607529,18.10360364735623],[121.60104439679864,18.104177629060494],[121.5972401447074,18.104894306837195],[121.59636857534441,18.10516936395256],[121.5964130118272,18.105302163263293],[121.5918214730001,18.105663063000065],[121.5799944800001,18.105531159000066],[121.57714520853919,18.10555909474096],[121.5779585778111,18.104523994672697],[121.5789048280905,18.103009755883367],[121.57936685881496,18.1016977461643],[121.57886345341542,18.100834551493087],[121.57845277002662,18.098841676704087],[121.576584807406,18.090903383447174]]]}},{"type":"Feature","properties":{"id":"LAS-ERO-013","erosion_class":"none","erosion_label":"No apparent erosion","barangay":"Centro 02","hectares":152.135298167,"data_source":"Soil erosion dataset (Lasam barangay clip)"},"geometry":{"type":"MultiPolygon","coordinates":[[[[121.59890426870602,18.07607827191768],[121.59915707070955,18.075890360034855],[121.59950073288059,18.07565077827494],[121.59981590296962,18.07540368597722],[121.60109217838142,18.0742976402514],[121.60211125609729,18.0734848249463],[121.60295077756571,18.072804705879705],[121.60367654012734,18.072200755479116],[121.6040951096853,18.071847040881373],[121.60470928825224,18.071329370252915],[121.60517590856817,18.070934258439735],[121.60572850135047,18.07046989857034],[121.60583302523074,18.070366440150984],[121.60592179771365,18.07024755214864],[121.6059776540452,18.070158395672745],[121.60601774309515,18.07006409207099],[121.60603921890774,18.0700002413922],[121.606052102048,18.069914482277202],[121.6060621211356,18.069794778935172],[121.60607786648502,18.069661059904707],[121.60607213565804,18.069594357914227],[121.606044925558,18.06948001367651],[121.60600769322524,18.06937695041569],[121.60594898030267,18.06923899343759],[121.60590029355231,18.06914780985068],[121.60583728748618,18.069059330477245],[121.60578144090603,18.068981741038087],[121.60573027009583,18.068926163678025],[121.60569733531395,18.068894856014726],[121.60546966833606,18.0686788929738],[121.60461367757574,18.067876930721617],[121.60355416736078,18.066841013273415],[121.60311028209836,18.066426346158558],[121.60303296145626,18.066366452094456],[121.60289836525551,18.066262999400998],[121.6027183320682,18.066140506222567],[121.60270293599545,18.066130214826863],[121.6029215676776,18.066029188826814],[121.60317588967898,18.065901130290584],[121.60342206136013,18.065758328314473],[121.60365241600758,18.065599597945294],[121.60385874112721,18.065418102571734],[121.60410281534,18.06512957256884],[121.60431302755501,18.06479222685594],[121.6044859787731,18.0644252433301],[121.6046185832043,18.064045543054238],[121.60470776408974,18.063668917599397],[121.60473528468569,18.063436429077086],[121.6047412904375,18.06319926692423],[121.60473695669278,18.063037709940097],[121.60557021783022,18.064779846384944],[121.60651473627225,18.066754340622538],[121.60666945628523,18.066953373477066],[121.60647894156304,18.068024260863652],[121.60661030370132,18.068634371671674],[121.60702295050676,18.06912339803201],[121.60786083940805,18.06956121914925],[121.6082329235283,18.069698546598726],[121.60874095197528,18.06969692957087],[121.60913033961934,18.069703474392124],[121.6100349108803,18.07053207988769],[121.61080776530873,18.07121876166772],[121.61143296547746,18.0715764061354],[121.61142188342689,18.072132227282694],[121.61131883091117,18.072383688783628],[121.61105579477827,18.073025527191884],[121.61108209903226,18.07392574038228],[121.61142404781694,18.07410703267004],[121.61258512618504,18.073078825024044],[121.61269447933896,18.073040269462844],[121.61261065120077,18.073794679131847],[121.61209556767581,18.074568108416145],[121.61209540034203,18.075340720618325],[121.6122717987271,18.075986794990982],[121.61212109739897,18.075982458204574],[121.61150295918334,18.076326284290904],[121.61152743837039,18.07642152703243],[121.61114757755621,18.076526995343546],[121.6105425684685,18.077082612102185],[121.61038235051076,18.077232507677373],[121.61015741399612,18.077300652823656],[121.61010037472792,18.07730573443044],[121.60994207464537,18.07731983798805],[121.60969193080746,18.077133437995418],[121.60960262133936,18.07701546872515],[121.60957624649873,18.07698063045195],[121.60946650106547,18.076835666760164],[121.60928969928625,18.07674732725981],[121.6091040678668,18.076721678189465],[121.60910192594028,18.076723484494085],[121.60897025841797,18.07683449942199],[121.6089005849379,18.076957159857667],[121.60880098335525,18.077132505461496],[121.60878510482334,18.077160460791625],[121.60855785338286,18.07783773023174],[121.60851559729214,18.07796366230917],[121.60841929455226,18.07799460716146],[121.6083034206009,18.07800474369918],[121.60814802079506,18.077808099865823],[121.60786703594633,18.077705351944886],[121.60764417511345,18.077674366193293],[121.60743135024221,18.077663730271507],[121.60720493659201,18.077728625277704],[121.60705931087779,18.077770365341816],[121.60700839148183,18.077784960327396],[121.60689882957956,18.07783549269885],[121.60678670921375,18.07788720476251],[121.6067046791095,18.077883957743463],[121.60656296328614,18.07787834782591],[121.60650991749579,18.077876247947817],[121.60636635768205,18.077948289666256],[121.60633833530773,18.078052339299916],[121.60647845718418,18.07827104767544],[121.60666881468453,18.078459993996507],[121.60675186172902,18.07861492788086],[121.60676759908657,18.078705371990154],[121.6067379332465,18.07882972001695],[121.60663072976868,18.07903827958959],[121.60658390849203,18.079079700543524],[121.60649304794933,18.07916008020216],[121.6064206767825,18.079194572776064],[121.60632307909376,18.07916956918447],[121.60618966826048,18.079115117562438],[121.60608222762995,18.079017708261564],[121.60598710205966,18.078946475014224],[121.60596058860139,18.078926621229414],[121.60593521484095,18.078901112566765],[121.60589605045655,18.078861740058635],[121.60587613129105,18.0788417143105],[121.60578355900613,18.07879497990236],[121.60575938833679,18.07879060970281],[121.60571101304814,18.078781861820445],[121.60562822767167,18.078766891375817],[121.6055920648097,18.0787794681139],[121.60554857367288,18.078794594379243],[121.60549601196995,18.07881287476369],[121.60541549802763,18.078892265068053],[121.60542931203591,18.0790306695397],[121.60541807676833,18.07918729742696],[121.60532914306654,18.079337885998466],[121.60527971440793,18.079388907909124],[121.6051031134586,18.079397466823554],[121.60509489229274,18.07939786555033],[121.60499733633081,18.0793643682932],[121.60490100994487,18.079270091192008],[121.60484996632371,18.079163556410336],[121.60483043462169,18.07903640698301],[121.60498428062213,18.078785431806608],[121.60517358478558,18.078471813130204],[121.60521232886238,18.07842658315124],[121.6053221889627,18.078298334667664],[121.60532511500342,18.078285063281182],[121.60534805770139,18.078231496878214],[121.60537965576864,18.078157718966253],[121.60539801269111,18.07808520715819],[121.60540226472979,18.07806841121828],[121.60539088714444,18.078011857894836],[121.60533950082883,18.07797753326461],[121.60527623749448,18.07795574753919],[121.60512268364386,18.077955352669942],[121.60498198611396,18.077930406557908],[121.60474903163639,18.077972918798135],[121.60462964112192,18.07815579349647],[121.60456155349601,18.078347763655266],[121.60454883930157,18.078383609446185],[121.60445781030178,18.078513927396223],[121.604430846032,18.07852747044912],[121.60434672993989,18.078569717283596],[121.6042799930668,18.078566022257526],[121.6042068655274,18.07851643127185],[121.60419190245499,18.078506284540047],[121.6041128773441,18.078372339580696],[121.6039725520856,18.078311527287696],[121.6038853797901,18.078304635446045],[121.60386117354236,18.07821875475313],[121.6038743366495,18.078121733220026],[121.6039247354748,18.07802998536691],[121.60405545436076,18.0780209239276],[121.60415821499015,18.07806521435632],[121.60418113557962,18.07802751042431],[121.60420201401479,18.07775896083092],[121.60416760959593,18.077642343246495],[121.6041792641867,18.07756532726635],[121.6042648647335,18.07746288266221],[121.6043507905206,18.077348443656167],[121.60436094447063,18.077334920926116],[121.6043619466726,18.077331006380245],[121.60440197119387,18.07717469065184],[121.60442580954908,18.07696801285058],[121.60445000278825,18.076758263425152],[121.60461347777772,18.07644184780747],[121.60462289120582,18.076423627107747],[121.60462851033307,18.076312387300803],[121.60457393491569,18.07624053391193],[121.60445977927232,18.076210318684463],[121.6043991057657,18.076221364372184],[121.60426953837722,18.0762622976643],[121.60419150809952,18.07627858087926],[121.60417354712166,18.07628232851527],[121.60416237343794,18.07628466043168],[121.60412169442486,18.0763020739738],[121.60400337733248,18.07635272122434],[121.60385840154672,18.07633324478807],[121.60373568000303,18.076208454705956],[121.60367465730093,18.076101165248378],[121.60369732213485,18.075985380605555],[121.60376150073445,18.075907309592036],[121.60387006817497,18.075875906333586],[121.60399297338269,18.075795082777365],[121.60404224655291,18.075762680397254],[121.60410429749592,18.07568230585367],[121.60408864292224,18.075630705114985],[121.60406781989099,18.07560126940644],[121.6040197146538,18.075533267895064],[121.60390877331149,18.075369745517783],[121.60385522355436,18.07527196222756],[121.60388463495138,18.075167284162035],[121.60395756830863,18.075077292311796],[121.60402030834871,18.075017282648783],[121.60403704434559,18.075001275528056],[121.60409173638959,18.07491786483887],[121.60409520010033,18.074794743779815],[121.60405869287257,18.07469799284014],[121.60404327926321,18.074669344462954],[121.60399269949275,18.07457533459816],[121.60388751760496,18.07450127256429],[121.60376991552262,18.074401528691368],[121.6036755360948,18.074275665872523],[121.60364466007952,18.074226955088932],[121.6035849638183,18.07413277708124],[121.60352145104568,18.074032578517684],[121.60350840379503,18.07401199502975],[121.60339188879638,18.073918338500086],[121.60331043734793,18.073826527799383],[121.60320353608418,18.073750630353178],[121.60290675272512,18.073749875305708],[121.60280421787401,18.073825240402186],[121.602625154482,18.074055207152256],[121.60248339965177,18.07420944508529],[121.602339371826,18.074401114119873],[121.60230198235053,18.07453736691178],[121.6023853638535,18.07469470306708],[121.60258926140014,18.074751366165575],[121.60277722880038,18.074842439976365],[121.60293756553344,18.07487003455308],[121.60303324263508,18.074932027988616],[121.60319201431862,18.075079740754685],[121.60324959471247,18.075246611240388],[121.60325667631339,18.07536230924752],[121.603225025407,18.07541537954715],[121.60308264382412,18.07543413983857],[121.60298391572208,18.075384325260174],[121.60286874755596,18.07534498861694],[121.60278388400981,18.07531600285113],[121.60261012300217,18.075244984195912],[121.60249708742138,18.075248386801732],[121.60243540226831,18.075266717826867],[121.60236306782879,18.075288813095213],[121.6022398067868,18.07536728536381],[121.60214069163743,18.075528482464506],[121.60209820217148,18.075663004828307],[121.60205337165348,18.075784729164354],[121.602054180262,18.075871388502094],[121.60209741452552,18.07597350186668],[121.60214577396636,18.076047738050303],[121.602143240762,18.07608858041838],[121.60213721463434,18.07618575469515],[121.60208686357957,18.076317854381486],[121.60200035600418,18.076450537089794],[121.60197111640507,18.076571648676914],[121.60200678281075,18.076674489800915],[121.60208917629744,18.07676408584182],[121.60217214693168,18.076807879709875],[121.6022935520559,18.076819579922677],[121.60243839728913,18.07687214377118],[121.60245849378096,18.076984261670724],[121.60243630773252,18.077054987514714],[121.60234884848458,18.077129555923825],[121.60216160656948,18.077250661968694],[121.60214687339416,18.07725446802431],[121.60196324146524,18.077402402810076],[121.60170997848267,18.07759954752333],[121.60156791401742,18.0777795115457],[121.60145121558118,18.077791517544124],[121.6012979398461,18.077748546759075],[121.60110950864843,18.077574432755554],[121.60104276211894,18.07751275736156],[121.60098585842196,18.07747209238245],[121.60086367524941,18.07741749090772],[121.60079491211704,18.077394988873063],[121.60070765520379,18.07739647444806],[121.60049065909415,18.077430568685404],[121.60036874386044,18.077419425683527],[121.60028366842755,18.077339281427765],[121.60018775855814,18.0771985347335],[121.60011799458593,18.077109954851217],[121.59997613385953,18.076868484296348],[121.599971453292,18.07669463568076],[121.60007976759036,18.076614375823745],[121.60032166846503,18.076509739385134],[121.60037323738221,18.076423937010613],[121.60039468580092,18.076357835108087],[121.60041544657406,18.076293855378907],[121.60042403152669,18.076251593948527],[121.60043754599582,18.076185070345794],[121.60043832747486,18.076158233455036],[121.60044005312821,18.076098932997432],[121.60043043475889,18.07604473807382],[121.60035043019359,18.075988846323654],[121.60025811529582,18.07598738354234],[121.60018174702866,18.075995411598942],[121.6001308840199,18.076000758253187],[121.60007480380813,18.076024195426996],[121.6000165391683,18.076048002133696],[121.5999270254145,18.076119162105357],[121.59988463254784,18.076152634021827],[121.59983874415212,18.076182725741468],[121.59979904897233,18.076208756245126],[121.59975430023094,18.076238100768652],[121.59965866994618,18.07630668710959],[121.59953251930679,18.076400584240943],[121.59948461200382,18.076436242988063],[121.59945309070626,18.076459704941588],[121.59930454279294,18.07648971760887],[121.599267619439,18.076497177577473],[121.59911067743063,18.07650974048689],[121.59895677068042,18.07648650873506],[121.5989426032678,18.07643723177574],[121.59893014048498,18.07639388239743],[121.59893872434355,18.0763131053201],[121.59893997569435,18.07628542515215],[121.5989425539173,18.076228405382555],[121.59893706571033,18.07619088177319],[121.59892891131915,18.076135135944],[121.59890426870602,18.07607827191768]]],[[[121.60573900855637,18.059712214810723],[121.60581402469782,18.05976725348693],[121.60597259520966,18.06011884599982],[121.60598443335263,18.060251569309],[121.60573900855637,18.059712214810723]]],[[[121.60631165185698,18.061335581990782],[121.60673663482018,18.061776646560315],[121.60681212830264,18.061906706310808],[121.60680420094295,18.06207737852806],[121.60676565397868,18.06230066757582],[121.60670696309153,18.0626792192352],[121.60631165185698,18.061335581990782]]],[[[121.61296131630985,18.075196714015416],[121.61311153430894,18.074640924097967],[121.61443094551382,18.07374449732229],[121.61479993107773,18.073189146065207],[121.61495287820955,18.072284341810068],[121.61491063808536,18.0718006644572],[121.61511269400266,18.07199506565706],[121.61578209915015,18.072599271389574],[121.61582634229565,18.073124400812244],[121.6157031883141,18.073624515362887],[121.61553572634337,18.074047890965417],[121.61516322377432,18.07453797178985],[121.61455419474268,18.07471967265475],[121.61410702981085,18.07495722748207],[121.61357372552399,18.07588843012818],[121.6131044199696,18.075546773801246],[121.61296131630985,18.075196714015416]]]]}},{"type":"Feature","properties":{"id":"LAS-ERO-014","erosion_class":"none","erosion_label":"No apparent erosion","barangay":"Centro 03","hectares":292.033673698,"data_source":"Soil erosion dataset (Lasam barangay clip)"},"geometry":{"type":"MultiPolygon","coordinates":[[[[121.57865264633979,18.066917391403514],[121.58064838941833,18.063410437979528],[121.58202783243586,18.062794607162076],[121.58577843491028,18.06117520868255],[121.58687907911907,18.0607480127938],[121.58765364355023,18.06074821480188],[121.58923691575788,18.061081704350244],[121.5905701463379,18.06108127081671],[121.59190322217489,18.060581567871182],[121.59225194725482,18.060424843593058],[121.59222998908926,18.060550063132354],[121.592135213356,18.061070092900582],[121.59201776900767,18.061582050512257],[121.59185946998761,18.062071119251122],[121.5916406540895,18.062522471553123],[121.59138235479503,18.062889949247854],[121.59107525672262,18.063231091028637],[121.59073584647977,18.063551664672797],[121.59038002034723,18.063857433747657],[121.59002367467066,18.064154161934017],[121.589772849006,18.06436129634855],[121.58951762163338,18.064565009618562],[121.58925655256627,18.0647607730326],[121.58898762043694,18.06494292408136],[121.58871026192853,18.065108069987577],[121.58844849760295,18.065242831760102],[121.5881785571891,18.06536623794735],[121.58790310666919,18.06547717846723],[121.58762361313121,18.065576793571836],[121.58734242929964,18.065666229999366],[121.5869368881661,18.065763792480237],[121.58652187567807,18.06582739847704],[121.58610167565568,18.06587515198742],[121.58568176164636,18.065924036205374],[121.58526698947945,18.065994418464175],[121.58477712996174,18.06611394942405],[121.58429180323226,18.06625723270448],[121.58380820181516,18.066406175073585],[121.58332261467558,18.06654493573838],[121.58283219847134,18.066659939329277],[121.58219949746393,18.06677276752722],[121.58156049151171,18.066861826934876],[121.58091754258618,18.066927134862322],[121.58027390738238,18.066967585688825],[121.5796319569689,18.06698206732423],[121.57914704700232,18.06696268659516],[121.5786623371406,18.066918456257635],[121.57865264633979,18.066917391403514]]],[[[121.58869559840849,18.05909194366218],[121.5893797102818,18.058882925794265],[121.59008594422,18.05885184998883],[121.59010236670815,18.058844532917586],[121.59031528822135,18.05874966241995],[121.5904000673324,18.05867103756623],[121.59085122612275,18.058252627170077],[121.59124162432269,18.058242021884197],[121.59131154245364,18.058240122614354],[121.59162908982229,18.057941320789094],[121.59171087950055,18.057507481083434],[121.59208753785589,18.057191509086383],[121.5924455565647,18.057034795249436],[121.5924592265151,18.057084027813378],[121.59253477295404,18.057458457914375],[121.59258347437414,18.05783043334042],[121.59259563978503,18.05826765626227],[121.5925749916529,18.058525042317118],[121.59055922583049,18.05956308273546],[121.58909954894129,18.05976139326598],[121.58880278447631,18.05973728172623],[121.58889557836115,18.059675366544184],[121.58908149953082,18.05955131075807],[121.58869559840849,18.05909194366218]]]]}},{"type":"Feature","properties":{"id":"LAS-ERO-015","erosion_class":"none","erosion_label":"No apparent erosion","barangay":"San Pedro","hectares":601.113533795,"data_source":"Soil erosion dataset (Lasam barangay clip)"},"geometry":{"type":"Polygon","coordinates":[[[121.54940832479582,18.100311120756682],[121.55261665912239,18.096797231123674],[121.55610145728282,18.09594151287724],[121.55695203961807,18.096136026371816],[121.55920378751017,18.09525714780336],[121.55980894918497,18.094748492323856],[121.56031349545985,18.094907670009505],[121.56050985216578,18.09476860332979],[121.56082927597204,18.094717303895763],[121.56088849951863,18.09519348641715],[121.56108964221758,18.095180058523603],[121.56132805988405,18.09531639313188],[121.56221417632847,18.095467903034113],[121.56290759273027,18.095222820068493],[121.5623453907422,18.094683731468677],[121.56263342683273,18.094708734685724],[121.56384721389006,18.092680567508594],[121.56567939065972,18.094152172335352],[121.56572431512761,18.09418679810245],[121.56575789432814,18.094211439373296],[121.56633484146417,18.094928046892562],[121.56639893854933,18.095162791825842],[121.5669976973642,18.094847153336207],[121.5679304456576,18.094242188907327],[121.56876902539445,18.093996616643278],[121.56875551940581,18.093532889364095],[121.56914160300616,18.093382770121387],[121.56993404947664,18.09332783974744],[121.57091107940673,18.092594513328507],[121.57159793701372,18.09138840653419],[121.57213992581416,18.091332130270327],[121.57228471055952,18.091159626903153],[121.573038880851,18.09156667669331],[121.57322123711175,18.089841044775596],[121.57328797175352,18.089747454430487],[121.57338224239568,18.089734027928635],[121.57349204627242,18.089775795082282],[121.57351036509857,18.089849906050752],[121.57352716159609,18.09006579402126],[121.57360280174042,18.09003166217436],[121.57360405040944,18.090028210512504],[121.57367075911247,18.08984361184618],[121.57370228277775,18.089655640901267],[121.57370791883204,18.089642555568734],[121.5738531752398,18.089526356655774],[121.57394488707176,18.08962328279995],[121.57411997140193,18.089739187814008],[121.57410814605728,18.090061564623603],[121.57414048110809,18.090120147290882],[121.57424463518493,18.09011104771257],[121.57442931284653,18.090105991425194],[121.57459476694083,18.09013325214279],[121.57472787126864,18.09023578178737],[121.57479114767186,18.09024376568798],[121.57487219428467,18.090310220004373],[121.57491754602503,18.090347405924906],[121.5749733211994,18.09041469821704],[121.5750383678228,18.09049282300666],[121.57505608922256,18.09046633031384],[121.57514734894964,18.090423062792485],[121.57518333495528,18.090410212436378],[121.57521313597897,18.090399570942537],[121.57524380783306,18.090388619605893],[121.57527960386429,18.090364776091032],[121.57532260924664,18.090336130618905],[121.57532540487337,18.09032785143877],[121.57533818552636,18.090290006989267],[121.57537509794658,18.09018758041687],[121.57540865557596,18.090096095494122],[121.57544695755573,18.090066837834275],[121.57549384671799,18.090075111634437],[121.57551403780691,18.090120131318194],[121.5755517573087,18.090191572414998],[121.57559399938883,18.0902773558601],[121.57562392955153,18.09033813805666],[121.5756091021073,18.090435351173532],[121.57564523122554,18.090498867437212],[121.57567274728672,18.090519039902976],[121.57573439402833,18.090564234642265],[121.57580008600742,18.090589854104326],[121.57588591962897,18.09065540269211],[121.57598878537102,18.090688892440546],[121.57603233701178,18.09067029648146],[121.57604573131148,18.09066457779745],[121.57605009384936,18.090633895662513],[121.57606104171441,18.090556903276518],[121.57601857918709,18.090429678781945],[121.5760932307064,18.090326830326276],[121.57613593926607,18.090308722398465],[121.5762405897049,18.090264352256447],[121.57633130687096,18.090252680947845],[121.57639701651058,18.090273651165333],[121.57642957039828,18.090278515281035],[121.57647368684495,18.090285106613138],[121.5765791084186,18.090258979913752],[121.57669357485982,18.090216961805528],[121.57680167310086,18.09021696418483],[121.57682349042909,18.09025029917748],[121.5768297593513,18.090300933289218],[121.57675733051538,18.090390085888192],[121.57667839042924,18.090445168781958],[121.57661331633548,18.09051452466607],[121.57659306196075,18.09055612557239],[121.57658678275475,18.090563456463247],[121.57655580736623,18.09059961973287],[121.57655019524617,18.0906782681266],[121.5765490139487,18.0907181112487],[121.57654740837717,18.090772244840636],[121.57654497811144,18.09079017026439],[121.5765398924892,18.090827686645795],[121.57654755528011,18.09088285551576],[121.576584807406,18.090903383447174],[121.57845277002662,18.098841676704087],[121.57886345341542,18.100834551493087],[121.57936685881496,18.1016977461643],[121.5789048280905,18.103009755883367],[121.5779585778111,18.104523994672697],[121.57714520853919,18.10555909474096],[121.57313236143202,18.105598438783314],[121.56788816256407,18.104141689577038],[121.56498044487273,18.104464572570357],[121.56271482285925,18.10570057775544],[121.55845849600007,18.10574230900005],[121.55755564300011,18.105719645000022],[121.55660627200007,18.105982237000035],[121.55391975400005,18.10674981300002],[121.5506070560001,18.106770013000073],[121.55035215623272,18.106757791751118],[121.55027509436908,18.106513552398386],[121.55038626509953,18.10528873131156],[121.54972581042806,18.1007250869762],[121.54961752466471,18.100637637904516],[121.54940832479582,18.100311120756682]]]}},{"type":"Feature","properties":{"id":"LAS-ERO-016","erosion_class":"none","erosion_label":"No apparent erosion","barangay":"Battalan","hectares":568.210164941,"data_source":"Soil erosion dataset (Lasam barangay clip)"},"geometry":{"type":"MultiPolygon","coordinates":[[[[121.54894652351351,18.07039123541518],[121.5495381506748,18.06925527999251],[121.54953880373024,18.069212432814314],[121.55008155444112,18.069238385398908],[121.55174239920326,18.06907464310555],[121.55263345401204,18.068853159437968],[121.5532909921045,18.068233457370617],[121.55377631652088,18.06704769831508],[121.55380100515913,18.067009850064974],[121.55390303271346,18.06694618356759],[121.55516172464661,18.065954039821246],[121.55579608900955,18.066097451359763],[121.55636488604782,18.06609477243811],[121.55643888241063,18.0660111195095],[121.55715595300835,18.0675682313857],[121.55656369473616,18.06898041453182],[121.55725695845538,18.069892664798473],[121.56062388080268,18.07088011923019],[121.56031823173761,18.071735118787522],[121.56046882166078,18.071828207907316],[121.56035364344991,18.071877023401324],[121.5598601491937,18.072076658578556],[121.55917035138623,18.072344858435525],[121.55847560663406,18.07260398250282],[121.55777479870801,18.07284611568083],[121.5570676971705,18.073063349482165],[121.55635380419295,18.073244384835036],[121.55586078285528,18.073349132272284],[121.55536432922996,18.07344029837362],[121.5548650338741,18.07351788754051],[121.5543640870362,18.073580779142226],[121.5538629834502,18.073626725313336],[121.5533318965768,18.073656632080464],[121.55279859594965,18.07366844832408],[121.55226454858489,18.073663314565948],[121.5517309169993,18.07364349858677],[121.55119914963656,18.073612399851772],[121.55073685234561,18.07357052592244],[121.55027556155544,18.0735139746011],[121.54981492650963,18.073449520430362],[121.54948559746936,18.073401014832303],[121.54934999175012,18.072830564306816],[121.55068397550686,18.07176033380959],[121.5506748854085,18.071145589210314],[121.55029912728328,18.070921712381647],[121.54911605582842,18.070467055514023],[121.54894652351351,18.07039123541518]]],[[[121.54895832467801,18.067627787271547],[121.55000182443112,18.067463086798053],[121.54991800038027,18.067547383616773],[121.54896230974255,18.06783695028257],[121.54895832467801,18.067627787271547]]],[[[121.54936388081632,18.08427500909213],[121.54944560087574,18.084002634218077],[121.54946834096836,18.0824058623393],[121.54955852734966,18.08136124960811],[121.54955434674551,18.08132379361517],[121.54977597175925,18.081283625400026],[121.55045475905841,18.081139627714343],[121.55113102737347,18.080978665751022],[121.55180500688319,18.08080864794165],[121.55247725090774,18.08063409656399],[121.5530261499771,18.080486856177398],[121.55357274190132,18.080332819708484],[121.55411848428425,18.080174257149835],[121.55466393056184,18.080015690764483],[121.55520967120002,18.079857124975383],[121.55579038700016,18.079681876371005],[121.55636910903043,18.07949757479472],[121.55694867873827,18.07931779585776],[121.5575316517419,18.079154983482677],[121.55812055614759,18.079024969955885],[121.55869467996335,18.078933248222647],[121.55927451438305,18.078865287509252],[121.55985713496442,18.078817677365517],[121.56044112100918,18.07878362999696],[121.56102414762277,18.078758609941424],[121.5617952551897,18.07873273066187],[121.5625703764649,18.07872156209024],[121.56334469602565,18.078736363666916],[121.56411309422037,18.078789522190654],[121.56487045159267,18.078893424555087],[121.56531680929994,18.078973551301804],[121.56576486548016,18.07906272592596],[121.56620834692912,18.079169938082206],[121.56664010397994,18.079303041444103],[121.56705386353902,18.07947102579197],[121.56733551495945,18.079618826595677],[121.56760756358774,18.07978575781704],[121.56787419773754,18.07996507337689],[121.5681387291551,18.080148891133458],[121.56840537358067,18.08032707656286],[121.56894295528564,18.080700421251937],[121.56939692279295,18.081041755424152],[121.56760277007604,18.081847231243902],[121.56786779361738,18.082882073504816],[121.56980945376223,18.083744231985968],[121.57153032879982,18.08324210930166],[121.5715433992283,18.084141285963746],[121.57127029179004,18.08721093000473],[121.57112808554405,18.087481767478643],[121.57062968155996,18.088430991902115],[121.5710072228644,18.088835305689614],[121.5715143851691,18.088986038633603],[121.57240681567255,18.089251274033995],[121.57271421959555,18.089278046047383],[121.57318732312308,18.089319248840226],[121.57322123711175,18.089841044775596],[121.573038880851,18.09156667669331],[121.57228471055952,18.091159626903153],[121.57213992581416,18.091332130270327],[121.57159793701372,18.09138840653419],[121.57091107940673,18.092594513328507],[121.56993404947664,18.09332783974744],[121.56914160300616,18.093382770121387],[121.56875551940581,18.093532889364095],[121.56876902539445,18.093996616643278],[121.5679304456576,18.094242188907327],[121.5669976973642,18.094847153336207],[121.56639893854933,18.095162791825842],[121.56633484146417,18.094928046892562],[121.56575789432814,18.094211439373296],[121.56572431512761,18.09418679810245],[121.56567939065972,18.094152172335352],[121.56384721389006,18.092680567508594],[121.56263342683273,18.094708734685724],[121.5623453907422,18.094683731468677],[121.56290759273027,18.095222820068493],[121.56221417632847,18.095467903034113],[121.56132805988405,18.09531639313188],[121.56108964221758,18.095180058523603],[121.56088849951863,18.09519348641715],[121.56082927597204,18.094717303895763],[121.56050985216578,18.09476860332979],[121.56031349545985,18.094907670009505],[121.55980894918497,18.094748492323856],[121.55920378751017,18.09525714780336],[121.55695203961807,18.096136026371816],[121.55610145728282,18.09594151287724],[121.55261665912239,18.096797231123674],[121.55268028245159,18.09667530781325],[121.55372583092318,18.095593240629785],[121.55334956786562,18.094481875173905],[121.55327282487785,18.092066782229306],[121.55242408014587,18.091996060162938],[121.55237980331623,18.0894163785259],[121.5507445062369,18.08941938545985],[121.55046996120662,18.087448897097314],[121.54989249003295,18.086082629429704],[121.54936388081632,18.08427500909213]]]]}},{"type":"Feature","properties":{"id":"LAS-ERO-017","erosion_class":"none","erosion_label":"No apparent erosion","barangay":"Magsaysay","hectares":693.801608738,"data_source":"Soil erosion dataset (Lasam barangay clip)"},"geometry":{"type":"Polygon","coordinates":[[[121.518509134704,18.110356951189967],[121.5204739729328,18.103997666047103],[121.52056263024885,18.103884376021337],[121.52357338554545,18.102064911056562],[121.5241582555205,18.102328324403743],[121.5267555478052,18.103308342620057],[121.52796823975432,18.101178467513133],[121.52852889088574,18.099700377487533],[121.528527676943,18.09678234368152],[121.5267346409217,18.09745925960301],[121.52647097625419,18.09599064910162],[121.5261026770001,18.092419122114663],[121.52610072881474,18.09146792145446],[121.52586110354234,18.09118056500351],[121.52609846906152,18.090080314137666],[121.5289630735373,18.089971588869417],[121.53504591392844,18.086707782755244],[121.53643174819955,18.08632158699548],[121.53755747686704,18.085880782827875],[121.53797803457091,18.085802411510937],[121.53921943620134,18.086233341974125],[121.53808735000298,18.09343999859037],[121.54375592432132,18.093552913767294],[121.5455305485216,18.092294453547208],[121.55016293612653,18.094020008873315],[121.55113112105984,18.094516273474344],[121.55141109882943,18.095020479644607],[121.55233958400215,18.09669254516257],[121.55249398668707,18.096767975508328],[121.55261665912239,18.096797231123674],[121.54940832479582,18.100311120756682],[121.54961752466471,18.100637637904516],[121.54972581042806,18.1007250869762],[121.55038626509953,18.10528873131156],[121.55027509436908,18.106513552398386],[121.55035215623272,18.106757791751118],[121.54765794600007,18.10662861700007],[121.54497142800005,18.108224368000037],[121.53530041300007,18.108930979000036],[121.53114325025584,18.1107391127222],[121.53073753259392,18.110457356840776],[121.52984381498769,18.109943388646155],[121.52891705644733,18.1094969352878],[121.52798117376162,18.109118178923637],[121.52709906949164,18.108806470590615],[121.52618184259607,18.108528375234545],[121.52525075495615,18.10831906994168],[121.52432707700721,18.108212602698877],[121.52343265947782,18.108244155808066],[121.52297309066596,18.108325347793222],[121.52251735238241,18.108442712409488],[121.52206552011967,18.10858721414808],[121.52161799316872,18.10874643145565],[121.52117456144482,18.108910197138616],[121.52072735672694,18.109066026204637],[121.52027422677715,18.109224067706737],[121.51983040266894,18.10939912222538],[121.51941112486381,18.109604861035155],[121.51903159579999,18.109859473283095],[121.51883291654887,18.11002850246973],[121.51864356240814,18.110212286740516],[121.518509134704,18.110356951189967]]]}},{"type":"Feature","properties":{"id":"LAS-ERO-018","erosion_class":"none","erosion_label":"No apparent erosion","barangay":"Alannay","hectares":658.569284321,"data_source":"Soil erosion dataset (Lasam barangay clip)"},"geometry":{"type":"MultiPolygon","coordinates":[[[[121.55031536523609,18.06099039814677],[121.55219617602233,18.05999437268716],[121.55262550199454,18.05976829534105],[121.55305771418072,18.059550145293684],[121.55349570915413,18.05934672139952],[121.5539420698698,18.059167079203746],[121.5542659495497,18.059055420713275],[121.55459416446108,18.05895508939542],[121.5549252663767,18.05886268580633],[121.55525809301224,18.058775942179757],[121.55559117764105,18.0586937180114],[121.55610465528639,18.05857330799203],[121.5566215824678,18.058464217649334],[121.55714135044882,18.058368701479164],[121.55766280620847,18.05828336226186],[121.55818533180444,18.058211583974607],[121.55844449586614,18.058179631993358],[121.55870395505737,18.05814768185985],[121.55896367254718,18.05812025142854],[121.55922362994336,18.05809959962783],[121.55948382727613,18.05808572645894],[121.5604603405446,18.05816529530638],[121.56143997776338,18.05840527629467],[121.56242292279263,18.058710790054064],[121.56340907140994,18.058985825409955],[121.56439862166512,18.059133243776092],[121.56478846073038,18.05915082432195],[121.56517954491144,18.05916050658821],[121.56557041649161,18.059160020669992],[121.56596051249494,18.05914597377942],[121.56634837515584,18.059116096026397],[121.56663439391734,18.059085461867134],[121.56692075359827,18.05904918212832],[121.56720571044089,18.059003855266376],[121.5674872163134,18.058947207025653],[121.56776383177413,18.05887470860214],[121.56802043754206,18.05879415469631],[121.56827623983921,18.05870342865319],[121.56852712412987,18.058600240912924],[121.56876956627192,18.05848230631047],[121.570227693973,18.057818769510988],[121.57154039794571,18.057139461834055],[121.57187223534096,18.056890868212125],[121.57318899065254,18.057540202241157],[121.57337405782653,18.057460169844596],[121.57288134519345,18.055902828259345],[121.57298845788179,18.05578229172006],[121.57321634948156,18.055492346951866],[121.57478349163577,18.055661346959624],[121.57661627989164,18.052187878456074],[121.57667661149922,18.052086497922048],[121.5772567197013,18.05279677947118],[121.57741210887895,18.052748370956873],[121.57748640439756,18.052042701062657],[121.57776637946853,18.052052899862566],[121.57818062950207,18.05276896672955],[121.57886790460745,18.052001681723755],[121.57901629639294,18.05249509837587],[121.579745401453,18.052278809681773],[121.57880037449699,18.053076886892796],[121.57887274627697,18.05323557477313],[121.57983550049197,18.052926904258296],[121.58016655369738,18.053076731262394],[121.5803012769509,18.053629647666476],[121.58054579578759,18.0535787775163],[121.5810422103212,18.052839687190087],[121.58149643143497,18.05303258711669],[121.58098218519167,18.053424012998395],[121.58095619789694,18.05351304603215],[121.58116569438131,18.054020217937],[121.58129089638646,18.05406368931124],[121.58163426416198,18.05384891863539],[121.58168493133398,18.053751920384872],[121.58161324476677,18.053450590807543],[121.58173164325343,18.053367425502092],[121.5819803555839,18.05353001715517],[121.58202012470852,18.05365577402638],[121.58177391488789,18.054430961140888],[121.58144126778555,18.054609161128283],[121.58105514071073,18.054953588743942],[121.5805469975081,18.054998424095416],[121.58038417893206,18.055059898511967],[121.5803751200024,18.055197244742804],[121.58161272650513,18.05600237693485],[121.58180899604385,18.05595136714231],[121.58428610282911,18.05355834272102],[121.58519542782354,18.055440689904504],[121.58683670580653,18.05745581313865],[121.58744666994939,18.057217210311805],[121.58809823453207,18.05833456498886],[121.58869559840849,18.05909194366218],[121.58908149953082,18.05955131075807],[121.58889557836115,18.059675366544184],[121.58880278447631,18.05973728172623],[121.58815250525487,18.059684442440176],[121.58720657319488,18.059468561271984],[121.58546557226236,18.058409864172923],[121.58444841002212,18.05798448312658],[121.58357429387921,18.057908044863417],[121.58284235267642,18.05825170576542],[121.58196208402478,18.058942173869735],[121.58071163776351,18.06032684501723],[121.57982546442965,18.061713055689562],[121.57923962769517,18.06205777552929],[121.57829089875163,18.062189728315282],[121.57770812591716,18.06211653609413],[121.57734721502388,18.061694819072972],[121.57722087880768,18.06139907873997],[121.57665448875989,18.0599152094834],[121.57615458093048,18.058498471763258],[121.57548795716782,18.057915233437623],[121.57482122485263,18.057748792142643],[121.57398790935078,18.05766583453607],[121.57240493254045,18.05799865309532],[121.57048818677423,18.05849841945762],[121.56832180554277,18.059164617126473],[121.56673863326024,18.059664557469233],[121.56498882235073,18.05999833434873],[121.56315807849909,18.060917721111345],[121.56284458297081,18.06116840456096],[121.56159397925333,18.062552940017806],[121.56100725202508,18.062966496953706],[121.55998445438087,18.063237868750285],[121.55881809752785,18.063229169387753],[121.55728916402651,18.06300879175118],[121.55532787633166,18.062157149886858],[121.55358648081604,18.061169333225614],[121.55191259786069,18.06080776741963],[121.55111083359202,18.060801755332168],[121.55044604822253,18.06111284847722],[121.55031536523609,18.06099039814677]]],[[[121.55390638020127,18.063997812534982],[121.55432301278485,18.063664331579773],[121.5549895401104,18.06374725700504],[121.55615610003494,18.064164871383348],[121.55748947660817,18.064581465997062],[121.55882262565297,18.064664838201242],[121.56057249081653,18.064331121429397],[121.56165566683848,18.0634976890888],[121.56282213347728,18.062331657283934],[121.56390546439621,18.061331040803577],[121.56582191904032,18.060581713637863],[121.57098829280389,18.059081571986855],[121.57290466438408,18.05866538405023],[121.57490473147786,18.058998678207796],[121.57565465867225,18.059832160985046],[121.5763210515488,18.0615810818877],[121.57665440560379,18.0627480934822],[121.57740430828439,18.06333081273972],[121.57882109358277,18.063331076822195],[121.58048752140208,18.062831649336136],[121.58165402843535,18.0614983237652],[121.58382047938797,18.06074838963189],[121.58557056076981,18.060747657431584],[121.58687907911907,18.0607480127938],[121.58577843491028,18.06117520868255],[121.58202783243586,18.062794607162076],[121.58064838941833,18.063410437979528],[121.57865264633979,18.066917391403514],[121.5781774051169,18.06686518676706],[121.57769240982778,18.06681982238352],[121.57720722386662,18.066798175709106],[121.57636272161278,18.06681567221569],[121.57551433085473,18.06687605878617],[121.57466768736828,18.066975988312674],[121.57382754135513,18.067112107250463],[121.5729989109394,18.067284452733478],[121.57278415673159,18.067335953916192],[121.57257055589469,18.06739085198843],[121.57235693668733,18.067448008753626],[121.57214361257252,18.067505167455288],[121.57193029746625,18.067561196441986],[121.57166906619184,18.067628166140548],[121.57140812995885,18.067695137655274],[121.57114689833836,18.06776210661861],[121.57088567568171,18.067827945745442],[121.57062387156446,18.06789265066574],[121.5702426268281,18.067977932090525],[121.56985850277704,18.068054155126717],[121.56947495058823,18.068132640684624],[121.56909603007027,18.0682224551348],[121.56872460179673,18.068334915056862],[121.56842161729774,18.068453529342978],[121.56812440856434,18.06858799944708],[121.56783007830818,18.068731526692364],[121.56753546154187,18.068873921796314],[121.56723679374691,18.069006120547417],[121.56669574769563,18.069209939553478],[121.56614544608729,18.069389968010825],[121.56559223715236,18.069564325557085],[121.5650425056119,18.069746614024545],[121.56450261767704,18.069952694237617],[121.56405638602833,18.070150433127342],[121.56361622443323,18.07036402953872],[121.56317895888743,18.07058442362323],[121.5627411110584,18.070803682776038],[121.56229978392498,18.071015008226336],[121.56181586146573,18.07123618110269],[121.561330775388,18.071455084949122],[121.56084336323458,18.0716694520291],[121.56046882166078,18.071828207907316],[121.56031823173761,18.071735118787522],[121.56062388080268,18.07088011923019],[121.55725695845538,18.069892664798473],[121.55656369473616,18.06898041453182],[121.55715595300835,18.0675682313857],[121.55643888241063,18.0660111195095],[121.5560209079162,18.065219053774662],[121.55472927383761,18.06517811141789],[121.55395232710266,18.064595436077308],[121.55390638020127,18.063997812534982]]]]}},{"type":"Feature","properties":{"id":"LAS-ERO-019","erosion_class":"none","erosion_label":"No apparent erosion","barangay":"Nabannagan East","hectares":512.585689362,"data_source":"Soil erosion dataset (Lasam barangay clip)"},"geometry":{"type":"MultiPolygon","coordinates":[[[[121.53609721290789,18.058669451643016],[121.53648159467477,18.05821319979383],[121.5379261617929,18.059618068977827],[121.53962358996834,18.06126871899979],[121.54174196428526,18.062355512829864],[121.54362749015998,18.063149111678925],[121.54465705165921,18.063385036382122],[121.54524550684215,18.063339770332917],[121.54602104558003,18.063018047318085],[121.54758881175496,18.06239053024405],[121.54792469439744,18.062256382761976],[121.55031536523609,18.06099039814677],[121.55044604822253,18.06111284847722],[121.5503791307385,18.06114416057036],[121.55008232030004,18.061769950824633],[121.55000426219392,18.0623962532094],[121.55028819631418,18.063304266379824],[121.55071396276807,18.06470129992299],[121.55077830974341,18.065746596634245],[121.55063124888527,18.06629105520403],[121.5504646210434,18.0668093875553],[121.55035536659747,18.067027695902834],[121.55002725144135,18.067437510240573],[121.55000182443112,18.067463086798053],[121.54895832467801,18.067627787271547],[121.54896230974255,18.06783695028257],[121.54883032455889,18.06787694163284],[121.54725370022578,18.067529617412987],[121.54548189347162,18.066900688173728],[121.54394716217517,18.066272401529385],[121.54169864394484,18.065923354983354],[121.53939032384818,18.065631436225647],[121.53791157075831,18.06534238390395],[121.53773826738168,18.065275197030466],[121.53764261066674,18.065121574243225],[121.53761597816548,18.06423533754202],[121.53762043327608,18.06330889651231],[121.53758827369865,18.062344261434763],[121.53759803443255,18.061394995239855],[121.53759685077758,18.060547066475763],[121.53777799253976,18.060150539956854],[121.53609721290789,18.058669451643016]]],[[[121.53808735000298,18.09343999859037],[121.53921943620134,18.086233341974125],[121.54059216951912,18.082198129111394],[121.54066571737346,18.08220666851989],[121.54092589968943,18.08223461498464],[121.54118612878797,18.082256913843455],[121.54144644197618,18.0822690472852],[121.5418846546446,18.082262193284794],[121.5423234051025,18.08222597474543],[121.54276259055985,18.082172815630184],[121.5432015365242,18.082112876547892],[121.54363957792422,18.082055188667624],[121.54409092331305,18.081995341099773],[121.54454143864984,18.08192870905018],[121.54499168642165,18.08185868533535],[121.54544191530138,18.081790919452413],[121.54589298309766,18.081728806440527],[121.54653277066069,18.081660207180068],[121.54717479891814,18.08160630646158],[121.54781709430699,18.081555794166604],[121.54845742501549,18.081492840146733],[121.54909380781817,18.081407263767733],[121.54955434674551,18.08132379361517],[121.54955852734966,18.08136124960811],[121.54946834096836,18.0824058623393],[121.54944560087574,18.084002634218077],[121.54936388081632,18.08427500909213],[121.54989249003295,18.086082629429704],[121.55046996120662,18.087448897097314],[121.5507445062369,18.08941938545985],[121.55237980331623,18.0894163785259],[121.55242408014587,18.091996060162938],[121.55327282487785,18.092066782229306],[121.55334956786562,18.094481875173905],[121.55372583092318,18.095593240629785],[121.55268028245159,18.09667530781325],[121.55261665912239,18.096797231123674],[121.55249398668707,18.096767975508328],[121.55233958400215,18.09669254516257],[121.55141109882943,18.095020479644607],[121.55113112105984,18.094516273474344],[121.55016293612653,18.094020008873315],[121.5455305485216,18.092294453547208],[121.54375592432132,18.093552913767294],[121.53808735000298,18.09343999859037]]],[[[121.53880639260908,18.06699061986509],[121.53912055516419,18.0670626590662],[121.53884156798736,18.067047122412223],[121.53880639260908,18.06699061986509]]],[[[121.5396807378622,18.067191105841125],[121.54180048782558,18.067677146289892],[121.54357368315729,18.06813669064149],[121.54569784541083,18.06910714959783],[121.54747538237953,18.069113752074887],[121.54953880373024,18.069212432814314],[121.5495381506748,18.06925527999251],[121.54894652351351,18.07039123541518],[121.54911605582842,18.070467055514023],[121.55029912728328,18.070921712381647],[121.5506748854085,18.071145589210314],[121.55068397550686,18.07176033380959],[121.54934999175012,18.072830564306816],[121.54948559746936,18.073401014832303],[121.54935431971609,18.07338167681162],[121.54889399001993,18.073316093251396],[121.54839738572747,18.07324571775576],[121.54790141880245,18.073169698167973],[121.54740544311117,18.073094806791623],[121.54690913554528,18.07302442977237],[121.54641157322331,18.072963078260127],[121.54598616353728,18.072923729908155],[121.54555919430071,18.07289453461036],[121.5451322159742,18.072866467833116],[121.54470617935692,18.072831630066755],[121.54428263507073,18.072780996812547],[121.54397362688303,18.072732356022808],[121.54366583703384,18.07267920583999],[121.54335869373764,18.07261928290781],[121.5430521690763,18.072555975594387],[121.54274685350377,18.07248928836056],[121.54255646840886,18.07244831785397],[121.54236609273792,18.07240621771178],[121.54217602171293,18.072362990163526],[121.54198776872512,18.07231412854289],[121.5418022380953,18.07225738063838],[121.54165887716007,18.07220659872506],[121.54151703903933,18.072150180594345],[121.541427418052,18.07211207526687],[121.54116476986567,18.070695704958588],[121.54058041141707,18.068883103677248],[121.5396807378622,18.067191105841125]]],[[[121.55380100515913,18.067009850064974],[121.55394494186045,18.066789169283737],[121.55398962969552,18.06508052544595],[121.55395232710266,18.064595436077308],[121.55472927383761,18.06517811141789],[121.5560209079162,18.065219053774662],[121.55643888241063,18.0660111195095],[121.55636488604782,18.06609477243811],[121.55579608900955,18.066097451359763],[121.55516172464661,18.065954039821246],[121.55390303271346,18.06694618356759],[121.55380100515913,18.067009850064974]]]]}},{"type":"Feature","properties":{"id":"LAS-ERO-020","erosion_class":"none","erosion_label":"No apparent erosion","barangay":"Nabannagan West","hectares":766.603378245,"data_source":"Soil erosion dataset (Lasam barangay clip)"},"geometry":{"type":"MultiPolygon","coordinates":[[[[121.51537776982043,18.067408342636575],[121.51643749672506,18.066972448825634],[121.51798564554166,18.06689380609337],[121.52302392703423,18.062802406352894],[121.52682025012005,18.0613696422676],[121.52673888116064,18.06120278718965],[121.52639692256041,18.060183599900064],[121.52494667996136,18.05859470601714],[121.52374614998348,18.05740066488563],[121.52236794550285,18.055924768447962],[121.5217982100672,18.055778760780598],[121.52195274018388,18.055677274864916],[121.52407318427136,18.056123041365215],[121.52572547168997,18.056865325478743],[121.52690633459889,18.057322751953777],[121.52867778421331,18.05800944476378],[121.53027295991576,18.058524223532412],[121.53127395871785,18.059207289971326],[121.53173906006478,18.060114442549295],[121.53196476690529,18.0613032848467],[121.5326009100289,18.062944795008157],[121.53347751563494,18.064249273178753],[121.53447468960451,18.0653276291216],[121.53618322235789,18.066352638815502],[121.53878483513725,18.06698567266849],[121.53880639260908,18.06699061986509],[121.53884156798736,18.067047122412223],[121.53912055516419,18.0670626590662],[121.5396807378622,18.067191105841125],[121.54058041141707,18.068883103677248],[121.54116476986567,18.070695704958588],[121.541427418052,18.07211207526687],[121.54137640987105,18.07209038292684],[121.54123607602226,18.072030587393932],[121.54109544705724,18.071970789534564],[121.5407750281596,18.071838472783714],[121.54045491432659,18.07170502831216],[121.54013600054952,18.071569333365634],[121.53981889594483,18.07142913351063],[121.539505085952,18.07128331047061],[121.53906112172719,18.07106082409922],[121.53862287056462,18.0708259552624],[121.53818882840993,18.07058208118371],[121.53775807226368,18.070333712994508],[121.53732881215244,18.070083096202968],[121.53671741395065,18.069687648959835],[121.53612195498933,18.069257305596246],[121.53552646153852,18.068831478388418],[121.5349152828414,18.0684461932814],[121.53427332074016,18.068141998280396],[121.5337283863187,18.067957137784116],[121.53316544985151,18.06780715422547],[121.53259189130543,18.06769210351085],[121.53201392853693,18.067609773753468],[121.53143835104537,18.067560216528495],[121.5310020791051,18.06755125059224],[121.53056408698745,18.067571638102088],[121.53012509645302,18.06760557124882],[121.52968581061891,18.0676395011372],[121.52924692333484,18.06766100833609],[121.52872608082879,18.0676683358927],[121.5282049808194,18.067671142001693],[121.52768364217282,18.067667167769816],[121.52716263653403,18.067658676596174],[121.52664196394271,18.067645668486346],[121.52600240735221,18.067621585887338],[121.52536321230488,18.06758959731526],[121.52472437888589,18.067549702779854],[121.5240855836648,18.0675052883701],[121.52344711245833,18.067457485792016],[121.52259461383947,18.067373028753092],[121.52174292410955,18.06726259531444],[121.52089180723827,18.0671544216033],[121.52004077875732,18.067071094226222],[121.51918933483373,18.0670374586359],[121.5187593515507,18.067018347722712],[121.51831384564142,18.066984433061272],[121.51787614947371,18.06696977907389],[121.51746929037563,18.06700957754369],[121.51711600018518,18.067139018150524],[121.51680759669266,18.067442748046567],[121.51658478812647,18.06788945371867],[121.51650866192786,18.0681140673417],[121.51537776982043,18.067408342636575]]],[[[121.51547221407417,18.09016667588194],[121.51663980896313,18.089147430113883],[121.51558930610256,18.087516228616288],[121.51749199458037,18.086092520047995],[121.51912907133182,18.084635059780783],[121.51986935418977,18.08344405634076],[121.52249827338083,18.080301091127158],[121.52340885094152,18.079248308931962],[121.52446297473178,18.07850794360277],[121.5258416586134,18.079194453123545],[121.52297994101774,18.07461975807725],[121.52279847255258,18.07419517328232],[121.52300731143605,18.074190558901016],[121.52330976925178,18.074209815539575],[121.52360321007204,18.074248204524665],[121.52397299269124,18.074336875532307],[121.52433973179869,18.074471832772105],[121.5246981986292,18.07464287066588],[121.52504317373771,18.07483865422089],[121.52536971391385,18.07505010961643],[121.52554226633596,18.075175674574663],[121.52570884857626,18.075309100415627],[121.52587184127026,18.075448146300925],[121.52603185372249,18.075590557857993],[121.52619067611944,18.075734089728023],[121.52634565146049,18.075878721629266],[121.52649764655551,18.0760267192223],[121.52664785171982,18.07617696208228],[121.52679836178544,18.07632607764911],[121.52695153853712,18.076474083945964],[121.52747835640162,18.076957019137335],[121.52801768018988,18.077427623730365],[121.52856891945324,18.07788589311952],[121.52913210241317,18.07832843886313],[121.52970696201744,18.07875187026485],[121.53056197749382,18.079357026826045],[121.53144133934842,18.079946551935564],[121.53234616807775,18.0804922158021],[121.5332770306861,18.08096126628564],[121.53423506516529,18.081323214558765],[121.5348451978551,18.08148372163933],[121.5354686781435,18.081601406378176],[121.53610006028593,18.08169204059878],[121.53673449856119,18.081770271235445],[121.53736655697223,18.08185074082405],[121.53792105379755,18.081920455046614],[121.53847649299647,18.08198339770921],[121.53903256992476,18.082040696015245],[121.53958896126176,18.08209573607531],[121.5401456669868,18.08214851788519],[121.54040555384604,18.082176462806462],[121.54059216951912,18.082198129111394],[121.53921943620134,18.086233341974125],[121.53797803457091,18.085802411510937],[121.53755747686704,18.085880782827875],[121.53643174819955,18.08632158699548],[121.53504591392844,18.086707782755244],[121.5289630735373,18.089971588869417],[121.52609846906152,18.090080314137666],[121.52586110354234,18.09118056500351],[121.52510320405746,18.091314797722085],[121.52354867550903,18.091636545312504],[121.5219052865592,18.09117312189434],[121.51571560875512,18.090232378937365],[121.51547221407417,18.09016667588194]]],[[[121.51899638377351,18.050909358078922],[121.52103797823575,18.05092099354516],[121.52339915895843,18.051500419581075],[121.52853201070356,18.05300117031549],[121.53003284466244,18.05380354674269],[121.53609721290789,18.058669451643016],[121.53777799253976,18.060150539956854],[121.53759685077758,18.060547066475763],[121.53759803443255,18.061394995239855],[121.53758827369865,18.062344261434763],[121.53762043327608,18.06330889651231],[121.53761597816548,18.06423533754202],[121.53764261066674,18.065121574243225],[121.53773826738168,18.065275197030466],[121.53702608238389,18.064999080329265],[121.53608389612064,18.064372962500133],[121.53579664693616,18.06341069085298],[121.53545252755532,18.06222208317642],[121.53523189420598,18.060524996766397],[121.53505945636347,18.059958927816286],[121.53447442817256,18.05916495418325],[121.53294509470616,18.057970736801053],[121.53070388385164,18.05682983116803],[121.52893366200165,18.05603134394192],[121.52580585562896,18.05465998763358],[121.52222638148054,18.05376075570538],[121.52220442079236,18.053687272893214],[121.52056873548368,18.051889373560684],[121.52010182535429,18.05200930990277],[121.51899638377351,18.050909358078922]]]]}},{"type":"Feature","properties":{"id":"LAS-ERO-021","erosion_class":"none","erosion_label":"No apparent erosion","barangay":"Cabatacan West","hectares":1906.63155343,"data_source":"Soil erosion dataset (Lasam barangay clip)"},"geometry":{"type":"Polygon","coordinates":[[[121.46499347776286,18.08664196505629],[121.46673428839381,18.08619993726345],[121.46845138440902,18.086210187394123],[121.47170275748222,18.086680990979737],[121.47364331693898,18.087823588749707],[121.47558282414269,18.08902263494501],[121.47751981885071,18.09044754246733],[121.47939622320881,18.091986033822806],[121.482217294292,18.093755585841382],[121.48421705427613,18.094898551958494],[121.48575240929807,18.09524720404215],[121.48676176680732,18.095025838683526],[121.48717961362466,18.094745612733245],[121.4877805577026,18.09401389238251],[121.48838559095029,18.09294222244192],[121.48904946714966,18.091928615472668],[121.49043645123498,18.08984312236334],[121.49146899907151,18.087699499893823],[121.4925659117212,18.085103442301985],[121.49264409200406,18.083520490779648],[121.49264445279094,18.083490048408223],[121.49298590595784,18.084296224781824],[121.49592234131116,18.08450430452204],[121.49651917103303,18.085738886426142],[121.49689727388878,18.08681443201885],[121.49713683274315,18.087727002864305],[121.49821932090556,18.088433646095396],[121.49766675014395,18.091465780751463],[121.49741259424023,18.092098758212092],[121.49732203870846,18.093993650373882],[121.49827209711191,18.094077403110276],[121.49850896929982,18.095387021132257],[121.49726495958161,18.09717446824543],[121.50056665901299,18.099672231061636],[121.49825787316658,18.104678582469536],[121.49901485753811,18.110545897044105],[121.49887963618934,18.11099901928075],[121.49356240800012,18.11001833800003],[121.49031716900004,18.109477602000027],[121.46860327183721,18.11171958106282],[121.46811246409287,18.109286375706024],[121.4677771220521,18.10764369153725],[121.46739147743779,18.10526643891664],[121.46682190287393,18.10339599314707],[121.46550997331063,18.10035159597788],[121.46499347776286,18.08664196505629]]]}},{"type":"Feature","properties":{"id":"LAS-ERO-022","erosion_class":"none","erosion_label":"No apparent erosion","barangay":"Cabatacan East","hectares":731.247582176,"data_source":"Soil erosion dataset (Lasam barangay clip)"},"geometry":{"type":"Polygon","coordinates":[[[121.49244733592742,18.080181273586145],[121.49288301509517,18.07842942880379],[121.49331556622754,18.076904587952317],[121.49446104576069,18.07521362257325],[121.49517620165369,18.07482161347878],[121.49631320296517,18.073810530675544],[121.49714829142704,18.073305367654324],[121.49760954415322,18.07287227299189],[121.50002303067672,18.073001571812675],[121.5028416595787,18.07299167600667],[121.50354505931134,18.074304155821206],[121.50301580948064,18.075814883068574],[121.50275676535269,18.077578969969544],[121.50228490973896,18.079004668650864],[121.50198642694869,18.08082041615974],[121.50358610296244,18.081811119461236],[121.50531676414587,18.082635443899097],[121.50684506153405,18.084812567855902],[121.5073479398979,18.08490495359077],[121.51091053937323,18.086653984821684],[121.51088793482761,18.08669189741919],[121.5124552462685,18.0886071454328],[121.51547221407417,18.09016667588194],[121.514428660057,18.092161688203095],[121.51436255267163,18.092782852604806],[121.51424680476137,18.092985448182738],[121.51391446229546,18.093567147264626],[121.51284184503469,18.094295008045933],[121.50932762391143,18.093762561500053],[121.50594129781695,18.097035822703774],[121.50056665901299,18.099672231061636],[121.49726495958161,18.09717446824543],[121.49850896929982,18.095387021132257],[121.49827209711191,18.094077403110276],[121.49732203870846,18.093993650373882],[121.49741259424023,18.092098758212092],[121.49766675014395,18.091465780751463],[121.49821932090556,18.088433646095396],[121.49713683274315,18.087727002864305],[121.49689727388878,18.08681443201885],[121.49651917103303,18.085738886426142],[121.49592234131116,18.08450430452204],[121.49298590595784,18.084296224781824],[121.49264445279094,18.083490048408223],[121.4926624563466,18.081992417293556],[121.49261282896539,18.081200248275568],[121.49244733592742,18.080181273586145]]]}},{"type":"Feature","properties":{"id":"LAS-ERO-023","erosion_class":"none","erosion_label":"No apparent erosion","barangay":"Tucalan Passing","hectares":527.605792408,"data_source":"Soil erosion dataset (Lasam barangay clip)"},"geometry":{"type":"Polygon","coordinates":[[[121.49825787316658,18.104678582469536],[121.50056665901299,18.099672231061636],[121.50594129781695,18.097035822703774],[121.50932762391143,18.093762561500053],[121.51284184503469,18.094295008045933],[121.51391446229546,18.093567147264626],[121.51424680476137,18.092985448182738],[121.51436255267163,18.092782852604806],[121.514428660057,18.092161688203095],[121.51547221407417,18.09016667588194],[121.51571560875512,18.090232378937365],[121.5219052865592,18.09117312189434],[121.52354867550903,18.091636545312504],[121.52510320405746,18.091314797722085],[121.52586110354234,18.09118056500351],[121.52610072881474,18.09146792145446],[121.5261026770001,18.092419122114663],[121.52647097625419,18.09599064910162],[121.5267346409217,18.09745925960301],[121.528527676943,18.09678234368152],[121.52852889088574,18.099700377487533],[121.52796823975432,18.101178467513133],[121.5267555478052,18.103308342620057],[121.5241582555205,18.102328324403743],[121.52357338554545,18.102064911056562],[121.52056263024885,18.103884376021337],[121.5204739729328,18.103997666047103],[121.518509134704,18.110356951189967],[121.5184632760577,18.110406306101503],[121.51829266704401,18.110608306243776],[121.51813175436916,18.110816028319068],[121.5179033678477,18.1111463478907],[121.5176966601882,18.111497165064065],[121.51751255528761,18.111863968979463],[121.51743510815216,18.11204737635485],[121.50877984200008,18.11193437700007],[121.5041047420001,18.111962710000057],[121.49887963618934,18.11099901928075],[121.49901485753811,18.110545897044105],[121.49825787316658,18.104678582469536]]]}},{"type":"Feature","properties":{"id":"LAS-ERO-024","erosion_class":"none","erosion_label":"No apparent erosion","barangay":"New Orlins","hectares":390.987433265,"data_source":"Soil erosion dataset (Lasam barangay clip)"},"geometry":{"type":"Polygon","coordinates":[[[121.50198642694869,18.08082041615974],[121.50228490973896,18.079004668650864],[121.50275676535269,18.077578969969544],[121.50301580948064,18.075814883068574],[121.50354505931134,18.074304155821206],[121.5028416595787,18.07299167600667],[121.50323122269717,18.072411170551526],[121.50299202442908,18.06968696924188],[121.5032050593537,18.068619238756753],[121.50615187968323,18.06934469897947],[121.50818696416368,18.069376404277094],[121.51183888926852,18.0680196187738],[121.51537776982043,18.067408342636575],[121.51650866192786,18.0681140673417],[121.51640648126104,18.068415566942637],[121.51623276375561,18.06895752836684],[121.51602282802357,18.069452901118492],[121.51577342664731,18.069901660114137],[121.51551314857142,18.07034468749288],[121.51524434595,18.070783130809303],[121.51497025659225,18.07121814444281],[121.51469410883236,18.071652012232107],[121.5143533749279,18.0721124908364],[121.51396991854233,18.072562474245252],[121.51360033531186,18.073012563560756],[121.51330061187502,18.073475614671928],[121.51312704959273,18.073962227195683],[121.51308181890097,18.074319934129573],[121.5130733476242,18.07469486686031],[121.51310324522417,18.075071224636012],[121.51317251172725,18.07543546101418],[121.51328303280822,18.075774036348943],[121.51343841788469,18.076079071797857],[121.51363999110944,18.076368649653773],[121.5138747629124,18.076642669774035],[121.51412975312384,18.07689990261037],[121.51439169575357,18.077137986954767],[121.51471632210767,18.077400273118982],[121.51506797628318,18.07764356502118],[121.51543935366824,18.077858770229376],[121.51582404468721,18.07803567372194],[121.5162147349713,18.07816631258628],[121.51663494733656,18.078262162687682],[121.51708231031503,18.078324335113592],[121.51753301477608,18.078340222137136],[121.51796236574297,18.07829720943765],[121.51834629650901,18.07817816967189],[121.51860171725613,18.07803329348605],[121.51884038410354,18.07784423731654],[121.51906510704843,18.077627965487675],[121.51927843884802,18.077396922283544],[121.51948319913205,18.07716694256935],[121.51973554154729,18.076825505578295],[121.51994861664151,18.076448752139797],[121.52015054808052,18.076062876841842],[121.52036829749323,18.075691806204798],[121.52062968370699,18.075362861735428],[121.52089314882112,18.075102833193306],[121.52117722179437,18.074849739200424],[121.52147851332052,18.074620496435486],[121.52179482457377,18.074430901204206],[121.52212248077672,18.07429673853331],[121.52240586765994,18.07423113690054],[121.52270345553583,18.074197269961733],[121.52279847255258,18.07419517328232],[121.52297994101774,18.07461975807725],[121.5258416586134,18.079194453123545],[121.52446297473178,18.07850794360277],[121.52340885094152,18.079248308931962],[121.52249827338083,18.080301091127158],[121.51986935418977,18.08344405634076],[121.51912907133182,18.084635059780783],[121.51749199458037,18.086092520047995],[121.51558930610256,18.087516228616288],[121.51663980896313,18.089147430113883],[121.51547221407417,18.09016667588194],[121.5124552462685,18.0886071454328],[121.51088793482761,18.08669189741919],[121.51091053937323,18.086653984821684],[121.5073479398979,18.08490495359077],[121.50684506153405,18.084812567855902],[121.50531676414587,18.082635443899097],[121.50358610296244,18.081811119461236],[121.50198642694869,18.08082041615974]]]}},{"type":"Feature","properties":{"id":"LAS-ERO-025","erosion_class":"none","erosion_label":"No apparent erosion","barangay":"Minanga Sur","hectares":288.239644794,"data_source":"Soil erosion dataset (Lasam barangay clip)"},"geometry":{"type":"MultiPolygon","coordinates":[[[[121.62602743048028,18.085735787195826],[121.62692893238142,18.085388938321458],[121.62731290486678,18.08524765286776],[121.6276503776607,18.085313703353684],[121.62806534868024,18.085728204524443],[121.62832293567949,18.086587369545214],[121.62797965522499,18.087445650784556],[121.62712103686175,18.088390629001555],[121.62673013217653,18.088888071522938],[121.62650732043467,18.088467214510224],[121.62645936114754,18.08748125693595],[121.62777737594531,18.086713232778113],[121.62602743048028,18.085735787195826]]],[[[121.62682582664452,18.083140357451622],[121.62685300823773,18.082864376101593],[121.6269981456203,18.082700498073102],[121.62706164279066,18.082622871276094],[121.62697090492462,18.08251938993834],[121.62719769883466,18.082389999290413],[121.62740635831156,18.082346853419043],[121.62756431707017,18.08253867320403],[121.62756968691956,18.082545194147713],[121.62768763063136,18.08256242867837],[121.6279169749201,18.082660127884825],[121.62795074510771,18.08267451456999],[121.62820478065413,18.082743479574432],[121.62834087836393,18.08282970690022],[121.62851201699674,18.08294799332504],[121.62854048906635,18.082967671960116],[121.62862768650116,18.082981813822528],[121.62891246546047,18.083027998629916],[121.62914835306951,18.08307109313969],[121.62953843020625,18.082786445677378],[121.62963819012909,18.082501831483142],[121.62969259866725,18.08230346629116],[121.62977423265004,18.082165467287158],[121.62995567420214,18.08211369974202],[121.63019155417673,18.08209642386838],[121.63024597946942,18.082027422796916],[121.63032520152939,18.081801402987992],[121.63032760163473,18.08179455592448],[121.63034573520851,18.08170831048513],[121.630331637093,18.08166644750095],[121.63027312790562,18.0814927092261],[121.63025493675262,18.081130487169244],[121.63034564851327,18.0810356083241],[121.6304726503001,18.080940725809818],[121.63051800263261,18.08086310089966],[121.63052706482992,18.0807854796138],[121.63100443187192,18.08043265254736],[121.63152514416805,18.08106631031292],[121.63202071027176,18.081422620198325],[121.6321234938613,18.081796388701974],[121.63214139460364,18.082407268878512],[121.63196526616535,18.082603977748064],[121.63356943214113,18.083744450774265],[121.63366048556931,18.08424935058482],[121.63333900866812,18.08501093314564],[121.6351777698108,18.08648361471842],[121.63526261881407,18.086496908453242],[121.63536636169401,18.086628067509647],[121.63714398232801,18.08662698284432],[121.63917373742865,18.088716173908388],[121.64257885342474,18.087497199881124],[121.64342498756591,18.088184732607726],[121.64361147944467,18.089927943699262],[121.64392291578238,18.09174648101423],[121.64459028048665,18.093903326492384],[121.64471723663956,18.094257321627293],[121.6425055484038,18.09481389848687],[121.64259247012386,18.09554166253578],[121.64181963725908,18.09561429445899],[121.64094261124102,18.095885987848806],[121.64035539545176,18.096369818769045],[121.63976901185384,18.096783620836323],[121.63860131230312,18.0969154462055],[121.63765457181648,18.096768694843234],[121.6366381231144,18.09620463889936],[121.63605952537888,18.095572512928303],[121.63556061505558,18.09410620538369],[121.63528644475225,18.091873387126945],[121.63499957523445,18.09124445214979],[121.63456498487636,18.090893472234548],[121.63383761176148,18.090678224216227],[121.63303430311711,18.090812598471476],[121.63157144278262,18.091429130750523],[121.629816558147,18.092043577069493],[121.6293210345079,18.09206978929344],[121.6297716885105,18.09124083838691],[121.62715832717153,18.0896817626417],[121.62750483075426,18.08930942989795],[121.62926889811101,18.08751016333403],[121.6298568940124,18.08688743582242],[121.63000870336073,18.08612154438747],[121.63001519178884,18.085285717916356],[121.62980049410756,18.08479622454681],[121.62900238435758,18.084302586597218],[121.6272372891641,18.083799388267085],[121.62717969956579,18.08351978488968],[121.6270980156352,18.083269690103148],[121.62682582664452,18.083140357451622]]],[[[121.62798938541438,18.094519213814493],[121.62889449925876,18.092854363872117],[121.63012620918926,18.09285453912502],[121.63141415227624,18.092597106655933],[121.63278772735974,18.092339142795534],[121.63356054780029,18.092596510694015],[121.63407573425,18.09302600325054],[121.63450499018597,18.094486172935817],[121.63519175388663,18.09594477577456],[121.63579295247541,18.096632412465414],[121.6365656532334,18.097404847521762],[121.63785356197343,18.09791999178434],[121.6392271809843,18.098005370514464],[121.64017173295466,18.09774771668481],[121.64128798646921,18.09731844517499],[121.64239888264622,18.097159927847965],[121.64198725086817,18.0995168420926],[121.64136130113135,18.09952988286136],[121.64121747490965,18.099669444558913],[121.63767405717141,18.0999417637871],[121.63315088817873,18.098973349276637],[121.63088954216549,18.097034800980193],[121.62895099128613,18.095096264702384],[121.62798938541438,18.094519213814493]]]]}},{"type":"Feature","properties":{"id":"LAS-ERO-026","erosion_class":"none","erosion_label":"No apparent erosion","barangay":"Minanga Norte","hectares":416.253617144,"data_source":"Soil erosion dataset (Lasam barangay clip)"},"geometry":{"type":"MultiPolygon","coordinates":[[[[121.62517311785203,18.102347110619764],[121.62517425576516,18.101022447471745],[121.62584421445368,18.099931613812434],[121.62653924526984,18.099661681180592],[121.62654809130261,18.099659040599402],[121.62668947666185,18.099941778360993],[121.62733554461902,18.101880176702217],[121.62668942691332,18.1025261987087],[121.62539691735877,18.102526023752823],[121.62517311785203,18.102347110619764]]],[[[121.64121747490965,18.099669444558913],[121.64136130113135,18.09952988286136],[121.64198725086817,18.0995168420926],[121.64239888264622,18.097159927847965],[121.64309093325606,18.097061174990348],[121.64370018495003,18.09709031135178],[121.644893895106,18.097147274545232],[121.64568131930302,18.097200247882174],[121.64510506200202,18.09768078200409],[121.64187413496421,18.099618970935012],[121.64121747490965,18.099669444558913]]],[[[121.6425055484038,18.09481389848687],[121.64471723663956,18.094257321627293],[121.64523423574465,18.09569883822052],[121.64320612219261,18.095483988266782],[121.64259247012386,18.09554166253578],[121.6425055484038,18.09481389848687]]]]}},{"type":"Feature","properties":{"id":"LAS-ERO-027","erosion_class":"none","erosion_label":"No apparent erosion","barangay":"Sicalao","hectares":2294.93892124,"data_source":"Soil erosion dataset (Lasam barangay clip)"},"geometry":{"type":"MultiPolygon","coordinates":[[[[121.45754927434356,18.00163123147999],[121.4615044090001,18.000714622000032],[121.46163564998804,18.00067679666235],[121.46152614252746,18.00160459329948],[121.46151269535233,18.003018617979436],[121.46209259107981,18.004379750253378],[121.46297329794693,18.00528921043996],[121.46373911450152,18.00580130183565],[121.46456247827868,18.006484401056085],[121.46496770031834,18.00750416241305],[121.46507290734607,18.008919128915025],[121.46482494965683,18.010050050439286],[121.46434422721786,18.01072732604115],[121.4643305007079,18.012141348939977],[121.46502457396406,18.0139551796596],[121.46655579717938,18.01503694964738],[121.46714742602471,18.01515232606966],[121.46762266867614,18.01504087963317],[121.46797858448453,18.015042567131637],[121.46874914375809,18.01504640470274],[121.4692216415386,18.01521843701742],[121.46956934720978,18.016068311198136],[121.46914393657649,18.0171413606556],[121.46866047283746,18.018100999504334],[121.46894611631403,18.019233888076972],[121.4697690821452,18.01997231214594],[121.47047936898487,18.020088617704893],[121.47089431971912,18.02009076705492],[121.47184160077431,18.020207810477224],[121.47166119658964,18.02048989054707],[121.47142019270252,18.02088557130476],[121.47094269083941,18.02122290827058],[121.47034380427013,18.021842788944916],[121.47015518495401,18.022973056492386],[121.47079326226832,18.024446449397267],[121.47178249403349,18.026374414479246],[121.47212300059725,18.027959532967024],[121.47228504718335,18.029600846272984],[121.47280900304042,18.03062153315102],[121.47381019695842,18.03130487587725],[121.47499307947145,18.031593191705053],[121.47540806773588,18.031594203968826],[121.47641570999733,18.031598754791574],[121.47671107008637,18.031712901603445],[121.4776539340266,18.032282816223876],[121.47728190450378,18.03397865798651],[121.47667958973489,18.034993854483186],[121.47666691599649,18.036294939671794],[121.4771864274308,18.037768511889915],[121.47782578029334,18.039071342369585],[121.47846863606414,18.040036477919184],[121.47958457070564,18.041116023566058],[121.48063895687146,18.042420980253326],[121.48116541876644,18.043159293172213],[121.48167170969431,18.044295423308206],[121.48091330848848,18.0445737654411],[121.48100022004284,18.045198589348534],[121.48211110382175,18.04698056494325],[121.48422899540446,18.05823823298838],[121.48265363070382,18.057378982915562],[121.47964944559612,18.056060958087514],[121.47789020937806,18.05463523260163],[121.47613656287703,18.052701262410103],[121.47432137072887,18.050993821766426],[121.47375156375452,18.049122262180834],[121.4748864489294,18.048280708403066],[121.47524517184337,18.0479989049215],[121.47566418612062,18.0476057557693],[121.47573965121938,18.046247563294376],[121.47545434853372,18.04534058441308],[121.47434354227907,18.04414584682159],[121.47251994283023,18.043116027526363],[121.47087149849158,18.042314606775296],[121.46905950270778,18.040323647010485],[121.46825610025446,18.03816785152892],[121.46827483230497,18.036583315474225],[121.46895624472221,18.034039435279745],[121.46933904607856,18.031721346679273],[121.4693644255013,18.02957098274986],[121.46909760749594,18.02707832739708],[121.4670626210593,18.02389623204273],[121.46524848944534,18.02207465628303],[121.46325467243516,18.02042106354914],[121.46161749109602,18.018657337805006],[121.46033617063132,18.016837697186286],[121.45959325948796,18.014569406698502],[121.45920076206967,18.012699226688383],[121.4588188125241,18.009922144815178],[121.45806260177945,18.003690342447015],[121.45754927434356,18.00163123147999]]],[[[121.46408217347846,18.000879407203392],[121.46440271627338,17.999879292633594],[121.46600481344602,17.999417547659718],[121.46639638332043,17.999571016293963],[121.46664051686597,17.999234329772534],[121.46769184541272,17.998931323387747],[121.4685194660051,18.000636680701337],[121.47106803920133,18.006771471205774],[121.47106538534993,18.00704441516814],[121.47116340333218,18.009846082589622],[121.47114359824029,18.010218504339683],[121.47270081782482,18.010793800512438],[121.47298677113879,18.01118297728254],[121.47315673462708,18.01157079723693],[121.47137844741818,18.01419553719318],[121.47089333759284,18.013980161989686],[121.46983018881703,18.01357982528274],[121.46823219596823,18.01329046114146],[121.46734750734083,18.012833918823528],[121.46652410436319,18.01215082884813],[121.46641291149062,18.011358169285053],[121.46683704944492,18.01039806528353],[121.46720587483235,18.00904219723159],[121.4673346871198,18.00796793298226],[121.46700042150702,18.00570289892621],[121.46593978400169,18.00501905993651],[121.46452678523204,18.003994702342226],[121.46408217347846,18.000879407203392]]],[[[121.47198280045045,18.017832455891853],[121.47228535972111,18.017211359592256],[121.47265015557393,18.01625190334231],[121.4727757287777,18.01551645921241],[121.47277150596749,18.015508233104402],[121.4755901307497,18.015394624132433],[121.47633479575197,18.015855118179996],[121.47698407881593,18.016028523559573],[121.47799863403843,18.015355412439373],[121.47802582830526,18.01529641631918],[121.48172676747463,18.01514713460558],[121.48173040706484,18.015207384098936],[121.4824275256048,18.01634348523632],[121.48318348818661,18.01753652073671],[121.48316947021878,18.01872578022751],[121.48244965695929,18.019514180006283],[121.48125440690454,18.020469401516703],[121.48035437509304,18.021483408259712],[121.47980353292449,18.0230084300473],[121.48021001190261,18.023689325051247],[121.48132482924757,18.024545205595842],[121.48214850361681,18.025003470178614],[121.48297521064377,18.02517712011209],[121.4835041368805,18.025520117731748],[121.4842697716295,18.025863838980126],[121.48526248107726,18.027058723367137],[121.48495954377215,18.027623363083684],[121.4841267012999,18.02795794992833],[121.4830525793413,18.028687097291776],[121.48292194926731,18.029706015295574],[121.48315076980356,18.03038664165575],[121.48373368973174,18.03118186466831],[121.48520189254631,18.032208792543642],[121.48579191175259,18.032382838024663],[121.48661786993495,18.032614073698582],[121.48756530385106,18.032619225202815],[121.48798251159565,18.03239545628071],[121.48826373987394,18.032257576928636],[121.48831606628043,18.033016945102492],[121.48913774219979,18.035221785906575],[121.48907402854424,18.035231139956103],[121.48765159572571,18.03533636119629],[121.48599118140469,18.035553788968798],[121.48551493376002,18.03577709052855],[121.48473806525166,18.03639562116241],[121.48194788400797,18.039141021342097],[121.48165370587095,18.03998809754497],[121.48207902760437,18.041264386423215],[121.48420131127557,18.043471567367124],[121.48308262276966,18.043808579215806],[121.48264747367793,18.043165283423654],[121.48229820740416,18.042484840352106],[121.4817717326164,18.041747659693307],[121.48083473914993,18.04055545191413],[121.48013457763766,18.039421577081605],[121.47931772387618,18.038059752703074],[121.47885381637592,18.036983077484006],[121.47929702834897,18.03404421050068],[121.48019916872977,18.03269025082746],[121.48050639694128,18.031559773177626],[121.48022143483924,18.030371556449314],[121.47969326099093,18.029802654818226],[121.47886602199686,18.029517164769793],[121.47720689633455,18.029453284288653],[121.47649510827958,18.029506414140926],[121.4759614792239,18.02950446991483],[121.47484613197305,18.02836730859219],[121.474149468262,18.026836989343376],[121.4735751700853,18.024911178778538],[121.47317035221675,18.023834959303212],[121.4728266246943,18.022588666719965],[121.47336491729253,18.022081250083758],[121.47425688632772,18.02180252065811],[121.47491829206872,18.02084426909714],[121.47433629619591,18.019710180433886],[121.47374708806679,18.019311338961714],[121.47268468247613,18.018854546382627],[121.47215431313433,18.018512639782852],[121.47198280045045,18.017832455891853]]]]}},{"type":"Feature","properties":{"id":"LAS-ERO-028","erosion_class":"none","erosion_label":"No apparent erosion","barangay":"Peru","hectares":2151.79069799,"data_source":"Soil erosion dataset (Lasam barangay clip)"},"geometry":{"type":"MultiPolygon","coordinates":[[[[121.48091330848848,18.0445737654411],[121.48167170969431,18.044295423308206],[121.48174578551281,18.04446164980472],[121.48244722956542,18.045483709607772],[121.48379656758308,18.046959262995166],[121.48556288202921,18.04821104575033],[121.48744884753623,18.049350799900704],[121.48975006054074,18.05043504830257],[121.4917561946965,18.051405147232778],[121.49293083723138,18.05254155821728],[121.49433905889096,18.054017505536006],[121.49652074535229,18.055214828314597],[121.49870863320054,18.055789817526705],[121.50048611159384,18.055853319078647],[121.5023180191358,18.056426635046268],[121.50420610069912,18.057340351855682],[121.50621432011046,18.058083294705646],[121.50857892122548,18.058716018193692],[121.51053396441773,18.058837275734096],[121.51201997302144,18.058391274381844],[121.51368979793475,18.057324313079256],[121.5148820850576,18.05659364977935],[121.51613178983165,18.05609045196947],[121.51779813880403,18.055362279982504],[121.51904612291649,18.055027346914194],[121.52105674416259,18.055488906436896],[121.52195274018388,18.055677274864916],[121.5217982100672,18.055778760780598],[121.52236794550285,18.055924768447962],[121.52374614998348,18.05740066488563],[121.52494667996136,18.05859470601714],[121.52639692256041,18.060183599900064],[121.52673888116064,18.06120278718965],[121.52682025012005,18.0613696422676],[121.52302392703423,18.062802406352894],[121.51798564554166,18.06689380609337],[121.51643749672506,18.066972448825634],[121.51537776982043,18.067408342636575],[121.51183888926852,18.0680196187738],[121.50818696416368,18.069376404277094],[121.50615187968323,18.06934469897947],[121.5032050593537,18.068619238756753],[121.50299202442908,18.06968696924188],[121.50300987824495,18.070003658893885],[121.50323122269717,18.072411170551526],[121.5028416595787,18.07299167600667],[121.50002303067672,18.073001571812675],[121.49760954415322,18.07287227299189],[121.49810629833263,18.07240582989679],[121.49972600293452,18.07066091107237],[121.50122573885191,18.069029125363038],[121.50231425844825,18.067111759967087],[121.50304560032507,18.065361044618427],[121.50270311730573,18.064284226844265],[121.50211780030244,18.063714933918703],[121.50076038090931,18.063367808326035],[121.49786851691059,18.062559202153366],[121.4951503235785,18.062090759191705],[121.49308365023428,18.06162623328703],[121.49054726995662,18.06082029430983],[121.48795411443247,18.059786848951344],[121.4850656971238,18.058694580354043],[121.48422899540446,18.05823823298838],[121.48211110382175,18.04698056494325],[121.48100022004284,18.045198589348534],[121.48091330848848,18.0445737654411]]],[[[121.48308262276966,18.043808579215806],[121.48420131127557,18.043471567367124],[121.48473821944451,18.044029938672345],[121.48750339390622,18.04583733924746],[121.49154502017358,18.047645633571673],[121.49377869791189,18.049347147382434],[121.49579946281284,18.051687411451827],[121.49750137187864,18.052857267240228],[121.49899030864009,18.053176064805296],[121.50037307578172,18.05285698422565],[121.50111750375952,18.0513672894194],[121.50127795567886,18.049676528335755],[121.50375769700996,18.050257108730957],[121.50565014690895,18.050437789000974],[121.50760319069856,18.050504838155856],[121.50932026670249,18.050514701561276],[121.51233535242133,18.050872270518326],[121.51405089618947,18.050995031802003],[121.5165372382128,18.05100848567167],[121.51872904485433,18.050907828049414],[121.51899638377351,18.050909358078922],[121.52010182535429,18.05200930990277],[121.52056873548368,18.051889373560684],[121.52220442079236,18.053687272893214],[121.52222638148054,18.05376075570538],[121.51871106837298,18.05287756755851],[121.51591954044862,18.05348754796999],[121.51496527040983,18.05410596793551],[121.51353329808062,18.05511716784909],[121.5113876825156,18.056352150110932],[121.51013967826748,18.056687031912105],[121.50907284046691,18.056682190767358],[121.50818591717783,18.05645170111902],[121.50664814948422,18.05610661551116],[121.50558477144864,18.055762928795343],[121.50404971035435,18.055134337030537],[121.50311153805457,18.054055166159877],[121.50032581484791,18.054043731366985],[121.49843239442,18.053695822044805],[121.49642475241396,18.05289520295105],[121.49507063988193,18.05192796962969],[121.49354201842637,18.050621645042547],[121.49236816000983,18.04942876896445],[121.4906544415981,18.048855158597892],[121.48959259103941,18.048341974647652],[121.4859348648162,18.046516316199853],[121.48475583774238,18.045832764053344],[121.4838749325092,18.044979859226256],[121.48308262276966,18.043808579215806]]],[[[121.48826373987394,18.032257576928636],[121.4893521958573,18.031723936204695],[121.49024738010495,18.031106307774493],[121.49232949548583,18.030269768440846],[121.49410569651133,18.03027908543333],[121.49533820386888,18.031192283446575],[121.4953295936945,18.031927526984042],[121.49502367732423,18.03277566737086],[121.49436444108963,18.033450501140226],[121.4931704057628,18.034292851738478],[121.4905567486993,18.03501342797919],[121.48913774219979,18.035221785906575],[121.48831606628043,18.033016945102492],[121.48826373987394,18.032257576928636]]]]}},{"type":"Feature","properties":{"id":"LAS-ERO-029","erosion_class":"none","erosion_label":"No apparent erosion","barangay":"Viga","hectares":2214.27590367,"data_source":"Soil erosion dataset (Lasam barangay clip)"},"geometry":{"type":"MultiPolygon","coordinates":[[[[121.53003284466244,18.05380354674269],[121.53206202849893,18.05488834114146],[121.53517537746437,18.056942851278787],[121.53648159467477,18.05821319979383],[121.53609721290789,18.058669451643016],[121.53003284466244,18.05380354674269]]],[[[121.54439740933803,18.037867053719438],[121.54452324833305,18.03724563042557],[121.54517438104175,18.037249400410804],[121.54648260143931,18.036747560608525],[121.54707715490278,18.036523863258147],[121.54868065128413,18.036080702468837],[121.54986623516889,18.03591790712337],[121.55164269538773,18.03587135396465],[121.55324100864425,18.03587992847026],[121.55448668167281,18.03565994771975],[121.55443368211023,18.03582446343091],[121.55441321450972,18.036017460616147],[121.55442395998217,18.036219727368653],[121.55446492248613,18.03640866558192],[121.55453506906052,18.03656619499212],[121.55461516820026,18.03666167444298],[121.55471781031525,18.03674376794018],[121.55483291383847,18.036818047777572],[121.5549512826751,18.03689009288459],[121.55506313040462,18.036965477801257],[121.55527195745093,18.03712969078153],[121.55547809156091,18.037298401576624],[121.55568543436881,18.0374637326007],[121.55589815500373,18.03762119684851],[121.55611955553158,18.037764041754652],[121.55648259809418,18.03794860700458],[121.55686597044013,18.03810169638437],[121.55726253326361,18.038230033704885],[121.55766452012854,18.038344856291996],[121.55806478260418,18.03845401754439],[121.55847308866731,18.038554201683247],[121.55888566552107,18.038637473795326],[121.55930126803388,18.038711731313754],[121.55971718451163,18.03878373122813],[121.56013187478621,18.038861368813304],[121.56063931282947,18.03896793430628],[121.56114642886612,18.039077884714466],[121.5616532504648,18.039187831639964],[121.56216130851662,18.03929100925284],[121.56267091648097,18.039385160797696],[121.5633294832214,18.03949284272161],[121.56399019042225,18.03959150205279],[121.56465277946744,18.039676618696124],[121.56531637386654,18.039747056582737],[121.5659809917635,18.039800556752027],[121.56665431647073,18.039836046598403],[121.5673295315101,18.039856864127493],[121.56800547432582,18.03986074162304],[121.56868095491802,18.03984879979509],[121.56935451552927,18.039818768773987],[121.57011513833025,18.03975436350536],[121.57087395003818,18.039658314718622],[121.5716317172277,18.039545312087665],[121.57238949278268,18.039431176944266],[121.57314863413436,18.0393306033281],[121.5742725066893,18.039207866315486],[121.5753977812735,18.039094169324937],[121.57562250386783,18.03907329374687],[121.57640952381529,18.03971295543975],[121.57720257997858,18.04052654590843],[121.58097777009128,18.041705564921568],[121.58383888037008,18.044144453528325],[121.58204516783803,18.044532611657385],[121.5801199813974,18.044576989838536],[121.57812579063848,18.04454497942159],[121.57814866075753,18.046785456100537],[121.5787154605681,18.04937414033397],[121.58428610282911,18.05355834272102],[121.58180899604385,18.05595136714231],[121.58161272650513,18.05600237693485],[121.5803751200024,18.055197244742804],[121.58038417893206,18.055059898511967],[121.5805469975081,18.054998424095416],[121.58105514071073,18.054953588743942],[121.58144126778555,18.054609161128283],[121.58177391488789,18.054430961140888],[121.58202012470852,18.05365577402638],[121.5819803555839,18.05353001715517],[121.58173164325343,18.053367425502092],[121.58161324476677,18.053450590807543],[121.58168493133398,18.053751920384872],[121.58163426416198,18.05384891863539],[121.58129089638646,18.05406368931124],[121.58116569438131,18.054020217937],[121.58095619789694,18.05351304603215],[121.58098218519167,18.053424012998395],[121.58149643143497,18.05303258711669],[121.5810422103212,18.052839687190087],[121.58054579578759,18.0535787775163],[121.5803012769509,18.053629647666476],[121.58016655369738,18.053076731262394],[121.57983550049197,18.052926904258296],[121.57887274627697,18.05323557477313],[121.57880037449699,18.053076886892796],[121.579745401453,18.052278809681773],[121.57901629639294,18.05249509837587],[121.57886790460745,18.052001681723755],[121.57818062950207,18.05276896672955],[121.57776637946853,18.052052899862566],[121.57748640439756,18.052042701062657],[121.57741210887895,18.052748370956873],[121.5772567197013,18.05279677947118],[121.57667661149922,18.052086497922048],[121.57661627989164,18.052187878456074],[121.57478349163577,18.055661346959624],[121.57321634948156,18.055492346951866],[121.57348627810326,18.055148907940303],[121.5738033401201,18.054379773406946],[121.57380327625648,18.053655738447514],[121.5736221129782,18.05302185943678],[121.57321496552412,18.052297078368273],[121.57271704144372,18.051664248372884],[121.57163077007081,18.05084973220716],[121.57024961566357,18.05032557959259],[121.56976638579236,18.050177423303253],[121.56752006012412,18.049938268058245],[121.56575586019807,18.050020065123885],[121.56532854538337,18.050039484278862],[121.56307405013533,18.050480197285793],[121.56041253333525,18.050295478559573],[121.55639206480933,18.04987580066083],[121.5547775956709,18.04883021316917],[121.55427722963013,18.04850568408678],[121.55240556274859,18.046571472387242],[121.55208167287398,18.04391013009774],[121.5522178554008,18.04238289389442],[121.55134780053577,18.040849250366183],[121.54946557062634,18.039820820477168],[121.54793129071388,18.039415098755697],[121.54615876092946,18.039122786162235],[121.54480539183376,18.038436018278354],[121.54439740933803,18.037867053719438]]],[[[121.57187223534096,18.056890868212125],[121.57226451228341,18.056596988294757],[121.57288134519345,18.055902828259345],[121.57337405782653,18.057460169844596],[121.57318899065254,18.057540202241157],[121.57187223534096,18.056890868212125]]]]}},{"type":"Feature","properties":{"id":"LAS-ERO-030","erosion_class":"none","erosion_label":"No apparent erosion","barangay":"Tagao","hectares":984.719690996,"data_source":"Soil erosion dataset (Lasam barangay clip)"},"geometry":{"type":"MultiPolygon","coordinates":[[[[121.56037696635423,18.012831603711586],[121.56570599500003,18.012154360000068],[121.56577402300002,18.012265679000052],[121.56587297300007,18.012327523000067],[121.56604613500008,18.012407920000044],[121.56623166600002,18.012376998000036],[121.56636153800002,18.01228423200007],[121.56652851600006,18.012203835000037],[121.56681918100003,18.012203835000037],[121.56701708100002,18.012197651000065],[121.56722116500009,18.012228573000073],[121.56736340600003,18.012339891000067],[121.56742524900005,18.012426473000062],[121.56738814300002,18.012543976000075],[121.56736959000011,18.01264292600007],[121.56733866800005,18.012748060000035],[121.56723353400002,18.012816088000022],[121.56705418700005,18.012890300000038],[121.56691194700011,18.012989250000032],[121.56685628700006,18.01315622800007],[121.56685628700006,18.013317022000024],[121.56691194700011,18.013397419000057],[121.56704800300008,18.013471631000073],[121.5671964280001,18.013465447000044],[121.56740051200006,18.01340360300003],[121.56751801500002,18.01336649700005],[121.56759841200005,18.013409787000057],[121.5677220990001,18.013490184000034],[121.5678952610001,18.01353965900006],[121.56827869200004,18.01352110600004],[121.56858172700004,18.013570581000067],[121.56880436400002,18.01371900600003],[121.5688971290001,18.013824140000054],[121.56895278900004,18.013978749000046],[121.5690950290001,18.01406533100004],[121.56921871700001,18.014189018000025],[121.56927437600007,18.014337443000045],[121.56933003500001,18.014467315000047],[121.56941661600001,18.014522974000045],[121.56951556600006,18.014553896000052],[121.56965780700011,18.014535343000034],[121.57017729400002,18.014510605000055],[121.5706844120001,18.01443639300004],[121.57104310600005,18.014615739000078],[121.57132140200008,18.01479508600005],[121.57143272100006,18.01495588000006],[121.57148219600003,18.01509812000006],[121.57148838000012,18.01525891400007],[121.57149456500008,18.015407339000035],[121.57139561500003,18.015549579000037],[121.5711853460001,18.015710373000047],[121.57103692100009,18.015809323000042],[121.57079573100009,18.015970116000062],[121.57062875300005,18.01601959100003],[121.5705112500001,18.01614327900006],[121.5704679590001,18.016285519000064],[121.57045559000005,18.01639683800005],[121.57054835600002,18.016464866000035],[121.5706844120001,18.016508157000032],[121.57084520600006,18.016532894000022],[121.57099981500005,18.016520525000033],[121.57130284900006,18.016613291000056],[121.57193983900004,18.01674934700003],[121.57229234800002,18.016978169000026],[121.57260775100008,18.01724409700006],[121.57287986300003,18.01741107500004],[121.57311486900005,18.017565684000033],[121.57345501000009,18.017720293000025],[121.5737580440001,18.017905824000024],[121.57420950300002,18.018196489000047],[121.5744135870001,18.01832636100005],[121.57453727400002,18.018400574000054],[121.57465477700009,18.01846860200004],[121.57479083400005,18.01846860200004],[121.57516189600005,18.018703608000067],[121.57536598000002,18.018889139000066],[121.57555769500004,18.019117961000063],[121.57579888600003,18.01956942000004],[121.57585454500008,18.01969929100005],[121.57596586400007,18.01975495100004],[121.57608336700002,18.019835347000026],[121.57618231700008,18.01986008500006],[121.57629982000003,18.01990956000003],[121.5763307420001,18.019977588000074],[121.57642350700007,18.02005798500005],[121.57658430100003,18.020138382000027],[121.57672035700011,18.02020641000007],[121.57683786000007,18.02020641000007],[121.57696773200007,18.020163119000074],[121.57698010000001,18.020039432000033],[121.57690588800006,18.019748766000077],[121.57685022900012,18.019649816000026],[121.5767883850001,18.01953849800003],[121.57678220100001,18.019420995000075],[121.5768316760001,18.01919217300002],[121.57679456900007,18.018981904000043],[121.57673272600005,18.01885821700006],[121.57664614400005,18.018740714000046],[121.57660285400004,18.018567552000036],[121.5765471950001,18.018505708000077],[121.5765286410001,18.018295439000042],[121.57644824500005,18.018010958000048],[121.57626889800008,18.01762752700006],[121.5761328420001,18.017299756000057],[121.57605244500007,18.017077119000078],[121.5760462610001,18.01691014100004],[121.57608955100011,18.016786453000066],[121.57621323900003,18.01673697800004],[121.57640083000001,18.016735808000078],[121.57681405800008,18.01684772400006],[121.57708093400004,18.017037120000055],[121.57711537000012,18.01722651700004],[121.57724450300009,18.017364259000033],[121.57738224600007,18.017433131000075],[121.57765773100004,18.017286779000074],[121.5777352120001,18.01710599200004],[121.577640513,18.016830507000066],[121.57750277100001,18.016666937000025],[121.57758025100009,18.01639145200005],[121.57772660300009,18.01623649100003],[121.578027915,18.016322581000054],[121.5786391480001,18.016890769000042],[121.57912985600001,18.01708016500004],[121.57950864800011,18.017243734000033],[121.57984439600011,18.017527829000073],[121.58027484100012,18.018121844000063],[121.58081720300004,18.018044364000048],[121.58104964400002,18.01794105700003],[121.58104964400002,18.01773444300005],[121.58086024800002,18.01744173900005],[121.58056754500001,18.01701990300006],[121.5802231880001,18.016563630000064],[121.58000796500005,18.016072922000035],[121.58019736100005,18.01553056000006],[121.58061058900012,18.015237857000045],[121.58088607400009,18.015263684000047],[121.58114434200002,18.015255075000027],[121.58171253000012,18.01530672900003],[121.58207773800007,18.015308419000064],[121.58260785700008,18.01518620400003],[121.58296943200003,18.01495376300005],[121.58329657100012,18.015108724000072],[121.58346874900008,18.015246466000065],[121.58354622900004,18.01554777800004],[121.58352901100011,18.01578882800004],[121.5833310060001,18.016055704000053],[121.58302108500004,18.016443105000064],[121.58290916900012,18.016658328000062],[121.58278003600003,18.017045729000074],[121.58241846100009,18.017545046000066],[121.5821860210001,18.017975492000062],[121.58219462900001,18.01831124000006],[121.58253898600003,18.018483418000073],[121.58283168900005,18.018690032000052],[121.58350318400005,18.01893108200005],[121.58401971900003,18.019327092000026],[121.58450181900002,18.019723102000057],[121.58508722500005,18.02024824600005],[121.58536271000003,18.020420424000065],[121.5856812400001,18.020325726000067],[121.58587924500011,18.020084676000067],[121.5858676470001,18.01929437700005],[121.58597238000004,18.019015100000047],[121.586189493,18.018740914000034],[121.58647903700012,18.01851725100005],[121.58679100000006,18.018377437000026],[121.58713619100001,18.017964427000038],[121.58722363600009,18.01757357300005],[121.58740713200007,18.017384882000044],[121.58771258700006,18.017357549000053],[121.58804602500004,18.017613159000064],[121.58822576663736,18.01777696336557],[121.58723259138382,18.021407558884665],[121.58713054775893,18.021780565070582],[121.58689086920624,18.02402447505061],[121.58649519939216,18.02429993464285],[121.58493778970981,18.028477912631235],[121.58482255385029,18.02841122962211],[121.58410027681859,18.028042231241344],[121.583363055735,18.027696841374865],[121.58261833241299,18.02736720754049],[121.58187328975355,18.02704095729389],[121.5810904530509,18.02671668627026],[121.58029770753602,18.02641380088737],[121.57950135977237,18.026118792778263],[121.57870862007148,18.02581590124033],[121.57792580445594,18.0254904886729],[121.57605597547334,18.02456971453675],[121.5742399609615,18.023529588445616],[121.5724471403561,18.02243427006876],[121.57064774942235,18.02135131277121],[121.5688108689343,18.020344871544406],[121.56789312129672,18.019921282562173],[121.566952664949,18.019532537090374],[121.56601758025543,18.01913704984872],[121.56511651095,18.01869662892399],[121.56427872802311,18.018168569442835],[121.56334767876413,18.017459088221695],[121.56241468650013,18.016662614046428],[121.56156758109111,18.01579448359219],[121.56089360906931,18.01486890098967],[121.56048059565668,18.013901204934644],[121.56040250706137,18.01344993862931],[121.56037735567635,18.012985511469715],[121.56037696635423,18.012831603711586]]],[[[121.57562250386783,18.03907329374687],[121.57652416289233,18.03898951017145],[121.57765078437322,18.038891623383865],[121.5787776821291,18.038795991063434],[121.57963237157499,18.0387062596693],[121.58048927156375,18.03859846797293],[121.5813454808616,18.038503092323253],[121.58219777651762,18.03845399543207],[121.58304297240316,18.038480522200985],[121.58372747714607,18.03855782751921],[121.58441347359773,18.038670157260203],[121.58509416426884,18.038818591240734],[121.58576125775612,18.039006457536864],[121.58629310626176,18.039194278567628],[121.58625861897482,18.03973241526051],[121.58708080721661,18.039697356258124],[121.58811569993401,18.0407963852766],[121.5881182462213,18.040902116519167],[121.58809042580418,18.041244165832584],[121.58803798194414,18.041564573934092],[121.58786287837253,18.042052388505905],[121.58757221482752,18.04251040013449],[121.58383888037008,18.044144453528325],[121.58097777009128,18.041705564921568],[121.57720257997858,18.04052654590843],[121.57640952381529,18.03971295543975],[121.57562250386783,18.03907329374687]]]]}},{"type":"Feature","properties":{"id":"LAS-ERO-031","erosion_class":"none","erosion_label":"No apparent erosion","barangay":"Calapangan Sur","hectares":329.725033115,"data_source":"Soil erosion dataset (Lasam barangay clip)"},"geometry":{"type":"MultiPolygon","coordinates":[[[[121.58493778970981,18.028477912631235],[121.58649519939216,18.02429993464285],[121.58689086920624,18.02402447505061],[121.58713054775893,18.021780565070582],[121.58723259138382,18.021407558884665],[121.58822576663736,18.01777696336557],[121.58833301800007,18.017874705000054],[121.58863839100002,18.018388306000077],[121.5887325430001,18.018936171000064],[121.58881441800008,18.019251691000022],[121.5890514670001,18.019299739000076],[121.58934943400004,18.01921648800004],[121.58953644000007,18.019038571000067],[121.58963035600004,18.01872122900005],[121.58972277400005,18.018560437000076],[121.59002646200008,18.018326554000055],[121.59028370400006,18.018178274000036],[121.59102924100011,18.017836671000055],[121.5914449070001,18.01761872700007],[121.59166706700012,18.017401346000042],[121.59200073700003,18.01721791400007],[121.59248967600001,18.016961258000038],[121.59284093800011,18.016867115000025],[121.59316927100008,18.016817047000075],[121.59348600200008,18.016783633000045],[121.59395131100007,18.01680557900005],[121.59439123800007,18.016805154000053],[121.594871839,18.016737952000028],[121.59542190000002,18.016564404000064],[121.59588316400004,18.01641354800006],[121.59655503800002,18.016079700000034],[121.5970532130001,18.01585175200006],[121.59737485900007,18.01576848900004],[121.59775447700008,18.01577406800004],[121.5980840950001,18.01579625100004],[121.59838112000011,18.015951404000077],[121.59863761000008,18.016151026000045],[121.59892346000004,18.016478282000037],[121.59919183400007,18.01672244200006],[121.59955138100008,18.01697716600006],[121.59986714500008,18.01704285900007],[121.60021121900002,18.01702583200006],[121.60041479900008,18.016860027000064],[121.60058493400004,18.016570870000066],[121.60099771300008,18.016039641000077],[121.60140565500001,18.01556828300005],[121.60168498304625,18.01539037525546],[121.60179611989628,18.015389059314835],[121.60154443599941,18.016700009170076],[121.60163668272054,18.01696459721896],[121.60069985623375,18.0247195915598],[121.59991778898376,18.025068436056007],[121.60025780249576,18.025812418278054],[121.59924332793229,18.026209021914482],[121.59776364168617,18.027534027738508],[121.59809768189358,18.028321600528198],[121.59755972468452,18.02876971466804],[121.59804761182922,18.029267528839505],[121.59824999194264,18.02935000944218],[121.59565554997117,18.03206667604513],[121.59558720801303,18.032128615071848],[121.59514804359753,18.033629847204878],[121.59470788419975,18.03479657652984],[121.59426379204353,18.035573049280945],[121.59367606954463,18.035144647059276],[121.59281057249993,18.03451710010931],[121.59194895474398,18.033885059670492],[121.59109122528257,18.033247396313218],[121.59023886893273,18.032602991364765],[121.58939248503584,18.03195071972075],[121.58862122818273,18.031317065620325],[121.58786760725135,18.030656428353026],[121.58711217599553,18.03000142296647],[121.58633672266859,18.029377895934548],[121.58552240897012,18.02881620703239],[121.58493778970981,18.028477912631235]]],[[[121.58625861897482,18.03973241526051],[121.58629310626176,18.039194278567628],[121.58640795653479,18.03923483616596],[121.58674381521116,18.039353634314452],[121.58709829710291,18.039469179345367],[121.5874378857806,18.039601558147154],[121.58772910991104,18.039765210440653],[121.58793816685458,18.03997909188308],[121.58805411711286,18.04024538194147],[121.5881100465651,18.040560933716062],[121.58811569993401,18.0407963852766],[121.58708080721661,18.039697356258124],[121.58625861897482,18.03973241526051]]]]}},{"type":"Feature","properties":{"id":"LAS-ERO-032","erosion_class":"none","erosion_label":"No apparent erosion","barangay":"Calapangan Norte","hectares":245.278527092,"data_source":"Soil erosion dataset (Lasam barangay clip)"},"geometry":{"type":"Polygon","coordinates":[[[121.59755972468452,18.02876971466804],[121.59809768189358,18.028321600528198],[121.59776364168617,18.027534027738508],[121.59924332793229,18.026209021914482],[121.60025780249576,18.025812418278054],[121.59991778898376,18.025068436056007],[121.60069985623375,18.0247195915598],[121.60163668272054,18.01696459721896],[121.60154443599941,18.016700009170076],[121.60179611989628,18.015389059314835],[121.60191646086294,18.01527461720082],[121.60211435021633,18.015093146952367],[121.60218730379023,18.015026245637568],[121.60221166887943,18.01500390276091],[121.60240144588047,18.014703108905557],[121.60250956969074,18.014465006693452],[121.60251604114309,18.014323438112672],[121.60258674500005,18.014063788000044],[121.60224895700003,18.01385436000004],[121.60196521600005,18.013597641000047],[121.60142475600003,18.01301664700003],[121.60089780800001,18.01239511800003],[121.60035059200004,18.01173981000005],[121.59979662100011,18.01106423500005],[121.59935074100008,18.01065889100005],[121.59885757200004,18.010253546000058],[121.59847925000008,18.009963049000078],[121.59825008796787,18.0095480796421],[121.59826637484804,18.009434502544117],[121.59839289248868,18.009193870955876],[121.59865646794208,18.0088830565785],[121.59895491704022,18.008672480602023],[121.59927018697081,18.008537364990747],[121.59938119105804,18.00854792129887],[121.59942610640194,18.008552192308738],[121.5996296708185,18.008570632258312],[121.59969129834789,18.00858771713672],[121.60001650682476,18.008702596041086],[121.60039267183504,18.00880301682178],[121.60058704300002,18.008868617000076],[121.60075661818473,18.008898656811386],[121.60116567647204,18.00900339426972],[121.60147141900913,18.009093631229156],[121.60187204736783,18.009193893587955],[121.60212507608716,18.009193892041594],[121.60242027626076,18.009193889332604],[121.60276819098236,18.009093621220014],[121.60308021774786,18.00944939523868],[121.60374758213707,18.00995712815213],[121.60441494667445,18.010634103310313],[121.60508231103314,18.011057211683436],[121.60548272968208,18.011861114067838],[121.60579416607432,18.012876564932682],[121.6070844040462,18.016219048782258],[121.608063204772,18.01816527583213],[121.60859709660598,18.019138381386046],[121.60935344247353,18.020407641183038],[121.61148900844043,18.023675943954284],[121.61326864691863,18.026595152922283],[121.6138679114721,18.027401444437213],[121.61234443570291,18.028497230980435],[121.61127990358843,18.029341580185584],[121.61110321004655,18.029437335229503],[121.6089085087924,18.030662780907388],[121.60870507404755,18.03111122701096],[121.60683061795335,18.03219464870809],[121.60541421278796,18.033013303426657],[121.6023583246954,18.035655565550126],[121.60133262273935,18.034180013125212],[121.60096271863033,18.033484499627384],[121.59824999194264,18.02935000944218],[121.59804761182922,18.029267528839505],[121.59755972468452,18.02876971466804]]]}},{"type":"Feature","properties":{"id":"LAS-ERO-033","erosion_class":"none","erosion_label":"No apparent erosion","barangay":"Aggunetan","hectares":312.726983901,"data_source":"Soil erosion dataset (Lasam barangay clip)"},"geometry":{"type":"Polygon","coordinates":[[[121.60229812750512,18.035717879409862],[121.6023583246954,18.035655565550126],[121.60541421278796,18.033013303426657],[121.60683061795335,18.03219464870809],[121.60870507404755,18.03111122701096],[121.6089085087924,18.030662780907388],[121.61110321004655,18.029437335229503],[121.61127990358843,18.029341580185584],[121.61234443570291,18.028497230980435],[121.6138679114721,18.027401444437213],[121.6174507967355,18.032221897846938],[121.61936390796744,18.034633304558355],[121.62087660038851,18.03615628135584],[121.6229676753892,18.03872627506666],[121.62336809421392,18.039276227832477],[121.62425791310415,18.041052985705523],[121.62496976830509,18.042110571619414],[121.62831720906262,18.046923928382487],[121.62291943679769,18.048741676936228],[121.62093841439012,18.048053483018524],[121.6209006169663,18.047821340358283],[121.61660951422894,18.049275896930386],[121.61657499186596,18.049558342535178],[121.61576609788398,18.048926374814506],[121.61465385128275,18.046517559650038],[121.6133850244708,18.044829708734245],[121.61314166049938,18.04427778815353],[121.61172432547727,18.0430149939454],[121.6088178931258,18.041353586529386],[121.60959188756384,18.040955923770255],[121.60928080794828,18.040318302249172],[121.60917674211277,18.04010499780308],[121.6089232444092,18.039585163345816],[121.60848786744606,18.03860959477261],[121.6081603077684,18.037875611570215],[121.60703057911591,18.038666853477956],[121.60459332334393,18.039831781422425],[121.60352540824726,18.038326134598748],[121.60301753634822,18.037401012846114],[121.60268112724209,18.036628531403906],[121.60229812750512,18.035717879409862]]]}},{"type":"Feature","properties":{"id":"LAS-ERO-034","erosion_class":"none","erosion_label":"No apparent erosion","barangay":"Cataliganan","hectares":303.565988837,"data_source":"Soil erosion dataset (Lasam barangay clip)"},"geometry":{"type":"MultiPolygon","coordinates":[[[[121.58383888037008,18.044144453528325],[121.58757221482752,18.04251040013449],[121.58756033947677,18.04252910598838],[121.58717120675743,18.042981469638445],[121.5867363223104,18.043396222924002],[121.58629621556513,18.043762366461515],[121.5857744089688,18.04408272943603],[121.58519095944824,18.04432244209101],[121.58457651784873,18.0445246510073],[121.58448961368691,18.04455410965355],[121.58383888037008,18.044144453528325]]],[[[121.59426379204353,18.035573049280945],[121.59470788419975,18.03479657652984],[121.59514804359753,18.033629847204878],[121.59558720801303,18.032128615071848],[121.59565554997117,18.03206667604513],[121.59824999194264,18.02935000944218],[121.60096271863033,18.033484499627384],[121.60133262273935,18.034180013125212],[121.6023583246954,18.035655565550126],[121.60229812750512,18.035717879409862],[121.60268112724209,18.036628531403906],[121.60301753634822,18.037401012846114],[121.60352540824726,18.038326134598748],[121.60459332334393,18.039831781422425],[121.60703057911591,18.038666853477956],[121.6081603077684,18.037875611570215],[121.60848786744606,18.03860959477261],[121.6089232444092,18.039585163345816],[121.60917674211277,18.04010499780308],[121.60928080794828,18.040318302249172],[121.60959188756384,18.040955923770255],[121.6088178931258,18.041353586529386],[121.61172432547727,18.0430149939454],[121.61314166049938,18.04427778815353],[121.61163991829721,18.0452238757178],[121.61118019969527,18.04482378112778],[121.61067278251294,18.044406718181115],[121.61013345283192,18.04399394282539],[121.60956940392316,18.043609227177797],[121.60898716515707,18.043248099780453],[121.60839326588325,18.042906089245903],[121.60779393137737,18.0425798516272],[121.60733382832198,18.042341590838884],[121.60686745671556,18.04211232028392],[121.6063956753565,18.0418954347643],[121.60591939639572,18.04168755215413],[121.60543948750234,18.04149093778111],[121.60504213204376,18.041344618205134],[121.60463966135079,18.04121068601332],[121.60423538463877,18.04108125819115],[121.60383291526655,18.040947324398754],[121.603434972224,18.04080099742255],[121.60308981243072,18.04066182831627],[121.60274677294284,18.040515896635117],[121.60240583595078,18.04036546136699],[121.60206610703291,18.040211645609457],[121.60172728210729,18.040055576722402],[121.60093584923015,18.03968613648137],[121.60014895462186,18.039303171429243],[121.59936985423228,18.038905575661907],[121.59860064120464,18.03848997579831],[121.59784458043565,18.038054136537024],[121.59698544831072,18.03751362817365],[121.5961457672231,18.036940500542148],[121.59531894516742,18.03634713107291],[121.59449781761208,18.03574363381389],[121.59426379204353,18.035573049280945]]]]}},{"type":"Feature","properties":{"id":"LAS-ERO-035","erosion_class":"none","erosion_label":"No apparent erosion","barangay":"Callao Sur","hectares":263.592657915,"data_source":"Soil erosion dataset (Lasam barangay clip)"},"geometry":{"type":"MultiPolygon","coordinates":[[[[121.61619744124764,18.05199262792468],[121.61681098689357,18.05161957773994],[121.61646665306051,18.050444719577083],[121.61657499186596,18.049558342535178],[121.61660951422894,18.049275896930386],[121.6209006169663,18.047821340358283],[121.62093841439012,18.048053483018524],[121.62291943679769,18.048741676936228],[121.62831720906262,18.046923928382487],[121.62885287671357,18.04769414377269],[121.62929013377605,18.049881312383334],[121.63009140972258,18.052881460426708],[121.6314878208922,18.05554469446308],[121.63399356247301,18.05990898033346],[121.63416494499454,18.060471666459282],[121.63406902947847,18.060485384466297],[121.63435600049183,18.061540953046084],[121.63338926030036,18.061470391551293],[121.63070408898587,18.06097373904229],[121.62991943574752,18.060852787697772],[121.62923922786237,18.061464861759028],[121.62843284404963,18.06207346091613],[121.62155554593565,18.066400009082592],[121.62125496009078,18.065183693325235],[121.62035114568523,18.061888937295226],[121.61997232332268,18.05994751038262],[121.6194531764686,18.059038687567778],[121.6193144301226,18.058891043466044],[121.61826100372627,18.057433208177237],[121.61733486841092,18.05499149410859],[121.61619744124764,18.05199262792468]]],[[[121.63141411108407,18.051376751220996],[121.63222179435964,18.0525380251447],[121.63320059539325,18.053849345090743],[121.63422388735275,18.056260455544614],[121.63475777896862,18.0574448484539],[121.63508985624826,18.0587708674744],[121.63460153197664,18.05821441687475],[121.63378308393992,18.057080198391624],[121.6329060335781,18.0558902137837],[121.63180291484309,18.05351032631135],[121.63146123069936,18.052038347053593],[121.63141411108407,18.051376751220996]]]]}},{"type":"Feature","properties":{"id":"LAS-ERO-036","erosion_class":"none","erosion_label":"No apparent erosion","barangay":"Callao Norte","hectares":418.866140641,"data_source":"Soil erosion dataset (Lasam barangay clip)"},"geometry":{"type":"Polygon","coordinates":[[[121.62119165985716,18.068933341639138],[121.62155554593565,18.066400009082592],[121.62843284404963,18.06207346091613],[121.62923922786237,18.061464861759028],[121.62991943574752,18.060852787697772],[121.63070408898587,18.06097373904229],[121.63338926030036,18.061470391551293],[121.63435600049183,18.061540953046084],[121.63406902947847,18.060485384466297],[121.63416494499454,18.060471666459282],[121.63468313816016,18.062172979152503],[121.63537403800461,18.064267551135952],[121.63634852192365,18.067720727740657],[121.63673196911925,18.07105790168827],[121.6371701007156,18.07484728528426],[121.63772138487496,18.07920337643323],[121.63905773249857,18.081921492649627],[121.64068735114768,18.084980536074333],[121.64185359147767,18.086907874360836],[121.64257885342474,18.087497199881124],[121.63917373742865,18.088716173908388],[121.63714398232801,18.08662698284432],[121.63536636169401,18.086628067509647],[121.63526261881407,18.086496908453242],[121.6351777698108,18.08648361471842],[121.63333900866812,18.08501093314564],[121.63366048556931,18.08424935058482],[121.63356943214113,18.083744450774265],[121.63196526616535,18.082603977748064],[121.63214139460364,18.082407268878512],[121.6321234938613,18.081796388701974],[121.63202071027176,18.081422620198325],[121.63152514416805,18.08106631031292],[121.63100443187192,18.08043265254736],[121.63052706482992,18.0807854796138],[121.63052705697339,18.080725108736974],[121.63053141292473,18.080689874838985],[121.63054518243652,18.080578492377608],[121.63056330656187,18.0804146262927],[121.63047257844221,18.080380139109327],[121.63023669129181,18.080345668099124],[121.62995545294436,18.08039744781033],[121.62969236413562,18.080475098143662],[121.62949255104293,18.08056630033179],[121.62946556647367,18.080578617876732],[121.62932040820134,18.080578634298405],[121.62924748641281,18.080467750444864],[121.62922966662187,18.08044065365139],[121.62913891577762,18.080233678611325],[121.62903004157258,18.080190568505724],[121.62886674434692,18.08023370967616],[121.62876396872946,18.08026861656571],[121.62873973607695,18.0802768464903],[121.62871253681092,18.08041484059526],[121.62868082500371,18.080425728306537],[121.62857669630012,18.08046147941774],[121.62850411620752,18.08045286335823],[121.62844060233195,18.080401124655616],[121.6284405990654,18.080378925665304],[121.62844059116902,18.080314880603897],[121.62847686689514,18.080202758276563],[121.628494999177,18.08010788773182],[121.62850406116797,18.080021642187123],[121.62845868680417,18.079926778481695],[121.62838609280514,18.07981466861845],[121.62836684579455,18.079767113910425],[121.62829534027482,18.07959044353675],[121.62824088991913,18.079469707154182],[121.62814108566964,18.07940934719266],[121.6280322112916,18.079366237467724],[121.62789612633867,18.079374878516404],[121.6278144893994,18.079487005350103],[121.6278145091679,18.07964224642725],[121.62776915400961,18.079693998354454],[121.6276965959252,18.079857870982817],[121.62762928039646,18.080092620354367],[121.62761498109059,18.080142487571695],[121.62750610740075,18.080108001932977],[121.62717039996087,18.079883805384828],[121.62697078237689,18.07969409092145],[121.62668045250263,18.07959063079422],[121.62657156439614,18.079444027452556],[121.62659874543463,18.079159417113583],[121.62656243887737,18.07903005401665],[121.62664800265377,18.078867325327852],[121.62666221132127,18.078840302604913],[121.62660775479164,18.078667819429747],[121.62655329554691,18.078478086533167],[121.62630832585963,18.078365995422],[121.62603615287593,18.078357402779762],[121.6259454322087,18.078383287081156],[121.62578212065185,18.078314309419294],[121.62559159090664,18.07824533571007],[121.62544645873656,18.07845234120567],[121.62549186880642,18.07882318986243],[121.62540118346581,18.07912505821691],[121.62524696578052,18.07922856936843],[121.62507458769196,18.0792113406054],[121.62490218872463,18.07903024636396],[121.62480951201726,18.079057072218703],[121.62469353163948,18.07909064214444],[121.62440320488906,18.079013055518846],[121.6242670844458,18.078745711592756],[121.62411824636283,18.07854139109881],[121.62410375201969,18.07852149343461],[121.62408439970883,18.078513319364536],[121.62394044021444,18.07845251605513],[121.6237136016289,18.07822830478549],[121.62370448850353,18.0779178224782],[121.62376796764218,18.07770220099154],[121.62386773096361,18.077443452366875],[121.62376791911021,18.07732272043582],[121.6234594279113,18.077089892444885],[121.62349567656688,18.076770777587914],[121.62365894587556,18.07651202103956],[121.62380408568794,18.076362012529994],[121.62390387514573,18.076310252903035],[121.6240036663051,18.076267118524054],[121.62413065313778,18.076060112144596],[121.62424856076893,18.07580135877853],[121.62446628126881,18.075663339637547],[121.6246023496715,18.075525328550935],[121.62484727770985,18.075318307957982],[121.62485633917748,18.075232060825634],[121.62538251193232,18.075025006850854],[121.62610827442899,18.07479205563904],[121.626151836696,18.07475581048426],[121.62632598857606,18.0746109121985],[121.62630782591046,18.07447291822838],[121.62618984849136,18.07418831672558],[121.62603560968049,18.074127960664104],[121.6259708605076,18.07409596258647],[121.62580878534402,18.074015865558838],[121.62592669741917,18.07379160849863],[121.62612627036157,18.07363634029842],[121.62664335261151,18.073291288866663],[121.6268882953039,18.073196388016832],[121.62725118175807,18.07311872307923],[121.62752361052041,18.07301509150911],[121.62761405995585,18.072980684766218],[121.62778640685138,18.072756419319838],[121.627813601119,18.072575295940737],[121.62771570388946,18.072439503169047],[121.62747786193545,18.07210959454733],[121.62713275404245,18.071198900387223],[121.62706923017384,18.07106953450095],[121.6270692154863,18.070957410856984],[121.62707826171427,18.07075041274224],[121.62647182367449,18.07105471200329],[121.62622846291548,18.070939539596203],[121.62529839079981,18.070126489080273],[121.62539883497439,18.069844384679268],[121.6241437799807,18.069350472833232],[121.62317762383596,18.068970158414206],[121.62316753922684,18.068818657232338],[121.62119165985716,18.068933341639138]]]}},{"type":"Feature","properties":{"id":"LAS-ERO-037","erosion_class":"none","erosion_label":"No apparent erosion","barangay":"Abariongan","hectares":1169.82746455,"data_source":"Soil erosion dataset (Lasam barangay clip)"},"geometry":{"type":"MultiPolygon","coordinates":[[[[121.5982292870001,18.009510413000044],[121.59826982200002,18.009125336000068],[121.59843196000008,18.008990221000033],[121.59874948000004,18.00876052500007],[121.59895491704022,18.008672480602023],[121.59865646794208,18.0088830565785],[121.59839289248868,18.009193870955876],[121.59826637484804,18.009434502544117],[121.59825008796787,18.0095480796421],[121.5982292870001,18.009510413000044]]],[[[121.59927018697081,18.008537364990747],[121.59936425300009,18.008497051000063],[121.59938028431735,18.008501495330524],[121.59938119105804,18.00854792129887],[121.59927018697081,18.008537364990747]]],[[[121.60168498304625,18.01539037525546],[121.60169046300007,18.015386885000055],[121.60218079600008,18.015014759000053],[121.6024627700001,18.014519069000073],[121.60251604114309,18.014323438112672],[121.60250956969074,18.014465006693452],[121.60240144588047,18.014703108905557],[121.60221166887943,18.01500390276091],[121.60218730379023,18.015026245637568],[121.60211435021633,18.015093146952367],[121.60191646086294,18.01527461720082],[121.60179611989628,18.015389059314835],[121.60168498304625,18.01539037525546]]]]}},{"type":"Feature","properties":{"id":"LAS-ERO-038","erosion_class":"unknown","erosion_label":"Unknown","barangay":"Ignacio B Jurado","hectares":691.580379179,"data_source":"Soil erosion dataset (Lasam barangay clip)"},"geometry":{"type":"MultiPolygon","coordinates":[[[[121.59555081257552,18.056993410469808],[121.5957563261983,18.05688323982772],[121.59624131376214,18.056815602646147],[121.59670502875213,18.05675006881443],[121.59816246403076,18.05683068082779],[121.59903327421372,18.05732496211719],[121.60134855964895,18.059502564951305],[121.60200149421071,18.059925224422766],[121.60302146611426,18.060002635139064],[121.60375197974068,18.059798949707563],[121.60463052566696,18.059317331718532],[121.60505766127304,18.059361080256227],[121.60535912895665,18.059392625169842],[121.60572122010204,18.059673108383596],[121.60573900855637,18.059712214810723],[121.60568545563648,18.05967293609846],[121.60546695851507,18.059661627639247],[121.60540257129477,18.059677008172617],[121.60516711068301,18.059733254171775],[121.60483952813988,18.059932896567293],[121.6047937237664,18.06004204179922],[121.60462157434179,18.060452247546575],[121.60434222673496,18.060796208960863],[121.60414723601409,18.060988460993777],[121.60399406781119,18.06116501429662],[121.60380375645755,18.061284197978043],[121.6033718068591,18.061375696434347],[121.60290206349498,18.06146072338896],[121.60281990077914,18.061475594910803],[121.60250721016953,18.061487762558322],[121.60185617786797,18.06123319015241],[121.60181030684463,18.0610242350669],[121.60190468538866,18.060721091989475],[121.60181660316945,18.060293899587737],[121.6001477261408,18.05859957351672],[121.59924869931369,18.057686818496776],[121.59896803975076,18.05748621693478],[121.59867937486624,18.05730297276698],[121.59843205144288,18.057192049017303],[121.59811799070208,18.05717364412977],[121.59788748172693,18.057177275790817],[121.59775036264341,18.05723126705238],[121.59747100690421,18.05734126337598],[121.5968170958981,18.057382440000456],[121.59601310820172,18.05713948276345],[121.59555081257552,18.056993410469808]]],[[[121.60598443989959,18.060251593607497],[121.60600793018494,18.060303207859008],[121.60631165185698,18.061335581990782],[121.60623563362098,18.061256697326286],[121.60603990497887,18.060873487731637],[121.60598443989959,18.060251593607497]]],[[[121.60666945628523,18.066953373477066],[121.60689322614589,18.065695497912404],[121.60668100227485,18.062846646707218],[121.60669093976614,18.062782555376984],[121.60670696309153,18.0626792192352],[121.6067885451725,18.062956507252746],[121.60692394371686,18.06428131760766],[121.60727999320366,18.065329849620912],[121.60778218777997,18.066378305202274],[121.60850558982258,18.067080452036866],[121.60995569945867,18.06806682815475],[121.6106799631287,18.068698941652986],[121.6114006427833,18.069750090759193],[121.61190422010023,18.070589580208292],[121.61233980603875,18.070801678394876],[121.6130679119228,18.070946974423666],[121.61416142644873,18.070954826320826],[121.61467048635392,18.071097414516686],[121.61488596250548,18.07151802469256],[121.61491063808536,18.0718006644572],[121.61443582703971,18.07134386729902],[121.61369932211143,18.071468898370828],[121.61342313254282,18.071919009041753],[121.61326649949474,18.072690201600167],[121.61292732257952,18.072958184397816],[121.61269447933896,18.073040269462844],[121.61269643208338,18.073022681904654],[121.61269663981989,18.072507607577716],[121.61200960788871,18.07190626606818],[121.61143296547746,18.0715764061354],[121.61144198014608,18.071123909715183],[121.61117392129341,18.06993755710164],[121.61099696650042,18.069847894539333],[121.6106528675641,18.069673540900386],[121.61010054496685,18.069773070842878],[121.60942123232574,18.06970837141618],[121.60913033961934,18.069703474392124],[121.60900457165351,18.069588262043613],[121.60771655602555,18.068300327672734],[121.60666945628523,18.066953373477066]]]]}},{"type":"Feature","properties":{"id":"LAS-ERO-039","erosion_class":"unknown","erosion_label":"Unknown","barangay":"Malinta","hectares":725.897682519,"data_source":"Soil erosion dataset (Lasam barangay clip)"},"geometry":{"type":"MultiPolygon","coordinates":[[[[121.62268343146803,18.083359328675954],[121.62322400246482,18.08304705600386],[121.62338411080528,18.08321846109988],[121.62372011148625,18.083557223140147],[121.62392186409788,18.083946832163914],[121.62308548484259,18.083668568184812],[121.62268343146803,18.083359328675954]]],[[[121.62583303614728,18.09036495825025],[121.62617655086724,18.089592529938717],[121.62673013217653,18.088888071522938],[121.62714662303013,18.08967478735193],[121.62715832717153,18.0896817626417],[121.62698999697572,18.089862637392457],[121.626836543936,18.09083748129927],[121.6270504533603,18.091465907373045],[121.6277038091654,18.0918195894908],[121.62864943157393,18.092105315204638],[121.6293210345079,18.09206978929344],[121.62889449925876,18.092854363872117],[121.6286663454827,18.092854331234687],[121.62807404976152,18.092811714283492],[121.62746433391152,18.09276897156693],[121.62652012246754,18.092339796468607],[121.62591891453502,18.091394594925934],[121.62583303614728,18.09036495825025]]]]}},{"type":"Feature","properties":{"id":"LAS-ERO-040","erosion_class":"unknown","erosion_label":"Unknown","barangay":"Nicolas Agatep","hectares":448.36497287,"data_source":"Soil erosion dataset (Lasam barangay clip)"},"geometry":{"type":"MultiPolygon","coordinates":[[[[121.61305434535947,18.077789135708755],[121.61309477788886,18.077811289032645],[121.61407539615024,18.078115939024205],[121.61436742797726,18.07846149553302],[121.61445290023937,18.079131524264405],[121.61473570460086,18.080451403794527],[121.6152622863864,18.08080669589216],[121.61589647332468,18.08082890247223],[121.61650656254088,18.080880547485616],[121.61703942116922,18.081194599814793],[121.6175323521027,18.081447861364246],[121.6177862946265,18.081567046654264],[121.61750468417583,18.08152204829786],[121.61613092841998,18.081435392409805],[121.61518651202293,18.081006165166134],[121.61424201011319,18.08006185722868],[121.61355518205589,18.078603191152418],[121.61305434535947,18.077789135708755]]],[[[121.6196615744868,18.081867958300247],[121.62047550798646,18.081841523938383],[121.62081824908246,18.0817504168258],[121.62164112506235,18.0815316772525],[121.62193124188519,18.08155539596556],[121.62226875745317,18.081954132343416],[121.6226141692808,18.082365500581645],[121.62305799779827,18.08286933742722],[121.62322400246482,18.08304705600386],[121.62268343146803,18.083359328675954],[121.62196929815974,18.082810045538842],[121.62085317715162,18.08220905587817],[121.6196615744868,18.081867958300247]]]]}},{"type":"Feature","properties":{"id":"LAS-ERO-041","erosion_class":"unknown","erosion_label":"Unknown","barangay":"Finugo Norte","hectares":168.53376398,"data_source":"Soil erosion dataset (Lasam barangay clip)"},"geometry":{"type":"Polygon","coordinates":[[[121.6122717987271,18.075986794990982],[121.61298912097156,18.076007463170306],[121.61346258872814,18.07608248186624],[121.61357372552399,18.07588843012818],[121.6136842241298,18.075968872963465],[121.6142618416809,18.076669954285826],[121.61447459279725,18.077438447631224],[121.61468516539563,18.078484795049377],[121.61497109825345,18.07918378097009],[121.6156951286945,18.079815877134077],[121.61634762383453,18.080308522998394],[121.61707547752998,18.08045380452996],[121.6197722591617,18.080543142480934],[121.6205730512941,18.080687803111516],[121.62122774333037,18.080901449147337],[121.62195234237697,18.081464624705273],[121.62383640566415,18.082940843612],[121.62499966100772,18.083368201126355],[121.62674712769702,18.083659645507876],[121.6272372891641,18.083799388267085],[121.62726140180125,18.083916490809518],[121.62732496322673,18.08433907185043],[121.6274066469392,18.084589164754856],[121.62754892329613,18.084579005030786],[121.62776953922646,18.08456325032639],[121.627787709457,18.084761605009156],[121.62774236641523,18.084908221601903],[121.62776054048857,18.08513244857824],[121.6279027003079,18.085405673692907],[121.62774467963877,18.08533216700244],[121.6276503776607,18.085313703353684],[121.62737857580451,18.08504219738371],[121.62548979571544,18.084354406716407],[121.6241159419071,18.08401139640837],[121.62392186409788,18.083946832163914],[121.62372011148625,18.083557223140147],[121.62338411080528,18.08321846109988],[121.62322400246482,18.08304705600386],[121.62305799779827,18.08286933742722],[121.6226141692808,18.082365500581645],[121.62226875745317,18.081954132343416],[121.62193124188519,18.08155539596556],[121.62164112506235,18.0815316772525],[121.62081824908246,18.0817504168258],[121.62047550798646,18.081841523938383],[121.6196615744868,18.081867958300247],[121.61965120103012,18.081864984394276],[121.6177862946265,18.081567046654264],[121.6175323521027,18.081447861364246],[121.61703942116922,18.081194599814793],[121.61650656254088,18.080880547485616],[121.61589647332468,18.08082890247223],[121.6152622863864,18.08080669589216],[121.61473570460086,18.080451403794527],[121.61445290023937,18.079131524264405],[121.61436742797726,18.07846149553302],[121.61407539615024,18.078115939024205],[121.61309477788886,18.077811289032645],[121.61305434535947,18.077789135708755],[121.61286833310795,18.077486777156608],[121.61235311657413,18.07628461954891],[121.6122717987271,18.075986794990982]]]}},{"type":"Feature","properties":{"id":"LAS-ERO-042","erosion_class":"unknown","erosion_label":"Unknown","barangay":"Centro 02","hectares":152.135298167,"data_source":"Soil erosion dataset (Lasam barangay clip)"},"geometry":{"type":"MultiPolygon","coordinates":[[[[121.59930576206598,18.059800470960127],[121.6001477261408,18.05859957351672],[121.60181660316945,18.060293899587737],[121.60190468538866,18.060721091989475],[121.60181030684463,18.0610242350669],[121.60185617786797,18.06123319015241],[121.60170642477475,18.061174629463146],[121.60081920069763,18.06099764315528],[121.599902629049,18.06016530198134],[121.59930576206598,18.059800470960127]]],[[[121.60250721016953,18.061487762558322],[121.60281990077914,18.061475594910803],[121.60290206349498,18.06146072338896],[121.6033718068591,18.061375696434347],[121.60380375645755,18.061284197978043],[121.60399406781119,18.06116501429662],[121.60414723601409,18.060988460993777],[121.60434222673496,18.060796208960863],[121.60462157434179,18.060452247546575],[121.6047937237664,18.06004204179922],[121.60483952813988,18.059932896567293],[121.60516711068301,18.059733254171775],[121.60540257129477,18.059677008172617],[121.60546695851507,18.059661627639247],[121.60568545563648,18.05967293609846],[121.60573900855637,18.059712214810723],[121.60598443335263,18.060251569309],[121.60598443989959,18.060251593607497],[121.60603990497887,18.060873487731637],[121.60623563362098,18.061256697326286],[121.60631165185698,18.061335581990782],[121.60670696309153,18.0626792192352],[121.60669093976614,18.062782555376984],[121.60668100227485,18.062846646707218],[121.60689322614589,18.065695497912404],[121.60666945628523,18.066953373477066],[121.60651473627225,18.066754340622538],[121.60557021783022,18.064779846384944],[121.60473695669278,18.063037709940097],[121.60462571920263,18.06280534857657],[121.60368127992153,18.06194684286071],[121.60250721016953,18.061487762558322]]],[[[121.60913033961934,18.069703474392124],[121.60942123232574,18.06970837141618],[121.61010054496685,18.069773070842878],[121.6106528675641,18.069673540900386],[121.61099696650042,18.069847894539333],[121.61117392129341,18.06993755710164],[121.61144198014608,18.071123909715183],[121.61143296547746,18.0715764061354],[121.61080776530873,18.07121876166772],[121.6100349108803,18.07053207988769],[121.60913033961934,18.069703474392124]]],[[[121.61209540034203,18.075340720618325],[121.61209556767581,18.074568108416145],[121.61261065120077,18.073794679131847],[121.61269447933896,18.073040269462844],[121.61292732257952,18.072958184397816],[121.61326649949474,18.072690201600167],[121.61342313254282,18.071919009041753],[121.61369932211143,18.071468898370828],[121.61443582703971,18.07134386729902],[121.61491063808536,18.0718006644572],[121.61495287820955,18.072284341810068],[121.61479993107773,18.073189146065207],[121.61443094551382,18.07374449732229],[121.61311153430894,18.074640924097967],[121.61296131630985,18.075196714015416],[121.6131044199696,18.075546773801246],[121.61357372552399,18.07588843012818],[121.61346258872814,18.07608248186624],[121.61298912097156,18.076007463170306],[121.6122717987271,18.075986794990982],[121.61209540034203,18.075340720618325]]]]}},{"type":"Feature","properties":{"id":"LAS-ERO-043","erosion_class":"unknown","erosion_label":"Unknown","barangay":"Centro 03","hectares":292.033673698,"data_source":"Soil erosion dataset (Lasam barangay clip)"},"geometry":{"type":"Polygon","coordinates":[[[121.58687907911907,18.0607480127938],[121.58773951397617,18.060414049446045],[121.58774719917693,18.06031733896683],[121.5884982738629,18.05994046868739],[121.58880278447631,18.05973728172623],[121.58909954894129,18.05976139326598],[121.59055922583049,18.05956308273546],[121.5925749916529,18.058525042317118],[121.59282844129883,18.058394731673665],[121.59432412827235,18.057638657909546],[121.59473139508319,18.0574326544763],[121.59555081257552,18.056993410469808],[121.59601310820172,18.05713948276345],[121.5968170958981,18.057382440000456],[121.59747100690421,18.05734126337598],[121.59775036264341,18.05723126705238],[121.59788748172693,18.057177275790817],[121.59811799070208,18.05717364412977],[121.59843205144288,18.057192049017303],[121.59867937486624,18.05730297276698],[121.59896803975076,18.05748621693478],[121.59924869931369,18.057686818496776],[121.6001477261408,18.05859957351672],[121.59930576206598,18.059800470960127],[121.59840278843693,18.05924852813806],[121.59706940618692,18.058748625921],[121.5957363468017,18.058915150109172],[121.59431967581871,18.059497859242445],[121.59429834030514,18.05950786991371],[121.59225194725482,18.060424843593058],[121.59190322217489,18.060581567871182],[121.5905701463379,18.06108127081671],[121.58923691575788,18.061081704350244],[121.58765364355023,18.06074821480188],[121.58687907911907,18.0607480127938]]]}},{"type":"Feature","properties":{"id":"LAS-ERO-044","erosion_class":"unknown","erosion_label":"Unknown","barangay":"Battalan","hectares":568.210164941,"data_source":"Soil erosion dataset (Lasam barangay clip)"},"geometry":{"type":"Polygon","coordinates":[[[121.54896230974255,18.06783695028257],[121.54991800038027,18.067547383616773],[121.55000182443112,18.067463086798053],[121.55125968007593,18.06726455457857],[121.55199210625108,18.068138651053804],[121.55380100515913,18.067009850064974],[121.55377631652088,18.06704769831508],[121.5532909921045,18.068233457370617],[121.55263345401204,18.068853159437968],[121.55174239920326,18.06907464310555],[121.55008155444112,18.069238385398908],[121.54953880373024,18.069212432814314],[121.54954365258992,18.06889207248396],[121.54897558922335,18.068534893204696],[121.54896230974255,18.06783695028257]]]}},{"type":"Feature","properties":{"id":"LAS-ERO-045","erosion_class":"unknown","erosion_label":"Unknown","barangay":"Alannay","hectares":658.569284321,"data_source":"Soil erosion dataset (Lasam barangay clip)"},"geometry":{"type":"Polygon","coordinates":[[[121.55044604822253,18.06111284847722],[121.55111083359202,18.060801755332168],[121.55191259786069,18.06080776741963],[121.55358648081604,18.061169333225614],[121.55532787633166,18.062157149886858],[121.55728916402651,18.06300879175118],[121.55881809752785,18.063229169387753],[121.55998445438087,18.063237868750285],[121.56100725202508,18.062966496953706],[121.56159397925333,18.062552940017806],[121.56284458297081,18.06116840456096],[121.56315807849909,18.060917721111345],[121.56498882235073,18.05999833434873],[121.56673863326024,18.059664557469233],[121.56832180554277,18.059164617126473],[121.57048818677423,18.05849841945762],[121.57240493254045,18.05799865309532],[121.57398790935078,18.05766583453607],[121.57482122485263,18.057748792142643],[121.57548795716782,18.057915233437623],[121.57615458093048,18.058498471763258],[121.57665448875989,18.0599152094834],[121.57722087880768,18.06139907873997],[121.57734721502388,18.061694819072972],[121.57770812591716,18.06211653609413],[121.57829089875163,18.062189728315282],[121.57923962769517,18.06205777552929],[121.57982546442965,18.061713055689562],[121.58071163776351,18.06032684501723],[121.58196208402478,18.058942173869735],[121.58284235267642,18.05825170576542],[121.58357429387921,18.057908044863417],[121.58444841002212,18.05798448312658],[121.58546557226236,18.058409864172923],[121.58720657319488,18.059468561271984],[121.58815250525487,18.059684442440176],[121.58880278447631,18.05973728172623],[121.5884982738629,18.05994046868739],[121.58774719917693,18.06031733896683],[121.58773951397617,18.060414049446045],[121.58687907911907,18.0607480127938],[121.58557056076981,18.060747657431584],[121.58382047938797,18.06074838963189],[121.58165402843535,18.0614983237652],[121.58048752140208,18.062831649336136],[121.57882109358277,18.063331076822195],[121.57740430828439,18.06333081273972],[121.57665440560379,18.0627480934822],[121.5763210515488,18.0615810818877],[121.57565465867225,18.059832160985046],[121.57490473147786,18.058998678207796],[121.57290466438408,18.05866538405023],[121.57098829280389,18.059081571986855],[121.56582191904032,18.060581713637863],[121.56390546439621,18.061331040803577],[121.56282213347728,18.062331657283934],[121.56165566683848,18.0634976890888],[121.56057249081653,18.064331121429397],[121.55882262565297,18.064664838201242],[121.55748947660817,18.064581465997062],[121.55615610003494,18.064164871383348],[121.5549895401104,18.06374725700504],[121.55432301278485,18.063664331579773],[121.55390638020127,18.063997812534982],[121.55395232710266,18.064595436077308],[121.55237693303373,18.063413962892497],[121.55087383710718,18.061513694389213],[121.55044604822253,18.06111284847722]]]}},{"type":"Feature","properties":{"id":"LAS-ERO-046","erosion_class":"unknown","erosion_label":"Unknown","barangay":"Nabannagan East","hectares":512.585689362,"data_source":"Soil erosion dataset (Lasam barangay clip)"},"geometry":{"type":"MultiPolygon","coordinates":[[[[121.53773826738168,18.065275197030466],[121.53791157075831,18.06534238390395],[121.53939032384818,18.065631436225647],[121.54169864394484,18.065923354983354],[121.54394716217517,18.066272401529385],[121.54548189347162,18.066900688173728],[121.54725370022578,18.067529617412987],[121.54883032455889,18.06787694163284],[121.54896230974255,18.06783695028257],[121.54897558922335,18.068534893204696],[121.54954365258992,18.06889207248396],[121.54953880373024,18.069212432814314],[121.54747538237953,18.069113752074887],[121.54569784541083,18.06910714959783],[121.54357368315729,18.06813669064149],[121.54180048782558,18.067677146289892],[121.5396807378622,18.067191105841125],[121.53962745360269,18.06709090079942],[121.53912055516419,18.0670626590662],[121.53880639260908,18.06699061986509],[121.53773826738168,18.065275197030466]]],[[[121.55000182443112,18.067463086798053],[121.55002725144135,18.067437510240573],[121.55035536659747,18.067027695902834],[121.5504646210434,18.0668093875553],[121.55063124888527,18.06629105520403],[121.55077830974341,18.065746596634245],[121.55071396276807,18.06470129992299],[121.55028819631418,18.063304266379824],[121.55000426219392,18.0623962532094],[121.55008232030004,18.061769950824633],[121.5503791307385,18.06114416057036],[121.55044604822253,18.06111284847722],[121.55087383710718,18.061513694389213],[121.55237693303373,18.063413962892497],[121.55395232710266,18.064595436077308],[121.55398962969552,18.06508052544595],[121.55394494186045,18.066789169283737],[121.55380100515913,18.067009850064974],[121.55199210625108,18.068138651053804],[121.55125968007593,18.06726455457857],[121.55000182443112,18.067463086798053]]]]}},{"type":"Feature","properties":{"id":"LAS-ERO-047","erosion_class":"unknown","erosion_label":"Unknown","barangay":"Nabannagan West","hectares":766.603378245,"data_source":"Soil erosion dataset (Lasam barangay clip)"},"geometry":{"type":"MultiPolygon","coordinates":[[[[121.52179609012961,18.055233198364864],[121.52201704273025,18.05498962060592],[121.52227066453588,18.05461213638758],[121.52209210799566,18.054398042766664],[121.52189327804908,18.0540391632253],[121.52220613931694,18.05392933904039],[121.5222356521631,18.05379178884758],[121.52222638148054,18.05376075570538],[121.52580585562896,18.05465998763358],[121.52893366200165,18.05603134394192],[121.53070388385164,18.05682983116803],[121.53294509470616,18.057970736801053],[121.53447442817256,18.05916495418325],[121.53505945636347,18.059958927816286],[121.53523189420598,18.060524996766397],[121.53545252755532,18.06222208317642],[121.53579664693616,18.06341069085298],[121.53608389612064,18.064372962500133],[121.53702608238389,18.064999080329265],[121.53773826738168,18.065275197030466],[121.53880639260908,18.06699061986509],[121.53878483513725,18.06698567266849],[121.53618322235789,18.066352638815502],[121.53447468960451,18.0653276291216],[121.53347751563494,18.064249273178753],[121.5326009100289,18.062944795008157],[121.53196476690529,18.0613032848467],[121.53173906006478,18.060114442549295],[121.53127395871785,18.059207289971326],[121.53027295991576,18.058524223532412],[121.52867778421331,18.05800944476378],[121.52690633459889,18.057322751953777],[121.52572547168997,18.056865325478743],[121.52407318427136,18.056123041365215],[121.52195274018388,18.055677274864916],[121.52208455910925,18.05559070799327],[121.52179609012961,18.055233198364864]]],[[[121.53912055516419,18.0670626590662],[121.53962745360269,18.06709090079942],[121.5396807378622,18.067191105841125],[121.53912055516419,18.0670626590662]]]]}},{"type":"Feature","properties":{"id":"LAS-ERO-048","erosion_class":"unknown","erosion_label":"Unknown","barangay":"Minanga Sur","hectares":288.239644794,"data_source":"Soil erosion dataset (Lasam barangay clip)"},"geometry":{"type":"MultiPolygon","coordinates":[[[[121.62673013217653,18.088888071522938],[121.62712103686175,18.088390629001555],[121.62797965522499,18.087445650784556],[121.62832293567949,18.086587369545214],[121.62806534868024,18.085728204524443],[121.6276503776607,18.085313703353684],[121.62774467963877,18.08533216700244],[121.6279027003079,18.085405673692907],[121.62776054048857,18.08513244857824],[121.62774236641523,18.084908221601903],[121.627787709457,18.084761605009156],[121.62776953922646,18.08456325032639],[121.62754892329613,18.084579005030786],[121.6274066469392,18.084589164754856],[121.62732496322673,18.08433907185043],[121.62726140180125,18.083916490809518],[121.6272372891641,18.083799388267085],[121.62900238435758,18.084302586597218],[121.62980049410756,18.08479622454681],[121.63001519178884,18.085285717916356],[121.63000870336073,18.08612154438747],[121.6298568940124,18.08688743582242],[121.62926889811101,18.08751016333403],[121.62750483075426,18.08930942989795],[121.62715832717153,18.0896817626417],[121.62714662303013,18.08967478735193],[121.62673013217653,18.088888071522938]]],[[[121.62889449925876,18.092854363872117],[121.6293210345079,18.09206978929344],[121.629816558147,18.092043577069493],[121.63157144278262,18.091429130750523],[121.63303430311711,18.090812598471476],[121.63383761176148,18.090678224216227],[121.63456498487636,18.090893472234548],[121.63499957523445,18.09124445214979],[121.63528644475225,18.091873387126945],[121.63556061505558,18.09410620538369],[121.63605952537888,18.095572512928303],[121.6366381231144,18.09620463889936],[121.63765457181648,18.096768694843234],[121.63860131230312,18.0969154462055],[121.63976901185384,18.096783620836323],[121.64035539545176,18.096369818769045],[121.64094261124102,18.095885987848806],[121.64181963725908,18.09561429445899],[121.64259247012386,18.09554166253578],[121.64262862410159,18.095844416743976],[121.64239888264622,18.097159927847965],[121.64128798646921,18.09731844517499],[121.64017173295466,18.09774771668481],[121.6392271809843,18.098005370514464],[121.63785356197343,18.09791999178434],[121.6365656532334,18.097404847521762],[121.63579295247541,18.096632412465414],[121.63519175388663,18.09594477577456],[121.63450499018597,18.094486172935817],[121.63407573425,18.09302600325054],[121.63356054780029,18.092596510694015],[121.63278772735974,18.092339142795534],[121.63141415227624,18.092597106655933],[121.63012620918926,18.09285453912502],[121.62889449925876,18.092854363872117]]],[[[121.64257885342474,18.087497199881124],[121.64333496242301,18.08722651686575],[121.64334453357321,18.087432710658888],[121.64342498756591,18.088184732607726],[121.64257885342474,18.087497199881124]]]]}},{"type":"Feature","properties":{"id":"LAS-ERO-049","erosion_class":"unknown","erosion_label":"Unknown","barangay":"Minanga Norte","hectares":416.253617144,"data_source":"Soil erosion dataset (Lasam barangay clip)"},"geometry":{"type":"Polygon","coordinates":[[[121.64239888264622,18.097159927847965],[121.64262862410159,18.095844416743976],[121.64259247012386,18.09554166253578],[121.64320612219261,18.095483988266782],[121.64523423574465,18.09569883822052],[121.64525764473916,18.095764112941964],[121.64581577111781,18.097209320874274],[121.64568131930302,18.097200247882174],[121.644893895106,18.097147274545232],[121.64370018495003,18.09709031135178],[121.64309093325606,18.097061174990348],[121.64239888264622,18.097159927847965]]]}},{"type":"Feature","properties":{"id":"LAS-ERO-050","erosion_class":"unknown","erosion_label":"Unknown","barangay":"Sicalao","hectares":2294.93892124,"data_source":"Soil erosion dataset (Lasam barangay clip)"},"geometry":{"type":"Polygon","coordinates":[[[121.46151269535233,18.003018617979436],[121.46152614252746,18.00160459329948],[121.46163564998804,18.00067679666235],[121.46440271627338,17.999879292633594],[121.46408217347846,18.000879407203392],[121.46452678523204,18.003994702342226],[121.46593978400169,18.00501905993651],[121.46700042150702,18.00570289892621],[121.4673346871198,18.00796793298226],[121.46720587483235,18.00904219723159],[121.46683704944492,18.01039806528353],[121.46641291149062,18.011358169285053],[121.46652410436319,18.01215082884813],[121.46734750734083,18.012833918823528],[121.46823219596823,18.01329046114146],[121.46983018881703,18.01357982528274],[121.47089333759284,18.013980161989686],[121.47137844741818,18.01419553719318],[121.47042499614606,18.01560278274977],[121.47277150596749,18.015508233104402],[121.4727757287777,18.01551645921241],[121.47265015557393,18.01625190334231],[121.47228535972111,18.017211359592256],[121.47198280045045,18.017832455891853],[121.47215431313433,18.018512639782852],[121.47268468247613,18.018854546382627],[121.47374708806679,18.019311338961714],[121.47433629619591,18.019710180433886],[121.47491829206872,18.02084426909714],[121.47425688632772,18.02180252065811],[121.47336491729253,18.022081250083758],[121.4728266246943,18.022588666719965],[121.47317035221675,18.023834959303212],[121.4735751700853,18.024911178778538],[121.474149468262,18.026836989343376],[121.47484613197305,18.02836730859219],[121.4759614792239,18.02950446991483],[121.47649510827958,18.029506414140926],[121.47720689633455,18.029453284288653],[121.47886602199686,18.029517164769793],[121.47969326099093,18.029802654818226],[121.48022143483924,18.030371556449314],[121.48050639694128,18.031559773177626],[121.48019916872977,18.03269025082746],[121.47929702834897,18.03404421050068],[121.47885381637592,18.036983077484006],[121.47931772387618,18.038059752703074],[121.48013457763766,18.039421577081605],[121.48083473914993,18.04055545191413],[121.4817717326164,18.041747659693307],[121.48229820740416,18.042484840352106],[121.48264747367793,18.043165283423654],[121.48308262276966,18.043808579215806],[121.4826115428318,18.043950496342195],[121.48167170969431,18.044295423308206],[121.48116541876644,18.043159293172213],[121.48063895687146,18.042420980253326],[121.47958457070564,18.041116023566058],[121.47846863606414,18.040036477919184],[121.47782578029334,18.039071342369585],[121.4771864274308,18.037768511889915],[121.47666691599649,18.036294939671794],[121.47667958973489,18.034993854483186],[121.47728190450378,18.03397865798651],[121.4776539340266,18.032282816223876],[121.47671107008637,18.031712901603445],[121.47641570999733,18.031598754791574],[121.47540806773588,18.031594203968826],[121.47499307947145,18.031593191705053],[121.47381019695842,18.03130487587725],[121.47280900304042,18.03062153315102],[121.47228504718335,18.029600846272984],[121.47212300059725,18.027959532967024],[121.47178249403349,18.026374414479246],[121.47079326226832,18.024446449397267],[121.47015518495401,18.022973056492386],[121.47034380427013,18.021842788944916],[121.47094269083941,18.02122290827058],[121.47142019270252,18.02088557130476],[121.47166119658964,18.02048989054707],[121.47184160077431,18.020207810477224],[121.47089431971912,18.02009076705492],[121.47047936898487,18.020088617704893],[121.4697690821452,18.01997231214594],[121.46894611631403,18.019233888076972],[121.46866047283746,18.018100999504334],[121.46914393657649,18.0171413606556],[121.46956934720978,18.016068311198136],[121.4692216415386,18.01521843701742],[121.46874914375809,18.01504640470274],[121.46797858448453,18.015042567131637],[121.46762266867614,18.01504087963317],[121.46714742602471,18.01515232606966],[121.46655579717938,18.01503694964738],[121.46502457396406,18.0139551796596],[121.4643305007079,18.012141348939977],[121.46434422721786,18.01072732604115],[121.46482494965683,18.010050050439286],[121.46507290734607,18.008919128915025],[121.46496770031834,18.00750416241305],[121.46456247827868,18.006484401056085],[121.46373911450152,18.00580130183565],[121.46297329794693,18.00528921043996],[121.46209259107981,18.004379750253378],[121.46151269535233,18.003018617979436]]]}},{"type":"Feature","properties":{"id":"LAS-ERO-051","erosion_class":"unknown","erosion_label":"Unknown","barangay":"Peru","hectares":2151.79069799,"data_source":"Soil erosion dataset (Lasam barangay clip)"},"geometry":{"type":"Polygon","coordinates":[[[121.48167170969431,18.044295423308206],[121.4826115428318,18.043950496342195],[121.48308262276966,18.043808579215806],[121.4838749325092,18.044979859226256],[121.48475583774238,18.045832764053344],[121.4859348648162,18.046516316199853],[121.48959259103941,18.048341974647652],[121.4906544415981,18.048855158597892],[121.49236816000983,18.04942876896445],[121.49354201842637,18.050621645042547],[121.49507063988193,18.05192796962969],[121.49642475241396,18.05289520295105],[121.49843239442,18.053695822044805],[121.50032581484791,18.054043731366985],[121.50311153805457,18.054055166159877],[121.50404971035435,18.055134337030537],[121.50558477144864,18.055762928795343],[121.50664814948422,18.05610661551116],[121.50818591717783,18.05645170111902],[121.50907284046691,18.056682190767358],[121.51013967826748,18.056687031912105],[121.5113876825156,18.056352150110932],[121.51353329808062,18.05511716784909],[121.51496527040983,18.05410596793551],[121.51591954044862,18.05348754796999],[121.51871106837298,18.05287756755851],[121.52222638148054,18.05376075570538],[121.5222356521631,18.05379178884758],[121.52220613931694,18.05392933904039],[121.52189327804908,18.0540391632253],[121.52209210799566,18.054398042766664],[121.52227066453588,18.05461213638758],[121.52201704273025,18.05498962060592],[121.52179609012961,18.055233198364864],[121.52208455910925,18.05559070799327],[121.52195274018388,18.055677274864916],[121.52105674416259,18.055488906436896],[121.51904612291649,18.055027346914194],[121.51779813880403,18.055362279982504],[121.51613178983165,18.05609045196947],[121.5148820850576,18.05659364977935],[121.51368979793475,18.057324313079256],[121.51201997302144,18.058391274381844],[121.51053396441773,18.058837275734096],[121.50857892122548,18.058716018193692],[121.50621432011046,18.058083294705646],[121.50420610069912,18.057340351855682],[121.5023180191358,18.056426635046268],[121.50048611159384,18.055853319078647],[121.49870863320054,18.055789817526705],[121.49652074535229,18.055214828314597],[121.49433905889096,18.054017505536006],[121.49293083723138,18.05254155821728],[121.4917561946965,18.051405147232778],[121.48975006054074,18.05043504830257],[121.48744884753623,18.049350799900704],[121.48556288202921,18.04821104575033],[121.48379656758308,18.046959262995166],[121.48244722956542,18.045483709607772],[121.48174578551281,18.04446164980472],[121.48167170969431,18.044295423308206]]]}},{"type":"Feature","properties":{"id":"LAS-ERO-052","erosion_class":"unknown","erosion_label":"Unknown","barangay":"Callao Sur","hectares":263.592657915,"data_source":"Soil erosion dataset (Lasam barangay clip)"},"geometry":{"type":"Polygon","coordinates":[[[121.62885287671357,18.04769414377269],[121.63141411108407,18.051376751220996],[121.63146123069936,18.052038347053593],[121.63180291484309,18.05351032631135],[121.6329060335781,18.0558902137837],[121.63378308393992,18.057080198391624],[121.63460153197664,18.05821441687475],[121.63508985624826,18.0587708674744],[121.63520268833125,18.05922142301602],[121.63542065805768,18.06029212492987],[121.63416494499454,18.060471666459282],[121.63399356247301,18.05990898033346],[121.6314878208922,18.05554469446308],[121.63009140972258,18.052881460426708],[121.62929013377605,18.049881312383334],[121.62885287671357,18.04769414377269]]]}},{"type":"Feature","properties":{"id":"LAS-ERO-053","erosion_class":"unknown","erosion_label":"Unknown","barangay":"Callao Norte","hectares":418.866140641,"data_source":"Soil erosion dataset (Lasam barangay clip)"},"geometry":{"type":"Polygon","coordinates":[[[121.63416494499454,18.060471666459282],[121.63542065805768,18.06029212492987],[121.63546963409007,18.060532692838883],[121.63582556211342,18.061378668112827],[121.63738274528899,18.065460441416416],[121.63920687453695,18.06808287806336],[121.64036363939978,18.070197717688753],[121.64129794968697,18.072608603664982],[121.64183184082475,18.07353911250627],[121.64209878684889,18.074807979948215],[121.64249920528526,18.077176507688463],[121.6425436964964,18.078699115785557],[121.64321106071424,18.084556804993696],[121.64333496242301,18.08722651686575],[121.64257885342474,18.087497199881124],[121.64185359147767,18.086907874360836],[121.64068735114768,18.084980536074333],[121.63905773249857,18.081921492649627],[121.63772138487496,18.07920337643323],[121.6371701007156,18.07484728528426],[121.63673196911925,18.07105790168827],[121.63634852192365,18.067720727740657],[121.63537403800461,18.064267551135952],[121.63468313816016,18.062172979152503],[121.63416494499454,18.060471666459282]]]}},{"type":"Feature","properties":{"id":"LAS-ERO-054","erosion_class":"slight","erosion_label":"Slight erosion","barangay":"Ignacio B Jurado","hectares":691.580379179,"data_source":"Soil erosion dataset (Lasam barangay clip)"},"geometry":{"type":"MultiPolygon","coordinates":[[[[121.58054855679315,18.04772899808042],[121.58056418366893,18.047473836259826],[121.5806072714136,18.047217746536763],[121.58067304263288,18.04696747106141],[121.58075700609342,18.046730883627934],[121.58106519330092,18.04628923586576],[121.58155468408106,18.045914431431186],[121.58215273171183,18.04558560358668],[121.58278598146357,18.04528414086135],[121.583381678241,18.044990307539717],[121.58396321048136,18.044732513906055],[121.58448961368691,18.04455410965355],[121.58548478051081,18.045180603563004],[121.58766925400738,18.04521992171445],[121.58774879994509,18.04561835135407],[121.58960337667992,18.046726377156116],[121.59168667694262,18.047008823606266],[121.5934697691946,18.047309771502807],[121.59346833213795,18.0474904886467],[121.59644052816061,18.05013393999713],[121.59604900930373,18.05123817912082],[121.5967530026602,18.051080539504362],[121.59744846117142,18.051365460239825],[121.59871411066744,18.0488681959857],[121.59915314408714,18.0492223990971],[121.60088298227834,18.04801546915121],[121.60131563635885,18.048377194744837],[121.60418842193384,18.047935694208444],[121.60511939724366,18.048020384650123],[121.6050403395076,18.046847034567797],[121.60680315214597,18.047269725884778],[121.60799999192577,18.046041676493576],[121.61055600153878,18.045906726009243],[121.61163991829721,18.0452238757178],[121.61168273682725,18.045261139811256],[121.61215970463813,18.045722034406868],[121.61259038706714,18.046213093747827],[121.61295378150334,18.04673981520135],[121.61323674287962,18.04724675660553],[121.61349521717759,18.04778966779169],[121.61370395981001,18.048350294905237],[121.61383740401835,18.04891377050473],[121.61386913251368,18.04946070280687],[121.6138170356033,18.049892948819444],[121.61370910301594,18.050330442066127],[121.6135539922943,18.050760819429865],[121.61335977073844,18.051171713557316],[121.61313480099949,18.05155075923075],[121.61278677282445,18.051961678354235],[121.6123568093,18.052317789802036],[121.61188014752929,18.05264306677899],[121.61139114794825,18.052960346928593],[121.61092476135872,18.0532924724712],[121.61064854563799,18.053542377198994],[121.61036996982237,18.053829539768483],[121.61009242962999,18.054097506916364],[121.60981841782312,18.054292078037292],[121.6095513042258,18.05436018842794],[121.60938510623691,18.054321717185264],[121.60922187606515,18.054243732812367],[121.60905936972286,18.054148810226902],[121.60889501240297,18.05406404016447],[121.6087265332904,18.054015385982684],[121.60838918788687,18.054042325194864],[121.60802498481132,18.05418089603622],[121.60765723329632,18.05439512058944],[121.60730775805318,18.054650139986734],[121.60699985129773,18.05491223567428],[121.60668357418083,18.055262375493044],[121.6064187521993,18.055676140722134],[121.606191125411,18.056127449017286],[121.60598669352939,18.05659473802539],[121.60579116997245,18.057055313706346],[121.60558764041886,18.05755762471654],[121.60540762781562,18.058072530236704],[121.60524969194769,18.058595501739713],[121.60511149808453,18.059123133779117],[121.60505766127304,18.059361080256227],[121.60463052566696,18.059317331718532],[121.60375197974068,18.059798949707563],[121.60302146611426,18.060002635139064],[121.60200149421071,18.059925224422766],[121.60134855964895,18.059502564951305],[121.59903327421372,18.05732496211719],[121.59816246403076,18.05683068082779],[121.59670502875213,18.05675006881443],[121.59624131376214,18.056815602646147],[121.5957563261983,18.05688323982772],[121.59555081257552,18.056993410469808],[121.59552920153048,18.056986588036004],[121.59531778182719,18.05691978762199],[121.59460909598151,18.056780850389302],[121.59407200867504,18.05657221570253],[121.59380534992633,18.056557716376187],[121.59356529355969,18.05654466367745],[121.5924455565647,18.057034795249436],[121.59235677227676,18.056715049381264],[121.59222766063057,18.056357172140125],[121.59207213295021,18.05601717508105],[121.5918521376018,18.055654117182197],[121.5915876927062,18.05531219645559],[121.59129301284686,18.054985868633846],[121.5909825807006,18.054672980102602],[121.5906709058483,18.05436798888628],[121.59034305042192,18.054056101912398],[121.59000362055357,18.053752036806227],[121.58965197182427,18.05346256607711],[121.58928806817185,18.05319220757545],[121.58891188250531,18.052944349667168],[121.58844420654802,18.052693563728905],[121.58795229679055,18.052483263272496],[121.58744633385842,18.05229544980177],[121.58693798348547,18.05211100624436],[121.58643801695843,18.051911938660396],[121.58604701894293,18.051745294385185],[121.58565543133386,18.051578645046227],[121.585265338529,18.051409746811146],[121.58487765321951,18.05123521774165],[121.58449476406264,18.051051686718466],[121.58403221440678,18.050825778246573],[121.58356851238472,18.050596471659585],[121.58311258603352,18.050354796060194],[121.58267337247352,18.0500906511601],[121.58226009498311,18.049795068392218],[121.58184613260035,18.04947462985279],[121.58141319309668,18.04912807174662],[121.58101762975153,18.04875919631726],[121.5807160814145,18.04837293786128],[121.58056489116098,18.047974228723007],[121.58054855679315,18.04772899808042]]],[[[121.60185617786797,18.06123319015241],[121.60250721016953,18.061487762558322],[121.60239348543102,18.061492194123897],[121.6020850747719,18.061422234656728],[121.60207350382571,18.061419609884755],[121.60185869982392,18.061244702866095],[121.60185617786797,18.06123319015241]]]]}},{"type":"Feature","properties":{"id":"LAS-ERO-055","erosion_class":"slight","erosion_label":"Slight erosion","barangay":"Malinta","hectares":725.897682519,"data_source":"Soil erosion dataset (Lasam barangay clip)"},"geometry":{"type":"MultiPolygon","coordinates":[[[[121.60010562069112,18.105011920358425],[121.60104439679864,18.104177629060494],[121.60167169629196,18.104059449847977],[121.60169023607529,18.10360364735623],[121.60471955868194,18.10091133267788],[121.60795047943074,18.098649612841594],[121.60956592171571,18.099296074488056],[121.60988911527512,18.100588348804347],[121.61021205555383,18.102849773073245],[121.61043424524189,18.10462729986543],[121.60500245600008,18.104627024000024],[121.60010562069112,18.105011920358425]]],[[[121.61631381939763,18.104627598472582],[121.61731976582017,18.10349615479883],[121.6199046556577,18.10091106033046],[121.62248937868029,18.10026536744318],[121.62378168813686,18.10123471633487],[121.62517311785203,18.102347110619764],[121.62517193585003,18.103712606970436],[121.62489875644012,18.104571502112854],[121.62494364778789,18.10468527370791],[121.62215244400011,18.10462789500002],[121.61631381939763,18.104627598472582]]],[[[121.62507391988552,18.095095772392007],[121.62572016857834,18.094126702290342],[121.62733565502872,18.094126911234625],[121.62798938541438,18.094519213814493],[121.6266361028893,18.097008342021],[121.62759995385768,18.097125710620166],[121.62764999170894,18.099330565395487],[121.62654809130261,18.099659040599402],[121.62539705197631,18.09735718492811],[121.62507391988552,18.095095772392007]]]]}},{"type":"Feature","properties":{"id":"LAS-ERO-056","erosion_class":"slight","erosion_label":"Slight erosion","barangay":"Centro 01","hectares":415.260781034,"data_source":"Soil erosion dataset (Lasam barangay clip)"},"geometry":{"type":"Polygon","coordinates":[[[121.56939692279295,18.081041755424152],[121.57044073923676,18.080573132317152],[121.57156806874356,18.08063046090883],[121.57160386861715,18.080517432601727],[121.57289552396635,18.080693758508005],[121.57353077210625,18.08120759921281],[121.57457394431056,18.08172150666641],[121.57595832553618,18.081969453364774],[121.57622570057043,18.081830273898447],[121.57802274054622,18.0793584524451],[121.57895345869652,18.078598488387097],[121.57847974935694,18.078465992309127],[121.57913121985324,18.076233009037274],[121.57995203203191,18.0743471055948],[121.58082776993746,18.073677787212443],[121.58089294895338,18.073718502358947],[121.58204261833329,18.072490396374626],[121.58246993734107,18.072052210270083],[121.58368906006984,18.070808627492656],[121.59105574474503,18.068546419871616],[121.59652506099117,18.064444870406827],[121.59658423383773,18.06436048678216],[121.59671243980335,18.06400420137215],[121.59694912905547,18.0633478847337],[121.59707733470367,18.063141613666026],[121.59729429925083,18.062822829950463],[121.59743236810746,18.062663437755795],[121.59754310071422,18.062542310314072],[121.59838345928293,18.06313572165608],[121.59936032142035,18.06380383028217],[121.59976982549442,18.064102738399658],[121.60032940240764,18.06451717738869],[121.60110805043797,18.065064694795268],[121.60193773688691,18.065619081390796],[121.60270293599545,18.066130214826863],[121.60266644007297,18.06614707523324],[121.60248159104627,18.066225935649015],[121.60229266245109,18.06629798905791],[121.6021014256029,18.066363248270736],[121.60190874829549,18.06642397866183],[121.60171550725286,18.06648131612437],[121.60130584579612,18.066577749789577],[121.600886692251,18.06664248643526],[121.60046495309324,18.066698167027962],[121.60004696205412,18.06676516933305],[121.59963962520499,18.066866134404727],[121.59945788760227,18.06692468249286],[121.59927643615235,18.066984362025295],[121.5990967111124,18.067049701640922],[121.59891989333427,18.067120709910863],[121.59874772723123,18.067200788142138],[121.59842266387724,18.067388193099664],[121.59811327273599,18.06760959765146],[121.59781695946198,18.067857076196464],[121.59753146981767,18.068117057854458],[121.59725421856034,18.068380487518198],[121.59696066580759,18.06868898014323],[121.59668702547019,18.069017948798148],[121.59642246413529,18.069356019356903],[121.59615496750858,18.069691809046418],[121.59587370217203,18.070013943614093],[121.59565861264633,18.07025636126724],[121.59544551722874,18.070507829510564],[121.59522599815878,18.070750214373916],[121.5949922191931,18.070966515630165],[121.59473605792084,18.071138601388583],[121.59444456060753,18.071261859088025],[121.5941286147492,18.07134088603875],[121.59379841850298,18.071392699585214],[121.59346331123649,18.071430922239145],[121.59313410833971,18.071469187325466],[121.59267579363588,18.071518935764292],[121.5922144113441,18.071546069843496],[121.59175137472256,18.071558506669493],[121.5912875155076,18.071563029570118],[121.59082452400052,18.07156981677459],[121.59027979171805,18.07157148787443],[121.58973487253783,18.071559601549552],[121.58918967636737,18.071545452579482],[121.5886452938674,18.07154034436545],[121.58810193891807,18.071554444357886],[121.5877451288416,18.071574425590725],[121.58738800544421,18.071596662951],[121.58703172249749,18.071624553506798],[121.58667682522355,18.071663748962596],[121.5863241992234,18.071714255806228],[121.58603506413432,18.071762967901684],[121.58574500707194,18.071816190967194],[121.58545724833165,18.07187733721605],[121.58517439964756,18.07195207350298],[121.5848996631685,18.07204607102316],[121.58449493956967,18.072223830741045],[121.58409668843896,18.072441170961696],[121.5837161823913,18.072691397157932],[121.58336376320054,18.07297345577005],[121.58305040849672,18.07328065027439],[121.58277823928996,18.07360621919159],[121.58252705338877,18.073965827932305],[121.58230935002975,18.074347143424912],[121.5821367066894,18.074742344043894],[121.58202218621582,18.075142489560086],[121.58199082720456,18.075407701086487],[121.58199189792924,18.07567879852367],[121.58200711243853,18.075953388473422],[121.58201789851118,18.076227945886405],[121.5820059699715,18.07650007735047],[121.58193388437863,18.076946845518947],[121.5818237406198,18.07738994537472],[121.58168792912457,18.077830597423745],[121.58153855428404,18.07826889055831],[121.58138803399328,18.07870265693613],[121.58126126304448,18.07908350937104],[121.58113299716042,18.079466609762477],[121.58099472895205,18.079845118321302],[121.58083823714323,18.080213326873665],[121.58065559565696,18.080565529384156],[121.58052751762789,18.080778070204545],[121.58039148602106,18.080988293332016],[121.58024723282966,18.081192808160978],[121.58009447188863,18.08139048302842],[121.57993351660207,18.08157906114323],[121.57965244825348,18.081870672601596],[121.57934610653223,18.082147413530084],[121.57901898366094,18.082401410120582],[121.57867556286774,18.082625918066086],[121.57832061361528,18.082815324739023],[121.57774856145237,18.083015555584876],[121.57712586455408,18.083125048242298],[121.57647537044546,18.08316656156522],[121.57581904067864,18.083162848140038],[121.57517942694831,18.08313666518512],[121.57472705088061,18.08310508596833],[121.57427455315892,18.083052043617368],[121.57382339189627,18.0829798079897],[121.57337591089886,18.082890655502748],[121.57293417696539,18.082784601474113],[121.57256119794434,18.082683573218016],[121.57219009133881,18.082570133232974],[121.57182262865618,18.082444294645057],[121.57146087663476,18.082306072778756],[121.57110662505082,18.08215322185266],[121.57053896152777,18.081847431937422],[121.56999743406305,18.081486486950816],[121.56946943250418,18.081096272942318],[121.56939692279295,18.081041755424152]]]}},{"type":"Feature","properties":{"id":"LAS-ERO-057","erosion_class":"slight","erosion_label":"Slight erosion","barangay":"Gabun","hectares":711.636040804,"data_source":"Soil erosion dataset (Lasam barangay clip)"},"geometry":{"type":"Polygon","coordinates":[[[121.60104439679864,18.104177629060494],[121.60169023607529,18.10360364735623],[121.60167169629196,18.104059449847977],[121.60104439679864,18.104177629060494]]]}},{"type":"Feature","properties":{"id":"LAS-ERO-058","erosion_class":"slight","erosion_label":"Slight erosion","barangay":"Centro 02","hectares":152.135298167,"data_source":"Soil erosion dataset (Lasam barangay clip)"},"geometry":{"type":"Polygon","coordinates":[[[121.59754310071422,18.062542310314072],[121.59761814364217,18.062425915378096],[121.59766373088209,18.06235893706782],[121.59777562763698,18.062142243736357],[121.5979662643811,18.06175613487193],[121.59809473470375,18.06148034256367],[121.59825221379246,18.061216371494776],[121.59840140357214,18.060999678115817],[121.5984552771623,18.060932700052106],[121.59860860960708,18.060794804889937],[121.59930576206598,18.059800470960127],[121.599902629049,18.06016530198134],[121.60081920069763,18.06099764315528],[121.60170642477475,18.061174629463146],[121.60185617786797,18.06123319015241],[121.60185869982392,18.061244702866095],[121.60207350382571,18.061419609884755],[121.6020850747719,18.061422234656728],[121.60239348543102,18.061492194123897],[121.60250721016953,18.061487762558322],[121.60368127992153,18.06194684286071],[121.60462571920263,18.06280534857657],[121.60473695669278,18.063037709940097],[121.6047412904375,18.06319926692423],[121.60473528468569,18.063436429077086],[121.60470776408974,18.063668917599397],[121.6046185832043,18.064045543054238],[121.6044859787731,18.0644252433301],[121.60431302755501,18.06479222685594],[121.60410281534,18.06512957256884],[121.60385874112721,18.065418102571734],[121.60365241600758,18.065599597945294],[121.60342206136013,18.065758328314473],[121.60317588967898,18.065901130290584],[121.6029215676776,18.066029188826814],[121.60270293599545,18.066130214826863],[121.60193773688691,18.065619081390796],[121.60110805043797,18.065064694795268],[121.60032940240764,18.06451717738869],[121.59976982549442,18.064102738399658],[121.59936032142035,18.06380383028217],[121.59838345928293,18.06313572165608],[121.59754310071422,18.062542310314072]]]}},{"type":"Feature","properties":{"id":"LAS-ERO-059","erosion_class":"slight","erosion_label":"Slight erosion","barangay":"Centro 03","hectares":292.033673698,"data_source":"Soil erosion dataset (Lasam barangay clip)"},"geometry":{"type":"MultiPolygon","coordinates":[[[[121.57010554836758,18.077261121227973],[121.57013231452521,18.075785219613262],[121.57162216747255,18.074856073061763],[121.5733089436311,18.074186927517136],[121.57439818974184,18.072675753348275],[121.57605085896479,18.07002219153062],[121.57513798039408,18.06855445958056],[121.5755200521461,18.06848354856737],[121.57802604280678,18.06801843152524],[121.57865264633979,18.066917391403514],[121.5786623371406,18.066918456257635],[121.57914704700232,18.06696268659516],[121.5796319569689,18.06698206732423],[121.58027390738238,18.066967585688825],[121.58091754258618,18.066927134862322],[121.58156049151171,18.066861826934876],[121.58219949746393,18.06677276752722],[121.58283219847134,18.066659939329277],[121.58332261467558,18.06654493573838],[121.58380820181516,18.066406175073585],[121.58429180323226,18.06625723270448],[121.58477712996174,18.06611394942405],[121.58526698947945,18.065994418464175],[121.58568176164636,18.065924036205374],[121.58610167565568,18.06587515198742],[121.58652187567807,18.06582739847704],[121.5869368881661,18.065763792480237],[121.58734242929964,18.065666229999366],[121.58762361313121,18.065576793571836],[121.58790310666919,18.06547717846723],[121.5881785571891,18.06536623794735],[121.58844849760295,18.065242831760102],[121.58871026192853,18.065108069987577],[121.58898762043694,18.06494292408136],[121.58925655256627,18.0647607730326],[121.58951762163338,18.064565009618562],[121.589772849006,18.06436129634855],[121.59002367467066,18.064154161934017],[121.59038002034723,18.063857433747657],[121.59073584647977,18.063551664672797],[121.59107525672262,18.063231091028637],[121.59138235479503,18.062889949247854],[121.5916406540895,18.062522471553123],[121.59185946998761,18.062071119251122],[121.59201776900767,18.061582050512257],[121.592135213356,18.061070092900582],[121.59222998908926,18.060550063132354],[121.59225194725482,18.060424843593058],[121.59429834030514,18.05950786991371],[121.59431967581871,18.059497859242445],[121.5957363468017,18.058915150109172],[121.59706940618692,18.058748625921],[121.59840278843693,18.05924852813806],[121.59930576206598,18.059800470960127],[121.59860860960708,18.060794804889937],[121.5984552771623,18.060932700052106],[121.59840140357214,18.060999678115817],[121.59825221379246,18.061216371494776],[121.59809473470375,18.06148034256367],[121.5979662643811,18.06175613487193],[121.59777562763698,18.062142243736357],[121.59766373088209,18.06235893706782],[121.59761814364217,18.062425915378096],[121.59754310071422,18.062542310314072],[121.59743236810746,18.062663437755795],[121.59729429925083,18.062822829950463],[121.59707733470367,18.063141613666026],[121.59694912905547,18.0633478847337],[121.59671243980335,18.06400420137215],[121.59658423383773,18.06436048678216],[121.59652506099117,18.064444870406827],[121.59105574474503,18.068546419871616],[121.58368906006984,18.070808627492656],[121.58246993734107,18.072052210270083],[121.58204261833329,18.072490396374626],[121.58089294895338,18.073718502358947],[121.58082776993746,18.073677787212443],[121.57995203203191,18.0743471055948],[121.57913121985324,18.076233009037274],[121.57847974935694,18.078465992309127],[121.57895345869652,18.078598488387097],[121.57802274054622,18.0793584524451],[121.57622570057043,18.081830273898447],[121.57595832553618,18.081969453364774],[121.57555278949738,18.081384750753145],[121.57500445404109,18.080777569810614],[121.57449934897275,18.080204242310877],[121.5738968946018,18.079583257144417],[121.57304941774991,18.078709701936937],[121.5723620092269,18.0784979459601],[121.57121104688672,18.07775814259374],[121.57010554836758,18.077261121227973]]],[[[121.5924455565647,18.057034795249436],[121.59356529355969,18.05654466367745],[121.59380534992633,18.056557716376187],[121.59407200867504,18.05657221570253],[121.59460909598151,18.056780850389302],[121.59531778182719,18.05691978762199],[121.59552920153048,18.056986588036004],[121.59555081257552,18.056993410469808],[121.59473139508319,18.0574326544763],[121.59432412827235,18.057638657909546],[121.59282844129883,18.058394731673665],[121.5925749916529,18.058525042317118],[121.59259563978503,18.05826765626227],[121.59258347437414,18.05783043334042],[121.59253477295404,18.057458457914375],[121.5924592265151,18.057084027813378],[121.5924455565647,18.057034795249436]]]]}},{"type":"Feature","properties":{"id":"LAS-ERO-060","erosion_class":"slight","erosion_label":"Slight erosion","barangay":"San Pedro","hectares":601.113533795,"data_source":"Soil erosion dataset (Lasam barangay clip)"},"geometry":{"type":"Polygon","coordinates":[[[121.56271482285925,18.10570057775544],[121.56498044487273,18.104464572570357],[121.56788816256407,18.104141689577038],[121.57313236143202,18.105598438783314],[121.56271482285925,18.10570057775544]]]}},{"type":"Feature","properties":{"id":"LAS-ERO-061","erosion_class":"slight","erosion_label":"Slight erosion","barangay":"Battalan","hectares":568.210164941,"data_source":"Soil erosion dataset (Lasam barangay clip)"},"geometry":{"type":"Polygon","coordinates":[[[121.54939721856475,18.079917576092516],[121.54955545041707,18.078184391898393],[121.54956439601435,18.077163547766258],[121.54997072761044,18.07544187632195],[121.54948559746936,18.073401014832303],[121.54981492650963,18.073449520430362],[121.55027556155544,18.0735139746011],[121.55073685234561,18.07357052592244],[121.55119914963656,18.073612399851772],[121.5517309169993,18.07364349858677],[121.55226454858489,18.073663314565948],[121.55279859594965,18.07366844832408],[121.5533318965768,18.073656632080464],[121.5538629834502,18.073626725313336],[121.5543640870362,18.073580779142226],[121.5548650338741,18.07351788754051],[121.55536432922996,18.07344029837362],[121.55586078285528,18.073349132272284],[121.55635380419295,18.073244384835036],[121.5570676971705,18.073063349482165],[121.55777479870801,18.07284611568083],[121.55847560663406,18.07260398250282],[121.55917035138623,18.072344858435525],[121.5598601491937,18.072076658578556],[121.56035364344991,18.071877023401324],[121.56046882166078,18.071828207907316],[121.56255578582008,18.073118373402856],[121.5632041753138,18.07199198841575],[121.56513515162587,18.07421306249015],[121.56595993557133,18.076165076516293],[121.5665271065448,18.077766320536995],[121.56725103082287,18.077627024044396],[121.56787741753996,18.077138493740875],[121.56879642846727,18.077045247045312],[121.57010554836758,18.077261121227973],[121.57121104688672,18.07775814259374],[121.5723620092269,18.0784979459601],[121.57304941774991,18.078709701936937],[121.5738968946018,18.079583257144417],[121.57449934897275,18.080204242310877],[121.57500445404109,18.080777569810614],[121.57555278949738,18.081384750753145],[121.57595832553618,18.081969453364774],[121.57457394431056,18.08172150666641],[121.57353077210625,18.08120759921281],[121.57289552396635,18.080693758508005],[121.57160386861715,18.080517432601727],[121.57156806874356,18.08063046090883],[121.57044073923676,18.080573132317152],[121.56939692279295,18.081041755424152],[121.56894295528564,18.080700421251937],[121.56840537358067,18.08032707656286],[121.5681387291551,18.080148891133458],[121.56787419773754,18.07996507337689],[121.56760756358774,18.07978575781704],[121.56733551495945,18.079618826595677],[121.56705386353902,18.07947102579197],[121.56664010397994,18.079303041444103],[121.56620834692912,18.079169938082206],[121.56576486548016,18.07906272592596],[121.56531680929994,18.078973551301804],[121.56487045159267,18.078893424555087],[121.56411309422037,18.078789522190654],[121.56334469602565,18.078736363666916],[121.5625703764649,18.07872156209024],[121.5617952551897,18.07873273066187],[121.56102414762277,18.078758609941424],[121.56044112100918,18.07878362999696],[121.55985713496442,18.078817677365517],[121.55927451438305,18.078865287509252],[121.55869467996335,18.078933248222647],[121.55812055614759,18.079024969955885],[121.5575316517419,18.079154983482677],[121.55694867873827,18.07931779585776],[121.55636910903043,18.07949757479472],[121.55579038700016,18.079681876371005],[121.55520967120002,18.079857124975383],[121.55466393056184,18.080015690764483],[121.55411848428425,18.080174257149835],[121.55357274190132,18.080332819708484],[121.5530261499771,18.080486856177398],[121.55247725090774,18.08063409656399],[121.55180500688319,18.08080864794165],[121.55113102737347,18.080978665751022],[121.55045475905841,18.081139627714343],[121.54977597175925,18.081283625400026],[121.54955434674551,18.08132379361517],[121.54939721856475,18.079917576092516]]]}},{"type":"Feature","properties":{"id":"LAS-ERO-062","erosion_class":"slight","erosion_label":"Slight erosion","barangay":"Magsaysay","hectares":693.801608738,"data_source":"Soil erosion dataset (Lasam barangay clip)"},"geometry":{"type":"Polygon","coordinates":[[[121.51798459304112,18.11205455018831],[121.518509134704,18.110356951189967],[121.51864356240814,18.110212286740516],[121.51883291654887,18.11002850246973],[121.51903159579999,18.109859473283095],[121.51941112486381,18.109604861035155],[121.51983040266894,18.10939912222538],[121.52027422677715,18.109224067706737],[121.52072735672694,18.109066026204637],[121.52117456144482,18.108910197138616],[121.52161799316872,18.10874643145565],[121.52206552011967,18.10858721414808],[121.52251735238241,18.108442712409488],[121.52297309066596,18.108325347793222],[121.52343265947782,18.108244155808066],[121.52432707700721,18.108212602698877],[121.52525075495615,18.10831906994168],[121.52618184259607,18.108528375234545],[121.52709906949164,18.108806470590615],[121.52798117376162,18.109118178923637],[121.52891705644733,18.1094969352878],[121.52984381498769,18.109943388646155],[121.53073753259392,18.110457356840776],[121.53114325025584,18.1107391127222],[121.52767858200002,18.112246050000067],[121.52528863700002,18.11242708800006],[121.52200861100005,18.112107086000037],[121.51798459304112,18.11205455018831]]]}},{"type":"Feature","properties":{"id":"LAS-ERO-063","erosion_class":"slight","erosion_label":"Slight erosion","barangay":"Alannay","hectares":658.569284321,"data_source":"Soil erosion dataset (Lasam barangay clip)"},"geometry":{"type":"MultiPolygon","coordinates":[[[[121.54886665925308,18.054441676003925],[121.55070719687228,18.05333852935932],[121.55261334825389,18.053496093999392],[121.55270917564182,18.053479466675626],[121.55475792009818,18.053582114077305],[121.55647261281797,18.053484601885344],[121.55658177166896,18.05347356715282],[121.55861745298262,18.053393896948744],[121.56026128816401,18.05353219935625],[121.56040149433868,18.05256520733722],[121.56232471020269,18.052594296555178],[121.56272095429341,18.0526266951032],[121.5654051333709,18.05267442963839],[121.56597221354053,18.05219167760717],[121.5659781523091,18.052262652925677],[121.5664133340383,18.05290230762096],[121.56834931089739,18.054816236557457],[121.5687999992122,18.055560644544304],[121.56934603432542,18.055850922972965],[121.57173203455648,18.056821737187594],[121.57187223534096,18.056890868212125],[121.57154039794571,18.057139461834055],[121.570227693973,18.057818769510988],[121.56876956627192,18.05848230631047],[121.56852712412987,18.058600240912924],[121.56827623983921,18.05870342865319],[121.56802043754206,18.05879415469631],[121.56776383177413,18.05887470860214],[121.5674872163134,18.058947207025653],[121.56720571044089,18.059003855266376],[121.56692075359827,18.05904918212832],[121.56663439391734,18.059085461867134],[121.56634837515584,18.059116096026397],[121.56596051249494,18.05914597377942],[121.56557041649161,18.059160020669992],[121.56517954491144,18.05916050658821],[121.56478846073038,18.05915082432195],[121.56439862166512,18.059133243776092],[121.56340907140994,18.058985825409955],[121.56242292279263,18.058710790054064],[121.56143997776338,18.05840527629467],[121.5604603405446,18.05816529530638],[121.55948382727613,18.05808572645894],[121.55922362994336,18.05809959962783],[121.55896367254718,18.05812025142854],[121.55870395505737,18.05814768185985],[121.55844449586614,18.058179631993358],[121.55818533180444,18.058211583974607],[121.55766280620847,18.05828336226186],[121.55714135044882,18.058368701479164],[121.5566215824678,18.058464217649334],[121.55610465528639,18.05857330799203],[121.55559117764105,18.0586937180114],[121.55525809301224,18.058775942179757],[121.5549252663767,18.05886268580633],[121.55459416446108,18.05895508939542],[121.5542659495497,18.059055420713275],[121.5539420698698,18.059167079203746],[121.55349570915413,18.05934672139952],[121.55305771418072,18.059550145293684],[121.55262550199454,18.05976829534105],[121.55219617602233,18.05999437268716],[121.55031536523609,18.06099039814677],[121.54909525710882,18.05984715007114],[121.54886665925308,18.054441676003925]]],[[[121.56046882166078,18.071828207907316],[121.56084336323458,18.0716694520291],[121.561330775388,18.071455084949122],[121.56181586146573,18.07123618110269],[121.56229978392498,18.071015008226336],[121.5627411110584,18.070803682776038],[121.56317895888743,18.07058442362323],[121.56361622443323,18.07036402953872],[121.56405638602833,18.070150433127342],[121.56450261767704,18.069952694237617],[121.5650425056119,18.069746614024545],[121.56559223715236,18.069564325557085],[121.56614544608729,18.069389968010825],[121.56669574769563,18.069209939553478],[121.56723679374691,18.069006120547417],[121.56753546154187,18.068873921796314],[121.56783007830818,18.068731526692364],[121.56812440856434,18.06858799944708],[121.56842161729774,18.068453529342978],[121.56872460179673,18.068334915056862],[121.56909603007027,18.0682224551348],[121.56947495058823,18.068132640684624],[121.56985850277704,18.068054155126717],[121.5702426268281,18.067977932090525],[121.57062387156446,18.06789265066574],[121.57088567568171,18.067827945745442],[121.57114689833836,18.06776210661861],[121.57140812995885,18.067695137655274],[121.57166906619184,18.067628166140548],[121.57193029746625,18.067561196441986],[121.57214361257252,18.067505167455288],[121.57235693668733,18.067448008753626],[121.57257055589469,18.06739085198843],[121.57278415673159,18.067335953916192],[121.5729989109394,18.067284452733478],[121.57382754135513,18.067112107250463],[121.57466768736828,18.066975988312674],[121.57551433085473,18.06687605878617],[121.57636272161278,18.06681567221569],[121.57720722386662,18.066798175709106],[121.57769240982778,18.06681982238352],[121.5781774051169,18.06686518676706],[121.57865264633979,18.066917391403514],[121.57802604280678,18.06801843152524],[121.5755200521461,18.06848354856737],[121.57513798039408,18.06855445958056],[121.57605085896479,18.07002219153062],[121.57439818974184,18.072675753348275],[121.5733089436311,18.074186927517136],[121.57162216747255,18.074856073061763],[121.57013231452521,18.075785219613262],[121.57010554836758,18.077261121227973],[121.56879642846727,18.077045247045312],[121.56787741753996,18.077138493740875],[121.56725103082287,18.077627024044396],[121.5665271065448,18.077766320536995],[121.56595993557133,18.076165076516293],[121.56513515162587,18.07421306249015],[121.5632041753138,18.07199198841575],[121.56255578582008,18.073118373402856],[121.56046882166078,18.071828207907316]]],[[[121.57273505170528,18.05544044792767],[121.57321634948156,18.055492346951866],[121.57298845788179,18.05578229172006],[121.57288134519345,18.055902828259345],[121.57273505170528,18.05544044792767]]]]}},{"type":"Feature","properties":{"id":"LAS-ERO-064","erosion_class":"slight","erosion_label":"Slight erosion","barangay":"Nabannagan East","hectares":512.585689362,"data_source":"Soil erosion dataset (Lasam barangay clip)"},"geometry":{"type":"MultiPolygon","coordinates":[[[[121.53648159467477,18.05821319979383],[121.53904060150698,18.055175635954978],[121.54107851942526,18.05620875659981],[121.54116903147249,18.05538115438059],[121.5431176307624,18.05538121726797],[121.54499631139394,18.05547166544335],[121.54504278071973,18.054575950538393],[121.54688647229585,18.054534103460437],[121.54867738639463,18.054405299623618],[121.54886665925308,18.054441676003925],[121.54909525710882,18.05984715007114],[121.55031536523609,18.06099039814677],[121.54792469439744,18.062256382761976],[121.54758881175496,18.06239053024405],[121.54602104558003,18.063018047318085],[121.54524550684215,18.063339770332917],[121.54465705165921,18.063385036382122],[121.54362749015998,18.063149111678925],[121.54174196428526,18.062355512829864],[121.53962358996834,18.06126871899979],[121.5379261617929,18.059618068977827],[121.53648159467477,18.05821319979383]]],[[[121.54002444724657,18.0733170353216],[121.54060434713054,18.072107418036218],[121.54144165885019,18.072188898678846],[121.541427418052,18.07211207526687],[121.54151703903933,18.072150180594345],[121.54165887716007,18.07220659872506],[121.5418022380953,18.07225738063838],[121.54198776872512,18.07231412854289],[121.54217602171293,18.072362990163526],[121.54236609273792,18.07240621771178],[121.54255646840886,18.07244831785397],[121.54274685350377,18.07248928836056],[121.5430521690763,18.072555975594387],[121.54335869373764,18.07261928290781],[121.54366583703384,18.07267920583999],[121.54397362688303,18.072732356022808],[121.54428263507073,18.072780996812547],[121.54470617935692,18.072831630066755],[121.5451322159742,18.072866467833116],[121.54555919430071,18.07289453461036],[121.54598616353728,18.072923729908155],[121.54641157322331,18.072963078260127],[121.54690913554528,18.07302442977237],[121.54740544311117,18.073094806791623],[121.54790141880245,18.073169698167973],[121.54839738572747,18.07324571775576],[121.54889399001993,18.073316093251396],[121.54935431971609,18.07338167681162],[121.54948559746936,18.073401014832303],[121.54997072761044,18.07544187632195],[121.54956439601435,18.077163547766258],[121.54955545041707,18.078184391898393],[121.54939721856475,18.079917576092516],[121.54955434674551,18.08132379361517],[121.54909380781817,18.081407263767733],[121.54845742501549,18.081492840146733],[121.54781709430699,18.081555794166604],[121.54717479891814,18.08160630646158],[121.54653277066069,18.081660207180068],[121.54589298309766,18.081728806440527],[121.54544191530138,18.081790919452413],[121.54499168642165,18.08185868533535],[121.54454143864984,18.08192870905018],[121.54409092331305,18.081995341099773],[121.54363957792422,18.082055188667624],[121.5432015365242,18.082112876547892],[121.54276259055985,18.082172815630184],[121.5423234051025,18.08222597474543],[121.5418846546446,18.082262193284794],[121.54144644197618,18.0822690472852],[121.54118612878797,18.082256913843455],[121.54092589968943,18.08223461498464],[121.54066571737346,18.08220666851989],[121.54059216951912,18.082198129111394],[121.54073610341686,18.081775010220916],[121.54075296681417,18.081726953209433],[121.54064693678289,18.080560118077816],[121.54052600313288,18.078336045207244],[121.5412479705089,18.07823829914338],[121.5412170296614,18.07765958223519],[121.54002444724657,18.0733170353216]]]]}},{"type":"Feature","properties":{"id":"LAS-ERO-065","erosion_class":"slight","erosion_label":"Slight erosion","barangay":"Nabannagan West","hectares":766.603378245,"data_source":"Soil erosion dataset (Lasam barangay clip)"},"geometry":{"type":"MultiPolygon","coordinates":[[[[121.51650866192786,18.0681140673417],[121.51658478812647,18.06788945371867],[121.51680759669266,18.067442748046567],[121.51711600018518,18.067139018150524],[121.51746929037563,18.06700957754369],[121.51787614947371,18.06696977907389],[121.51831384564142,18.066984433061272],[121.5187593515507,18.067018347722712],[121.51918933483373,18.0670374586359],[121.52004077875732,18.067071094226222],[121.52089180723827,18.0671544216033],[121.52174292410955,18.06726259531444],[121.52259461383947,18.067373028753092],[121.52344711245833,18.067457485792016],[121.5240855836648,18.0675052883701],[121.52472437888589,18.067549702779854],[121.52536321230488,18.06758959731526],[121.52600240735221,18.067621585887338],[121.52664196394271,18.067645668486346],[121.52716263653403,18.067658676596174],[121.52768364217282,18.067667167769816],[121.5282049808194,18.067671142001693],[121.52872608082879,18.0676683358927],[121.52924692333484,18.06766100833609],[121.52968581061891,18.0676395011372],[121.53012509645302,18.06760557124882],[121.53056408698745,18.067571638102088],[121.5310020791051,18.06755125059224],[121.53143835104537,18.067560216528495],[121.53201392853693,18.067609773753468],[121.53259189130543,18.06769210351085],[121.53316544985151,18.06780715422547],[121.5337283863187,18.067957137784116],[121.53427332074016,18.068141998280396],[121.5349152828414,18.0684461932814],[121.53552646153852,18.068831478388418],[121.53612195498933,18.069257305596246],[121.53671741395065,18.069687648959835],[121.53732881215244,18.070083096202968],[121.53775807226368,18.070333712994508],[121.53818882840993,18.07058208118371],[121.53862287056462,18.0708259552624],[121.53906112172719,18.07106082409922],[121.539505085952,18.07128331047061],[121.53981889594483,18.07142913351063],[121.54013600054952,18.071569333365634],[121.54045491432659,18.07170502831216],[121.5407750281596,18.071838472783714],[121.54109544705724,18.071970789534564],[121.54123607602226,18.072030587393932],[121.54137640987105,18.07209038292684],[121.541427418052,18.07211207526687],[121.54144165885019,18.072188898678846],[121.54060434713054,18.072107418036218],[121.54002444724657,18.0733170353216],[121.5412170296614,18.07765958223519],[121.5412479705089,18.07823829914338],[121.54052600313288,18.078336045207244],[121.54064693678289,18.080560118077816],[121.54075296681417,18.081726953209433],[121.54073610341686,18.081775010220916],[121.54059216951912,18.082198129111394],[121.54040555384604,18.082176462806462],[121.5401456669868,18.08214851788519],[121.53958896126176,18.08209573607531],[121.53903256992476,18.082040696015245],[121.53847649299647,18.08198339770921],[121.53792105379755,18.081920455046614],[121.53736655697223,18.08185074082405],[121.53673449856119,18.081770271235445],[121.53610006028593,18.08169204059878],[121.5354686781435,18.081601406378176],[121.5348451978551,18.08148372163933],[121.53423506516529,18.081323214558765],[121.5332770306861,18.08096126628564],[121.53234616807775,18.0804922158021],[121.53144133934842,18.079946551935564],[121.53056197749382,18.079357026826045],[121.52970696201744,18.07875187026485],[121.52913210241317,18.07832843886313],[121.52856891945324,18.07788589311952],[121.52801768018988,18.077427623730365],[121.52747835640162,18.076957019137335],[121.52695153853712,18.076474083945964],[121.52679836178544,18.07632607764911],[121.52664785171982,18.07617696208228],[121.52649764655551,18.0760267192223],[121.52634565146049,18.075878721629266],[121.52619067611944,18.075734089728023],[121.52603185372249,18.075590557857993],[121.52587184127026,18.075448146300925],[121.52570884857626,18.075309100415627],[121.52554226633596,18.075175674574663],[121.52536971391385,18.07505010961643],[121.52504317373771,18.07483865422089],[121.5246981986292,18.07464287066588],[121.52433973179869,18.074471832772105],[121.52397299269124,18.074336875532307],[121.52360321007204,18.074248204524665],[121.52330976925178,18.074209815539575],[121.52300731143605,18.074190558901016],[121.52279847255258,18.07419517328232],[121.52096388059795,18.069902786766857],[121.51755519590168,18.06817512532931],[121.51665856610816,18.06820762088494],[121.51650866192786,18.0681140673417]]],[[[121.517809140393,18.047139685811942],[121.51834902454672,18.046651628347334],[121.51835255054098,18.046286505041387],[121.51859165957627,18.044622231653346],[121.53003284466244,18.05380354674269],[121.52853201070356,18.05300117031549],[121.52339915895843,18.051500419581075],[121.52103797823575,18.05092099354516],[121.51899638377351,18.050909358078922],[121.51882329439341,18.050737136737318],[121.51908532837338,18.049901603370607],[121.51961951000216,18.049782776305292],[121.51964748609909,18.04945224258639],[121.51993720239625,18.04915482752804],[121.5191771234946,18.04827660152281],[121.51790730210786,18.047325897056457],[121.517809140393,18.047139685811942]]]]}},{"type":"Feature","properties":{"id":"LAS-ERO-066","erosion_class":"slight","erosion_label":"Slight erosion","barangay":"Cabatacan West","hectares":1906.63155343,"data_source":"Soil erosion dataset (Lasam barangay clip)"},"geometry":{"type":"MultiPolygon","coordinates":[[[[121.4638306229852,18.08277939634894],[121.46530090197696,18.082288408865416],[121.46761019969956,18.082301113969557],[121.46938277484752,18.082650641643454],[121.47175062810429,18.082721366124424],[121.47329280736646,18.08250428660122],[121.47442410790394,18.082001572822122],[121.47603433896941,18.081048577540198],[121.47782432864048,18.079927561004276],[121.47973219360256,18.078863929641383],[121.48122320554721,18.077966422733873],[121.48265309345273,18.077240106542703],[121.48466700890302,18.077194935188338],[121.48612783300646,18.077299681444252],[121.48629721652001,18.079622229964134],[121.48688030316002,18.079176448022924],[121.48750687388404,18.078734301219107],[121.48761632588771,18.079292555847747],[121.48778300946758,18.079955026581256],[121.48826916439776,18.07964726478441],[121.48922514943975,18.079880136936747],[121.48927560935768,18.080181066066917],[121.48957464294976,18.080302105575566],[121.49010449899603,18.08150756722451],[121.49015068651205,18.082426793496687],[121.49142869040325,18.08264800672204],[121.49261700445348,18.083425257293342],[121.49264445279094,18.083490048408223],[121.49264409200406,18.083520490779648],[121.4925659117212,18.085103442301985],[121.49146899907151,18.087699499893823],[121.49043645123498,18.08984312236334],[121.48904946714966,18.091928615472668],[121.48838559095029,18.09294222244192],[121.4877805577026,18.09401389238251],[121.48717961362466,18.094745612733245],[121.48676176680732,18.095025838683526],[121.48575240929807,18.09524720404215],[121.48421705427613,18.094898551958494],[121.482217294292,18.093755585841382],[121.47939622320881,18.091986033822806],[121.47751981885071,18.09044754246733],[121.47558282414269,18.08902263494501],[121.47364331693898,18.087823588749707],[121.47170275748222,18.086680990979737],[121.46845138440902,18.086210187394123],[121.46673428839381,18.08619993726345],[121.46499347776286,18.08664196505629],[121.4649593910001,18.08573718100007],[121.46390637400009,18.083584314000063],[121.4638306229852,18.08277939634894]]],[[[121.46452664839325,18.108146448665398],[121.46567299300011,18.10467871900005],[121.46550997331063,18.10035159597788],[121.46682190287393,18.10339599314707],[121.46739147743779,18.10526643891664],[121.4677771220521,18.10764369153725],[121.46811246409287,18.109286375706024],[121.46860327183721,18.11171958106282],[121.46609539632759,18.111978521424497],[121.4657078826586,18.111146330174833],[121.46452664839325,18.108146448665398]]]]}},{"type":"Feature","properties":{"id":"LAS-ERO-067","erosion_class":"slight","erosion_label":"Slight erosion","barangay":"Cabatacan East","hectares":731.247582176,"data_source":"Soil erosion dataset (Lasam barangay clip)"},"geometry":{"type":"Polygon","coordinates":[[[121.48612783300646,18.077299681444252],[121.48638276789791,18.0773179593908],[121.48785689295653,18.077835530436012],[121.488977138002,18.07823737040414],[121.49027228524744,18.078867602315842],[121.49244733592742,18.080181273586145],[121.49261282896539,18.081200248275568],[121.4926624563466,18.081992417293556],[121.49264445279094,18.083490048408223],[121.49261700445348,18.083425257293342],[121.49142869040325,18.08264800672204],[121.49015068651205,18.082426793496687],[121.49010449899603,18.08150756722451],[121.48957464294976,18.080302105575566],[121.48927560935768,18.080181066066917],[121.48922514943975,18.079880136936747],[121.48826916439776,18.07964726478441],[121.48778300946758,18.079955026581256],[121.48761632588771,18.079292555847747],[121.48750687388404,18.078734301219107],[121.48688030316002,18.079176448022924],[121.48629721652001,18.079622229964134],[121.48612783300646,18.077299681444252]]]}},{"type":"Feature","properties":{"id":"LAS-ERO-068","erosion_class":"slight","erosion_label":"Slight erosion","barangay":"Tucalan Passing","hectares":527.605792408,"data_source":"Soil erosion dataset (Lasam barangay clip)"},"geometry":{"type":"Polygon","coordinates":[[[121.51743510815216,18.11204737635485],[121.51751255528761,18.111863968979463],[121.5176966601882,18.111497165064065],[121.5179033678477,18.1111463478907],[121.51813175436916,18.110816028319068],[121.51829266704401,18.110608306243776],[121.5184632760577,18.110406306101503],[121.518509134704,18.110356951189967],[121.51798459304112,18.11205455018831],[121.51743510815216,18.11204737635485]]]}},{"type":"Feature","properties":{"id":"LAS-ERO-069","erosion_class":"slight","erosion_label":"Slight erosion","barangay":"New Orlins","hectares":390.987433265,"data_source":"Soil erosion dataset (Lasam barangay clip)"},"geometry":{"type":"Polygon","coordinates":[[[121.5130733476242,18.07469486686031],[121.51308181890097,18.074319934129573],[121.51312704959273,18.073962227195683],[121.51330061187502,18.073475614671928],[121.51360033531186,18.073012563560756],[121.51396991854233,18.072562474245252],[121.5143533749279,18.0721124908364],[121.51469410883236,18.071652012232107],[121.51497025659225,18.07121814444281],[121.51524434595,18.070783130809303],[121.51551314857142,18.07034468749288],[121.51577342664731,18.069901660114137],[121.51602282802357,18.069452901118492],[121.51623276375561,18.06895752836684],[121.51640648126104,18.068415566942637],[121.51650866192786,18.0681140673417],[121.51665856610816,18.06820762088494],[121.51755519590168,18.06817512532931],[121.52096388059795,18.069902786766857],[121.52279847255258,18.07419517328232],[121.52270345553583,18.074197269961733],[121.52240586765994,18.07423113690054],[121.52212248077672,18.07429673853331],[121.52179482457377,18.074430901204206],[121.52147851332052,18.074620496435486],[121.52117722179437,18.074849739200424],[121.52089314882112,18.075102833193306],[121.52062968370699,18.075362861735428],[121.52036829749323,18.075691806204798],[121.52015054808052,18.076062876841842],[121.51994861664151,18.076448752139797],[121.51973554154729,18.076825505578295],[121.51948319913205,18.07716694256935],[121.51927843884802,18.077396922283544],[121.51906510704843,18.077627965487675],[121.51884038410354,18.07784423731654],[121.51860171725613,18.07803329348605],[121.51834629650901,18.07817816967189],[121.51796236574297,18.07829720943765],[121.51753301477608,18.078340222137136],[121.51708231031503,18.078324335113592],[121.51663494733656,18.078262162687682],[121.5162147349713,18.07816631258628],[121.51582404468721,18.07803567372194],[121.51543935366824,18.077858770229376],[121.51506797628318,18.07764356502118],[121.51471632210767,18.077400273118982],[121.51439169575357,18.077137986954767],[121.51412975312384,18.07689990261037],[121.5138747629124,18.076642669774035],[121.51363999110944,18.076368649653773],[121.51343841788469,18.076079071797857],[121.51328303280822,18.075774036348943],[121.51317251172725,18.07543546101418],[121.51310324522417,18.075071224636012],[121.5130733476242,18.07469486686031]]]}},{"type":"Feature","properties":{"id":"LAS-ERO-070","erosion_class":"slight","erosion_label":"Slight erosion","barangay":"Minanga Sur","hectares":288.239644794,"data_source":"Soil erosion dataset (Lasam barangay clip)"},"geometry":{"type":"Polygon","coordinates":[[[121.6266361028893,18.097008342021],[121.62798938541438,18.094519213814493],[121.62895099128613,18.095096264702384],[121.63088954216549,18.097034800980193],[121.63315088817873,18.098973349276637],[121.63767405717141,18.0999417637871],[121.64121747490965,18.099669444558913],[121.64017153396853,18.10068437034981],[121.63895839933431,18.101539596190104],[121.63839186303854,18.10185399331147],[121.63547282944911,18.101616958634732],[121.6340749922495,18.10064167649711],[121.63368883356165,18.100619915035992],[121.63318896573706,18.10038775156533],[121.63305985058606,18.10008006299452],[121.63265574584666,18.099883117194718],[121.63263431895814,18.101323704161906],[121.63111609892775,18.10161157275803],[121.63108926167402,18.10213160605647],[121.63052976030936,18.10240888201398],[121.63079239744027,18.102970758690102],[121.63031692514058,18.103430784558082],[121.6294422586094,18.103624723569215],[121.62940461827169,18.102541972355972],[121.62888330242151,18.10150721193465],[121.62894865976673,18.101030931163706],[121.62764999170894,18.099330565395487],[121.62759995385768,18.097125710620166],[121.6266361028893,18.097008342021]]]}},{"type":"Feature","properties":{"id":"LAS-ERO-071","erosion_class":"slight","erosion_label":"Slight erosion","barangay":"Minanga Norte","hectares":416.253617144,"data_source":"Soil erosion dataset (Lasam barangay clip)"},"geometry":{"type":"Polygon","coordinates":[[[121.62489875644012,18.104571502112854],[121.62517193585003,18.103712606970436],[121.62517311785203,18.102347110619764],[121.62539691735877,18.102526023752823],[121.62668942691332,18.1025261987087],[121.62733554461902,18.101880176702217],[121.62668947666185,18.099941778360993],[121.62654809130261,18.099659040599402],[121.62764999170894,18.099330565395487],[121.62894865976673,18.101030931163706],[121.62888330242151,18.10150721193465],[121.62940461827169,18.102541972355972],[121.6294422586094,18.103624723569215],[121.63031692514058,18.103430784558082],[121.63079239744027,18.102970758690102],[121.63052976030936,18.10240888201398],[121.63108926167402,18.10213160605647],[121.63111609892775,18.10161157275803],[121.63263431895814,18.101323704161906],[121.63265574584666,18.099883117194718],[121.63305985058606,18.10008006299452],[121.63318896573706,18.10038775156533],[121.63368883356165,18.100619915035992],[121.6340749922495,18.10064167649711],[121.63547282944911,18.101616958634732],[121.63839186303854,18.10185399331147],[121.63895839933431,18.101539596190104],[121.64017153396853,18.10068437034981],[121.64121747490965,18.099669444558913],[121.64187413496421,18.099618970935012],[121.64510506200202,18.09768078200409],[121.64568131930302,18.097200247882174],[121.64581577111781,18.097209320874274],[121.64654788237017,18.09910502047959],[121.64734871975249,18.10105033005928],[121.64823853897488,18.102530442232865],[121.64921734005628,18.104052830617455],[121.64966224931602,18.104771731626045],[121.65005359122307,18.105162295226396],[121.64710143200011,18.105180675000042],[121.62932699500004,18.104906655000036],[121.62679738800011,18.104723381000042],[121.62494364778789,18.10468527370791],[121.62489875644012,18.104571502112854]]]}},{"type":"Feature","properties":{"id":"LAS-ERO-072","erosion_class":"slight","erosion_label":"Slight erosion","barangay":"Sicalao","hectares":2294.93892124,"data_source":"Soil erosion dataset (Lasam barangay clip)"},"geometry":{"type":"MultiPolygon","coordinates":[[[[121.46769184541272,17.998931323387747],[121.47049320964123,17.998123934251424],[121.4717840095146,18.001091481701042],[121.47108601867149,18.004921115894366],[121.47106803920133,18.006771471205774],[121.4685194660051,18.000636680701337],[121.46769184541272,17.998931323387747]]],[[[121.47298677113879,18.01118297728254],[121.47321189778734,18.011489374661455],[121.47315673462708,18.01157079723693],[121.47298677113879,18.01118297728254]]],[[[121.4755901307497,18.015394624132433],[121.47802582830526,18.01529641631918],[121.47799863403843,18.015355412439373],[121.47698407881593,18.016028523559573],[121.47633479575197,18.015855118179996],[121.4755901307497,18.015394624132433]]],[[[121.47980353292449,18.0230084300473],[121.48035437509304,18.021483408259712],[121.48125440690454,18.020469401516703],[121.48244965695929,18.019514180006283],[121.48316947021878,18.01872578022751],[121.48318348818661,18.01753652073671],[121.4824275256048,18.01634348523632],[121.48173040706484,18.015207384098936],[121.48172676747463,18.01514713460558],[121.49850555094302,18.01446944999284],[121.49300709396891,18.02132196629533],[121.48940267486691,18.022448640948237],[121.48932836847332,18.02356690869179],[121.48971754158549,18.023926936865465],[121.4902661969713,18.02460042005298],[121.48835414641069,18.026045230959586],[121.48675031931921,18.027294506094304],[121.4870999325936,18.02846391439625],[121.48745059299684,18.02983782524942],[121.4881838279139,18.031098032676393],[121.48826373987394,18.032257576928636],[121.48798251159565,18.03239545628071],[121.48756530385106,18.032619225202815],[121.48661786993495,18.032614073698582],[121.48579191175259,18.032382838024663],[121.48520189254631,18.032208792543642],[121.48373368973174,18.03118186466831],[121.48315076980356,18.03038664165575],[121.48292194926731,18.029706015295574],[121.4830525793413,18.028687097291776],[121.4841267012999,18.02795794992833],[121.48495954377215,18.027623363083684],[121.48526248107726,18.027058723367137],[121.4842697716295,18.025863838980126],[121.4835041368805,18.025520117731748],[121.48297521064377,18.02517712011209],[121.48214850361681,18.025003470178614],[121.48132482924757,18.024545205595842],[121.48021001190261,18.023689325051247],[121.47980353292449,18.0230084300473]]],[[[121.48473806525166,18.03639562116241],[121.48551493376002,18.03577709052855],[121.48599118140469,18.035553788968798],[121.48765159572571,18.03533636119629],[121.48907402854424,18.035231139956103],[121.48913774219979,18.035221785906575],[121.48921643899492,18.03543297024776],[121.48917139620531,18.036798133472992],[121.48772252715142,18.03845771339534],[121.48726241197397,18.03822033291421],[121.48638040169068,18.037706283402464],[121.48532071515308,18.037190838603035],[121.48485029879237,18.03690477742196],[121.48473806525166,18.03639562116241]]]]}},{"type":"Feature","properties":{"id":"LAS-ERO-073","erosion_class":"slight","erosion_label":"Slight erosion","barangay":"Peru","hectares":2151.79069799,"data_source":"Soil erosion dataset (Lasam barangay clip)"},"geometry":{"type":"MultiPolygon","coordinates":[[[[121.48675031931921,18.027294506094304],[121.48835414641069,18.026045230959586],[121.4902661969713,18.02460042005298],[121.48971754158549,18.023926936865465],[121.48932836847332,18.02356690869179],[121.48940267486691,18.022448640948237],[121.49300709396891,18.02132196629533],[121.49850555094302,18.01446944999284],[121.50241099340492,18.014302067604117],[121.5031070527094,18.014934476908216],[121.50445458505423,18.016130882266907],[121.50750533861599,18.018525281473163],[121.51085592336392,18.020583089593675],[121.5140286337187,18.022638349059214],[121.51755273719567,18.025036238568095],[121.51957375285758,18.026070981120768],[121.51891665618547,18.039334628114112],[121.51878022207784,18.041801400186092],[121.51859165957627,18.044622231653346],[121.51835255054098,18.046286505041387],[121.51834902454672,18.046651628347334],[121.517809140393,18.047139685811942],[121.51790730210786,18.047325897056457],[121.5191771234946,18.04827660152281],[121.51993720239625,18.04915482752804],[121.51964748609909,18.04945224258639],[121.51961951000216,18.049782776305292],[121.51908532837338,18.049901603370607],[121.51882329439341,18.050737136737318],[121.51899638377351,18.050909358078922],[121.51872904485433,18.050907828049414],[121.5165372382128,18.05100848567167],[121.51405089618947,18.050995031802003],[121.51233535242133,18.050872270518326],[121.50932026670249,18.050514701561276],[121.50760319069856,18.050504838155856],[121.50565014690895,18.050437789000974],[121.50375769700996,18.050257108730957],[121.50127795567886,18.049676528335755],[121.49963568977708,18.04836598020041],[121.49805500065628,18.046828866762766],[121.49588532549463,18.045062387932635],[121.49377270383337,18.04346462838757],[121.4921875508367,18.04232389454349],[121.49001769608158,18.040557355144646],[121.48884418893071,18.039644582622017],[121.48826277513163,18.038736433526182],[121.48772252715142,18.03845771339534],[121.48917139620531,18.036798133472992],[121.48921643899492,18.03543297024776],[121.48913774219979,18.035221785906575],[121.4905567486993,18.03501342797919],[121.4931704057628,18.034292851738478],[121.49436444108963,18.033450501140226],[121.49502367732423,18.03277566737086],[121.4953295936945,18.031927526984042],[121.49533820386888,18.031192283446575],[121.49410569651133,18.03027908543333],[121.49232949548583,18.030269768440846],[121.49024738010495,18.031106307774493],[121.4893521958573,18.031723936204695],[121.48826373987394,18.032257576928636],[121.4881838279139,18.031098032676393],[121.48745059299684,18.02983782524942],[121.4870999325936,18.02846391439625],[121.48675031931921,18.027294506094304]]],[[[121.51617890118037,18.01371136396054],[121.51759204929334,18.013650668840345],[121.52013676298985,18.014703543920554],[121.52009489355237,18.015549017895356],[121.51617890118037,18.01371136396054]]]]}},{"type":"Feature","properties":{"id":"LAS-ERO-074","erosion_class":"slight","erosion_label":"Slight erosion","barangay":"Viga","hectares":2214.27590367,"data_source":"Soil erosion dataset (Lasam barangay clip)"},"geometry":{"type":"MultiPolygon","coordinates":[[[[121.51859165957627,18.044622231653346],[121.51878022207784,18.041801400186092],[121.51891665618547,18.039334628114112],[121.51957375285758,18.026070981120768],[121.52202530203024,18.027326106068777],[121.52373414412914,18.02801460631318],[121.52555857721494,18.02893100720137],[121.5297562584275,18.029407986105305],[121.53258968272347,18.030102695758274],[121.53382211186097,18.031015660620067],[121.53434564391159,18.031811425323163],[121.53469149951258,18.032605842949362],[121.5346842822311,18.03322815679989],[121.5348464721155,18.034530598716753],[121.53471813265053,18.03537902944084],[121.53464436957138,18.036623207234513],[121.53486541059713,18.0379837006076],[121.53597679015033,18.039121643167938],[121.53662118180088,18.039691283668454],[121.5376257168126,18.03986605326588],[121.538397673976,18.03964485520041],[121.53946721919237,18.039310690177093],[121.54042757784867,18.038185025810826],[121.54085194792593,18.037337694240662],[121.54122967659904,18.035415828655886],[121.54183218401452,18.0345133611189],[121.54254035171348,18.0346869985998],[121.54306913814713,18.035029841212847],[121.54324483759937,18.035200593986104],[121.54406494223346,18.035940963258923],[121.54517438104175,18.037249400410804],[121.54452324833305,18.03724563042557],[121.54439740933803,18.037867053719438],[121.54480539183376,18.038436018278354],[121.54615876092946,18.039122786162235],[121.54793129071388,18.039415098755697],[121.54946557062634,18.039820820477168],[121.55134780053577,18.040849250366183],[121.5522178554008,18.04238289389442],[121.55208167287398,18.04391013009774],[121.55240556274859,18.046571472387242],[121.55427722963013,18.04850568408678],[121.5547775956709,18.04883021316917],[121.55639206480933,18.04987580066083],[121.56041253333525,18.050295478559573],[121.56307405013533,18.050480197285793],[121.56532854538337,18.050039484278862],[121.56575586019807,18.050020065123885],[121.56752006012412,18.049938268058245],[121.56976638579236,18.050177423303253],[121.57024961566357,18.05032557959259],[121.57163077007081,18.05084973220716],[121.57271704144372,18.051664248372884],[121.57321496552412,18.052297078368273],[121.5736221129782,18.05302185943678],[121.57380327625648,18.053655738447514],[121.5738033401201,18.054379773406946],[121.57348627810326,18.055148907940303],[121.57321634948156,18.055492346951866],[121.57273505170528,18.05544044792767],[121.57288134519345,18.055902828259345],[121.57226451228341,18.056596988294757],[121.57187223534096,18.056890868212125],[121.57173203455648,18.056821737187594],[121.56934603432542,18.055850922972965],[121.5687999992122,18.055560644544304],[121.56834931089739,18.054816236557457],[121.5664133340383,18.05290230762096],[121.5659781523091,18.052262652925677],[121.56597221354053,18.05219167760717],[121.5654051333709,18.05267442963839],[121.56272095429341,18.0526266951032],[121.56232471020269,18.052594296555178],[121.56040149433868,18.05256520733722],[121.56026128816401,18.05353219935625],[121.55861745298262,18.053393896948744],[121.55658177166896,18.05347356715282],[121.55647261281797,18.053484601885344],[121.55475792009818,18.053582114077305],[121.55270917564182,18.053479466675626],[121.55261334825389,18.053496093999392],[121.55070719687228,18.05333852935932],[121.54886665925308,18.054441676003925],[121.54867738639463,18.054405299623618],[121.54688647229585,18.054534103460437],[121.54504278071973,18.054575950538393],[121.54499631139394,18.05547166544335],[121.5431176307624,18.05538121726797],[121.54116903147249,18.05538115438059],[121.54107851942526,18.05620875659981],[121.53904060150698,18.055175635954978],[121.53648159467477,18.05821319979383],[121.53517537746437,18.056942851278787],[121.53206202849893,18.05488834114146],[121.53003284466244,18.05380354674269],[121.51859165957627,18.044622231653346]]],[[[121.52009489355237,18.015549017895356],[121.52013676298985,18.014703543920554],[121.52259746700008,18.015721660000054],[121.5525709210001,18.013823641000045],[121.55747819613052,18.013199996158995],[121.5565417418078,18.017624912876574],[121.55850324604673,18.020438464096923],[121.56019513779296,18.02366469187836],[121.55952434924451,18.023875619297062],[121.55789430145889,18.024388175011186],[121.55699591105969,18.024668168205196],[121.5561436284966,18.024997001516795],[121.55450188165455,18.025614850853326],[121.5539833251534,18.02641945339671],[121.55533578596246,18.02925193565773],[121.55518776125146,18.03149208473277],[121.55447799034427,18.03130214267179],[121.55341521540122,18.0310694208726],[121.55123109805317,18.03054817455237],[121.54822445131317,18.029512444284467],[121.54479965298809,18.02875703666923],[121.54167320813661,18.02783326044983],[121.53972511872124,18.02737014400452],[121.53748424015434,18.026621284253153],[121.53512901438098,18.02553267609803],[121.53342567368317,18.0243902474197],[121.53025774327695,18.021938863071195],[121.52762079393352,18.01960329481119],[121.52362001545163,18.01748546083799],[121.5204437308584,18.015712709544438],[121.52009489355237,18.015549017895356]]],[[[121.55441321450972,18.036017460616147],[121.55443368211023,18.03582446343091],[121.55448668167281,18.03565994771975],[121.55508084054702,18.035125764951072],[121.55643265613526,18.03703279041708],[121.56608586512786,18.037369084040193],[121.56682219730607,18.037253403494418],[121.56832971976996,18.038314083687798],[121.57052293420723,18.03790066175928],[121.57184135269308,18.03889148163924],[121.572093713219,18.038227189596302],[121.57258802938695,18.038357374610744],[121.57306111375327,18.037495420342925],[121.57440062014736,18.03806519407182],[121.57502922479891,18.038591106776053],[121.57562250386783,18.03907329374687],[121.5753977812735,18.039094169324937],[121.5742725066893,18.039207866315486],[121.57314863413436,18.0393306033281],[121.57238949278268,18.039431176944266],[121.5716317172277,18.039545312087665],[121.57087395003818,18.039658314718622],[121.57011513833025,18.03975436350536],[121.56935451552927,18.039818768773987],[121.56868095491802,18.03984879979509],[121.56800547432582,18.03986074162304],[121.5673295315101,18.039856864127493],[121.56665431647073,18.039836046598403],[121.5659809917635,18.039800556752027],[121.56531637386654,18.039747056582737],[121.56465277946744,18.039676618696124],[121.56399019042225,18.03959150205279],[121.5633294832214,18.03949284272161],[121.56267091648097,18.039385160797696],[121.56216130851662,18.03929100925284],[121.5616532504648,18.039187831639964],[121.56114642886612,18.039077884714466],[121.56063931282947,18.03896793430628],[121.56013187478621,18.038861368813304],[121.55971718451163,18.03878373122813],[121.55930126803388,18.038711731313754],[121.55888566552107,18.038637473795326],[121.55847308866731,18.038554201683247],[121.55806478260418,18.03845401754439],[121.55766452012854,18.038344856291996],[121.55726253326361,18.038230033704885],[121.55686597044013,18.03810169638437],[121.55648259809418,18.03794860700458],[121.55611955553158,18.037764041754652],[121.55589815500373,18.03762119684851],[121.55568543436881,18.0374637326007],[121.55547809156091,18.037298401576624],[121.55527195745093,18.03712969078153],[121.55506313040462,18.036965477801257],[121.5549512826751,18.03689009288459],[121.55483291383847,18.036818047777572],[121.55471781031525,18.03674376794018],[121.55461516820026,18.03666167444298],[121.55453506906052,18.03656619499212],[121.55446492248613,18.03640866558192],[121.55442395998217,18.036219727368653],[121.55441321450972,18.036017460616147]]]]}},{"type":"Feature","properties":{"id":"LAS-ERO-075","erosion_class":"slight","erosion_label":"Slight erosion","barangay":"Tagao","hectares":984.719690996,"data_source":"Soil erosion dataset (Lasam barangay clip)"},"geometry":{"type":"MultiPolygon","coordinates":[[[[121.5539833251534,18.02641945339671],[121.55450188165455,18.025614850853326],[121.5561436284966,18.024997001516795],[121.55699591105969,18.024668168205196],[121.55789430145889,18.024388175011186],[121.55952434924451,18.023875619297062],[121.56019513779296,18.02366469187836],[121.55850324604673,18.020438464096923],[121.5565417418078,18.017624912876574],[121.55747819613052,18.013199996158995],[121.56037696635423,18.012831603711586],[121.56037735567635,18.012985511469715],[121.56040250706137,18.01344993862931],[121.56048059565668,18.013901204934644],[121.56089360906931,18.01486890098967],[121.56156758109111,18.01579448359219],[121.56241468650013,18.016662614046428],[121.56334767876413,18.017459088221695],[121.56427872802311,18.018168569442835],[121.56511651095,18.01869662892399],[121.56601758025543,18.01913704984872],[121.566952664949,18.019532537090374],[121.56789312129672,18.019921282562173],[121.5688108689343,18.020344871544406],[121.57064774942235,18.02135131277121],[121.5724471403561,18.02243427006876],[121.5742399609615,18.023529588445616],[121.57605597547334,18.02456971453675],[121.57792580445594,18.0254904886729],[121.57870862007148,18.02581590124033],[121.57950135977237,18.026118792778263],[121.58029770753602,18.02641380088737],[121.5810904530509,18.02671668627026],[121.58187328975355,18.02704095729389],[121.58261833241299,18.02736720754049],[121.583363055735,18.027696841374865],[121.58410027681859,18.028042231241344],[121.58482255385029,18.02841122962211],[121.58493778970981,18.028477912631235],[121.58489037948182,18.028605087777027],[121.58514870431637,18.029110184536908],[121.5861589369875,18.031085440643235],[121.58622822934427,18.03480049599429],[121.58630632844275,18.03898788299299],[121.58629310626176,18.039194278567628],[121.58576125775612,18.039006457536864],[121.58509416426884,18.038818591240734],[121.58441347359773,18.038670157260203],[121.58372747714607,18.03855782751921],[121.58304297240316,18.038480522200985],[121.58219777651762,18.03845399543207],[121.5813454808616,18.038503092323253],[121.58048927156375,18.03859846797293],[121.57963237157499,18.0387062596693],[121.5787776821291,18.038795991063434],[121.57765078437322,18.038891623383865],[121.57652416289233,18.03898951017145],[121.57562250386783,18.03907329374687],[121.57502922479891,18.038591106776053],[121.57440062014736,18.03806519407182],[121.57306111375327,18.037495420342925],[121.57258802938695,18.038357374610744],[121.572093713219,18.038227189596302],[121.57184135269308,18.03889148163924],[121.57052293420723,18.03790066175928],[121.56832971976996,18.038314083687798],[121.56682219730607,18.037253403494418],[121.56608586512786,18.037369084040193],[121.55643265613526,18.03703279041708],[121.55508084054702,18.035125764951072],[121.55586226020044,18.034423218773806],[121.55641037032518,18.03312382804847],[121.55577626398565,18.031649570601548],[121.55518776125146,18.03149208473277],[121.55533578596246,18.02925193565773],[121.5539833251534,18.02641945339671]]],[[[121.58757221482752,18.04251040013449],[121.58786287837253,18.042052388505905],[121.58803798194414,18.041564573934092],[121.58809042580418,18.041244165832584],[121.5881182462213,18.040902116519167],[121.58811569993401,18.0407963852766],[121.58909999227465,18.04184167637306],[121.58757221482752,18.04251040013449]]]]}},{"type":"Feature","properties":{"id":"LAS-ERO-076","erosion_class":"slight","erosion_label":"Slight erosion","barangay":"Calapangan Sur","hectares":329.725033115,"data_source":"Soil erosion dataset (Lasam barangay clip)"},"geometry":{"type":"Polygon","coordinates":[[[121.58489037948182,18.028605087777027],[121.58493778970981,18.028477912631235],[121.58552240897012,18.02881620703239],[121.58633672266859,18.029377895934548],[121.58711217599553,18.03000142296647],[121.58786760725135,18.030656428353026],[121.58862122818273,18.031317065620325],[121.58939248503584,18.03195071972075],[121.59023886893273,18.032602991364765],[121.59109122528257,18.033247396313218],[121.59194895474398,18.033885059670492],[121.59281057249993,18.03451710010931],[121.59367606954463,18.035144647059276],[121.59426379204353,18.035573049280945],[121.59348301995439,18.036938165798606],[121.59410259553054,18.03748944305584],[121.59302110951528,18.038218850239588],[121.58909999227465,18.04184167637306],[121.58811569993401,18.0407963852766],[121.5881100465651,18.040560933716062],[121.58805411711286,18.04024538194147],[121.58793816685458,18.03997909188308],[121.58772910991104,18.039765210440653],[121.5874378857806,18.039601558147154],[121.58709829710291,18.039469179345367],[121.58674381521116,18.039353634314452],[121.58640795653479,18.03923483616596],[121.58629310626176,18.039194278567628],[121.58630632844275,18.03898788299299],[121.58622822934427,18.03480049599429],[121.5861589369875,18.031085440643235],[121.58514870431637,18.029110184536908],[121.58489037948182,18.028605087777027]]]}},{"type":"Feature","properties":{"id":"LAS-ERO-077","erosion_class":"slight","erosion_label":"Slight erosion","barangay":"Cataliganan","hectares":303.565988837,"data_source":"Soil erosion dataset (Lasam barangay clip)"},"geometry":{"type":"Polygon","coordinates":[[[121.58448961368691,18.04455410965355],[121.58457651784873,18.0445246510073],[121.58519095944824,18.04432244209101],[121.5857744089688,18.04408272943603],[121.58629621556513,18.043762366461515],[121.5867363223104,18.043396222924002],[121.58717120675743,18.042981469638445],[121.58756033947677,18.04252910598838],[121.58757221482752,18.04251040013449],[121.58909999227465,18.04184167637306],[121.59302110951528,18.038218850239588],[121.59410259553054,18.03748944305584],[121.59348301995439,18.036938165798606],[121.59426379204353,18.035573049280945],[121.59449781761208,18.03574363381389],[121.59531894516742,18.03634713107291],[121.5961457672231,18.036940500542148],[121.59698544831072,18.03751362817365],[121.59784458043565,18.038054136537024],[121.59860064120464,18.03848997579831],[121.59936985423228,18.038905575661907],[121.60014895462186,18.039303171429243],[121.60093584923015,18.03968613648137],[121.60172728210729,18.040055576722402],[121.60206610703291,18.040211645609457],[121.60240583595078,18.04036546136699],[121.60274677294284,18.040515896635117],[121.60308981243072,18.04066182831627],[121.603434972224,18.04080099742255],[121.60383291526655,18.040947324398754],[121.60423538463877,18.04108125819115],[121.60463966135079,18.04121068601332],[121.60504213204376,18.041344618205134],[121.60543948750234,18.04149093778111],[121.60591939639572,18.04168755215413],[121.6063956753565,18.0418954347643],[121.60686745671556,18.04211232028392],[121.60733382832198,18.042341590838884],[121.60779393137737,18.0425798516272],[121.60839326588325,18.042906089245903],[121.60898716515707,18.043248099780453],[121.60956940392316,18.043609227177797],[121.61013345283192,18.04399394282539],[121.61067278251294,18.044406718181115],[121.61118019969527,18.04482378112778],[121.61163991829721,18.0452238757178],[121.61055600153878,18.045906726009243],[121.60799999192577,18.046041676493576],[121.60680315214597,18.047269725884778],[121.6050403395076,18.046847034567797],[121.60511939724366,18.048020384650123],[121.60418842193384,18.047935694208444],[121.60131563635885,18.048377194744837],[121.60088298227834,18.04801546915121],[121.59915314408714,18.0492223990971],[121.59871411066744,18.0488681959857],[121.59744846117142,18.051365460239825],[121.5967530026602,18.051080539504362],[121.59604900930373,18.05123817912082],[121.59644052816061,18.05013393999713],[121.59346833213795,18.0474904886467],[121.5934697691946,18.047309771502807],[121.59168667694262,18.047008823606266],[121.58960337667992,18.046726377156116],[121.58774879994509,18.04561835135407],[121.58766925400738,18.04521992171445],[121.58548478051081,18.045180603563004],[121.58448961368691,18.04455410965355]]]}}]}
