{"type":"FeatureCollection","features":[{"type":"Feature","properties":{"id":"MGB-FLD-6","susceptibility":"low","susceptibility_label":"Low","raw_class":"LF","data_source":"DENR-MGB / controlmap.mgb.gov.ph","objectid":6},"geometry":{"type":"MultiPolygon","coordinates":[[[[121.45527664243411,18.00215791796062],[121.45753326094346,18.0016349426139],[121.45768,18.00195],[121.45855,18.00284],[121.45887,18.00283],[121.45981,18.00233],[121.46011,18.00208],[121.46036,18.00181],[121.46044,18.00149],[121.46068,18.00104],[121.46103,18.00099],[121.46128,18.00106],[121.46147,18.00125],[121.46198,18.00224],[121.46211,18.0027],[121.46209,18.00292],[121.4619,18.0032],[121.46146,18.00353],[121.46081,18.00382],[121.46049,18.00418],[121.46005,18.00513],[121.45972,18.00685],[121.45965,18.00852],[121.45983,18.00938],[121.45973,18.0102],[121.4598,18.01077],[121.46007,18.01112],[121.4609,18.0114],[121.46186,18.01219],[121.4624,18.01236],[121.46277,18.01222],[121.46329,18.01228],[121.46378,18.01249],[121.46409,18.01278],[121.4645,18.01331],[121.46471,18.01399],[121.46477,18.01549],[121.46497,18.01632],[121.46531,18.01716],[121.46576,18.01761],[121.46623,18.01773],[121.46646,18.01788],[121.46776,18.01981],[121.46791,18.02107],[121.46833,18.02224],[121.46836,18.02358],[121.46875,18.02463],[121.46911,18.0263],[121.46961,18.02801],[121.46944,18.02839],[121.46848,18.02883],[121.45527664243411,18.00215791796062]]],[[[121.46316619648447,18.000235673511973],[121.47223753600008,17.997621197000058],[121.47379891301274,17.99798200943035],[121.47913,17.99998],[121.48222,18.00236],[121.48698,18.00497],[121.48817,18.00854],[121.48889,18.01283],[121.49103,18.01616],[121.49585,18.01962],[121.49705,18.02302],[121.50458,18.02505],[121.50545,18.0268],[121.50725,18.03111],[121.51139,18.03525],[121.51482,18.03765],[121.52047,18.03945],[121.52289,18.04125],[121.52812,18.03945],[121.5306,18.03885],[121.53605,18.03945],[121.53957,18.03876],[121.54209,18.03591],[121.54689,18.03568],[121.54871,18.03477],[121.55287,18.03345],[121.55679,18.03165],[121.55891,18.02805],[121.55825,18.02698],[121.55804,18.02325],[121.55856,18.02145],[121.55645,18.01948],[121.55345,18.01557],[121.55285,18.01538],[121.55149,18.01425],[121.55114170462357,18.013914143744167],[121.5525709210001,18.013823641000045],[121.5643966864583,18.01232075448493],[121.56513,18.01283],[121.56543,18.01327],[121.56574,18.01351],[121.56689,18.01398],[121.56784,18.0142],[121.56837,18.01444],[121.56868,18.01468],[121.56898,18.01513],[121.56915,18.01605],[121.56958,18.01632],[121.56989,18.01708],[121.57046,18.01747],[121.57171,18.01796],[121.57217,18.01823],[121.57269,18.01905],[121.57411,18.01952],[121.57537,18.02074],[121.57697,18.02142],[121.57891,18.02181],[121.5796,18.02211],[121.58066,18.02302],[121.5814,18.02446],[121.58186,18.02499],[121.58242,18.02558],[121.58354,18.02615],[121.58392,18.02647],[121.58494,18.02791],[121.58537,18.02825],[121.58639,18.0285],[121.58827,18.02969],[121.58865,18.0301],[121.58924,18.03052],[121.58998,18.0309],[121.59044,18.03124],[121.59071,18.03131],[121.59129,18.03183],[121.59161,18.03277],[121.59245,18.03322],[121.59313,18.03345],[121.59423,18.0345],[121.59544,18.03489],[121.59597,18.03494],[121.59619,18.03482],[121.59649,18.03447],[121.59682,18.0344],[121.59724,18.03448],[121.59749,18.03514],[121.59707,18.03544],[121.59708,18.03557],[121.59725,18.03596],[121.59748,18.03614],[121.59761,18.03648],[121.59763,18.03689],[121.59779,18.03744],[121.59793,18.03754],[121.59831,18.03759],[121.59852,18.03778],[121.59859,18.03794],[121.59863,18.03881],[121.59879,18.03899],[121.59914,18.03899],[121.59932,18.03881],[121.59967,18.03864],[121.6,18.03798],[121.6,18.03771],[121.59958,18.03684],[121.59959,18.0365],[121.59996,18.03628],[121.60024,18.03623],[121.60093,18.03646],[121.60117,18.03722],[121.6011,18.03753],[121.60075,18.03823],[121.60068,18.0386],[121.60071,18.03884],[121.60094,18.03912],[121.60131,18.03931],[121.6017,18.03923],[121.60208,18.03872],[121.60227,18.03829],[121.60304,18.03843],[121.60337,18.03858],[121.60358,18.03882],[121.6041,18.03908],[121.60436,18.03939],[121.6047,18.0404],[121.60461,18.04066],[121.6042,18.04096],[121.60408,18.04117],[121.60409,18.04139],[121.60423,18.04163],[121.60416,18.0418],[121.60371,18.04186],[121.60362,18.04196],[121.60367,18.0422],[121.60381,18.04237],[121.60397,18.04246],[121.60493,18.04259],[121.60509,18.04275],[121.60543,18.04345],[121.60587,18.04375],[121.60649,18.04358],[121.60711,18.04351],[121.60728,18.04338],[121.60732,18.04295],[121.60744,18.04273],[121.60802,18.04265],[121.60819,18.04273],[121.60907,18.04425],[121.6093,18.0445],[121.60913,18.04471],[121.60915,18.04488],[121.6093,18.04498],[121.60994,18.04494],[121.61058,18.04515],[121.61069,18.04541],[121.61014,18.04579],[121.61021,18.04593],[121.61062,18.04619],[121.61054,18.04655],[121.61067,18.04709],[121.6109,18.0474],[121.61113,18.0475],[121.61143,18.04745],[121.61179,18.04812],[121.6119,18.04817],[121.61205,18.0481],[121.61179,18.0477],[121.61164,18.04724],[121.6119,18.04663],[121.61216,18.04561],[121.61226,18.04541],[121.61234,18.0454],[121.61297,18.04584],[121.6152,18.04778],[121.61552,18.0483],[121.61577,18.0483],[121.61616,18.04893],[121.61607,18.04926],[121.61576,18.04951],[121.61505,18.0496],[121.61438,18.04983],[121.61422,18.04982],[121.61362,18.04948],[121.61334,18.04944],[121.61332,18.04919],[121.61285,18.04907],[121.61272,18.04889],[121.61191,18.04918],[121.61177,18.04962],[121.61177,18.04995],[121.61189,18.05035],[121.61188,18.05092],[121.61202,18.05137],[121.61192,18.05151],[121.61169,18.0516],[121.61114,18.05153],[121.61063,18.05161],[121.60965,18.05208],[121.6089,18.0523],[121.60855,18.05271],[121.60852,18.05304],[121.6081,18.05359],[121.60799,18.05399],[121.60802,18.05451],[121.60841,18.05526],[121.60816,18.05513],[121.60792,18.05516],[121.60765,18.05536],[121.60758,18.05554],[121.60781,18.05565],[121.6093,18.05523],[121.60943,18.05527],[121.60974,18.05547],[121.61011,18.05611],[121.61042,18.05637],[121.61053,18.0567],[121.61047,18.05692],[121.61031,18.05704],[121.60975,18.05709],[121.60904,18.05694],[121.60877,18.05715],[121.6087,18.05737],[121.6087,18.05782],[121.60877,18.05794],[121.60907,18.05803],[121.60935,18.05836],[121.60945,18.05875],[121.60926,18.05948],[121.60932,18.05971],[121.60951,18.05998],[121.60953,18.06086],[121.60949,18.06159],[121.60878,18.06204],[121.60852,18.06207],[121.60838,18.06198],[121.60782,18.06131],[121.60777,18.06116],[121.60829,18.06044],[121.60821,18.0598],[121.60826,18.05965],[121.6086,18.05931],[121.60843,18.05892],[121.6079,18.05869],[121.60767,18.05873],[121.60755,18.05932],[121.60717,18.05984],[121.60649,18.05934],[121.60493,18.05892],[121.60381,18.05885],[121.60325,18.05848],[121.6029,18.05842],[121.60266,18.05821],[121.6025,18.05752],[121.60272,18.05686],[121.60323,18.05692],[121.60362,18.05677],[121.60379,18.05661],[121.60448,18.05641],[121.605,18.05665],[121.60526,18.05667],[121.60548,18.05653],[121.60568,18.05623],[121.60558,18.05607],[121.60506,18.05571],[121.60482,18.05493],[121.60467,18.05475],[121.6032,18.05403],[121.60308,18.05384],[121.60274,18.0536],[121.60197,18.05343],[121.6016,18.05346],[121.60059,18.05326],[121.60015,18.05345],[121.59999,18.05344],[121.59956,18.05368],[121.59917,18.05371],[121.59821,18.05312],[121.59805,18.05317],[121.59771,18.05353],[121.59753,18.05404],[121.59685,18.05505],[121.59607,18.0555],[121.59522,18.05553],[121.59412,18.05545],[121.59371,18.05533],[121.59367,18.05514],[121.59383,18.05475],[121.59339,18.05441],[121.59319,18.05409],[121.59311,18.05362],[121.59283,18.05347],[121.59244,18.05353],[121.59215,18.05342],[121.59192,18.05364],[121.59191,18.05428],[121.59182,18.05462],[121.59209,18.05539],[121.59151,18.05607],[121.59123,18.05622],[121.58989,18.05652],[121.58925,18.05703],[121.58684,18.0579],[121.58602,18.05767],[121.58455,18.05644],[121.58382,18.05565],[121.58335,18.05537],[121.58308,18.05458],[121.58278,18.05435],[121.58269,18.05411],[121.58225,18.05372],[121.58217,18.05355],[121.58218,18.05339],[121.58255,18.05282],[121.583,18.05254],[121.58302,18.0523],[121.58251,18.05229],[121.58234,18.0519],[121.5822,18.0518],[121.58186,18.05192],[121.58169,18.0519],[121.58156,18.05179],[121.58139,18.05129],[121.58118,18.05125],[121.58091,18.05143],[121.58044,18.05158],[121.57999,18.05155],[121.57868,18.05223],[121.57828,18.05235],[121.57767,18.05221],[121.57716,18.05218],[121.57682,18.05206],[121.57631,18.05207],[121.57617,18.05216],[121.57582,18.05271],[121.57605,18.05331],[121.57603,18.05362],[121.57582,18.05387],[121.57526,18.05413],[121.57514,18.05455],[121.57522,18.05501],[121.57538,18.0553],[121.57563,18.05544],[121.57614,18.05552],[121.57627,18.05567],[121.57639,18.05608],[121.57542,18.05664],[121.5741,18.05643],[121.57325,18.05596],[121.57291,18.0559],[121.57127,18.05616],[121.57078,18.05639],[121.56717,18.05689],[121.56631,18.05725],[121.56564,18.05743],[121.56514,18.05744],[121.56459,18.05728],[121.56383,18.05731],[121.56205,18.05848],[121.56175,18.05885],[121.56134,18.05915],[121.56068,18.05902],[121.56024,18.05882],[121.55964,18.05885],[121.55844,18.05937],[121.55782,18.05977],[121.55727,18.06],[121.55676,18.06071],[121.55556,18.06092],[121.55529,18.06091],[121.55371,18.06011],[121.55292,18.05936],[121.55277,18.05909],[121.55192,18.0585],[121.55115,18.0583],[121.55071,18.05833],[121.55017,18.05858],[121.54996,18.05879],[121.54949,18.05906],[121.54898,18.05979],[121.54891,18.0603],[121.54899,18.06076],[121.54883,18.06138],[121.54843,18.06242],[121.54817,18.0627],[121.54773,18.06352],[121.54788,18.0643],[121.54779,18.0648],[121.54795,18.0651],[121.54827,18.06543],[121.54811,18.06578],[121.54765,18.06593],[121.54607,18.0659],[121.54588,18.06596],[121.54507,18.06564],[121.54469,18.06577],[121.54412,18.0654],[121.54351,18.06535],[121.54304,18.0656],[121.54206,18.06583],[121.54177,18.06625],[121.54158,18.06637],[121.54132,18.06644],[121.54066,18.06634],[121.54044,18.06642],[121.54035,18.06659],[121.54017,18.06671],[121.53959,18.06669],[121.53872,18.06625],[121.53803,18.06608],[121.53665,18.06553],[121.5363,18.06525],[121.53581,18.06465],[121.53536,18.06387],[121.53459,18.06317],[121.53282,18.06183],[121.53211,18.06142],[121.53179,18.06108],[121.53095,18.05985],[121.53057,18.05834],[121.52978,18.05741],[121.52936,18.05646],[121.52807,18.05506],[121.52765,18.05429],[121.52657,18.05327],[121.52538,18.05259],[121.52488,18.05251],[121.52416,18.05195],[121.52345,18.05156],[121.52115,18.05088],[121.52051,18.05083],[121.51929,18.05055],[121.51829,18.05054],[121.51789,18.05062],[121.51749,18.05081],[121.51696,18.05079],[121.51623,18.05092],[121.51585,18.05116],[121.51523,18.05137],[121.51512,18.05147],[121.51413,18.05149],[121.51334,18.05173],[121.51177,18.05183],[121.51148,18.05173],[121.51067,18.05091],[121.51023,18.05061],[121.50955,18.05051],[121.509,18.05057],[121.50764,18.05102],[121.50627,18.05247],[121.5061,18.05275],[121.50556,18.05323],[121.50462,18.0537],[121.50349,18.05378],[121.50238,18.05368],[121.5012,18.05351],[121.50058,18.0533],[121.49924,18.05307],[121.49764,18.05255],[121.49746,18.05223],[121.49602,18.05215],[121.49496,18.0516],[121.49319,18.05133],[121.49175,18.05078],[121.49142,18.05057],[121.49095,18.04982],[121.49037,18.04935],[121.48976,18.0483],[121.48867,18.04737],[121.48745,18.04651],[121.48675,18.04588],[121.48612,18.04554],[121.48518,18.04456],[121.4849,18.0442],[121.48433,18.04283],[121.48411,18.04259],[121.48376,18.04242],[121.48203,18.04227],[121.48139,18.04202],[121.48033,18.04146],[121.4792,18.04015],[121.47814,18.03912],[121.47717,18.0369],[121.47616,18.0357],[121.4757,18.03473],[121.47545,18.0344],[121.47524,18.03343],[121.47506,18.03228],[121.47508,18.03197],[121.47522,18.03167],[121.47574,18.03111],[121.47723,18.03022],[121.47759,18.02962],[121.47773,18.02924],[121.47781,18.02816],[121.47756,18.02736],[121.47738,18.02707],[121.47705,18.0268],[121.47541,18.02681],[121.47358,18.02612],[121.47263,18.02567],[121.47153,18.02465],[121.47071,18.02441],[121.47037,18.02362],[121.47037,18.02337],[121.47023,18.02299],[121.46985,18.02218],[121.46967,18.0212],[121.46979,18.02052],[121.46998,18.02016],[121.47049,18.01993],[121.47079,18.0199],[121.47115,18.02],[121.47146,18.01995],[121.47161,18.01975],[121.47171,18.01938],[121.47207,18.01932],[121.47267,18.01899],[121.47278,18.01886],[121.47278,18.01857],[121.47215,18.01689],[121.47221,18.01632],[121.47206,18.01571],[121.47144,18.01496],[121.46983,18.01334],[121.4695,18.01275],[121.46922,18.01136],[121.46919,18.01043],[121.46897,18.01003],[121.46847,18.00962],[121.46801,18.00945],[121.46607,18.00914],[121.46578,18.00898],[121.46547,18.00856],[121.46488,18.00812],[121.46495,18.00758],[121.46527,18.00709],[121.46585,18.00644],[121.46624,18.00561],[121.46629,18.0049],[121.46589,18.00437],[121.46575,18.00404],[121.46609,18.00317],[121.46628,18.00226],[121.46641,18.00215],[121.46638,18.00205],[121.46608,18.00144],[121.46578,18.00116],[121.46371,18.00065],[121.46316619648447,18.000235673511973]]],[[[121.46932,18.03054],[121.46957,18.03052],[121.46986,18.03071],[121.47013,18.03105],[121.47027,18.03137],[121.47065,18.03175],[121.47121,18.03249],[121.47223,18.03429],[121.47249,18.03512],[121.47266,18.03524],[121.47347,18.03646],[121.4744,18.03733],[121.47471,18.0378],[121.47489,18.0385],[121.47488,18.03872],[121.47582,18.03975],[121.47678,18.04034],[121.47791,18.04137],[121.47873,18.04192],[121.47944,18.04282],[121.47999,18.04329],[121.48078,18.04358],[121.4826,18.04375],[121.48322,18.04415],[121.48381,18.04493],[121.48422,18.04567],[121.48533,18.04652],[121.48638,18.04717],[121.48705,18.04776],[121.48806,18.04969],[121.48939,18.05155],[121.49007,18.05188],[121.49067,18.05206],[121.49181,18.05281],[121.49402,18.05371],[121.49453,18.054],[121.49525,18.05457],[121.49609,18.05492],[121.49647,18.05526],[121.49666,18.05553],[121.49672,18.05621],[121.49685,18.05656],[121.49709,18.05706],[121.4973,18.05722],[121.49798,18.05747],[121.49842,18.05738],[121.49904,18.0569],[121.49996,18.05589],[121.50048,18.0558],[121.50212,18.05659],[121.5026,18.05709],[121.50295,18.05724],[121.50336,18.05761],[121.50421,18.05797],[121.50543,18.05895],[121.50612,18.05918],[121.50673,18.05921],[121.50723,18.05911],[121.50822,18.05862],[121.5088,18.05769],[121.51035,18.05565],[121.51082,18.05486],[121.51164,18.0542],[121.51213,18.05338],[121.51289,18.05298],[121.51393,18.05265],[121.51456,18.0527],[121.51582,18.05296],[121.51689,18.05347],[121.51863,18.0538],[121.5209,18.05454],[121.5219,18.05507],[121.52212,18.05536],[121.5221,18.05598],[121.52182,18.05619],[121.52107,18.05627],[121.52105,18.0566],[121.5212,18.05685],[121.52168,18.05721],[121.52238,18.05744],[121.52294,18.05773],[121.52327,18.05774],[121.52377,18.05756],[121.52393,18.05758],[121.5241,18.05773],[121.52435,18.05827],[121.5248,18.05866],[121.52495,18.05915],[121.5252,18.05955],[121.5251,18.05974],[121.52451,18.06027],[121.52414,18.0609],[121.52408,18.06115],[121.52472,18.06233],[121.52545,18.06305],[121.52559,18.0631],[121.52581,18.06304],[121.52619,18.06318],[121.52649,18.06345],[121.52673,18.06396],[121.52702,18.06418],[121.52842,18.06463],[121.53047,18.06565],[121.531,18.06606],[121.53166,18.0669],[121.5324,18.06767],[121.53267,18.06776],[121.53345,18.0684],[121.53424,18.06883],[121.53468,18.06899],[121.53547,18.0691],[121.53629,18.06948],[121.5374,18.0698],[121.53947,18.0702],[121.54026,18.07031],[121.5409,18.07028],[121.54145,18.07039],[121.54148,18.07062],[121.54145,18.0714],[121.54115,18.07208],[121.54112,18.07238],[121.5412,18.0731],[121.54135,18.07351],[121.54079,18.07378],[121.53838,18.07411],[121.53696,18.07448],[121.53625,18.07458],[121.53462,18.07431],[121.534,18.0738],[121.53344,18.07349],[121.53221,18.07357],[121.53166,18.0738],[121.52827,18.07451],[121.52732,18.07486],[121.52646,18.07485],[121.52602,18.0751],[121.52605,18.07525],[121.52586,18.07538],[121.52542,18.07533],[121.52522,18.07514],[121.52498,18.07524],[121.52443,18.07518],[121.52396,18.07529],[121.52363,18.07552],[121.52267,18.07581],[121.52241,18.07582],[121.5221,18.07548],[121.52193,18.07543],[121.52166,18.07554],[121.52131,18.07645],[121.5209,18.07672],[121.52051,18.07686],[121.51988,18.07692],[121.51949,18.07676],[121.51939,18.07657],[121.5194,18.07594],[121.51929,18.07567],[121.51892,18.07558],[121.51852,18.07565],[121.51824,18.0758],[121.51786,18.07629],[121.51789,18.07646],[121.51743,18.07677],[121.51631,18.07719],[121.51521,18.07731],[121.51465,18.07751],[121.51421,18.07755],[121.51322,18.0774],[121.5119,18.07738],[121.51063,18.07782],[121.51019,18.07779],[121.50942,18.07761],[121.5091,18.07736],[121.50882,18.077],[121.50849,18.07678],[121.50839,18.07571],[121.508,18.07519],[121.50792,18.07482],[121.50767,18.07436],[121.50763,18.07359],[121.50833,18.0731],[121.50851,18.07269],[121.50841,18.07219],[121.5082,18.07192],[121.50794,18.07186],[121.50759,18.07194],[121.50669,18.07174],[121.50642,18.07161],[121.50584,18.07104],[121.50517,18.06972],[121.50486,18.06806],[121.50432,18.06704],[121.50363,18.06643],[121.50354,18.06584],[121.50327,18.06564],[121.50301,18.06558],[121.50138,18.06582],[121.50085,18.06609],[121.50065,18.06654],[121.50075,18.0669],[121.501,18.0672],[121.50205,18.06725],[121.50256,18.06761],[121.50285,18.06818],[121.50273,18.06863],[121.50288,18.06902],[121.50229,18.06996],[121.5013,18.07075],[121.50031,18.07251],[121.50045,18.07326],[121.50082,18.07389],[121.50062,18.07465],[121.50027,18.07487],[121.49997,18.07493],[121.4993,18.0748],[121.49919,18.07486],[121.49899,18.07521],[121.49887,18.07532],[121.49868,18.07534],[121.49786,18.07539],[121.49701,18.07531],[121.49613,18.07497],[121.49542,18.07535],[121.49476,18.07524],[121.49415,18.07546],[121.49309,18.07511],[121.49255,18.07522],[121.49196,18.07505],[121.49105,18.07457],[121.49056,18.0745],[121.49026,18.07434],[121.4899,18.07435],[121.48951,18.07419],[121.48926,18.07387],[121.489,18.0739],[121.48887,18.07411],[121.48831,18.0745],[121.48825,18.07485],[121.4883,18.07534],[121.48816,18.07553],[121.4877,18.07577],[121.48743,18.07602],[121.48742,18.07637],[121.48734,18.07655],[121.48595,18.07725],[121.48569,18.07761],[121.48549,18.07806],[121.47996,18.05201],[121.46932,18.03054]]],[[[121.54187,18.07083],[121.54195,18.07064],[121.54221,18.0705],[121.54294,18.07078],[121.54399,18.07069],[121.54506,18.07022],[121.54556,18.06987],[121.5463,18.06969],[121.5473,18.06904],[121.54748,18.06871],[121.54755,18.06844],[121.5475,18.06818],[121.54761,18.06799],[121.54821,18.06791],[121.54837,18.06798],[121.54885,18.0689],[121.54951,18.06871],[121.54962,18.06855],[121.54951,18.06783],[121.55038,18.06662],[121.55086,18.06564],[121.55095,18.0652],[121.55097,18.06418],[121.55078,18.06318],[121.55019,18.0621],[121.5501,18.06155],[121.55017,18.06126],[121.5504,18.06093],[121.55127,18.06046],[121.55153,18.06041],[121.55177,18.06047],[121.5526,18.06095],[121.55411,18.06261],[121.55504,18.06324],[121.5563,18.06363],[121.55702,18.06397],[121.55781,18.06404],[121.55896,18.06392],[121.55976,18.06357],[121.55998,18.06358],[121.56106,18.0632],[121.56189,18.06261],[121.56254,18.06236],[121.56334,18.06161],[121.56352,18.06187],[121.56464,18.06252],[121.56496,18.06294],[121.56535,18.06293],[121.56574,18.06246],[121.56595,18.06238],[121.56653,18.06256],[121.56718,18.06257],[121.56743,18.06287],[121.56781,18.06416],[121.5682,18.06505],[121.56828,18.06589],[121.56786,18.06735],[121.56759,18.06753],[121.56667,18.06787],[121.56651,18.06809],[121.56648,18.06848],[121.56656,18.06874],[121.56696,18.0692],[121.56734,18.0692],[121.56863,18.06887],[121.56878,18.06874],[121.56897,18.06836],[121.5692,18.06816],[121.56989,18.06785],[121.57036,18.0673],[121.57188,18.06669],[121.57248,18.06624],[121.57303,18.06616],[121.57331,18.06625],[121.57338,18.06636],[121.57381,18.06655],[121.57386,18.06684],[121.57379,18.06747],[121.57355,18.06805],[121.57345,18.06884],[121.57325,18.06908],[121.57302,18.06921],[121.57281,18.06917],[121.57247,18.06882],[121.57213,18.06886],[121.57185,18.06927],[121.57153,18.06945],[121.57129,18.06941],[121.57084,18.06912],[121.5704,18.06957],[121.57022,18.06964],[121.57003,18.06957],[121.56997,18.0698],[121.57009,18.07008],[121.57057,18.07041],[121.57072,18.07108],[121.5709,18.07113],[121.57136,18.07194],[121.5715,18.07196],[121.57205,18.07177],[121.57256,18.07186],[121.57271,18.07205],[121.57277,18.07261],[121.5731,18.07296],[121.57314,18.07329],[121.57274,18.07349],[121.57227,18.07306],[121.5717,18.0727],[121.57147,18.0729],[121.57135,18.07289],[121.57112,18.07258],[121.57074,18.07246],[121.57052,18.07227],[121.57022,18.07221],[121.56977,18.07285],[121.56974,18.07312],[121.57035,18.07392],[121.57119,18.0747],[121.57132,18.07516],[121.57159,18.07557],[121.57159,18.07574],[121.57147,18.07581],[121.57023,18.07553],[121.57005,18.07558],[121.56949,18.07648],[121.569,18.07654],[121.56811,18.07614],[121.56719,18.07593],[121.56682,18.07591],[121.56644,18.07601],[121.56623,18.07613],[121.56578,18.07663],[121.56553,18.07718],[121.56515,18.0776],[121.56534,18.07798],[121.5653,18.07815],[121.5648,18.07835],[121.56401,18.07805],[121.56332,18.07744],[121.563,18.07746],[121.56224,18.07734],[121.56108,18.07698],[121.56034,18.0766],[121.56005,18.07623],[121.55957,18.07598],[121.55949,18.07587],[121.55959,18.07566],[121.55998,18.07533],[121.5601,18.07505],[121.56017,18.07467],[121.56014,18.07412],[121.55922,18.07346],[121.55754,18.07263],[121.55582,18.07244],[121.55559,18.07234],[121.55462,18.07228],[121.55444,18.07235],[121.55431,18.07258],[121.5545,18.07307],[121.55543,18.07362],[121.55558,18.07387],[121.55562,18.0744],[121.55626,18.07475],[121.5564,18.07492],[121.55641,18.07507],[121.5555,18.07511],[121.55388,18.07477],[121.55307,18.07492],[121.55272,18.07474],[121.55243,18.07451],[121.55235,18.07404],[121.55269,18.07331],[121.55324,18.07308],[121.55351,18.07286],[121.55359,18.07245],[121.55335,18.0717],[121.55298,18.0715],[121.55203,18.07127],[121.5509,18.07145],[121.55066,18.0713],[121.55026,18.07087],[121.55008,18.07053],[121.55033,18.07015],[121.55044,18.06978],[121.55036,18.06952],[121.55013,18.06941],[121.54973,18.0698],[121.54911,18.07019],[121.54876,18.07021],[121.54853,18.07038],[121.54729,18.07064],[121.54568,18.07134],[121.54546,18.07154],[121.54547,18.07193],[121.5449,18.0725],[121.5448,18.0728],[121.54486,18.07323],[121.54469,18.07339],[121.54446,18.07345],[121.54414,18.0735],[121.5437,18.0733],[121.54351,18.07262],[121.54303,18.0723],[121.54263,18.07177],[121.54206,18.07144],[121.54187,18.0712],[121.54187,18.07083]]],[[[121.5649,18.06084],[121.56524,18.06044],[121.56623,18.06002],[121.56674,18.05967],[121.56755,18.05928],[121.56859,18.05913],[121.56959,18.05915],[121.57002,18.05934],[121.57019,18.0595],[121.57094,18.0597],[121.57131,18.05969],[121.57156,18.0599],[121.5716,18.05981],[121.57193,18.06029],[121.57213,18.0604],[121.57284,18.06066],[121.57323,18.06067],[121.57363,18.06056],[121.57418,18.06068],[121.57523,18.06108],[121.57567,18.0614],[121.57612,18.06149],[121.57632,18.0614],[121.57668,18.06154],[121.57718,18.06189],[121.5776,18.06203],[121.57773,18.06216],[121.57842,18.06232],[121.57824,18.06247],[121.57803,18.06284],[121.57827,18.06345],[121.57821,18.06382],[121.578,18.06405],[121.57799,18.06427],[121.57819,18.06469],[121.57844,18.06497],[121.57831,18.06509],[121.57798,18.06517],[121.5772,18.06556],[121.57663,18.06563],[121.57652,18.06559],[121.57634,18.06508],[121.57636,18.06437],[121.57614,18.06399],[121.57567,18.06354],[121.5743,18.06266],[121.57334,18.06271],[121.57271,18.06224],[121.57136,18.06216],[121.57086,18.06199],[121.57061,18.06215],[121.57035,18.0625],[121.57003,18.06263],[121.56972,18.06256],[121.57001,18.0622],[121.57007,18.06193],[121.56986,18.06148],[121.56969,18.06137],[121.56967,18.06116],[121.56984,18.0611],[121.57,18.06119],[121.57018,18.0611],[121.57033,18.06053],[121.57029,18.06034],[121.5702,18.06029],[121.56985,18.06035],[121.56963,18.0607],[121.56913,18.06105],[121.56895,18.06106],[121.56863,18.06092],[121.56831,18.06104],[121.56832,18.06114],[121.56811,18.06126],[121.56781,18.06113],[121.56767,18.06115],[121.56647,18.0615],[121.5658,18.06136],[121.56528,18.06137],[121.56511,18.06123],[121.5649,18.06084]]],[[[121.57997,18.064],[121.58006,18.0638],[121.58036,18.06358],[121.58053,18.06328],[121.5809,18.0631],[121.58105,18.06323],[121.58109,18.06382],[121.58142,18.06383],[121.5816,18.0636],[121.58169,18.06292],[121.5819,18.06276],[121.58212,18.06272],[121.58235,18.0629],[121.58248,18.06354],[121.58258,18.06367],[121.58314,18.06409],[121.58338,18.06445],[121.5835,18.06447],[121.5837,18.0643],[121.58393,18.06426],[121.58446,18.06443],[121.58488,18.06427],[121.58498,18.06411],[121.58528,18.06391],[121.58519,18.06327],[121.58471,18.06286],[121.5846,18.0626],[121.58473,18.06241],[121.58502,18.06226],[121.5852,18.06229],[121.58558,18.06263],[121.58598,18.0625],[121.58649,18.06293],[121.5871,18.06241],[121.58732,18.06273],[121.58748,18.06283],[121.58812,18.0628],[121.5883,18.06253],[121.58888,18.0622],[121.58922,18.06172],[121.5894,18.06163],[121.58963,18.06172],[121.58978,18.06194],[121.59,18.06196],[121.59075,18.06161],[121.59133,18.06177],[121.59192,18.0621],[121.59254,18.06218],[121.59298,18.06247],[121.59317,18.06283],[121.59273,18.0636],[121.59168,18.06462],[121.59136,18.06505],[121.5914,18.06521],[121.59157,18.06525],[121.59217,18.06513],[121.59242,18.06526],[121.59267,18.06564],[121.59293,18.0657],[121.59299,18.06562],[121.59289,18.06524],[121.59294,18.06512],[121.59323,18.06502],[121.59369,18.06514],[121.59371,18.06455],[121.59391,18.06432],[121.59417,18.06426],[121.59476,18.06465],[121.59604,18.06439],[121.59628,18.06445],[121.59631,18.06481],[121.59606,18.06526],[121.59588,18.06533],[121.59534,18.06522],[121.59492,18.06538],[121.59485,18.06556],[121.59493,18.06578],[121.59517,18.06592],[121.59528,18.06617],[121.59514,18.06652],[121.59461,18.06682],[121.59456,18.06704],[121.59466,18.06717],[121.59497,18.06721],[121.59558,18.06701],[121.59588,18.06732],[121.59641,18.06748],[121.59654,18.06736],[121.5965,18.0672],[121.59602,18.06705],[121.59591,18.0669],[121.59626,18.06685],[121.59633,18.0664],[121.59725,18.06569],[121.5975,18.06539],[121.59874,18.06509],[121.59943,18.06527],[121.59969,18.06546],[121.59981,18.06571],[121.59979,18.06597],[121.5996,18.06605],[121.5989,18.06608],[121.59867,18.06616],[121.5985,18.06637],[121.59854,18.06665],[121.59909,18.06727],[121.59897,18.06762],[121.59861,18.06779],[121.59844,18.06776],[121.59809,18.06757],[121.59787,18.06725],[121.59763,18.06733],[121.59736,18.0672],[121.59705,18.06747],[121.59704,18.06761],[121.59727,18.06783],[121.59768,18.06784],[121.59802,18.06812],[121.5981,18.06829],[121.59793,18.06872],[121.59799,18.06894],[121.59818,18.06907],[121.59838,18.06903],[121.59876,18.06911],[121.59903,18.06935],[121.59921,18.06976],[121.59934,18.06979],[121.5997,18.06962],[121.59997,18.06966],[121.60031,18.06958],[121.60065,18.06963],[121.60085,18.06977],[121.60086,18.06994],[121.60056,18.0701],[121.60034,18.07034],[121.60023,18.07074],[121.60044,18.07122],[121.60041,18.07169],[121.60076,18.07222],[121.60069,18.0725],[121.60057,18.07256],[121.59969,18.07249],[121.59921,18.07231],[121.59911,18.0721],[121.59898,18.07126],[121.59887,18.07119],[121.59841,18.07133],[121.59821,18.07126],[121.59807,18.07096],[121.59814,18.07046],[121.59793,18.07034],[121.59747,18.07045],[121.59733,18.06973],[121.59718,18.06955],[121.59606,18.06958],[121.59523,18.06936],[121.59485,18.06941],[121.59437,18.06935],[121.59414,18.06917],[121.59419,18.06875],[121.59395,18.0687],[121.59368,18.06845],[121.59347,18.06839],[121.59327,18.06843],[121.59277,18.0688],[121.59257,18.06883],[121.59241,18.06816],[121.59221,18.06815],[121.59189,18.06825],[121.5917,18.06852],[121.5918,18.06911],[121.59227,18.06991],[121.59219,18.07021],[121.59191,18.07038],[121.5912,18.06974],[121.59079,18.06953],[121.59061,18.06913],[121.5902,18.06856],[121.58968,18.06806],[121.58867,18.06779],[121.58814,18.0674],[121.58761,18.06718],[121.58693,18.06646],[121.58648,18.06642],[121.58602,18.06649],[121.58454,18.06729],[121.5843,18.06736],[121.58403,18.06729],[121.58328,18.06686],[121.58273,18.06631],[121.58237,18.06582],[121.5809,18.06537],[121.5808,18.06523],[121.58064,18.06454],[121.58043,18.06438],[121.58006,18.06428],[121.57997,18.064]]]]}},{"type":"Feature","properties":{"id":"MGB-FLD-7","susceptibility":"moderate","susceptibility_label":"Moderate","raw_class":"MF","data_source":"DENR-MGB / controlmap.mgb.gov.ph","objectid":7},"geometry":{"type":"MultiPolygon","coordinates":[[[[121.46279391151614,18.000342970819467],[121.46316619648447,18.000235673511973],[121.46371,18.00065],[121.46477,18.00088],[121.46534,18.00109],[121.46564,18.00111],[121.46608,18.00144],[121.46641,18.00215],[121.46628,18.00226],[121.46609,18.00317],[121.46583,18.00381],[121.46567,18.00363],[121.46556,18.0016],[121.46542,18.00145],[121.46291,18.00044],[121.46279391151614,18.000342970819467]]],[[[121.4693,18.03049],[121.46944,18.03045],[121.46996,18.03058],[121.47057,18.0306],[121.47084,18.03076],[121.47103,18.0311],[121.47122,18.03219],[121.47237,18.03413],[121.47261,18.03516],[121.47277,18.03525],[121.47343,18.03621],[121.47359,18.03656],[121.47266,18.03524],[121.47249,18.03512],[121.47223,18.03429],[121.47121,18.03249],[121.47065,18.03175],[121.47027,18.03137],[121.47013,18.03105],[121.46986,18.03071],[121.46957,18.03052],[121.4693,18.03049]]],[[[121.47049,18.02389],[121.47071,18.02441],[121.47153,18.02465],[121.47263,18.02567],[121.47358,18.02612],[121.47541,18.02681],[121.47705,18.0268],[121.47738,18.02707],[121.47756,18.02736],[121.47779,18.028],[121.47779,18.0287],[121.47773,18.02924],[121.47739,18.03006],[121.47685,18.03048],[121.47574,18.03111],[121.47548,18.03135],[121.47522,18.03167],[121.47508,18.03197],[121.47506,18.03228],[121.47545,18.0344],[121.4757,18.03473],[121.47616,18.0357],[121.47717,18.0369],[121.47814,18.03912],[121.4792,18.04015],[121.48033,18.04146],[121.48139,18.04202],[121.48203,18.04227],[121.48376,18.04242],[121.48411,18.04259],[121.48433,18.04283],[121.4849,18.0442],[121.48518,18.04456],[121.48612,18.04554],[121.48675,18.04588],[121.48745,18.04651],[121.48867,18.04737],[121.48976,18.0483],[121.49037,18.04935],[121.49095,18.04982],[121.49142,18.05057],[121.49175,18.05078],[121.49319,18.05133],[121.49496,18.0516],[121.49602,18.05215],[121.49746,18.05223],[121.49764,18.05255],[121.49875,18.05295],[121.50058,18.0533],[121.5012,18.05351],[121.50349,18.05378],[121.50462,18.0537],[121.50501,18.05356],[121.50556,18.05323],[121.5061,18.05275],[121.50627,18.05247],[121.50764,18.05102],[121.509,18.05057],[121.50955,18.05051],[121.51023,18.05061],[121.51067,18.05091],[121.51148,18.05173],[121.51177,18.05183],[121.51334,18.05173],[121.51413,18.05149],[121.51512,18.05147],[121.51523,18.05137],[121.51585,18.05116],[121.51623,18.05092],[121.51696,18.05079],[121.51749,18.05081],[121.51789,18.05062],[121.51829,18.05054],[121.51929,18.05055],[121.52051,18.05083],[121.52115,18.05088],[121.52321,18.05146],[121.52388,18.05177],[121.52488,18.05251],[121.52529,18.05256],[121.52679,18.05344],[121.52765,18.05429],[121.52807,18.05506],[121.52936,18.05646],[121.52978,18.05741],[121.53061,18.05841],[121.53076,18.0592],[121.53101,18.05996],[121.53203,18.06136],[121.53282,18.06183],[121.53459,18.06317],[121.53536,18.06387],[121.53544,18.06406],[121.53501,18.06377],[121.53457,18.0633],[121.5326,18.06184],[121.53207,18.06153],[121.53147,18.06074],[121.53118,18.06053],[121.53047,18.05898],[121.53056,18.05864],[121.53001,18.0579],[121.52972,18.05766],[121.52956,18.05736],[121.52937,18.05669],[121.52812,18.05524],[121.52715,18.05431],[121.52671,18.05376],[121.52587,18.05311],[121.52551,18.0529],[121.52512,18.05278],[121.52391,18.05193],[121.52324,18.05156],[121.52167,18.05117],[121.52143,18.05103],[121.52062,18.05089],[121.52049,18.05093],[121.52002,18.05076],[121.51824,18.05058],[121.51799,18.05068],[121.51792,18.05081],[121.51774,18.05091],[121.51704,18.05094],[121.5162,18.05113],[121.51571,18.05142],[121.51527,18.05156],[121.51411,18.05156],[121.51371,18.05181],[121.51204,18.05223],[121.51132,18.05199],[121.51034,18.05141],[121.50983,18.05078],[121.50924,18.05077],[121.50863,18.05096],[121.50824,18.05126],[121.50738,18.05172],[121.50685,18.05231],[121.50625,18.05316],[121.50552,18.05371],[121.50522,18.05403],[121.50503,18.05413],[121.5041,18.05422],[121.50279,18.05406],[121.50184,18.05381],[121.50132,18.05381],[121.50023,18.05345],[121.49932,18.05336],[121.49831,18.05301],[121.49785,18.05297],[121.49617,18.05245],[121.49514,18.05195],[121.49368,18.05175],[121.49284,18.05155],[121.49179,18.05115],[121.49099,18.05055],[121.49062,18.05012],[121.48966,18.04849],[121.48764,18.04693],[121.48646,18.04617],[121.48574,18.04555],[121.48535,18.04506],[121.48481,18.0447],[121.48425,18.04333],[121.48389,18.04287],[121.48338,18.04274],[121.48296,18.04279],[121.48165,18.0427],[121.481,18.04249],[121.4801,18.04173],[121.47992,18.04138],[121.47946,18.04084],[121.47783,18.03952],[121.477,18.03749],[121.47615,18.03644],[121.47596,18.03597],[121.47544,18.03529],[121.47527,18.03486],[121.47501,18.03447],[121.47446,18.03263],[121.47438,18.03175],[121.4745,18.03145],[121.47492,18.03085],[121.47545,18.03055],[121.47573,18.03021],[121.47652,18.02983],[121.47698,18.02933],[121.47728,18.02923],[121.47758,18.02864],[121.47751,18.02822],[121.47712,18.02777],[121.47676,18.02749],[121.47536,18.02732],[121.4747,18.02709],[121.47452,18.02683],[121.47378,18.02655],[121.47308,18.0261],[121.47288,18.02609],[121.47264,18.02621],[121.47246,18.02617],[121.47232,18.026],[121.47207,18.02541],[121.47142,18.02471],[121.4706,18.02455],[121.47049,18.02389]]],[[[121.48549,18.07806],[121.48569,18.07761],[121.48595,18.07725],[121.48734,18.07655],[121.48742,18.07637],[121.48743,18.07602],[121.4877,18.07577],[121.48816,18.07553],[121.4883,18.07534],[121.48825,18.07485],[121.48831,18.0745],[121.48876,18.07421],[121.48912,18.07384],[121.48936,18.07394],[121.48951,18.07419],[121.4899,18.07435],[121.49026,18.07434],[121.49056,18.0745],[121.49105,18.07457],[121.49196,18.07505],[121.49255,18.07522],[121.49309,18.07511],[121.49415,18.07546],[121.49476,18.07524],[121.49542,18.07535],[121.49613,18.07497],[121.49701,18.07531],[121.49786,18.07539],[121.49887,18.07532],[121.4993,18.0748],[121.49997,18.07493],[121.50027,18.07487],[121.50062,18.07465],[121.50082,18.07389],[121.50045,18.07326],[121.50031,18.07251],[121.5013,18.07075],[121.50229,18.06996],[121.50288,18.06902],[121.50273,18.06863],[121.50285,18.06818],[121.50256,18.06761],[121.50205,18.06725],[121.501,18.0672],[121.50075,18.0669],[121.50065,18.06654],[121.50085,18.06609],[121.50145,18.06579],[121.50196,18.06569],[121.50301,18.06558],[121.50327,18.06564],[121.50354,18.06584],[121.50363,18.06643],[121.50432,18.06704],[121.50486,18.06806],[121.50517,18.06972],[121.50584,18.07104],[121.50642,18.07161],[121.50669,18.07174],[121.50759,18.07194],[121.50794,18.07186],[121.5082,18.07192],[121.50841,18.07219],[121.50851,18.07269],[121.50833,18.0731],[121.50763,18.07359],[121.50767,18.07436],[121.50792,18.07482],[121.508,18.07519],[121.50839,18.07571],[121.50849,18.07678],[121.50882,18.077],[121.5091,18.07736],[121.50942,18.07761],[121.51019,18.07779],[121.51063,18.07782],[121.5119,18.07738],[121.51322,18.0774],[121.51421,18.07755],[121.51465,18.07751],[121.51521,18.07731],[121.51631,18.07719],[121.51743,18.07677],[121.51789,18.07646],[121.51786,18.07629],[121.51824,18.0758],[121.51852,18.07565],[121.51892,18.07558],[121.51929,18.07567],[121.5194,18.07594],[121.51939,18.07657],[121.51949,18.07676],[121.51988,18.07692],[121.52051,18.07686],[121.5209,18.07672],[121.52131,18.07645],[121.52166,18.07554],[121.52193,18.07543],[121.5221,18.07548],[121.52241,18.07582],[121.52267,18.07581],[121.52363,18.07552],[121.52396,18.07529],[121.52443,18.07518],[121.52498,18.07524],[121.52522,18.07514],[121.52542,18.07533],[121.52586,18.07538],[121.52605,18.07525],[121.52602,18.0751],[121.52646,18.07485],[121.52732,18.07486],[121.52827,18.07451],[121.53166,18.0738],[121.53221,18.07357],[121.53344,18.07349],[121.534,18.0738],[121.53462,18.07431],[121.53625,18.07458],[121.53696,18.07448],[121.53838,18.07411],[121.54079,18.07378],[121.54135,18.07351],[121.5412,18.0731],[121.54112,18.07238],[121.54115,18.07208],[121.54145,18.0714],[121.54145,18.07039],[121.5409,18.07028],[121.54026,18.07031],[121.53947,18.0702],[121.5374,18.0698],[121.53629,18.06948],[121.53547,18.0691],[121.53468,18.06899],[121.53424,18.06883],[121.53345,18.0684],[121.53267,18.06776],[121.5324,18.06767],[121.53166,18.0669],[121.531,18.06606],[121.53047,18.06565],[121.52965640625,18.0652451875],[121.53016,18.06541],[121.53084,18.06583],[121.53286,18.06786],[121.53355,18.06838],[121.53421,18.0687],[121.53574,18.0691],[121.53661,18.06948],[121.53764,18.06977],[121.53911,18.07005],[121.53994,18.07007],[121.5413,18.07026],[121.54213,18.07041],[121.54313,18.07073],[121.54417,18.07053],[121.54497,18.0702],[121.54548,18.06984],[121.54625,18.06967],[121.54685,18.06932],[121.54739,18.06886],[121.54751,18.06843],[121.54747,18.06808],[121.54757,18.06794],[121.5483,18.06786],[121.54879,18.06847],[121.54902,18.06856],[121.5495,18.0681],[121.54946,18.0678],[121.55033,18.06658],[121.55069,18.06564],[121.55073,18.06476],[121.55087,18.06396],[121.5507,18.06352],[121.55064,18.06303],[121.55003,18.06186],[121.55003,18.06137],[121.55031,18.06086],[121.55045,18.06073],[121.55064,18.06071],[121.55145,18.06027],[121.55241,18.06056],[121.55439,18.06275],[121.55519,18.06315],[121.55602,18.06336],[121.55722,18.06383],[121.55784,18.06397],[121.55853,18.06393],[121.55907,18.0638],[121.56133,18.06291],[121.56273,18.06208],[121.56321,18.06139],[121.56386,18.06111],[121.56457,18.06058],[121.56618,18.05988],[121.56751,18.05915],[121.56804,18.05899],[121.56953,18.05905],[121.57158,18.05972],[121.57273,18.06034],[121.57422,18.06057],[121.57632,18.0614],[121.57612,18.06149],[121.57571,18.06142],[121.57501,18.06098],[121.57363,18.06056],[121.57323,18.06067],[121.57284,18.06066],[121.57196,18.06031],[121.5716,18.05981],[121.57156,18.0599],[121.57131,18.05969],[121.57094,18.0597],[121.57019,18.0595],[121.57002,18.05934],[121.56959,18.05915],[121.56859,18.05913],[121.56755,18.05928],[121.56674,18.05967],[121.56623,18.06002],[121.56514,18.06049],[121.56505,18.0607],[121.5649,18.0608],[121.56491,18.06091],[121.56528,18.06137],[121.5658,18.06136],[121.56647,18.0615],[121.56767,18.06115],[121.56781,18.06113],[121.56811,18.06126],[121.56832,18.06114],[121.56831,18.06104],[121.56863,18.06092],[121.56895,18.06106],[121.56913,18.06105],[121.56963,18.0607],[121.56985,18.06035],[121.5702,18.06029],[121.57029,18.06034],[121.57033,18.06053],[121.57018,18.0611],[121.57,18.06119],[121.56984,18.0611],[121.56967,18.06116],[121.56969,18.06137],[121.56986,18.06148],[121.57007,18.06193],[121.57001,18.0622],[121.56972,18.06256],[121.57003,18.06263],[121.57035,18.0625],[121.57061,18.06215],[121.57086,18.06199],[121.57136,18.06216],[121.57271,18.06224],[121.57334,18.06271],[121.5743,18.06266],[121.57567,18.06354],[121.57614,18.06399],[121.57636,18.06437],[121.57634,18.06508],[121.57648,18.06551],[121.57652,18.06559],[121.57682,18.06564],[121.5772,18.06556],[121.57839,18.06505],[121.5784,18.06487],[121.57819,18.06469],[121.57799,18.06427],[121.578,18.06405],[121.57821,18.06382],[121.57826,18.06359],[121.57827,18.06345],[121.57803,18.06284],[121.57824,18.06247],[121.57842,18.06232],[121.57902,18.06228],[121.57968,18.06201],[121.58005,18.06162],[121.58026,18.06101],[121.58043,18.06077],[121.58096,18.06047],[121.58134,18.06013],[121.58215,18.05985],[121.58266,18.05948],[121.58286,18.05928],[121.58298,18.05894],[121.58294,18.05873],[121.58254,18.05817],[121.5826,18.05809],[121.58279,18.0581],[121.58329,18.05832],[121.58339,18.05844],[121.58326,18.05891],[121.58333,18.05939],[121.58356,18.05975],[121.58423,18.05993],[121.58467,18.05978],[121.58552,18.06021],[121.58668,18.06047],[121.58679,18.06048],[121.58869,18.05952],[121.58968,18.05921],[121.59009,18.05916],[121.59107,18.05929],[121.59152,18.0597],[121.59189,18.05981],[121.59196,18.06029],[121.59249,18.06101],[121.59295,18.0618],[121.59305,18.06223],[121.59364,18.06266],[121.59406,18.06334],[121.59429,18.06357],[121.59469,18.06376],[121.59541,18.06385],[121.59607,18.06418],[121.59628,18.06412],[121.59659,18.06376],[121.59703,18.06376],[121.59733,18.0636],[121.59791,18.06349],[121.59829,18.06357],[121.59918,18.064],[121.59911,18.06415],[121.5993,18.06457],[121.59959,18.06482],[121.59991,18.06534],[121.59996,18.06553],[121.59988,18.06609],[121.5997,18.0662],[121.59926,18.06611],[121.59867,18.06628],[121.59855,18.06652],[121.59877,18.06682],[121.59916,18.06713],[121.59915,18.06746],[121.59904,18.06763],[121.5986,18.06789],[121.59836,18.06785],[121.59811,18.06769],[121.59795,18.06779],[121.59795,18.06788],[121.59815,18.06806],[121.59823,18.06828],[121.59808,18.06859],[121.59811,18.06872],[121.59828,18.06892],[121.59865,18.06897],[121.59906,18.06918],[121.59928,18.06968],[121.59974,18.06951],[121.60013,18.06955],[121.60058,18.06946],[121.60093,18.0697],[121.60098,18.06994],[121.60072,18.07027],[121.60076,18.07082],[121.6007,18.0714],[121.60082,18.07226],[121.6007,18.07259],[121.59965,18.0726],[121.59909,18.07232],[121.59895,18.07154],[121.59888,18.07147],[121.59806,18.07135],[121.59804,18.07051],[121.59782,18.07044],[121.59765,18.07062],[121.59739,18.07051],[121.59729,18.0704],[121.59731,18.07001],[121.59722,18.06984],[121.59696,18.06971],[121.59589,18.0697],[121.59452,18.06947],[121.594,18.06917],[121.59363,18.06878],[121.59314,18.06865],[121.59272,18.06895],[121.59236,18.06952],[121.59226,18.07042],[121.59202,18.07073],[121.5918,18.07061],[121.5915,18.07015],[121.59067,18.0696],[121.59034,18.06894],[121.58985,18.06849],[121.58862,18.06796],[121.58754,18.06736],[121.58568,18.06729],[121.58423,18.06748],[121.58377,18.06736],[121.58321,18.067],[121.58273,18.06683],[121.58037,18.06653],[121.58011,18.06679],[121.58014,18.06722],[121.58008,18.06734],[121.57968,18.06741],[121.57933,18.0678],[121.57879,18.068],[121.57824,18.06818],[121.57746,18.06829],[121.57678,18.06816],[121.57605,18.06813],[121.57531,18.06831],[121.57492,18.06855],[121.57405,18.06958],[121.57311,18.07043],[121.57307,18.0708],[121.57288,18.07109],[121.57279,18.07145],[121.57278,18.0719],[121.57314,18.07236],[121.57335,18.07281],[121.57336,18.07301],[121.57301,18.07371],[121.57272,18.0739],[121.57257,18.07396],[121.57242,18.07388],[121.57204,18.07324],[121.57175,18.0732],[121.57161,18.07345],[121.57149,18.07346],[121.57114,18.07308],[121.57084,18.07292],[121.57027,18.07287],[121.57008,18.07342],[121.57046,18.07393],[121.57098,18.07437],[121.57131,18.07478],[121.57168,18.07551],[121.57172,18.07583],[121.57139,18.07617],[121.57079,18.07646],[121.57024,18.07712],[121.56967,18.07754],[121.56921,18.07767],[121.56841,18.07814],[121.56784,18.07829],[121.56462,18.07859],[121.56256,18.07812],[121.56121,18.07796],[121.5601,18.07791],[121.55908,18.07819],[121.55862,18.07808],[121.55834,18.07791],[121.55797,18.07745],[121.55762,18.07718],[121.55712,18.07711],[121.55569,18.07734],[121.55416,18.0779],[121.55331,18.07845],[121.55274,18.07921],[121.55232,18.08007],[121.54917,18.08365],[121.54736,18.08481],[121.5466,18.08518],[121.54576,18.08514],[121.54421,18.08527],[121.54221,18.08669],[121.541,18.08773],[121.54,18.08951],[121.53983,18.09062],[121.53991,18.0916],[121.54003,18.09261],[121.54034,18.09346],[121.54194,18.09536],[121.54283,18.09716],[121.54336,18.09766],[121.54433,18.09829],[121.54453,18.0989],[121.54476,18.0992],[121.54498,18.09937],[121.54536,18.09946],[121.54669,18.09948],[121.54726,18.09967],[121.54756,18.09991],[121.54838,18.10126],[121.54894,18.10159],[121.54918,18.10188],[121.55023,18.10245],[121.55119,18.10283],[121.55239,18.10425],[121.55311,18.10431],[121.5547,18.10399],[121.55572,18.1037],[121.55612,18.10347],[121.55621,18.10323],[121.55615,18.10291],[121.5562,18.10264],[121.55603,18.10217],[121.55609,18.10206],[121.5566,18.1017],[121.55708,18.10122],[121.55797,18.10062],[121.55855,18.10039],[121.55974,18.10014],[121.55993,18.1],[121.56044,18.09994],[121.5611,18.10005],[121.56148,18.10012],[121.56166,18.10027],[121.56192,18.10035],[121.5622,18.10035],[121.56292,18.10013],[121.56346,18.09974],[121.56481,18.09946],[121.56548,18.09919],[121.56723,18.09871],[121.56785,18.09897],[121.56795,18.09936],[121.56774,18.09982],[121.56796,18.1002],[121.5682,18.10036],[121.56904,18.10069],[121.57032,18.10073],[121.57091,18.10101],[121.57157,18.10099],[121.57261,18.10081],[121.57308,18.1006],[121.57383,18.10043],[121.57429,18.0999],[121.57459,18.09975],[121.57695,18.09891],[121.57758,18.09876],[121.57889,18.09863],[121.57939,18.09832],[121.58011,18.09768],[121.58092,18.09725],[121.58304,18.09654],[121.5833,18.09632],[121.58389,18.09532],[121.5839,18.09443],[121.58482,18.09293],[121.58506,18.09267],[121.58544,18.09195],[121.58551,18.0915],[121.58676,18.08979],[121.588,18.08753],[121.58898,18.08606],[121.58937,18.08515],[121.5897,18.08467],[121.59008,18.08428],[121.59114,18.08349],[121.59174,18.08338],[121.59242,18.08309],[121.59271,18.08277],[121.59282,18.08159],[121.59252,18.08089],[121.59255,18.08071],[121.59286,18.08027],[121.59389,18.07954],[121.5943,18.0794],[121.59462,18.07947],[121.59564,18.07887],[121.59703,18.07842],[121.59799,18.07854],[121.59865,18.07878],[121.59995,18.07941],[121.60117,18.07985],[121.60247,18.08009],[121.60339,18.07999],[121.60511,18.08037],[121.60592,18.08044],[121.6065,18.08038],[121.60796,18.07857],[121.60872,18.07888],[121.61022,18.07918],[121.61103,18.07952],[121.61131,18.07973],[121.61277,18.07999],[121.61366,18.08036],[121.61393,18.08035],[121.61457,18.08053],[121.61574,18.08122],[121.61587,18.08145],[121.61585,18.08166],[121.61519,18.08284],[121.61476,18.08292],[121.61442,18.08289],[121.61347,18.08311],[121.61296,18.08344],[121.61288,18.08383],[121.61306,18.08416],[121.61359,18.08442],[121.61376,18.08465],[121.61402,18.0847],[121.61426,18.08516],[121.61449,18.08517],[121.61527,18.08563],[121.61606,18.08554],[121.61647,18.08539],[121.6169,18.08494],[121.61723,18.08429],[121.61753,18.08409],[121.61776,18.08409],[121.61866,18.08415],[121.61918,18.0841],[121.61957,18.0843],[121.62003,18.0844],[121.62176,18.0844],[121.62388,18.0855],[121.62404,18.08573],[121.62472,18.08771],[121.62475,18.08824],[121.62453,18.08894],[121.62451,18.08944],[121.62476,18.09084],[121.62523,18.09123],[121.62546,18.09158],[121.62543,18.09226],[121.62573,18.09397],[121.6257,18.09417],[121.62553,18.09443],[121.62522,18.09447],[121.62479,18.09421],[121.62456,18.09396],[121.62457,18.09366],[121.62475,18.0929],[121.6244,18.09224],[121.62403,18.09206],[121.62372,18.09198],[121.62312,18.092],[121.62209,18.09232],[121.6216,18.09222],[121.62054,18.09157],[121.61795,18.09182],[121.61728,18.09176],[121.61676,18.0916],[121.61642,18.09131],[121.61596,18.09043],[121.61576,18.08959],[121.61486,18.08867],[121.61456,18.0885],[121.61339,18.08834],[121.61161,18.08784],[121.60864,18.08838],[121.60673,18.08932],[121.60609,18.09004],[121.60482,18.09205],[121.60388,18.09276],[121.60172,18.09333],[121.60106,18.09375],[121.60084,18.09435],[121.60095,18.09461],[121.60143,18.09474],[121.60178,18.09494],[121.60164,18.09544],[121.60118,18.09576],[121.6006,18.09599],[121.60026,18.09602],[121.59804,18.09588],[121.59671,18.09606],[121.59575,18.09579],[121.59502,18.09578],[121.59465,18.09597],[121.59434,18.09632],[121.59323,18.09713],[121.59303,18.09753],[121.59313,18.09787],[121.59276,18.09822],[121.59198,18.09855],[121.59094,18.09884],[121.59021,18.09893],[121.58913,18.09892],[121.58783,18.09917],[121.58718,18.09967],[121.58713,18.09988],[121.58719,18.10001],[121.58816,18.10001],[121.58959,18.10025],[121.59028,18.10025],[121.59206,18.09985],[121.59319,18.09987],[121.59362,18.10004],[121.59403,18.10009],[121.59489,18.10057],[121.59518,18.1005],[121.59568,18.10059],[121.59637,18.1003],[121.59828,18.09987],[121.59863,18.09987],[121.59888,18.09978],[121.59935,18.09943],[121.59956,18.09861],[121.59989,18.09817],[121.60056,18.0974],[121.60152,18.0967],[121.60265,18.09626],[121.6032,18.0965],[121.60364,18.09657],[121.60412,18.0962],[121.60449,18.09549],[121.60476,18.09534],[121.60544,18.09546],[121.60623,18.09528],[121.60698,18.09486],[121.60785,18.09459],[121.60861,18.09347],[121.60864,18.093],[121.60884,18.0929],[121.60975,18.09327],[121.6099,18.09342],[121.60996,18.09385],[121.60948,18.09428],[121.60925,18.09536],[121.60879,18.0953],[121.60866,18.09513],[121.60849,18.09514],[121.60837,18.09524],[121.60849,18.09598],[121.60829,18.09666],[121.60809,18.09686],[121.60747,18.0972],[121.6073,18.09774],[121.6074,18.09803],[121.60757,18.09816],[121.60862,18.09808],[121.60893,18.09829],[121.60905,18.09871],[121.60868,18.0995],[121.60866,18.09981],[121.60866,18.10013],[121.60881,18.10047],[121.60905,18.1007],[121.60932,18.10075],[121.61019,18.10068],[121.61092,18.1],[121.61131,18.09908],[121.6117,18.09869],[121.61195,18.09862],[121.61215,18.09863],[121.61245,18.09886],[121.61276,18.0995],[121.61273,18.0997],[121.6124,18.09892],[121.6122,18.09872],[121.61192,18.09868],[121.61159,18.09883],[121.61134,18.09915],[121.61119,18.10007],[121.61025,18.1007],[121.61031,18.10167],[121.61008,18.10238],[121.60975,18.10221],[121.60926,18.10224],[121.60908,18.10249],[121.60908,18.103],[121.60879,18.10308],[121.60834,18.10389],[121.60812,18.10391],[121.60774,18.10359],[121.60666,18.10372],[121.60638,18.10365],[121.60622,18.1034],[121.60616,18.10299],[121.60651,18.10251],[121.60761,18.10201],[121.6083,18.10135],[121.6086,18.10057],[121.60852,18.10013],[121.60858,18.09939],[121.60892,18.09879],[121.60878,18.09833],[121.60858,18.09819],[121.60834,18.09819],[121.60787,18.09834],[121.60773,18.09851],[121.60761,18.09853],[121.60713,18.09836],[121.60691,18.09803],[121.60688,18.09785],[121.60714,18.0971],[121.60728,18.09696],[121.60792,18.09683],[121.60815,18.09671],[121.60836,18.09506],[121.60851,18.095],[121.60879,18.09507],[121.609,18.09525],[121.60918,18.09519],[121.60931,18.09455],[121.60924,18.09432],[121.60963,18.09393],[121.6097,18.09368],[121.60964,18.09348],[121.60927,18.09327],[121.609,18.09327],[121.60887,18.09339],[121.60849,18.09401],[121.60786,18.09469],[121.60764,18.09507],[121.60742,18.09508],[121.60726,18.09523],[121.60701,18.09517],[121.60667,18.09548],[121.6063,18.09546],[121.60591,18.09555],[121.60486,18.09592],[121.60452,18.09657],[121.60429,18.09679],[121.60368,18.09693],[121.6029,18.09751],[121.60239,18.098],[121.60179,18.09823],[121.60095,18.09912],[121.60073,18.09926],[121.59992,18.09932],[121.59976,18.0995],[121.59972,18.09971],[121.60001,18.10003],[121.59993,18.10038],[121.60005,18.1005],[121.59994,18.10064],[121.59992,18.10096],[121.59978,18.10105],[121.5991,18.10122],[121.59855,18.10114],[121.59825,18.10132],[121.59772,18.10147],[121.59749,18.10166],[121.59665,18.10158],[121.5965,18.10184],[121.59663,18.10213],[121.59587,18.10245],[121.59522,18.10241],[121.59511,18.10229],[121.59468,18.10212],[121.5945,18.10187],[121.59415,18.10174],[121.59392,18.10181],[121.59375,18.10198],[121.59351,18.102],[121.59302,18.10184],[121.59274,18.10146],[121.59238,18.1012],[121.59189,18.10063],[121.59133,18.10038],[121.59012,18.10036],[121.58991,18.10053],[121.58972,18.10093],[121.58944,18.10113],[121.58902,18.10127],[121.58826,18.1008],[121.58832,18.10037],[121.58828,18.1003],[121.58784,18.10016],[121.58722,18.1003],[121.58699,18.10023],[121.58654,18.10002],[121.58647,18.09978],[121.58651,18.09957],[121.5869,18.09917],[121.58821,18.09862],[121.58875,18.09853],[121.58935,18.09865],[121.5911,18.09864],[121.59187,18.09844],[121.59261,18.09807],[121.59275,18.09788],[121.59245,18.09731],[121.59251,18.09695],[121.59279,18.09663],[121.59339,18.09646],[121.59356,18.0963],[121.59376,18.09588],[121.5938,18.09546],[121.59395,18.09527],[121.59424,18.09543],[121.59462,18.09534],[121.59498,18.0954],[121.5963,18.09512],[121.59663,18.0952],[121.59698,18.09539],[121.59746,18.09531],[121.59774,18.09557],[121.59794,18.09564],[121.59887,18.09577],[121.59938,18.09559],[121.59954,18.09543],[121.5995,18.09492],[121.59912,18.09496],[121.59891,18.09487],[121.59871,18.09488],[121.59829,18.09462],[121.59711,18.09467],[121.59636,18.09453],[121.59613,18.0943],[121.59599,18.09397],[121.59617,18.09331],[121.5964,18.09328],[121.59682,18.09302],[121.59714,18.09296],[121.59741,18.09323],[121.59763,18.09331],[121.59874,18.09309],[121.59934,18.0931],[121.60051,18.09261],[121.60113,18.09267],[121.60192,18.09305],[121.60259,18.09291],[121.60304,18.09238],[121.60385,18.0921],[121.60428,18.09155],[121.60439,18.09112],[121.60399,18.09092],[121.60385,18.09065],[121.60393,18.08972],[121.6042,18.08902],[121.60466,18.08869],[121.60499,18.08784],[121.60523,18.08757],[121.60555,18.08741],[121.60598,18.08748],[121.60631,18.08732],[121.6066,18.08731],[121.60759,18.08755],[121.60824,18.08757],[121.60885,18.08779],[121.6095,18.08765],[121.60997,18.08743],[121.61081,18.08736],[121.61121,18.08721],[121.61168,18.08735],[121.61213,18.08736],[121.61275,18.08759],[121.61311,18.08808],[121.61331,18.08815],[121.6141,18.08796],[121.61454,18.08803],[121.61493,18.08821],[121.61592,18.08904],[121.61615,18.08952],[121.61644,18.08988],[121.61664,18.0907],[121.61699,18.09091],[121.61935,18.09094],[121.61962,18.091],[121.61966,18.0911],[121.62078,18.09127],[121.62114,18.09145],[121.62155,18.09196],[121.62176,18.09208],[121.62204,18.09203],[121.62238,18.09174],[121.62318,18.0913],[121.62427,18.09174],[121.62466,18.09174],[121.625,18.09148],[121.62493,18.09124],[121.62456,18.09071],[121.62437,18.08987],[121.62433,18.0895],[121.62461,18.08831],[121.62446,18.0879],[121.62442,18.08737],[121.62416,18.08695],[121.62412,18.08623],[121.62394,18.08561],[121.62225,18.08469],[121.62179,18.08447],[121.61968,18.08442],[121.61927,18.08416],[121.61849,18.08428],[121.61789,18.0842],[121.61727,18.08464],[121.61686,18.0852],[121.6166,18.08541],[121.61605,18.08566],[121.61545,18.08578],[121.61431,18.08526],[121.61394,18.08474],[121.61288,18.08455],[121.6125,18.0846],[121.61193,18.08433],[121.61108,18.08426],[121.61106,18.08417],[121.61145,18.08376],[121.61247,18.08353],[121.61336,18.08307],[121.6143,18.08287],[121.61496,18.08286],[121.6152,18.08275],[121.6158,18.08162],[121.6158,18.08142],[121.61561,18.08117],[121.61446,18.08056],[121.61401,18.08043],[121.61327,18.08036],[121.61305,18.08042],[121.61242,18.08092],[121.61183,18.08097],[121.61086,18.08055],[121.61046,18.07986],[121.60958,18.07964],[121.60907,18.07921],[121.60877,18.07911],[121.60838,18.07926],[121.60824,18.0794],[121.60808,18.07989],[121.60739,18.08016],[121.60715,18.0807],[121.60696,18.08078],[121.60661,18.08076],[121.60609,18.08127],[121.6058,18.0814],[121.60562,18.08132],[121.60533,18.081],[121.60496,18.08109],[121.60397,18.08065],[121.60322,18.08047],[121.60252,18.08052],[121.60192,18.08038],[121.60158,18.08046],[121.59963,18.07981],[121.59905,18.07983],[121.59867,18.07963],[121.59836,18.07957],[121.59807,18.07936],[121.59759,18.07929],[121.59736,18.07914],[121.59672,18.07914],[121.59639,18.07937],[121.59592,18.07929],[121.59564,18.07941],[121.59556,18.07979],[121.5949,18.08015],[121.59468,18.08018],[121.59444,18.07989],[121.59405,18.07981],[121.59367,18.07987],[121.59348,18.08005],[121.59308,18.08024],[121.59272,18.08065],[121.59265,18.08099],[121.59272,18.08116],[121.59289,18.08128],[121.59295,18.08158],[121.59305,18.08258],[121.59295,18.08294],[121.59265,18.0833],[121.59223,18.08337],[121.59186,18.08355],[121.5918,18.08383],[121.59151,18.0841],[121.59105,18.08432],[121.59062,18.08436],[121.59019,18.08507],[121.5896,18.08721],[121.58961,18.08739],[121.58905,18.08827],[121.59024,18.08991],[121.5908,18.09043],[121.59073,18.09089],[121.59052,18.09122],[121.59047,18.09145],[121.59079,18.09186],[121.59081,18.09208],[121.59052,18.09259],[121.59027,18.0928],[121.59002,18.09283],[121.58977,18.09262],[121.58944,18.09215],[121.58923,18.09214],[121.58906,18.09227],[121.58874,18.09216],[121.58823,18.09142],[121.58766,18.09094],[121.58754,18.09065],[121.58743,18.09059],[121.58734,18.09064],[121.58659,18.09145],[121.58661,18.09169],[121.58681,18.09184],[121.58702,18.09227],[121.58697,18.09237],[121.58661,18.09259],[121.58639,18.09302],[121.58632,18.0935],[121.58637,18.0938],[121.58623,18.09424],[121.58609,18.09443],[121.58555,18.0947],[121.58485,18.09477],[121.58463,18.09498],[121.58455,18.09525],[121.58507,18.09583],[121.58537,18.09641],[121.5854,18.09678],[121.58521,18.09745],[121.58442,18.09779],[121.58387,18.09753],[121.58356,18.09783],[121.5827,18.098],[121.58241,18.09786],[121.58215,18.09755],[121.5812,18.09736],[121.58082,18.09761],[121.58061,18.09762],[121.58022,18.09785],[121.58023,18.09806],[121.58006,18.09819],[121.58004,18.0983],[121.58029,18.09854],[121.58036,18.09878],[121.58024,18.0992],[121.58003,18.09951],[121.57973,18.09953],[121.57924,18.09941],[121.57875,18.09913],[121.57855,18.09886],[121.57825,18.09878],[121.57764,18.0988],[121.57716,18.09904],[121.57706,18.09919],[121.57719,18.09944],[121.57779,18.09965],[121.57789,18.09978],[121.57797,18.09997],[121.57799,18.10063],[121.57779,18.1009],[121.57708,18.10094],[121.5769,18.10109],[121.57691,18.10156],[121.57709,18.10179],[121.57717,18.10204],[121.57694,18.10227],[121.57627,18.10232],[121.57602,18.10224],[121.5755,18.10117],[121.57522,18.10116],[121.57488,18.10144],[121.57463,18.10143],[121.57434,18.10128],[121.57417,18.10061],[121.57406,18.10049],[121.57388,18.10046],[121.57364,18.10068],[121.57318,18.10162],[121.57319,18.10196],[121.57343,18.10239],[121.57335,18.10257],[121.57274,18.10285],[121.57244,18.10284],[121.57213,18.10277],[121.5718,18.10246],[121.5712,18.1024],[121.57116,18.10213],[121.57137,18.10155],[121.57133,18.10129],[121.57093,18.10106],[121.57058,18.10109],[121.57048,18.1012],[121.57046,18.10159],[121.57073,18.10215],[121.57085,18.10264],[121.57147,18.10331],[121.57155,18.10355],[121.57148,18.10403],[121.57116,18.10439],[121.57076,18.10458],[121.57029,18.10465],[121.57003,18.10457],[121.5698,18.10425],[121.56962,18.10417],[121.56927,18.10441],[121.56913,18.10479],[121.5685,18.10513],[121.56818,18.1052],[121.56789,18.10521],[121.56763,18.10508],[121.56746,18.10465],[121.56753,18.10413],[121.56748,18.10401],[121.56715,18.10405],[121.56669,18.1044],[121.56628,18.10458],[121.56585,18.10462],[121.56571,18.10449],[121.56568,18.10433],[121.566,18.10367],[121.56598,18.10313],[121.56573,18.10301],[121.56517,18.10308],[121.56488,18.10299],[121.56467,18.10282],[121.56462,18.10256],[121.5648,18.1022],[121.56498,18.10206],[121.56579,18.10192],[121.56605,18.10162],[121.56619,18.1013],[121.56607,18.10075],[121.56662,18.10018],[121.56668,18.09991],[121.56672,18.09963],[121.56662,18.09925],[121.56642,18.0992],[121.56216,18.10067],[121.56186,18.10064],[121.56148,18.10033],[121.56109,18.10043],[121.5608,18.1004],[121.56038,18.10015],[121.55994,18.10018],[121.55958,18.10046],[121.55901,18.10061],[121.55823,18.10116],[121.55733,18.10152],[121.55697,18.10188],[121.55656,18.10213],[121.55632,18.10258],[121.55642,18.10271],[121.55661,18.10269],[121.55668,18.10286],[121.55655,18.10318],[121.55662,18.10344],[121.55645,18.10372],[121.55588,18.10398],[121.55519,18.104],[121.55495,18.10417],[121.55454,18.10427],[121.55443,18.10446],[121.55448,18.10474],[121.55431,18.1049],[121.55343,18.10497],[121.55274,18.10482],[121.55242,18.10449],[121.55214,18.10442],[121.55149,18.10444],[121.55111,18.10427],[121.55083,18.10358],[121.55037,18.10339],[121.55012,18.10312],[121.54917,18.10251],[121.54899,18.10221],[121.54874,18.10206],[121.54829,18.10156],[121.54778,18.10137],[121.54749,18.10115],[121.54734,18.10084],[121.54723,18.10008],[121.54692,18.09979],[121.54662,18.09979],[121.54605,18.10019],[121.54587,18.10081],[121.54537,18.1013],[121.54482,18.10128],[121.54467,18.10153],[121.54446,18.10147],[121.54429,18.10162],[121.54392,18.10157],[121.54376,18.10085],[121.54393,18.10037],[121.54393,18.0998],[121.54359,18.0994],[121.54348,18.09907],[121.54321,18.09901],[121.54297,18.09867],[121.54254,18.09856],[121.54234,18.09839],[121.54205,18.09831],[121.54184,18.09808],[121.54169,18.09812],[121.54106,18.09869],[121.54057,18.09873],[121.54001,18.09804],[121.54008,18.09789],[121.54001,18.0977],[121.5392,18.09727],[121.53897,18.09678],[121.53883,18.09665],[121.53853,18.09655],[121.53829,18.09656],[121.53771,18.09665],[121.53743,18.09678],[121.53732,18.09711],[121.53733,18.09744],[121.53755,18.09802],[121.53746,18.09823],[121.537,18.09838],[121.53684,18.09853],[121.53654,18.0995],[121.53669,18.09972],[121.53745,18.10019],[121.53758,18.10036],[121.53763,18.10068],[121.53741,18.10099],[121.53712,18.10192],[121.5366,18.1024],[121.53575,18.1026],[121.53503,18.10258],[121.53484,18.10283],[121.53486,18.10315],[121.53467,18.10378],[121.53438,18.10387],[121.53409,18.10417],[121.53386,18.10422],[121.53337,18.104],[121.53295,18.10397],[121.53295,18.10415],[121.53324,18.10449],[121.53315,18.10525],[121.53348,18.1061],[121.5334,18.10632],[121.533,18.10643],[121.53226,18.1064],[121.53174,18.10612],[121.53142,18.10637],[121.5313,18.10671],[121.53082,18.10692],[121.53051,18.10689],[121.53025,18.10645],[121.5302,18.10614],[121.52986,18.10536],[121.52926,18.10542],[121.52905,18.10536],[121.52892,18.10522],[121.52888,18.10476],[121.52861,18.10459],[121.52846,18.10461],[121.52814,18.10489],[121.52804,18.1052],[121.5275,18.10547],[121.52705,18.10533],[121.52654,18.10548],[121.5261,18.10543],[121.52587,18.10535],[121.5256,18.1051],[121.52504,18.10484],[121.52503,18.10463],[121.52524,18.10446],[121.52621,18.10469],[121.52707,18.1044],[121.52714,18.10422],[121.52699,18.10396],[121.52669,18.1041],[121.52646,18.10402],[121.52626,18.10345],[121.5263,18.10313],[121.52603,18.10277],[121.52575,18.10284],[121.5255,18.10351],[121.5251,18.10367],[121.52487,18.10325],[121.525,18.10271],[121.52498,18.10235],[121.52466,18.1023],[121.5245,18.10218],[121.52454,18.10188],[121.52421,18.10153],[121.52408,18.10119],[121.52399,18.10116],[121.52387,18.10136],[121.52394,18.10175],[121.52419,18.10216],[121.52425,18.10294],[121.52419,18.10319],[121.5239,18.10365],[121.52326,18.10362],[121.52296,18.10386],[121.52259,18.10398],[121.52134,18.10403],[121.52127,18.10344],[121.52154,18.10287],[121.5216,18.10252],[121.52153,18.10158],[121.52142,18.10115],[121.52146,18.10061],[121.52164,18.10055],[121.52183,18.10065],[121.52192,18.10056],[121.52161,18.10014],[121.52144,18.10004],[121.52096,18.10001],[121.52049,18.10046],[121.5199,18.1006],[121.51831,18.1005],[121.51735,18.10022],[121.51704,18.10001],[121.51719,18.09944],[121.51746,18.09897],[121.51729,18.09842],[121.51731,18.09756],[121.51752,18.09724],[121.518,18.09701],[121.51805,18.09656],[121.51822,18.09632],[121.51824,18.09615],[121.51808,18.09595],[121.51787,18.09595],[121.51629,18.09686],[121.51571,18.09699],[121.51535,18.09721],[121.51533,18.09745],[121.51548,18.09808],[121.51529,18.09833],[121.51435,18.0985],[121.51294,18.09839],[121.51265,18.09853],[121.51255,18.09885],[121.51261,18.09908],[121.51302,18.09963],[121.51316,18.1],[121.51317,18.10066],[121.51277,18.10108],[121.51244,18.10125],[121.5117,18.10131],[121.51143,18.10126],[121.51114,18.10096],[121.51104,18.10071],[121.51073,18.10056],[121.51054,18.10061],[121.51022,18.10101],[121.51001,18.10112],[121.5096,18.10111],[121.50895,18.10081],[121.50802,18.10005],[121.50743,18.09977],[121.50729,18.09958],[121.50725,18.099],[121.50679,18.09861],[121.50665,18.09833],[121.50665,18.098],[121.50675,18.09779],[121.50894,18.09716],[121.50985,18.09682],[121.51249,18.0963],[121.51276,18.09616],[121.51372,18.09608],[121.51468,18.09623],[121.5162,18.09616],[121.51701,18.09608],[121.51786,18.09572],[121.518,18.09575],[121.51826,18.096],[121.51846,18.09648],[121.51889,18.09665],[121.51888,18.09719],[121.51895,18.09731],[121.51927,18.09745],[121.51944,18.09745],[121.51993,18.09739],[121.52013,18.09726],[121.52033,18.09653],[121.52033,18.09571],[121.52017,18.09543],[121.51956,18.09504],[121.51871,18.09468],[121.51857,18.09432],[121.51835,18.09412],[121.51809,18.0942],[121.51772,18.09446],[121.5172,18.09463],[121.51684,18.09501],[121.51646,18.09496],[121.51643,18.09456],[121.51666,18.09425],[121.51677,18.09387],[121.51673,18.09366],[121.51663,18.09354],[121.51636,18.09345],[121.51605,18.09344],[121.51523,18.09369],[121.51486,18.09431],[121.51497,18.09459],[121.51493,18.09495],[121.51453,18.09533],[121.51413,18.09538],[121.51404,18.09526],[121.51357,18.095],[121.51331,18.09496],[121.51291,18.09555],[121.51178,18.09557],[121.51152,18.09539],[121.51124,18.09544],[121.51107,18.09558],[121.51077,18.09566],[121.51075,18.09527],[121.5106,18.09525],[121.51026,18.09587],[121.50985,18.09612],[121.50956,18.09612],[121.50913,18.09582],[121.50878,18.09571],[121.50861,18.09571],[121.50833,18.09586],[121.50789,18.09585],[121.50745,18.09635],[121.50713,18.09653],[121.50689,18.09678],[121.50639,18.09687],[121.50615,18.0968],[121.50606,18.09642],[121.50625,18.09572],[121.50608,18.09542],[121.5058,18.09532],[121.50469,18.09615],[121.50373,18.09734],[121.50293,18.09744],[121.50227,18.09732],[121.50213,18.09708],[121.50216,18.09684],[121.50199,18.09558],[121.5024,18.09544],[121.50277,18.09486],[121.50284,18.09448],[121.50272,18.09433],[121.50212,18.09414],[121.50195,18.09415],[121.5008,18.09464],[121.49989,18.09438],[121.49956,18.09426],[121.49761,18.09313],[121.49726,18.09274],[121.49713,18.09248],[121.49715,18.09178],[121.49737,18.09165],[121.49755,18.09111],[121.49775,18.09085],[121.49821,18.09054],[121.49866,18.09039],[121.49878,18.09023],[121.49923,18.08895],[121.49921,18.08883],[121.49894,18.08874],[121.49879,18.0885],[121.49886,18.088],[121.49904,18.08761],[121.49908,18.08711],[121.49906,18.08699],[121.49888,18.08686],[121.4988,18.0866],[121.49864,18.08646],[121.4988,18.08587],[121.49915,18.08563],[121.49946,18.08529],[121.49962,18.08537],[121.49966,18.08572],[121.49984,18.08552],[121.50004,18.08566],[121.5003,18.08566],[121.50055,18.0854],[121.50071,18.08474],[121.50057,18.08454],[121.50041,18.08447],[121.50001,18.08491],[121.49979,18.08488],[121.49988,18.0844],[121.49981,18.08423],[121.49952,18.08402],[121.4996,18.08371],[121.49956,18.0834],[121.49947,18.08331],[121.49949,18.08314],[121.49933,18.08307],[121.49944,18.08276],[121.49927,18.08264],[121.49907,18.08292],[121.49881,18.08299],[121.49885,18.08274],[121.49868,18.08256],[121.49902,18.08147],[121.49899,18.08134],[121.49853,18.08117],[121.49833,18.0812],[121.49809,18.08161],[121.49754,18.08181],[121.49713,18.08273],[121.49685,18.08284],[121.4967,18.0833],[121.49624,18.08304],[121.49482,18.08309],[121.494,18.08301],[121.49341,18.08274],[121.49323,18.08236],[121.49333,18.08197],[121.49315,18.08192],[121.4928,18.08137],[121.49118,18.08049],[121.49091,18.08025],[121.49011,18.07907],[121.48995,18.07908],[121.48965,18.07926],[121.48966,18.07991],[121.48999,18.08075],[121.49002,18.08107],[121.49029,18.08125],[121.49096,18.08144],[121.4918,18.08143],[121.49247,18.08211],[121.49272,18.08223],[121.49279,18.08247],[121.49268,18.08284],[121.49271,18.08329],[121.49304,18.08385],[121.49401,18.08385],[121.49468,18.08396],[121.49488,18.08408],[121.4951,18.08407],[121.49601,18.08496],[121.49627,18.08558],[121.49645,18.08625],[121.49636,18.08651],[121.49647,18.087],[121.49622,18.0871],[121.49619,18.08726],[121.49645,18.08743],[121.49708,18.08752],[121.49704,18.08766],[121.49681,18.08767],[121.49675,18.0878],[121.49674,18.08804],[121.49689,18.08834],[121.49682,18.08869],[121.49694,18.08895],[121.49728,18.08906],[121.49724,18.08922],[121.49695,18.08928],[121.49687,18.08945],[121.49696,18.08991],[121.49677,18.09003],[121.49672,18.09019],[121.49653,18.09035],[121.49579,18.0906],[121.49578,18.09091],[121.49585,18.09106],[121.49626,18.09117],[121.49633,18.0913],[121.49613,18.09152],[121.49613,18.09182],[121.49661,18.09224],[121.49679,18.09226],[121.4969,18.0926],[121.49714,18.09298],[121.49755,18.09339],[121.49844,18.09386],[121.4987,18.09409],[121.49886,18.09453],[121.49891,18.09529],[121.49857,18.09557],[121.49775,18.09571],[121.49631,18.09536],[121.49492,18.09517],[121.49477,18.0951],[121.49478,18.095],[121.49495,18.09486],[121.49498,18.09468],[121.49493,18.09457],[121.49444,18.09439],[121.49376,18.09442],[121.49349,18.09433],[121.49328,18.09408],[121.49264,18.0936],[121.49253,18.09359],[121.49224,18.09381],[121.49198,18.09383],[121.49054,18.0933],[121.49032,18.09351],[121.48984,18.09372],[121.48938,18.09362],[121.48923,18.09342],[121.48908,18.09282],[121.48884,18.09263],[121.48858,18.09262],[121.48823,18.09096],[121.48967,18.09122],[121.49155,18.09141],[121.49215,18.0914],[121.4936,18.09099],[121.4942,18.0907],[121.4946,18.09019],[121.49479,18.08971],[121.49481,18.08853],[121.49474,18.08818],[121.49447,18.08745],[121.49385,18.08677],[121.49265,18.08651],[121.49007,18.0867],[121.48868,18.08693],[121.48797,18.08717],[121.4875,18.08755],[121.48549,18.07806]],[[121.52146,18.10085],[121.52174,18.10269],[121.52151,18.10335],[121.52169,18.10361],[121.52215,18.1037],[121.5225,18.10352],[121.52262,18.10287],[121.52262,18.10177],[121.5228,18.10165],[121.52294,18.10162],[121.52311,18.10171],[121.52335,18.10289],[121.5236,18.10307],[121.52387,18.10311],[121.52401,18.10303],[121.52407,18.10286],[121.52405,18.10224],[121.52374,18.10139],[121.52383,18.10116],[121.52398,18.10106],[121.52421,18.10116],[121.52435,18.10149],[121.52481,18.10211],[121.52521,18.10245],[121.52553,18.10258],[121.5262,18.10266],[121.52667,18.10314],[121.52718,18.10336],[121.5273,18.10356],[121.52724,18.10484],[121.52742,18.10511],[121.52756,18.10517],[121.5279,18.10505],[121.52826,18.10453],[121.52868,18.10445],[121.52974,18.10475],[121.53004,18.10538],[121.53046,18.10591],[121.53097,18.10618],[121.53128,18.10617],[121.53152,18.10565],[121.53187,18.10557],[121.53212,18.10565],[121.53277,18.10614],[121.53308,18.10612],[121.53319,18.10605],[121.53325,18.10588],[121.53297,18.10517],[121.53293,18.10433],[121.53266,18.10395],[121.53272,18.1038],[121.53293,18.1037],[121.53375,18.10401],[121.53411,18.10393],[121.53454,18.10349],[121.53472,18.10307],[121.53469,18.10279],[121.53343,18.10232],[121.53292,18.10242],[121.53233,18.10274],[121.53217,18.10274],[121.53182,18.1026],[121.53157,18.10232],[121.53132,18.10228],[121.53107,18.10234],[121.53033,18.10291],[121.53008,18.10287],[121.52984,18.10276],[121.53001,18.10195],[121.52962,18.10156],[121.52939,18.10149],[121.52761,18.1018],[121.52692,18.10208],[121.52627,18.10212],[121.52572,18.10181],[121.52524,18.10166],[121.52513,18.10136],[121.52515,18.10101],[121.52491,18.10074],[121.52469,18.10069],[121.52343,18.10079],[121.52303,18.10064],[121.52245,18.10057],[121.52217,18.10038],[121.52218,18.09996],[121.52209,18.09987],[121.52175,18.09982],[121.52167,18.09993],[121.52176,18.10032],[121.52198,18.10051],[121.52188,18.10072],[121.52155,18.10069],[121.52146,18.10085]],[[121.54187,18.07083],[121.54187,18.07119],[121.54206,18.07144],[121.54263,18.07177],[121.54303,18.0723],[121.54351,18.07262],[121.5437,18.0733],[121.54414,18.0735],[121.54446,18.07345],[121.54469,18.07339],[121.54486,18.07323],[121.5448,18.0728],[121.5449,18.0725],[121.54547,18.07193],[121.54546,18.07154],[121.54568,18.07134],[121.54729,18.07064],[121.54853,18.07038],[121.54876,18.07021],[121.54911,18.07018],[121.54973,18.06979],[121.55013,18.06941],[121.55036,18.06952],[121.55044,18.06978],[121.55033,18.07015],[121.55008,18.07053],[121.55026,18.07087],[121.55066,18.0713],[121.5509,18.07145],[121.55203,18.07127],[121.55298,18.0715],[121.55335,18.0717],[121.55359,18.07245],[121.55351,18.07286],[121.55324,18.07308],[121.55269,18.07331],[121.55235,18.07404],[121.55243,18.07451],[121.55272,18.07474],[121.55307,18.07492],[121.55388,18.07477],[121.5555,18.07511],[121.55641,18.07507],[121.5564,18.07492],[121.55626,18.07475],[121.55562,18.0744],[121.55558,18.07387],[121.55543,18.07362],[121.5545,18.07307],[121.55431,18.07258],[121.55444,18.07235],[121.55462,18.07228],[121.55559,18.07234],[121.55582,18.07244],[121.55754,18.07263],[121.55922,18.07346],[121.56014,18.07412],[121.56017,18.07467],[121.5601,18.07505],[121.55998,18.07533],[121.55959,18.07566],[121.55949,18.07587],[121.55957,18.07598],[121.56005,18.07623],[121.56034,18.0766],[121.56108,18.07698],[121.56264,18.07743],[121.56332,18.07744],[121.56401,18.07805],[121.5648,18.07835],[121.5653,18.07815],[121.56534,18.07798],[121.56515,18.0776],[121.56553,18.07718],[121.56578,18.07663],[121.56623,18.07613],[121.56644,18.07601],[121.56682,18.07591],[121.56719,18.07593],[121.56811,18.07614],[121.569,18.07654],[121.56949,18.07648],[121.57005,18.07558],[121.57023,18.07553],[121.57147,18.07581],[121.57159,18.07574],[121.57159,18.07557],[121.57132,18.07516],[121.57115,18.07465],[121.57035,18.07392],[121.56981,18.07327],[121.56972,18.07305],[121.56982,18.07276],[121.57018,18.07226],[121.5703,18.07221],[121.57112,18.07258],[121.57135,18.07289],[121.57147,18.0729],[121.57166,18.07271],[121.57177,18.07274],[121.57236,18.07312],[121.57274,18.07349],[121.57309,18.07335],[121.57315,18.07309],[121.573,18.07279],[121.57277,18.07261],[121.57271,18.07205],[121.57256,18.07186],[121.57205,18.07177],[121.5715,18.07196],[121.57136,18.07194],[121.5709,18.07113],[121.57072,18.07108],[121.57057,18.07041],[121.56998,18.06996],[121.56999,18.06965],[121.57009,18.06953],[121.57022,18.06963],[121.5704,18.06956],[121.57084,18.06911],[121.57129,18.06941],[121.57164,18.06942],[121.57202,18.06907],[121.57205,18.0689],[121.5724,18.06881],[121.57256,18.06886],[121.57281,18.06916],[121.57316,18.06916],[121.57349,18.06874],[121.57355,18.06805],[121.57381,18.06737],[121.57386,18.06684],[121.57381,18.06655],[121.57338,18.06636],[121.57331,18.06625],[121.57303,18.06616],[121.57248,18.06624],[121.57188,18.06669],[121.57036,18.0673],[121.56989,18.06785],[121.5692,18.06816],[121.56897,18.06836],[121.56878,18.06874],[121.56863,18.06887],[121.56734,18.0692],[121.56696,18.0692],[121.56656,18.06874],[121.56648,18.06848],[121.56651,18.06809],[121.56667,18.06787],[121.56759,18.06753],[121.56786,18.06735],[121.56828,18.06589],[121.5682,18.06505],[121.56781,18.06416],[121.56743,18.06287],[121.56718,18.06257],[121.56653,18.06256],[121.56595,18.06238],[121.56574,18.06246],[121.56535,18.06293],[121.56496,18.06294],[121.56464,18.06252],[121.56352,18.06187],[121.56334,18.06161],[121.56254,18.06236],[121.56189,18.06261],[121.56106,18.0632],[121.55998,18.06358],[121.55976,18.06357],[121.55896,18.06392],[121.55781,18.06404],[121.55702,18.06397],[121.5563,18.06363],[121.55504,18.06324],[121.55444,18.06286],[121.55411,18.06261],[121.5526,18.06095],[121.55202,18.06059],[121.55153,18.06041],[121.55127,18.06046],[121.5504,18.06093],[121.55017,18.06126],[121.5501,18.06155],[121.55019,18.06209],[121.55078,18.06318],[121.55097,18.06418],[121.55095,18.0652],[121.55086,18.06564],[121.55038,18.06662],[121.54951,18.06783],[121.54962,18.06855],[121.54951,18.06871],[121.54885,18.0689],[121.54837,18.06798],[121.54821,18.06791],[121.54761,18.06799],[121.5475,18.06818],[121.54755,18.06844],[121.54748,18.06871],[121.5473,18.06904],[121.5463,18.06969],[121.54556,18.06987],[121.54506,18.07022],[121.54399,18.07069],[121.54294,18.07078],[121.54221,18.0705],[121.54195,18.07064],[121.54187,18.07083]],[[121.57997,18.064],[121.58003,18.06424],[121.58064,18.06454],[121.5808,18.06523],[121.5809,18.06537],[121.58237,18.06582],[121.58273,18.06631],[121.58328,18.06686],[121.5837,18.06714],[121.5843,18.06736],[121.58513,18.06702],[121.58602,18.06649],[121.58648,18.06642],[121.58693,18.06646],[121.58761,18.06718],[121.58814,18.0674],[121.58867,18.06779],[121.58968,18.06806],[121.5902,18.06856],[121.59061,18.06913],[121.59079,18.06953],[121.5912,18.06974],[121.59191,18.07038],[121.59219,18.07021],[121.59227,18.06991],[121.5918,18.06911],[121.5917,18.06852],[121.59189,18.06825],[121.59221,18.06815],[121.59241,18.06816],[121.59257,18.06883],[121.59277,18.0688],[121.59327,18.06843],[121.59347,18.06839],[121.59368,18.06845],[121.59395,18.0687],[121.59419,18.06875],[121.59414,18.06917],[121.59437,18.06935],[121.59485,18.06941],[121.59523,18.06936],[121.59606,18.06958],[121.59718,18.06955],[121.59733,18.06973],[121.59747,18.07045],[121.59793,18.07034],[121.59814,18.07046],[121.59807,18.07096],[121.59821,18.07126],[121.59841,18.07133],[121.59887,18.07119],[121.59898,18.07126],[121.59911,18.0721],[121.59921,18.07231],[121.59977,18.0725],[121.60062,18.07256],[121.60069,18.0725],[121.60076,18.07222],[121.60041,18.07169],[121.60044,18.07122],[121.60023,18.07074],[121.60034,18.07034],[121.60056,18.0701],[121.60086,18.06994],[121.60085,18.06977],[121.60065,18.06963],[121.60031,18.06958],[121.59997,18.06966],[121.5997,18.06962],[121.59934,18.06979],[121.59921,18.06976],[121.59903,18.06935],[121.59876,18.06911],[121.59838,18.06903],[121.59818,18.06907],[121.59799,18.06894],[121.59793,18.06872],[121.5981,18.06829],[121.59802,18.06812],[121.59768,18.06784],[121.59727,18.06783],[121.59704,18.06761],[121.59705,18.06747],[121.59736,18.0672],[121.59763,18.06733],[121.59787,18.06725],[121.59809,18.06757],[121.59844,18.06776],[121.59861,18.06779],[121.59897,18.06762],[121.59909,18.06727],[121.59854,18.06665],[121.5985,18.06637],[121.59867,18.06616],[121.5989,18.06608],[121.5996,18.06605],[121.59979,18.06597],[121.59981,18.06571],[121.59969,18.06546],[121.59943,18.06527],[121.59874,18.06509],[121.5975,18.06539],[121.59725,18.06569],[121.59633,18.0664],[121.59626,18.06685],[121.59591,18.0669],[121.59602,18.06705],[121.5965,18.0672],[121.59654,18.06736],[121.59641,18.06748],[121.59588,18.06732],[121.59558,18.06701],[121.59497,18.06721],[121.5947,18.06719],[121.59456,18.06704],[121.59461,18.06682],[121.59514,18.06652],[121.59528,18.06617],[121.59517,18.06592],[121.59493,18.06578],[121.59485,18.06556],[121.59492,18.06538],[121.59534,18.06522],[121.59588,18.06533],[121.59606,18.06526],[121.59631,18.06481],[121.59628,18.06445],[121.59604,18.06439],[121.59476,18.06465],[121.59417,18.06426],[121.59391,18.06432],[121.59371,18.06455],[121.59369,18.06514],[121.59323,18.06502],[121.59294,18.06512],[121.59289,18.06524],[121.59299,18.06562],[121.59293,18.0657],[121.59267,18.06564],[121.59242,18.06526],[121.59217,18.06513],[121.59157,18.06525],[121.5914,18.06521],[121.59136,18.06505],[121.59168,18.06462],[121.59273,18.0636],[121.59317,18.06283],[121.59301,18.0625],[121.5926,18.06221],[121.59184,18.06207],[121.59124,18.06174],[121.59071,18.0616],[121.59025,18.06189],[121.58985,18.06196],[121.58968,18.06187],[121.58963,18.06172],[121.58933,18.06165],[121.58895,18.06214],[121.5883,18.06253],[121.58812,18.0628],[121.58803,18.06282],[121.58748,18.06283],[121.58732,18.06273],[121.5871,18.06241],[121.58649,18.06293],[121.58598,18.0625],[121.58558,18.06263],[121.5852,18.06229],[121.58497,18.06228],[121.58473,18.06241],[121.5846,18.0626],[121.58471,18.06286],[121.58519,18.06327],[121.58528,18.06391],[121.58498,18.06411],[121.58488,18.06427],[121.58446,18.06443],[121.58393,18.06426],[121.5837,18.0643],[121.5835,18.06447],[121.58338,18.06445],[121.58314,18.06409],[121.58267,18.06379],[121.58252,18.0636],[121.58235,18.0629],[121.58215,18.06272],[121.5819,18.06276],[121.58171,18.06289],[121.5816,18.0636],[121.58138,18.06384],[121.58109,18.06382],[121.58107,18.06333],[121.58096,18.06312],[121.58076,18.06313],[121.58053,18.06328],[121.58036,18.06358],[121.58006,18.0638],[121.57997,18.064]]],[[[121.48931,18.05141],[121.48964,18.05167],[121.49084,18.05208],[121.49152,18.05249],[121.49167,18.05266],[121.49201,18.05276],[121.49217,18.0529],[121.49358,18.05337],[121.49493,18.05414],[121.49563,18.05469],[121.49609,18.05486],[121.49644,18.05515],[121.49666,18.05545],[121.49681,18.05633],[121.49706,18.05692],[121.49726,18.05716],[121.49804,18.05744],[121.49839,18.05736],[121.49933,18.05655],[121.49971,18.05604],[121.50015,18.05576],[121.50055,18.05571],[121.50227,18.05646],[121.50253,18.05669],[121.50265,18.05705],[121.50338,18.05707],[121.50406,18.05744],[121.50419,18.05753],[121.50461,18.05821],[121.5056,18.05897],[121.50658,18.05919],[121.50719,18.05907],[121.5077,18.05875],[121.50804,18.05803],[121.5083,18.05707],[121.50849,18.0568],[121.50976,18.05575],[121.50997,18.05532],[121.51069,18.05472],[121.51164,18.05414],[121.51184,18.05364],[121.51208,18.0533],[121.5138,18.0526],[121.51542,18.05278],[121.51728,18.05349],[121.51780166666667,18.05364290229885],[121.51689,18.05347],[121.51565,18.0529],[121.51408,18.05265],[121.51337,18.05281],[121.51213,18.05338],[121.51164,18.0542],[121.51082,18.05486],[121.51035,18.05565],[121.5088,18.05769],[121.50822,18.05862],[121.50723,18.05911],[121.50645,18.05923],[121.50583,18.05911],[121.50543,18.05895],[121.50421,18.05797],[121.50336,18.05761],[121.50295,18.05724],[121.5026,18.05709],[121.50212,18.05659],[121.50048,18.0558],[121.49996,18.05589],[121.49904,18.0569],[121.49842,18.05738],[121.49798,18.05747],[121.4973,18.05722],[121.49709,18.05706],[121.49685,18.05656],[121.49672,18.05621],[121.49666,18.05553],[121.49647,18.05526],[121.49609,18.05492],[121.49525,18.05457],[121.49453,18.054],[121.49402,18.05371],[121.49359,18.05359],[121.4917,18.05275],[121.49077,18.05211],[121.48954,18.05165],[121.48931,18.05141]]],[[[121.51780166666667,18.05364290229885],[121.51790822222222,18.05366311111111],[121.51786,18.05366],[121.51780166666667,18.05364290229885]]],[[[121.51790822222222,18.05366311111111],[121.51848,18.0537],[121.51935167630057,18.054035260115608],[121.51863,18.0538],[121.51790822222222,18.05366311111111]]],[[[121.51935167630057,18.054035260115608],[121.51945968403075,18.05407046968403],[121.51939,18.05405],[121.51935167630057,18.054035260115608]]],[[[121.51945968403075,18.05407046968403],[121.52099,18.05452],[121.52151,18.05473],[121.52213,18.05511],[121.52225,18.05556],[121.52217,18.05569],[121.52218,18.05619],[121.52164,18.05638],[121.52113,18.05628],[121.52108,18.05647],[121.52125,18.05673],[121.52146,18.05691],[121.52235,18.05731],[121.5228,18.05762],[121.52308,18.05767],[121.52378,18.05743],[121.52406,18.05746],[121.52446,18.05826],[121.52465,18.05848],[121.52497,18.05864],[121.52502,18.05909],[121.52532,18.05944],[121.52535,18.05957],[121.52451,18.0604],[121.52424,18.0608],[121.52417,18.06118],[121.5248,18.06228],[121.52515,18.06249],[121.52562,18.06296],[121.52609,18.06306],[121.52666,18.06341],[121.52677,18.06391],[121.52838,18.06457],[121.5294075,18.065121341463414],[121.52842,18.06463],[121.52702,18.06418],[121.52673,18.06396],[121.52649,18.06345],[121.52619,18.06318],[121.52581,18.06304],[121.52559,18.0631],[121.52545,18.06305],[121.52472,18.06233],[121.52408,18.06115],[121.52414,18.0609],[121.52451,18.06027],[121.5251,18.05974],[121.5252,18.05955],[121.52495,18.05915],[121.5248,18.05866],[121.52435,18.05827],[121.5241,18.05773],[121.52393,18.05758],[121.52377,18.05756],[121.52327,18.05774],[121.52294,18.05773],[121.52238,18.05744],[121.52168,18.05721],[121.5212,18.05685],[121.52105,18.0566],[121.52107,18.05627],[121.52182,18.05619],[121.52204,18.05605],[121.52212,18.05587],[121.52214,18.05547],[121.52207,18.05524],[121.5219,18.05507],[121.5209,18.05454],[121.51945968403075,18.05407046968403]]],[[[121.5294075,18.065121341463414],[121.52965640625,18.0652451875],[121.52961,18.06523],[121.5294075,18.065121341463414]]],[[[121.53681,18.06559],[121.53803,18.06608],[121.53872,18.06625],[121.53945,18.06665],[121.53985,18.06673],[121.54028,18.06666],[121.54055,18.06635],[121.54132,18.06644],[121.54158,18.06637],[121.54177,18.06625],[121.54206,18.06583],[121.54304,18.0656],[121.54351,18.06535],[121.54412,18.0654],[121.54469,18.06577],[121.54492,18.06564],[121.54519,18.06567],[121.54582,18.06595],[121.54607,18.0659],[121.54765,18.06593],[121.54811,18.06578],[121.54827,18.06543],[121.54795,18.0651],[121.54779,18.0648],[121.54788,18.06438],[121.54774,18.06379],[121.54773,18.06352],[121.54781,18.06332],[121.54786,18.06388],[121.54819,18.06425],[121.54853,18.06527],[121.54854,18.06568],[121.54844,18.06606],[121.54799,18.06625],[121.54657,18.06613],[121.54516,18.06645],[121.54475,18.06644],[121.54398,18.06625],[121.54323,18.06638],[121.54209,18.06639],[121.5414,18.06652],[121.54057,18.06639],[121.54048,18.06647],[121.54047,18.0666],[121.54024,18.06675],[121.54003,18.06682],[121.53973,18.06677],[121.53941,18.0667],[121.53882,18.06635],[121.53807,18.06617],[121.53741,18.06592],[121.53681,18.06559]]],[[[121.55529,18.06091],[121.55629,18.06083],[121.55676,18.06071],[121.55727,18.06],[121.55782,18.05977],[121.55844,18.05937],[121.55964,18.05885],[121.56024,18.05882],[121.56068,18.05902],[121.56134,18.05915],[121.56175,18.05885],[121.56205,18.05848],[121.56383,18.05731],[121.56459,18.05728],[121.56514,18.05744],[121.56564,18.05743],[121.56631,18.05725],[121.56717,18.05689],[121.57078,18.05639],[121.57127,18.05616],[121.57291,18.0559],[121.57325,18.05596],[121.5741,18.05643],[121.57526,18.05664],[121.57555,18.0566],[121.57639,18.05608],[121.57627,18.05567],[121.57614,18.05552],[121.57563,18.05544],[121.57538,18.0553],[121.57522,18.05501],[121.57514,18.05455],[121.57526,18.05413],[121.57582,18.05387],[121.57603,18.05362],[121.57605,18.05331],[121.57582,18.05271],[121.57617,18.05216],[121.57631,18.05207],[121.57682,18.05206],[121.57716,18.05218],[121.57767,18.05221],[121.57828,18.05235],[121.57868,18.05223],[121.57999,18.05155],[121.58044,18.05158],[121.58091,18.05143],[121.58118,18.05125],[121.58139,18.05129],[121.58156,18.05179],[121.58169,18.0519],[121.58186,18.05192],[121.5822,18.0518],[121.58234,18.0519],[121.58251,18.05229],[121.58302,18.0523],[121.583,18.05254],[121.58255,18.05282],[121.58218,18.05339],[121.58217,18.05355],[121.58225,18.05372],[121.58269,18.05411],[121.58278,18.05435],[121.58308,18.05458],[121.58335,18.05537],[121.58382,18.05565],[121.58455,18.05644],[121.58602,18.05767],[121.58684,18.0579],[121.58925,18.05703],[121.58989,18.05652],[121.59123,18.05622],[121.59151,18.05607],[121.59209,18.05539],[121.59182,18.05462],[121.59191,18.05428],[121.59192,18.05364],[121.59215,18.05342],[121.59244,18.05353],[121.59283,18.05347],[121.59311,18.05362],[121.59319,18.05409],[121.59339,18.05441],[121.59383,18.05475],[121.59367,18.05514],[121.59371,18.05533],[121.59412,18.05545],[121.59522,18.05553],[121.59607,18.0555],[121.59685,18.05505],[121.59753,18.05404],[121.59771,18.05353],[121.59805,18.05317],[121.59821,18.05312],[121.59917,18.05371],[121.59956,18.05368],[121.59999,18.05344],[121.60015,18.05345],[121.60059,18.05326],[121.6016,18.05346],[121.60197,18.05343],[121.60274,18.0536],[121.60308,18.05384],[121.6032,18.05403],[121.60467,18.05475],[121.60482,18.05493],[121.60506,18.05571],[121.60558,18.05607],[121.60568,18.05623],[121.60548,18.05653],[121.60526,18.05667],[121.605,18.05665],[121.60448,18.05641],[121.60379,18.05661],[121.60362,18.05677],[121.60323,18.05692],[121.60272,18.05686],[121.6025,18.05752],[121.60266,18.05821],[121.6029,18.05842],[121.60325,18.05848],[121.60381,18.05885],[121.60493,18.05892],[121.60649,18.05934],[121.60717,18.05984],[121.60755,18.05932],[121.60767,18.05873],[121.6079,18.05869],[121.60843,18.05892],[121.6086,18.05931],[121.60826,18.05965],[121.60821,18.0598],[121.60829,18.06044],[121.60777,18.06116],[121.60782,18.06131],[121.60838,18.06198],[121.60852,18.06207],[121.60878,18.06204],[121.60949,18.06159],[121.60953,18.06086],[121.60951,18.05998],[121.60932,18.05971],[121.60926,18.05948],[121.60945,18.05875],[121.60935,18.05836],[121.60907,18.05803],[121.60877,18.05794],[121.6087,18.05782],[121.6087,18.05737],[121.60877,18.05715],[121.60904,18.05694],[121.60975,18.05709],[121.61031,18.05704],[121.61047,18.05692],[121.61053,18.0567],[121.61042,18.05637],[121.61011,18.05611],[121.60974,18.05547],[121.60943,18.05527],[121.6093,18.05523],[121.60781,18.05565],[121.60758,18.05554],[121.60765,18.05536],[121.60792,18.05516],[121.60816,18.05513],[121.60841,18.05526],[121.60802,18.05451],[121.60799,18.05399],[121.6081,18.05359],[121.60852,18.05304],[121.60855,18.05271],[121.6089,18.0523],[121.60965,18.05208],[121.61063,18.05161],[121.61114,18.05153],[121.61169,18.0516],[121.61192,18.05151],[121.61202,18.05137],[121.61188,18.05092],[121.61189,18.05035],[121.61177,18.04995],[121.61177,18.04962],[121.61191,18.04918],[121.61272,18.04889],[121.61285,18.04907],[121.61332,18.04919],[121.61334,18.04944],[121.61362,18.04948],[121.61422,18.04982],[121.6145,18.04983],[121.61505,18.0496],[121.61584,18.04948],[121.61607,18.04926],[121.61616,18.04893],[121.61577,18.0483],[121.61552,18.0483],[121.6152,18.04778],[121.61297,18.04584],[121.61234,18.0454],[121.61226,18.04541],[121.61216,18.04561],[121.6119,18.04663],[121.61164,18.04724],[121.61179,18.0477],[121.61205,18.0481],[121.6119,18.04817],[121.61179,18.04812],[121.61143,18.04745],[121.61113,18.0475],[121.6109,18.0474],[121.61067,18.04709],[121.61054,18.04655],[121.61062,18.04619],[121.61021,18.04593],[121.61014,18.04579],[121.61069,18.04541],[121.61058,18.04515],[121.60994,18.04494],[121.6093,18.04498],[121.60915,18.04488],[121.60913,18.04471],[121.6093,18.0445],[121.60907,18.04425],[121.60819,18.04273],[121.60802,18.04265],[121.60744,18.04273],[121.60732,18.04295],[121.60728,18.04338],[121.60711,18.04351],[121.60649,18.04358],[121.60587,18.04375],[121.60543,18.04345],[121.60509,18.04275],[121.60493,18.04259],[121.60397,18.04246],[121.60381,18.04237],[121.60367,18.0422],[121.60362,18.04196],[121.60371,18.04186],[121.60416,18.0418],[121.60423,18.04163],[121.60409,18.04139],[121.60408,18.04117],[121.6042,18.04096],[121.60461,18.04066],[121.6047,18.0404],[121.60436,18.03939],[121.6041,18.03908],[121.60358,18.03882],[121.60337,18.03858],[121.60304,18.03843],[121.60227,18.03829],[121.60208,18.03872],[121.6017,18.03923],[121.60131,18.03931],[121.60094,18.03912],[121.60071,18.03884],[121.60068,18.0386],[121.60075,18.03823],[121.6011,18.03753],[121.60117,18.03722],[121.60093,18.03646],[121.60024,18.03623],[121.59996,18.03628],[121.59959,18.0365],[121.59958,18.03684],[121.6,18.03771],[121.6,18.03798],[121.59967,18.03864],[121.59932,18.03881],[121.59914,18.03899],[121.59879,18.03899],[121.59863,18.03881],[121.59859,18.03794],[121.59852,18.03778],[121.59831,18.03759],[121.59793,18.03754],[121.59779,18.03744],[121.59763,18.03689],[121.59761,18.03648],[121.59748,18.03614],[121.59725,18.03596],[121.59708,18.03557],[121.59707,18.03544],[121.59749,18.03514],[121.59724,18.03448],[121.59682,18.0344],[121.59649,18.03447],[121.59619,18.03482],[121.59597,18.03494],[121.59544,18.03489],[121.59423,18.0345],[121.59313,18.03345],[121.59245,18.03322],[121.59161,18.03277],[121.59129,18.03183],[121.59071,18.03131],[121.59044,18.03124],[121.58998,18.0309],[121.58924,18.03052],[121.58865,18.0301],[121.58827,18.02969],[121.58639,18.0285],[121.58537,18.02825],[121.58494,18.02791],[121.58392,18.02647],[121.58354,18.02615],[121.58242,18.02558],[121.58186,18.02499],[121.5814,18.02446],[121.58066,18.02302],[121.5796,18.02211],[121.57891,18.02181],[121.57697,18.02142],[121.57537,18.02074],[121.57411,18.01952],[121.57269,18.01905],[121.57217,18.01823],[121.57171,18.01796],[121.57046,18.01747],[121.56989,18.01708],[121.56958,18.01632],[121.56915,18.01605],[121.56898,18.01513],[121.56868,18.01468],[121.56837,18.01444],[121.56784,18.0142],[121.56689,18.01398],[121.56574,18.01351],[121.56543,18.01327],[121.56513,18.01283],[121.5643966864583,18.01232075448493],[121.56570599500003,18.012154360000068],[121.56577402300002,18.012265679000052],[121.56587297300007,18.012327523000067],[121.56595286105751,18.012364614048632],[121.56598,18.01244],[121.56632,18.01261],[121.56672,18.01261],[121.56708,18.01276],[121.5671,18.01287],[121.56709935623088,18.012871609422774],[121.56705418700005,18.012890300000038],[121.56691194700011,18.012989250000032],[121.56685628700006,18.01315622800007],[121.56685628700006,18.013317022000024],[121.56691194700011,18.013397419000057],[121.56704800300008,18.013471631000073],[121.56713232404914,18.01346811783605],[121.56744,18.01358],[121.56808,18.01361],[121.56859,18.01374],[121.56893,18.01394],[121.5689429695189,18.013951473035945],[121.56895278900004,18.013978749000046],[121.56902016379516,18.014019760280334],[121.5692223001941,18.014198573248624],[121.56927437600007,18.014337443000045],[121.56933003500001,18.014467315000047],[121.56941661600001,18.014522974000045],[121.56951556600006,18.014553896000052],[121.56961003958007,18.01454157347468],[121.56971,18.01463],[121.56997,18.01469],[121.57102,18.01464],[121.57132,18.01481],[121.57148,18.01518],[121.57143370148192,18.015494829922904],[121.57139561500003,18.015549579000037],[121.5711853460001,18.015710373000047],[121.57104257073011,18.015805556513357],[121.57071,18.01594],[121.57049,18.01612],[121.57047370770677,18.016266630639034],[121.5704679590001,18.016285519000064],[121.57045559000005,18.01639683800005],[121.57054835600002,18.016464866000035],[121.57056328973025,18.01646961769136],[121.57058,18.0165],[121.57158584910597,18.01667373757285],[121.57170063997444,18.016698255989777],[121.57211882065754,18.016865528263015],[121.57229234800002,18.016978169000026],[121.57260775100008,18.01724409700006],[121.57287986300003,18.01741107500004],[121.57308277314031,18.01754456833159],[121.57356,18.01795],[121.57425773592172,18.018227182763425],[121.5744135870001,18.01832636100005],[121.57443922069308,18.01834174138165],[121.57495,18.01869],[121.57535929946944,18.018883065787474],[121.57536598000002,18.018889139000066],[121.57555769500004,18.019117961000063],[121.57579888600003,18.01956942000004],[121.57585454500008,18.01969929100005],[121.57596586400007,18.01975495100004],[121.57608336700002,18.019835347000026],[121.57618231700008,18.01986008500006],[121.57629327583614,18.01990680455967],[121.57630915107379,18.019930088241548],[121.5763307420001,18.019977588000074],[121.57642350700007,18.02005798500005],[121.57658430100003,18.020138382000027],[121.57672035700011,18.02020641000007],[121.57683786000007,18.02020641000007],[121.57696773200007,18.020163119000074],[121.57696775262339,18.020162912755243],[121.57709,18.02013],[121.57719,18.02003],[121.57723,18.01981],[121.57756,18.01982],[121.57815,18.01962],[121.57867,18.01966],[121.57927,18.01944],[121.58013,18.02047],[121.58108,18.02101],[121.58184,18.02116],[121.58222,18.0215],[121.58333,18.02211],[121.58371,18.02279],[121.58462,18.02321],[121.58538,18.02378],[121.58663,18.02495],[121.58704,18.02552],[121.58756,18.02598],[121.58813,18.02616],[121.58936,18.02682],[121.59025,18.02712],[121.59136,18.02777],[121.59172,18.02819],[121.59188,18.02856],[121.59185,18.02884],[121.59193,18.02898],[121.59164,18.0292],[121.59167,18.0294],[121.59142,18.02995],[121.59141,18.03022],[121.59151,18.03056],[121.59213,18.03123],[121.5925,18.03153],[121.59304,18.03181],[121.59326,18.03211],[121.59349,18.03268],[121.59565,18.03359],[121.59586,18.03359],[121.59622,18.03339],[121.59634,18.03343],[121.59652,18.03356],[121.59669,18.03394],[121.59705,18.03417],[121.59721,18.03422],[121.59778,18.03403],[121.59806,18.0341],[121.59826,18.03437],[121.59825,18.03472],[121.59793,18.03509],[121.59784,18.03532],[121.59797,18.03606],[121.59823,18.03632],[121.59864,18.03648],[121.59922,18.03607],[121.59947,18.03609],[121.59958,18.03602],[121.60014,18.0355],[121.6004,18.0355],[121.60094,18.03589],[121.60114,18.03626],[121.60132,18.03641],[121.60147,18.03669],[121.60156,18.03722],[121.60184,18.03758],[121.60229,18.03771],[121.60286,18.03763],[121.60326,18.03779],[121.60391,18.03819],[121.60518,18.03925],[121.6054,18.03982],[121.60531,18.04031],[121.60542,18.04046],[121.60538,18.04065],[121.60544,18.0408],[121.60538,18.04131],[121.60517,18.04155],[121.60488,18.04167],[121.60479,18.04183],[121.60477,18.04195],[121.60495,18.04214],[121.60622,18.04247],[121.60634,18.04268],[121.60635,18.04291],[121.60659,18.04309],[121.60682,18.04299],[121.60711,18.04269],[121.60755,18.04204],[121.60842,18.04201],[121.60926,18.04223],[121.60971,18.04252],[121.61066,18.04341],[121.61111,18.04372],[121.61193,18.04409],[121.61292,18.04489],[121.6142,18.04565],[121.61477,18.04646],[121.61555,18.04731],[121.61565,18.04763],[121.6162,18.04855],[121.61626,18.04905],[121.61596,18.04965],[121.61502,18.04996],[121.61457,18.05026],[121.61428,18.05018],[121.61362,18.04961],[121.61331,18.04971],[121.61305,18.04989],[121.61285,18.05027],[121.61294,18.05154],[121.6126,18.05213],[121.61137,18.05224],[121.61106,18.05245],[121.61058,18.05229],[121.60968,18.05244],[121.60912,18.05264],[121.60888,18.05274],[121.60825,18.05367],[121.60824,18.05435],[121.60836,18.05468],[121.60863,18.05496],[121.60888,18.05505],[121.60957,18.05499],[121.60995,18.0552],[121.61026,18.05558],[121.61068,18.05585],[121.6108,18.05602],[121.61077,18.05641],[121.6109,18.05693],[121.61069,18.05731],[121.60985,18.05739],[121.6092,18.05722],[121.609,18.05742],[121.60897,18.05761],[121.60933,18.05811],[121.61016,18.05861],[121.61017,18.05913],[121.60979,18.05966],[121.60965,18.06021],[121.60964,18.06151],[121.60948,18.06171],[121.6086,18.06219],[121.60836,18.06207],[121.60766,18.06123],[121.60756,18.06053],[121.60691,18.05976],[121.6066,18.05952],[121.60619,18.05933],[121.60354,18.05913],[121.60281,18.05879],[121.6024,18.0585],[121.60226,18.05793],[121.60183,18.05751],[121.60182,18.05723],[121.60218,18.05678],[121.6028,18.05652],[121.6029,18.05626],[121.60286,18.05602],[121.60209,18.05554],[121.60119,18.05511],[121.59949,18.05497],[121.5983,18.05503],[121.59665,18.05556],[121.5958,18.05563],[121.59352,18.05547],[121.59298,18.05554],[121.59245,18.0557],[121.59066,18.05684],[121.58988,18.05697],[121.58807,18.05774],[121.58727,18.05795],[121.5866,18.05801],[121.58593,18.05773],[121.58459,18.05656],[121.58393,18.05612],[121.58376,18.0558],[121.58326,18.05545],[121.58266,18.05536],[121.58202,18.05549],[121.58119,18.05532],[121.58101,18.05538],[121.58072,18.05577],[121.58041,18.05587],[121.58027,18.05574],[121.58022,18.05495],[121.57989,18.05488],[121.57915,18.05514],[121.57839,18.05555],[121.57802,18.05598],[121.57777,18.05607],[121.5766,18.05618],[121.57566,18.05668],[121.57532,18.05673],[121.57467,18.05665],[121.57376,18.05641],[121.57329,18.05611],[121.57296,18.05602],[121.57142,18.05626],[121.57062,18.0565],[121.57006,18.05652],[121.56933,18.05675],[121.56723,18.05697],[121.56628,18.05739],[121.56549,18.05759],[121.56486,18.05751],[121.56433,18.05775],[121.56283,18.05885],[121.56233,18.05902],[121.56055,18.06013],[121.55988,18.06058],[121.55929,18.06113],[121.55873,18.06143],[121.55811,18.06163],[121.55717,18.06174],[121.55679,18.06171],[121.55602,18.06142],[121.55529,18.06091]]],[[[121.61289,18.10009],[121.61322,18.1004],[121.61349,18.10048],[121.61511,18.10029],[121.61531,18.1002],[121.61565,18.09978],[121.61589,18.09911],[121.61633,18.09861],[121.61785,18.09793],[121.61811,18.09762],[121.61854,18.0975],[121.61875,18.09752],[121.61905,18.09773],[121.61918,18.09802],[121.61911,18.09855],[121.61924,18.09899],[121.61957,18.09932],[121.62006,18.09945],[121.62101,18.09921],[121.6211,18.09911],[121.62111,18.09894],[121.62099,18.09733],[121.62104,18.09698],[121.62126,18.09652],[121.62154,18.09625],[121.62212,18.09607],[121.6231,18.09611],[121.62327,18.09627],[121.62256,18.09623],[121.6221,18.09633],[121.62138,18.09665],[121.62133,18.09709],[121.62114,18.09763],[121.62138,18.0981],[121.62126,18.09928],[121.62114,18.09962],[121.62086,18.1],[121.62077,18.10026],[121.62065,18.10125],[121.62039,18.10146],[121.61961,18.1016],[121.61944,18.10138],[121.61943,18.10108],[121.61962,18.10056],[121.61946,18.10009],[121.61939,18.09935],[121.61903,18.09867],[121.619,18.09792],[121.61881,18.09767],[121.61868,18.09764],[121.61823,18.09796],[121.61806,18.09798],[121.61788,18.09821],[121.61645,18.09869],[121.61599,18.0991],[121.61587,18.09959],[121.61555,18.10031],[121.61513,18.10049],[121.61436,18.10052],[121.61418,18.10072],[121.61379,18.10097],[121.61334,18.10147],[121.61322,18.1014],[121.61311,18.10112],[121.61289,18.10009]]],[[[121.62483,18.09662],[121.62556,18.09661],[121.62613,18.09696],[121.62634,18.09732],[121.62681,18.0977],[121.62856,18.09842],[121.62882,18.09843],[121.62907,18.09836],[121.62918,18.09822],[121.62929,18.09741],[121.62916,18.09719],[121.62871,18.09689],[121.62856,18.09608],[121.6289,18.09538],[121.62931,18.09545],[121.63012,18.09576],[121.63096,18.09571],[121.63155,18.09547],[121.63252,18.09549],[121.63308,18.09561],[121.6336,18.09621],[121.63431,18.09661],[121.63524,18.0987],[121.63589,18.09944],[121.63624,18.09967],[121.63698,18.09994],[121.6387,18.10026],[121.63922,18.10025],[121.63974,18.10012],[121.6402,18.09984],[121.64095,18.09966],[121.64251,18.10073],[121.64277,18.10113],[121.6429,18.10158],[121.64266,18.10236],[121.64237,18.10258],[121.64205,18.10252],[121.64165,18.10265],[121.64086,18.1033],[121.6408,18.1035],[121.64088,18.10375],[121.64117,18.10404],[121.6419,18.10423],[121.64336,18.1039],[121.64285,18.10416],[121.64242,18.10453],[121.64196,18.10447],[121.64157,18.10422],[121.64086,18.10413],[121.64073,18.10397],[121.6406,18.10343],[121.64076,18.10312],[121.64113,18.103],[121.64142,18.10261],[121.64205,18.10232],[121.64242,18.10227],[121.64261,18.10209],[121.64274,18.10179],[121.64278,18.10136],[121.64268,18.10107],[121.64243,18.10079],[121.64181,18.10026],[121.64091,18.09973],[121.6403,18.09987],[121.63978,18.10015],[121.63905,18.10035],[121.63626,18.09988],[121.63595,18.09973],[121.63581,18.09964],[121.6356,18.09925],[121.63535,18.09907],[121.63502,18.09866],[121.63473,18.09757],[121.63429,18.09671],[121.63362,18.09631],[121.63327,18.09585],[121.63302,18.09569],[121.63235,18.09558],[121.63148,18.0956],[121.63076,18.09589],[121.62989,18.09577],[121.62901,18.09544],[121.6289,18.09551],[121.62878,18.09575],[121.62888,18.09597],[121.6289,18.09672],[121.629,18.0969],[121.62932,18.09696],[121.62968,18.09724],[121.63001,18.09782],[121.63015,18.09851],[121.63007,18.09883],[121.62985,18.09918],[121.62951,18.09953],[121.62936,18.09983],[121.62908,18.09998],[121.62891,18.09994],[121.62878,18.09978],[121.62812,18.0997],[121.62797,18.09955],[121.62774,18.099],[121.62765,18.09832],[121.62753,18.09816],[121.6269,18.09798],[121.62658,18.09773],[121.62602,18.0971],[121.62501,18.0969],[121.62483,18.09662]]]]}},{"type":"Feature","properties":{"id":"MGB-FLD-10","susceptibility":"high","susceptibility_label":"High","raw_class":"HF","data_source":"DENR-MGB / controlmap.mgb.gov.ph","objectid":10},"geometry":{"type":"MultiPolygon","coordinates":[[[[121.45553,18.02904],[121.45557,18.02887],[121.45577,18.02875],[121.45611,18.02834],[121.45589,18.02761],[121.45586,18.02686],[121.45601,18.02664],[121.45625,18.02648],[121.45741,18.02632],[121.4577,18.02612],[121.45959,18.02596],[121.46014,18.02575],[121.4606,18.02571],[121.46085,18.02585],[121.46121,18.02652],[121.46137,18.02662],[121.46155,18.02662],[121.46219,18.02636],[121.46293,18.02568],[121.46328,18.0255],[121.46388,18.02535],[121.46451,18.02549],[121.46488,18.02586],[121.46484,18.02653],[121.46507,18.02678],[121.46607,18.02728],[121.46623,18.02747],[121.467,18.02923],[121.46711,18.02936],[121.46725,18.02939],[121.46751,18.0292],[121.46798,18.02909],[121.46848,18.02883],[121.46865,18.02919],[121.4677,18.0297],[121.46733,18.0297],[121.46712,18.02957],[121.46694,18.02939],[121.46679,18.02884],[121.46623,18.0276],[121.46584,18.02724],[121.46515,18.02698],[121.46476,18.02669],[121.46467,18.02651],[121.46477,18.0261],[121.46469,18.02574],[121.46443,18.0255],[121.46395,18.02539],[121.46333,18.02554],[121.46279,18.0259],[121.46218,18.02667],[121.46164,18.02678],[121.46096,18.02671],[121.46078,18.0264],[121.46083,18.02598],[121.46057,18.02582],[121.45971,18.02603],[121.45791,18.02629],[121.4575,18.02645],[121.45736,18.02641],[121.45675,18.02653],[121.45647,18.02648],[121.45627,18.02655],[121.45604,18.02668],[121.45588,18.02692],[121.45598,18.02749],[121.4574,18.02883],[121.45754,18.02923],[121.45745,18.02944],[121.45724,18.02952],[121.45696,18.02946],[121.45617,18.02897],[121.45566,18.02887],[121.45568,18.02914],[121.4561,18.02943],[121.45754,18.02995],[121.45798,18.03001],[121.45821,18.02996],[121.45838,18.02967],[121.45821,18.02911],[121.45798,18.02876],[121.45797,18.02848],[121.45804,18.02786],[121.45829,18.02766],[121.45889,18.02747],[121.45966,18.02762],[121.46083,18.0275],[121.46158,18.02732],[121.46238,18.02731],[121.46291,18.02687],[121.46338,18.02676],[121.46357,18.0268],[121.46467,18.0278],[121.46526,18.02845],[121.46552,18.02907],[121.46563,18.02987],[121.466,18.03024],[121.46632,18.03027],[121.46651,18.03072],[121.46679,18.031],[121.46718,18.03119],[121.46805,18.03117],[121.46889,18.03076],[121.46925,18.0304],[121.4693,18.03049],[121.46878,18.03093],[121.46826,18.03118],[121.46765,18.03129],[121.46721,18.03128],[121.46673,18.03117],[121.46512,18.03038],[121.46481,18.02979],[121.46473,18.02945],[121.46491,18.02846],[121.46371,18.0274],[121.46327,18.02728],[121.46292,18.02733],[121.46262,18.0275],[121.46067,18.02776],[121.46012,18.02776],[121.45832,18.02834],[121.45823,18.02875],[121.45842,18.02969],[121.45833,18.0299],[121.4581,18.03006],[121.45753,18.03002],[121.45605,18.02948],[121.45575,18.02934],[121.45553,18.02904]]],[[[121.47868,18.08473],[121.47947,18.08496],[121.47966,18.08485],[121.48,18.08491],[121.48022,18.08484],[121.48031,18.08451],[121.48024,18.08435],[121.48011,18.08422],[121.47979,18.08415],[121.47971,18.08398],[121.47981,18.08379],[121.48016,18.08383],[121.4802,18.08359],[121.48029,18.08355],[121.48051,18.08387],[121.4809,18.08408],[121.48093,18.08437],[121.48103,18.0845],[121.48152,18.08455],[121.4818,18.08442],[121.48213,18.0844],[121.48344,18.08498],[121.4837,18.08538],[121.48418,18.08582],[121.48435,18.08611],[121.48472,18.08638],[121.48476,18.08679],[121.48469,18.08712],[121.48505,18.08747],[121.4856,18.08775],[121.48622,18.08786],[121.48709,18.08778],[121.4875,18.08755],[121.48761,18.08805],[121.48714,18.08798],[121.48671,18.08806],[121.48628,18.08876],[121.48646,18.08908],[121.48675,18.08936],[121.48801,18.08994],[121.48823,18.09096],[121.48766,18.09085],[121.48677,18.09082],[121.48549,18.09048],[121.48507,18.09024],[121.4844,18.08964],[121.48398,18.08888],[121.48352,18.08845],[121.48299,18.08815],[121.48197,18.08799],[121.48129,18.0877],[121.48122,18.08755],[121.4813,18.08718],[121.48119,18.08671],[121.48089,18.08649],[121.48039,18.08636],[121.48008,18.08561],[121.47921,18.0852],[121.47868,18.08485],[121.47868,18.08473]]]]}},{"type":"Feature","properties":{"id":"MGB-FLD-11","susceptibility":"very_high","susceptibility_label":"Very High","raw_class":"VHF","data_source":"DENR-MGB / controlmap.mgb.gov.ph","objectid":11},"geometry":{"type":"MultiPolygon","coordinates":[[[[121.45566,18.02887],[121.45617,18.02897],[121.45696,18.02946],[121.45724,18.02952],[121.45745,18.02944],[121.45754,18.02923],[121.4574,18.02883],[121.45598,18.02749],[121.45588,18.02692],[121.45604,18.02668],[121.45647,18.02648],[121.45675,18.02653],[121.45736,18.02641],[121.4575,18.02645],[121.45791,18.02629],[121.45971,18.02603],[121.46057,18.02582],[121.46083,18.02598],[121.46078,18.0264],[121.46096,18.02671],[121.46164,18.02678],[121.46218,18.02667],[121.46262,18.02606],[121.46333,18.02554],[121.46395,18.02539],[121.46443,18.0255],[121.46469,18.02574],[121.46476,18.02592],[121.46467,18.02651],[121.46476,18.02669],[121.46515,18.02698],[121.46584,18.02724],[121.46623,18.0276],[121.46679,18.02884],[121.46694,18.02939],[121.46712,18.02957],[121.46733,18.0297],[121.4677,18.0297],[121.46865,18.02919],[121.46925,18.0304],[121.46889,18.03076],[121.46853,18.03098],[121.46785,18.0312],[121.46718,18.03119],[121.46697,18.03112],[121.46651,18.03072],[121.46632,18.03027],[121.466,18.03024],[121.46563,18.02987],[121.46552,18.02907],[121.46526,18.02845],[121.46467,18.0278],[121.46357,18.0268],[121.46338,18.02676],[121.46291,18.02687],[121.46238,18.02731],[121.46158,18.02732],[121.46083,18.0275],[121.45966,18.02762],[121.45889,18.02747],[121.45829,18.02766],[121.45804,18.02786],[121.45797,18.02848],[121.45798,18.02876],[121.45821,18.02911],[121.45838,18.02967],[121.45821,18.02996],[121.45798,18.03001],[121.45754,18.02995],[121.4561,18.02943],[121.45568,18.02914],[121.45566,18.02887]]],[[[121.48628,18.08876],[121.48671,18.08806],[121.48714,18.08798],[121.48761,18.08805],[121.48801,18.08994],[121.48675,18.08936],[121.48646,18.08908],[121.48628,18.08876]]]]}},{"type":"Feature","properties":{"id":"MGB-FLD-12","susceptibility":"moderate","susceptibility_label":"Moderate","raw_class":"MF","data_source":"DENR-MGB / controlmap.mgb.gov.ph","objectid":12},"geometry":{"type":"MultiPolygon","coordinates":[[[[121.46392,18.02755],[121.46416,18.02786],[121.46456,18.02809],[121.46491,18.02846],[121.46491,18.02873],[121.46474,18.02915],[121.46475,18.02959],[121.46499,18.0302],[121.46524,18.03049],[121.46673,18.03117],[121.46721,18.03128],[121.46765,18.03129],[121.4684,18.03113],[121.46888,18.03088],[121.4693,18.03049],[121.46932,18.03054],[121.46856,18.0312],[121.46812,18.03137],[121.46775,18.03141],[121.46715,18.03141],[121.46513,18.03059],[121.46448,18.02946],[121.46449,18.02925],[121.46473,18.02879],[121.46475,18.02856],[121.46414,18.02795],[121.46392,18.02755]]],[[[121.47236,18.08005],[121.47244,18.07974],[121.47358,18.07904],[121.47475,18.07876],[121.47582,18.07841],[121.4769,18.07774],[121.47788,18.07752],[121.47823,18.07729],[121.47882,18.07707],[121.47923,18.07706],[121.48001,18.07684],[121.48039,18.07641],[121.48184,18.07586],[121.48208,18.07596],[121.48232,18.0762],[121.48237,18.07658],[121.48251,18.07682],[121.48251,18.07744],[121.48281,18.07786],[121.48304,18.07847],[121.48324,18.07871],[121.4841,18.07873],[121.48444,18.07899],[121.48456,18.07878],[121.4851,18.07847],[121.48549,18.07806],[121.48749,18.08757],[121.48709,18.08778],[121.48622,18.08786],[121.4856,18.08775],[121.48505,18.08747],[121.48469,18.08712],[121.48476,18.08679],[121.48472,18.08638],[121.48435,18.08611],[121.48418,18.08582],[121.4837,18.08538],[121.48344,18.08498],[121.48213,18.0844],[121.4818,18.08442],[121.48152,18.08455],[121.48103,18.0845],[121.48093,18.08437],[121.4809,18.08408],[121.48051,18.08387],[121.48029,18.08355],[121.4802,18.08359],[121.48016,18.08383],[121.47981,18.08379],[121.47971,18.08398],[121.47979,18.08415],[121.48011,18.08422],[121.48024,18.08435],[121.48031,18.08451],[121.48022,18.08484],[121.48,18.08491],[121.47966,18.08485],[121.47947,18.08496],[121.47874,18.0847],[121.47865,18.08479],[121.4795,18.08538],[121.48008,18.08561],[121.48039,18.08636],[121.48089,18.08649],[121.48119,18.08671],[121.4813,18.08718],[121.48122,18.08755],[121.48129,18.0877],[121.48197,18.08799],[121.48299,18.08815],[121.48352,18.08845],[121.48398,18.08888],[121.4844,18.08964],[121.48507,18.09024],[121.48549,18.09048],[121.48677,18.09082],[121.48766,18.09085],[121.48823,18.09096],[121.48858,18.09262],[121.48832,18.09281],[121.48829,18.09329],[121.48784,18.09356],[121.48781,18.09383],[121.48755,18.09409],[121.48644,18.09448],[121.48604,18.0944],[121.48585,18.09427],[121.48573,18.09402],[121.48598,18.09335],[121.48576,18.09284],[121.4855,18.09269],[121.48535,18.09279],[121.48515,18.09311],[121.48504,18.09367],[121.48475,18.09399],[121.48486,18.09483],[121.48433,18.09498],[121.48361,18.09458],[121.48306,18.09378],[121.48303,18.09315],[121.48316,18.09274],[121.48309,18.09259],[121.48269,18.09255],[121.48248,18.09319],[121.48226,18.09342],[121.48188,18.09342],[121.48138,18.09299],[121.48098,18.09279],[121.48088,18.09267],[121.48089,18.09213],[121.4812,18.09155],[121.48121,18.09124],[121.48109,18.09107],[121.48058,18.09084],[121.48047,18.09068],[121.4805,18.0904],[121.48036,18.08987],[121.4797,18.08943],[121.47959,18.08927],[121.47916,18.08806],[121.47917,18.08756],[121.47908,18.08708],[121.47893,18.08686],[121.47812,18.08642],[121.47737,18.08584],[121.47687,18.085],[121.47706,18.0848],[121.47726,18.08475],[121.47843,18.08462],[121.47849,18.08405],[121.47887,18.08335],[121.47919,18.08306],[121.47953,18.08298],[121.48075,18.08303],[121.48108,18.08312],[121.48128,18.0833],[121.48165,18.08338],[121.48202,18.08333],[121.48238,18.08317],[121.48251,18.08308],[121.48288,18.08252],[121.48298,18.08189],[121.48288,18.08179],[121.48276,18.08187],[121.4823,18.08229],[121.48168,18.08267],[121.48043,18.08254],[121.48012,18.08264],[121.47916,18.08268],[121.47871,18.08283],[121.47764,18.08372],[121.47713,18.08432],[121.47693,18.08442],[121.47646,18.08445],[121.47579,18.08409],[121.47565,18.08417],[121.47494,18.08401],[121.47399,18.08347],[121.4737,18.08284],[121.47384,18.08227],[121.47379,18.08164],[121.47327,18.08108],[121.47264,18.0806],[121.47236,18.08005]]]]}},{"type":"Feature","properties":{"id":"MGB-FLD-13","susceptibility":"low","susceptibility_label":"Low","raw_class":"LF","data_source":"DENR-MGB / controlmap.mgb.gov.ph","objectid":13},"geometry":{"type":"Polygon","coordinates":[[[121.44673791108005,18.007098214093272],[121.44908399500002,18.003593075000026],[121.45527664243411,18.00215791796062],[121.46848,18.02883],[121.46798,18.02909],[121.46751,18.0292],[121.46725,18.02939],[121.46711,18.02936],[121.467,18.02923],[121.46623,18.02747],[121.46607,18.02728],[121.46507,18.02678],[121.46484,18.02653],[121.46488,18.02586],[121.46468,18.0256],[121.46451,18.02549],[121.46388,18.02535],[121.46303,18.02561],[121.46219,18.02636],[121.46155,18.02662],[121.46137,18.02662],[121.46121,18.02652],[121.46085,18.02585],[121.4606,18.02571],[121.46014,18.02575],[121.45925,18.02601],[121.45799,18.02606],[121.4577,18.02612],[121.45741,18.02632],[121.45625,18.02648],[121.45601,18.02664],[121.45585,18.02695],[121.45589,18.02761],[121.45611,18.02834],[121.45577,18.02875],[121.45557,18.02887],[121.45556,18.02914],[121.45575,18.02934],[121.45605,18.02948],[121.45734,18.02996],[121.4581,18.03006],[121.45833,18.0299],[121.45842,18.02969],[121.45823,18.02875],[121.45832,18.02834],[121.46012,18.02776],[121.46067,18.02776],[121.46262,18.0275],[121.46292,18.02733],[121.46327,18.02728],[121.46371,18.0274],[121.46392,18.02755],[121.46414,18.02795],[121.46475,18.02856],[121.46473,18.02879],[121.46449,18.02925],[121.46448,18.02946],[121.46487,18.03022],[121.46526,18.03069],[121.46715,18.03141],[121.46775,18.03141],[121.4684,18.03129],[121.46872,18.0311],[121.46932,18.03054],[121.47996,18.05201],[121.48549,18.07806],[121.4851,18.07847],[121.48456,18.07878],[121.48444,18.07899],[121.4841,18.07873],[121.48324,18.07871],[121.48304,18.07847],[121.48281,18.07786],[121.48251,18.07744],[121.48251,18.07682],[121.48237,18.07658],[121.48232,18.0762],[121.48208,18.07596],[121.48184,18.07586],[121.48039,18.07641],[121.48001,18.07684],[121.47923,18.07706],[121.47862,18.07713],[121.47788,18.07752],[121.47663,18.07785],[121.47582,18.07841],[121.47475,18.07876],[121.47358,18.07904],[121.47252,18.07965],[121.47237,18.07988],[121.47236,18.08005],[121.47264,18.0806],[121.47327,18.08108],[121.47379,18.08164],[121.47384,18.08227],[121.4737,18.08284],[121.47399,18.08347],[121.47494,18.08401],[121.47565,18.08417],[121.47579,18.08409],[121.47646,18.08445],[121.47693,18.08442],[121.47713,18.08432],[121.47764,18.08372],[121.47871,18.08283],[121.47916,18.08268],[121.48012,18.08264],[121.48043,18.08254],[121.48168,18.08267],[121.4823,18.08229],[121.48276,18.08187],[121.48288,18.08179],[121.48298,18.08189],[121.48288,18.08252],[121.48251,18.08308],[121.48238,18.08317],[121.48202,18.08333],[121.48165,18.08338],[121.48128,18.0833],[121.48108,18.08312],[121.48075,18.08303],[121.47953,18.08298],[121.47919,18.08306],[121.47887,18.08335],[121.47849,18.08405],[121.47843,18.08462],[121.47726,18.08475],[121.47706,18.0848],[121.47687,18.085],[121.47737,18.08584],[121.47812,18.08642],[121.47893,18.08686],[121.47908,18.08708],[121.47924,18.08842],[121.47959,18.08927],[121.4797,18.08943],[121.48036,18.08987],[121.48046,18.09018],[121.48047,18.09068],[121.48075,18.09094],[121.47961,18.09108],[121.47794,18.09037],[121.47728,18.09018],[121.47647,18.09013],[121.47409,18.09075],[121.472,18.09041],[121.47066,18.08999],[121.46867,18.08918],[121.46671,18.08889],[121.46539,18.08885],[121.46506966041643,18.088664123945335],[121.4649593910001,18.08573718100007],[121.46390637400009,18.083584314000063],[121.46321148600009,18.076200550000067],[121.46270127000003,18.07077907100006],[121.46035909600005,18.04941033700004],[121.45525104408135,18.047199603126973],[121.45867,18.0459],[121.46097,18.04459],[121.46278,18.04076],[121.46266,18.03825],[121.46209,18.03608],[121.46095,18.03505],[121.45901,18.03391],[121.45661,18.03185],[121.45547,18.03059],[121.45394,18.02808],[121.45341,18.02656],[121.45402,18.02435],[121.45463,18.02313],[121.45554,18.02237],[121.45646,18.02115],[121.45699,18.01971],[121.45707,18.01849],[121.45699,18.01704],[121.45676,18.01598],[121.45539,18.0125],[121.45201,18.00973],[121.44673791108005,18.007098214093272]]]}},{"type":"Feature","properties":{"id":"MGB-FLD-57275","susceptibility":"high","susceptibility_label":"High","raw_class":"HF","data_source":"DENR-MGB / controlmap.mgb.gov.ph","objectid":57275},"geometry":{"type":"MultiPolygon","coordinates":[[[[121.45753326094346,18.0016349426139],[121.45799315361663,18.001528361670243],[121.45842,18.00233],[121.45851,18.00267],[121.45863,18.00278],[121.45895,18.00273],[121.45992,18.00217],[121.46029,18.00178],[121.46036,18.00139],[121.46047,18.00117],[121.46043672938353,18.000962058647097],[121.4610114122215,18.00082887487891],[121.46129,18.00095],[121.4616,18.00128],[121.46216,18.00263],[121.46214,18.00293],[121.4619,18.00328],[121.46128,18.00369],[121.46104,18.00393],[121.46084,18.00467],[121.46045,18.00532],[121.46029,18.00616],[121.46008,18.00673],[121.46018,18.00743],[121.4598,18.00837],[121.4599,18.00955],[121.45979,18.01026],[121.4599,18.01081],[121.4602,18.01116],[121.45988,18.0109],[121.45973,18.01051],[121.45985,18.00963],[121.45976,18.00882],[121.45965,18.00852],[121.45972,18.00685],[121.46005,18.00513],[121.46049,18.00418],[121.46081,18.00382],[121.46146,18.00353],[121.4619,18.0032],[121.46209,18.00292],[121.46209,18.00258],[121.46147,18.00125],[121.46128,18.00106],[121.46103,18.00099],[121.46068,18.00104],[121.46044,18.00149],[121.46036,18.00181],[121.45981,18.00233],[121.45872,18.00285],[121.45855,18.00284],[121.45839,18.0027],[121.45768,18.00195],[121.45753326094346,18.0016349426139]]],[[[121.4603,18.0112],[121.46072,18.0112],[121.46154,18.01178],[121.46176,18.01205],[121.462,18.01215],[121.4624,18.01219],[121.46267,18.01211],[121.46324,18.01162],[121.46348,18.01157],[121.46385,18.01171],[121.46453,18.0118],[121.46517,18.01206],[121.46543,18.01228],[121.46573,18.01277],[121.46626,18.01306],[121.46638,18.01336],[121.46626,18.01384],[121.46602,18.01417],[121.46546,18.01471],[121.46525,18.01513],[121.46529,18.01592],[121.46519,18.01673],[121.46548,18.01725],[121.46586,18.01765],[121.46531,18.01716],[121.46497,18.01632],[121.46477,18.01549],[121.46471,18.01399],[121.4645,18.01331],[121.46409,18.01278],[121.46378,18.01249],[121.46329,18.01228],[121.46277,18.01222],[121.4624,18.01236],[121.46216,18.01233],[121.46152,18.01196],[121.4609,18.0114],[121.4603,18.0112]]],[[[121.46258337639065,18.000403649745614],[121.46279391151614,18.000342970819467],[121.46291,18.00044],[121.46542,18.00145],[121.46556,18.0016],[121.46567,18.00363],[121.46583,18.00381],[121.46575,18.00404],[121.46589,18.00437],[121.46629,18.0049],[121.4663,18.00526],[121.46606,18.00609],[121.46495,18.00758],[121.46488,18.00812],[121.46547,18.00856],[121.46578,18.00898],[121.46607,18.00914],[121.46801,18.00945],[121.46847,18.00962],[121.46897,18.01003],[121.46919,18.01043],[121.46922,18.01136],[121.4695,18.01275],[121.46983,18.01334],[121.47144,18.01496],[121.47206,18.01571],[121.47221,18.01632],[121.47215,18.01689],[121.47278,18.01857],[121.47278,18.01886],[121.47267,18.01899],[121.47207,18.01932],[121.47171,18.01938],[121.47161,18.01975],[121.47146,18.01995],[121.47115,18.02],[121.47079,18.0199],[121.47032,18.01997],[121.46998,18.02016],[121.46979,18.02052],[121.46967,18.0212],[121.46977,18.02192],[121.47037,18.02337],[121.47037,18.02362],[121.47049,18.02389],[121.4706,18.02455],[121.47142,18.02471],[121.47207,18.02541],[121.47232,18.026],[121.47246,18.02617],[121.47264,18.02621],[121.47288,18.02609],[121.47308,18.0261],[121.47378,18.02655],[121.47452,18.02683],[121.4747,18.02709],[121.47536,18.02732],[121.47676,18.02749],[121.47712,18.02777],[121.47757,18.02835],[121.47758,18.02864],[121.47728,18.02923],[121.47698,18.02933],[121.47652,18.02983],[121.47573,18.03021],[121.47545,18.03055],[121.47492,18.03085],[121.4744,18.03162],[121.47446,18.03263],[121.47472,18.0336],[121.47501,18.03447],[121.47527,18.03486],[121.47544,18.03529],[121.47596,18.03597],[121.47615,18.03644],[121.477,18.03749],[121.47783,18.03952],[121.47946,18.04084],[121.47992,18.04138],[121.4801,18.04173],[121.48076,18.04231],[121.48135,18.04264],[121.48296,18.04279],[121.48357,18.04276],[121.48389,18.04287],[121.48425,18.04333],[121.48481,18.0447],[121.48535,18.04506],[121.48574,18.04555],[121.48646,18.04617],[121.48764,18.04693],[121.48954,18.04838],[121.49051,18.04996],[121.49099,18.05055],[121.49197,18.05123],[121.49368,18.05175],[121.49514,18.05195],[121.49617,18.05245],[121.49785,18.05297],[121.49831,18.05301],[121.49932,18.05336],[121.50023,18.05345],[121.50132,18.05381],[121.50184,18.05381],[121.50279,18.05406],[121.5041,18.05422],[121.50503,18.05413],[121.50522,18.05403],[121.50552,18.05371],[121.50625,18.05316],[121.50685,18.05231],[121.50738,18.05172],[121.50824,18.05126],[121.50863,18.05096],[121.50924,18.05077],[121.50983,18.05078],[121.51034,18.05141],[121.51132,18.05199],[121.51204,18.05223],[121.51371,18.05181],[121.51411,18.05156],[121.51527,18.05156],[121.51571,18.05142],[121.5162,18.05113],[121.51704,18.05094],[121.51774,18.05091],[121.51792,18.05081],[121.51799,18.05068],[121.51824,18.05058],[121.52002,18.05076],[121.52049,18.05093],[121.52062,18.05089],[121.52143,18.05103],[121.52167,18.05117],[121.52324,18.05156],[121.52391,18.05193],[121.52512,18.05278],[121.52551,18.0529],[121.52632,18.05341],[121.52812,18.05524],[121.52937,18.05669],[121.52956,18.05736],[121.52972,18.05766],[121.53001,18.0579],[121.53056,18.05864],[121.53047,18.05898],[121.53118,18.06053],[121.53147,18.06074],[121.53207,18.06153],[121.5326,18.06184],[121.53457,18.0633],[121.53501,18.06377],[121.53544,18.06406],[121.53605,18.06495],[121.53665,18.06553],[121.53807,18.06617],[121.53882,18.06635],[121.53941,18.0667],[121.54003,18.06682],[121.54047,18.0666],[121.54048,18.06647],[121.54057,18.06639],[121.5414,18.06652],[121.54209,18.06639],[121.54323,18.06638],[121.54398,18.06625],[121.54475,18.06644],[121.54516,18.06645],[121.54657,18.06613],[121.54776,18.06626],[121.54828,18.06617],[121.54844,18.06606],[121.54854,18.06568],[121.54853,18.06527],[121.54819,18.06425],[121.54786,18.06388],[121.54781,18.06332],[121.54806,18.06301],[121.54817,18.0627],[121.54843,18.06242],[121.54883,18.06138],[121.54899,18.06076],[121.54892,18.05996],[121.54914,18.05947],[121.54949,18.05906],[121.54996,18.05879],[121.55017,18.05858],[121.55071,18.05833],[121.55115,18.0583],[121.55192,18.0585],[121.55277,18.05909],[121.55311,18.05955],[121.55387,18.06022],[121.55549,18.06101],[121.55602,18.06142],[121.55679,18.06171],[121.55717,18.06174],[121.55811,18.06163],[121.55873,18.06143],[121.55929,18.06113],[121.55988,18.06058],[121.56055,18.06013],[121.56233,18.05902],[121.56283,18.05885],[121.56433,18.05775],[121.56486,18.05751],[121.56549,18.05759],[121.56628,18.05739],[121.56723,18.05697],[121.56933,18.05675],[121.57006,18.05652],[121.57062,18.0565],[121.57142,18.05626],[121.57296,18.05602],[121.57329,18.05611],[121.57376,18.05641],[121.57467,18.05665],[121.57532,18.05673],[121.57566,18.05668],[121.5766,18.05618],[121.57777,18.05607],[121.57802,18.05598],[121.57839,18.05555],[121.57915,18.05514],[121.57989,18.05488],[121.58022,18.05495],[121.58027,18.05574],[121.58041,18.05587],[121.58072,18.05577],[121.58101,18.05538],[121.58119,18.05532],[121.58202,18.05549],[121.58266,18.05536],[121.58326,18.05545],[121.58376,18.0558],[121.58393,18.05612],[121.58459,18.05656],[121.58593,18.05774],[121.5866,18.05801],[121.58727,18.05795],[121.58807,18.05774],[121.58988,18.05697],[121.59066,18.05684],[121.59245,18.0557],[121.59298,18.05554],[121.59352,18.05547],[121.5958,18.05563],[121.59665,18.05556],[121.5983,18.05503],[121.59949,18.05497],[121.60119,18.05511],[121.60209,18.05554],[121.60286,18.05602],[121.6029,18.05626],[121.6028,18.05652],[121.60218,18.05678],[121.60182,18.05723],[121.60183,18.05751],[121.60226,18.05793],[121.6024,18.0585],[121.60281,18.05879],[121.60354,18.05913],[121.60619,18.05933],[121.6066,18.05952],[121.60691,18.05976],[121.60756,18.06053],[121.60766,18.06123],[121.60824,18.06196],[121.6086,18.06219],[121.60948,18.06171],[121.60964,18.06151],[121.60965,18.06021],[121.60979,18.05966],[121.61017,18.05913],[121.61016,18.05861],[121.60933,18.05811],[121.60897,18.05761],[121.609,18.05742],[121.6092,18.05722],[121.60985,18.05739],[121.61069,18.05731],[121.6109,18.05693],[121.61077,18.05641],[121.6108,18.05602],[121.61068,18.05585],[121.61026,18.05558],[121.60995,18.0552],[121.60957,18.05499],[121.60888,18.05505],[121.60863,18.05496],[121.60836,18.05468],[121.60824,18.05435],[121.60825,18.05367],[121.60888,18.05274],[121.60912,18.05264],[121.60968,18.05244],[121.61058,18.05229],[121.61106,18.05245],[121.61137,18.05224],[121.6126,18.05213],[121.61294,18.05154],[121.61285,18.05027],[121.61305,18.04989],[121.61331,18.04971],[121.61362,18.04961],[121.61428,18.05018],[121.61457,18.05026],[121.61502,18.04996],[121.61596,18.04965],[121.61626,18.04905],[121.6162,18.04855],[121.6154,18.0471],[121.61477,18.04646],[121.6142,18.04565],[121.61292,18.04489],[121.61193,18.04409],[121.61111,18.04372],[121.61066,18.04341],[121.60971,18.04252],[121.60926,18.04223],[121.60842,18.04201],[121.60755,18.04204],[121.60711,18.04269],[121.60682,18.04299],[121.60659,18.04309],[121.60635,18.04291],[121.60634,18.04268],[121.60622,18.04247],[121.60495,18.04214],[121.60477,18.04195],[121.60479,18.04183],[121.60488,18.04167],[121.60517,18.04155],[121.60538,18.04131],[121.60544,18.0408],[121.60538,18.04065],[121.60542,18.04046],[121.60531,18.04031],[121.6054,18.03982],[121.60518,18.03925],[121.60391,18.03819],[121.60326,18.03779],[121.60286,18.03763],[121.60229,18.03771],[121.60184,18.03758],[121.60156,18.03722],[121.60147,18.03669],[121.60132,18.03641],[121.60114,18.03626],[121.60094,18.03589],[121.6004,18.0355],[121.60014,18.0355],[121.59958,18.03602],[121.59947,18.03609],[121.59922,18.03607],[121.59864,18.03648],[121.59823,18.03632],[121.59797,18.03606],[121.59784,18.03532],[121.59793,18.03509],[121.59825,18.03472],[121.59826,18.03437],[121.59806,18.0341],[121.59778,18.03403],[121.59721,18.03422],[121.59705,18.03417],[121.59669,18.03394],[121.59652,18.03356],[121.59634,18.03343],[121.59622,18.03339],[121.59586,18.03359],[121.59565,18.03359],[121.59349,18.03268],[121.59326,18.03211],[121.59304,18.03181],[121.5925,18.03153],[121.59213,18.03123],[121.59151,18.03056],[121.59141,18.03022],[121.59142,18.02995],[121.59167,18.0294],[121.59164,18.0292],[121.59193,18.02898],[121.59185,18.02884],[121.59188,18.02856],[121.59172,18.02819],[121.59136,18.02777],[121.59025,18.02712],[121.58936,18.02682],[121.58813,18.02616],[121.58756,18.02598],[121.58704,18.02552],[121.58663,18.02495],[121.58538,18.02378],[121.58462,18.02321],[121.58371,18.02279],[121.58333,18.02211],[121.58222,18.0215],[121.58184,18.02116],[121.58108,18.02101],[121.58013,18.02047],[121.57927,18.01944],[121.57867,18.01966],[121.57815,18.01962],[121.57756,18.01982],[121.57723,18.01981],[121.57717,18.02007],[121.5769693727659,18.020146710413037],[121.57698010000001,18.020039432000033],[121.57690588800006,18.019748766000077],[121.57685022900012,18.019649816000026],[121.5767883850001,18.01953849800003],[121.57678220100001,18.019420995000075],[121.5768316760001,18.01919217300002],[121.57679456900007,18.018981904000043],[121.57673272600005,18.01885821700006],[121.57664614400005,18.018740714000046],[121.57660285400004,18.018567552000036],[121.5765471950001,18.018505708000077],[121.5765286410001,18.018295439000042],[121.57644824500005,18.018010958000048],[121.57626889800008,18.01762752700006],[121.5761328420001,18.017299756000057],[121.57605244500007,18.017077119000078],[121.5760462610001,18.01691014100004],[121.57608955100011,18.016786453000066],[121.57621323900003,18.01673697800004],[121.57640083000001,18.016735808000078],[121.57681405800008,18.01684772400006],[121.57708093400004,18.017037120000055],[121.57711537000012,18.01722651700004],[121.57724450300009,18.017364259000033],[121.57738224600007,18.017433131000075],[121.57765773100004,18.017286779000074],[121.5777352120001,18.01710599200004],[121.577640513,18.016830507000066],[121.57750277100001,18.016666937000025],[121.57758025100009,18.01639145200005],[121.57772660300009,18.01623649100003],[121.578027915,18.016322581000054],[121.5786391480001,18.016890769000042],[121.57887820001655,18.01698303465643],[121.57901,18.01731],[121.57951,18.01813],[121.57993,18.0186],[121.58024,18.01882],[121.5808,18.019],[121.58117,18.01924],[121.58212,18.02025],[121.58354,18.02135],[121.58473,18.02211],[121.58486,18.02229],[121.58715,18.02343],[121.58949,18.02502],[121.59084,18.02632],[121.59173,18.02697],[121.5935,18.02869],[121.59525,18.03022],[121.5972,18.03176],[121.60291,18.0355],[121.60428,18.03668],[121.6049,18.03738],[121.60706,18.0392],[121.60845,18.04016],[121.60982,18.04125],[121.61249,18.04371],[121.61356,18.04446],[121.61535,18.04596],[121.61616,18.04697],[121.61649,18.04769],[121.61683,18.04934],[121.61664,18.05001],[121.61634,18.05036],[121.61562,18.05094],[121.61544,18.0517],[121.61579,18.05312],[121.61584,18.05377],[121.6157,18.05473],[121.61567,18.05609],[121.61583,18.05718],[121.61614,18.05761],[121.61633,18.05758],[121.61677,18.05717],[121.61704,18.05713],[121.61735,18.05731],[121.61775,18.05785],[121.61795,18.05801],[121.61835,18.0581],[121.61857,18.05838],[121.61863,18.05876],[121.61857,18.05904],[121.61807,18.05976],[121.61801,18.06007],[121.61817,18.06097],[121.61887,18.06192],[121.61996,18.06309],[121.62066,18.0642],[121.62073,18.06467],[121.62104,18.06532],[121.62165,18.06599],[121.62199,18.06733],[121.62225,18.06931],[121.6228,18.07024],[121.62442,18.07184],[121.62463,18.07282],[121.62428,18.07385],[121.62389,18.07459],[121.62331,18.07526],[121.62291,18.07605],[121.62273,18.07724],[121.6226,18.07739],[121.62199,18.07774],[121.62143,18.07792],[121.62015,18.07793],[121.61948,18.07805],[121.6189,18.07825],[121.61821,18.07811],[121.61782,18.07784],[121.61748,18.07747],[121.61685,18.07633],[121.61652,18.07539],[121.6167,18.07468],[121.61671,18.07427],[121.61639,18.07355],[121.61644,18.07281],[121.61628,18.07232],[121.61552,18.07141],[121.6141,18.0704],[121.6133,18.0703],[121.61241,18.06996],[121.61166,18.06995],[121.61115,18.06943],[121.61054,18.06858],[121.61049,18.068],[121.61018,18.0677],[121.61009,18.06711],[121.60972,18.06651],[121.60929,18.06601],[121.60897,18.06435],[121.60882,18.06412],[121.60755,18.06291],[121.60738,18.06257],[121.60724,18.06129],[121.60666,18.06009],[121.60623,18.05968],[121.60558,18.05942],[121.60448,18.05941],[121.60336,18.05956],[121.60231,18.0593],[121.6019,18.05888],[121.60142,18.05761],[121.60092,18.05688],[121.60023,18.05634],[121.59964,18.05611],[121.59847,18.05581],[121.59753,18.05576],[121.59622,18.05605],[121.5959,18.05626],[121.59559,18.05631],[121.59445,18.05625],[121.5935,18.05606],[121.59294,18.05583],[121.59271,18.05585],[121.59223,18.05634],[121.59156,18.05656],[121.59054,18.0573],[121.58995,18.05746],[121.58846,18.05857],[121.58755,18.05888],[121.58686,18.0588],[121.58554,18.05808],[121.58511,18.05767],[121.5842,18.05651],[121.58374,18.0563],[121.58338,18.05587],[121.58316,18.05576],[121.58262,18.0557],[121.58101,18.05599],[121.5807,18.05612],[121.58051,18.05647],[121.5801,18.05679],[121.57863,18.05725],[121.57751,18.05698],[121.57652,18.05728],[121.57589,18.05721],[121.57525,18.05723],[121.57393,18.0568],[121.57303,18.05616],[121.57266,18.0562],[121.57207,18.05637],[121.57135,18.05645],[121.57095,18.05662],[121.56949,18.05687],[121.56822,18.05695],[121.56785,18.05713],[121.56692,18.05734],[121.56598,18.05783],[121.56439,18.0583],[121.56348,18.05903],[121.5625,18.06018],[121.5621,18.06048],[121.56027,18.06132],[121.55905,18.06222],[121.5584,18.06242],[121.55768,18.06249],[121.55728,18.06247],[121.55529,18.06153],[121.55457,18.0609],[121.55377,18.06035],[121.55302,18.05965],[121.55254,18.05904],[121.55196,18.05865],[121.55153,18.05849],[121.55102,18.05853],[121.55061,18.05865],[121.54962,18.05924],[121.54934,18.05948],[121.54909,18.0599],[121.54903,18.06035],[121.5491,18.06075],[121.54858,18.06232],[121.54827,18.06276],[121.54822,18.06296],[121.54852,18.06306],[121.54873,18.06353],[121.54878,18.06394],[121.54872,18.06458],[121.5489,18.06486],[121.54901,18.06543],[121.54899,18.06602],[121.54853,18.06649],[121.54767,18.06672],[121.54718,18.06654],[121.54638,18.06647],[121.54569,18.06679],[121.54489,18.06676],[121.54409,18.06652],[121.54361,18.06662],[121.54262,18.06701],[121.5419,18.06684],[121.54113,18.0668],[121.54033,18.06686],[121.53994,18.06702],[121.53967,18.06702],[121.53783,18.06661],[121.53749,18.06645],[121.53489,18.06434],[121.53424,18.06396],[121.53164,18.06194],[121.53058,18.06132],[121.52982,18.06007],[121.52962,18.0594],[121.52946,18.05834],[121.52907,18.05745],[121.52846,18.05648],[121.5269,18.05495],[121.52618,18.05446],[121.52559,18.05366],[121.52503,18.05325],[121.52389,18.05286],[121.52207,18.05251],[121.51993,18.05242],[121.51952,18.05227],[121.51819,18.05205],[121.51772,18.05154],[121.51771,18.0514],[121.51755,18.05131],[121.51669,18.0515],[121.51573,18.05186],[121.51493,18.05194],[121.5138,18.05183],[121.5121,18.05233],[121.51134,18.05209],[121.51085,18.05176],[121.50985,18.05136],[121.50881,18.05128],[121.50814,18.05152],[121.50771,18.05181],[121.507,18.05263],[121.50662,18.05319],[121.50568,18.05406],[121.50533,18.05486],[121.50522,18.05498],[121.50477,18.05508],[121.50439,18.05503],[121.50401,18.05482],[121.50334,18.05469],[121.50136,18.05386],[121.4985,18.0534],[121.4976,18.05311],[121.49708,18.05306],[121.49512,18.05221],[121.49465,18.05207],[121.49331,18.05198],[121.4922,18.05145],[121.49141,18.05121],[121.49109,18.05098],[121.49033,18.05011],[121.48947,18.04857],[121.48851,18.04769],[121.48786,18.04732],[121.48566,18.04568],[121.48476,18.04483],[121.48399,18.04311],[121.48384,18.04297],[121.48346,18.04284],[121.48212,18.04288],[121.48094,18.04275],[121.48015,18.04202],[121.47927,18.04084],[121.47897,18.04067],[121.4782,18.03996],[121.4776,18.0396],[121.47728,18.03911],[121.47676,18.03771],[121.47619,18.03696],[121.47558,18.03574],[121.4748,18.03492],[121.4741,18.03328],[121.47373,18.03163],[121.4738,18.0312],[121.474,18.03085],[121.47443,18.03077],[121.47466,18.03063],[121.47546,18.0304],[121.47577,18.03004],[121.47596,18.03003],[121.4761,18.02956],[121.47604,18.02915],[121.47625,18.02877],[121.47665,18.02853],[121.4767,18.02789],[121.47645,18.02773],[121.47543,18.02777],[121.47417,18.02722],[121.47374,18.02684],[121.47353,18.02676],[121.47255,18.02656],[121.47144,18.0262],[121.47088,18.02565],[121.47053,18.02503],[121.47038,18.02461],[121.47013,18.02327],[121.4696,18.02197],[121.46949,18.02132],[121.46954,18.02093],[121.46978,18.02024],[121.47004,18.01988],[121.47027,18.01974],[121.47106,18.01956],[121.47147,18.01931],[121.47178,18.0187],[121.4721,18.01829],[121.47209,18.01821],[121.47164,18.01778],[121.47109,18.01765],[121.47025,18.01727],[121.46903,18.01706],[121.46886,18.01683],[121.46892,18.01634],[121.46919,18.01568],[121.4696,18.01498],[121.47014,18.01449],[121.47029,18.01419],[121.47013,18.01383],[121.46965,18.01343],[121.46902,18.01238],[121.4689,18.01154],[121.46914,18.01067],[121.46895,18.01009],[121.46844,18.00968],[121.46814,18.00956],[121.46644,18.00929],[121.46615,18.00936],[121.4658,18.00975],[121.46506,18.00984],[121.46456,18.0094],[121.46425,18.00895],[121.46416,18.00834],[121.46452,18.00797],[121.46464,18.00736],[121.46497,18.0072],[121.46569,18.00649],[121.46614,18.00561],[121.46625,18.00507],[121.46615,18.00474],[121.46574,18.00447],[121.4655,18.0041],[121.46536,18.0035],[121.46456,18.0016],[121.4642,18.00123],[121.46305,18.00073],[121.46258337639065,18.000403649745614]]],[[[121.46596,18.01766],[121.46627,18.01769],[121.46716,18.01833],[121.46746,18.01874],[121.46795,18.01971],[121.46807,18.02031],[121.46835,18.02079],[121.46855,18.02135],[121.46873,18.02226],[121.4687,18.02351],[121.4689,18.02506],[121.46986,18.0283],[121.46938,18.02889],[121.46896,18.02912],[121.46865,18.02919],[121.46848,18.02883],[121.46944,18.02839],[121.46961,18.02801],[121.46911,18.0263],[121.46875,18.02463],[121.46836,18.02358],[121.46833,18.02224],[121.46791,18.02107],[121.46776,18.01981],[121.46646,18.01788],[121.46596,18.01766]]],[[[121.46925,18.0304],[121.4695,18.03003],[121.46999,18.02974],[121.47117,18.02956],[121.47162,18.02971],[121.47178,18.02991],[121.47199,18.03093],[121.47193,18.03276],[121.47259,18.03378],[121.47294,18.03526],[121.47328,18.03589],[121.47426,18.03718],[121.47359,18.03656],[121.47343,18.03621],[121.47277,18.03525],[121.47261,18.03516],[121.47237,18.03413],[121.47122,18.03219],[121.47103,18.0311],[121.47084,18.03076],[121.47057,18.0306],[121.46996,18.03058],[121.46944,18.03045],[121.4693,18.03049],[121.46925,18.0304]]],[[[121.47488,18.03872],[121.47489,18.0385],[121.47502,18.03879],[121.4758,18.03964],[121.47683,18.04028],[121.47797,18.04135],[121.4787,18.04179],[121.4791,18.0422],[121.47947,18.04276],[121.4801688556962,18.043340739240506],[121.47983,18.04318],[121.47944,18.04282],[121.47873,18.04192],[121.47791,18.04137],[121.47678,18.04034],[121.47582,18.03975],[121.47488,18.03872]]],[[[121.4801688556962,18.043340739240506],[121.48020978165938,18.043360152838428],[121.48018,18.04335],[121.4801688556962,18.043340739240506]]],[[[121.48020978165938,18.043360152838428],[121.48062,18.0435],[121.48262,18.04371],[121.4834,18.04416],[121.48392,18.04482],[121.48427,18.04559],[121.48442,18.04574],[121.48692,18.04736],[121.48711,18.0476],[121.48812,18.04957],[121.48942,18.05134],[121.48992,18.05166],[121.49109,18.05203],[121.4916,18.05232],[121.49235,18.05261],[121.49645,18.0549],[121.49672,18.05522],[121.4969,18.05562],[121.4968,18.05582],[121.49692,18.05617],[121.49749,18.05704],[121.4976,18.0571],[121.49809,18.05726],[121.49834,18.05718],[121.49853,18.05678],[121.49873,18.05667],[121.4993,18.05602],[121.49942,18.05538],[121.49969,18.05533],[121.50005,18.0554],[121.50066,18.05505],[121.50118,18.05535],[121.50128,18.05556],[121.50213,18.056],[121.50424,18.05736],[121.50492,18.05834],[121.50591,18.05895],[121.50628,18.05905],[121.50661,18.05901],[121.50702,18.05886],[121.50724,18.05859],[121.50739,18.05804],[121.50752,18.05666],[121.50775,18.0563],[121.50867,18.05552],[121.50891,18.05503],[121.51007,18.05394],[121.51017,18.05369],[121.51041,18.05351],[121.51099,18.05329],[121.51159,18.05282],[121.51233,18.0527],[121.51254,18.05256],[121.51309,18.05249],[121.51338,18.05235],[121.51422,18.05225],[121.51593,18.05258],[121.51674,18.05293],[121.51728,18.05296],[121.51743,18.05311],[121.51778,18.05315],[121.51821,18.0535],[121.51901,18.05369],[121.51928,18.05387],[121.52031,18.05425],[121.52102,18.05445],[121.52224,18.05459],[121.52329,18.0549],[121.52362,18.05513],[121.52388,18.05544],[121.52403,18.05588],[121.52527,18.0584],[121.52572,18.0589],[121.52637,18.05907],[121.52648,18.05931],[121.52639,18.06],[121.52555,18.06066],[121.52481,18.0611],[121.52466,18.0613],[121.5247,18.06153],[121.52512,18.06212],[121.52547,18.06229],[121.52581,18.06231],[121.52623,18.06247],[121.52691,18.06294],[121.52834,18.06348],[121.52883,18.06347],[121.52965,18.06365],[121.53054,18.06409],[121.53104,18.0642],[121.53156,18.06444],[121.53237,18.06501],[121.53283,18.06567],[121.53363,18.0664],[121.53448,18.06689],[121.53567,18.06732],[121.53661,18.06811],[121.53741,18.06861],[121.53813,18.06879],[121.53965,18.06868],[121.54001,18.06869],[121.54048,18.06882],[121.54102,18.06908],[121.5421,18.06994],[121.54241,18.07027],[121.54296,18.0705],[121.54469,18.07023],[121.54498,18.07012],[121.54529,18.06971],[121.54619,18.0696],[121.54729,18.06892],[121.5474,18.06849],[121.54733,18.06784],[121.5476,18.06767],[121.54823,18.06754],[121.54864,18.06763],[121.54894,18.06761],[121.54944,18.06746],[121.54966,18.06727],[121.5504,18.06588],[121.55066,18.06409],[121.55049,18.06292],[121.54997,18.06213],[121.54987,18.06155],[121.54991,18.06097],[121.55008,18.06027],[121.5503,18.05984],[121.55045,18.05972],[121.55084,18.05963],[121.55135,18.05969],[121.552,18.05992],[121.55293,18.06039],[121.55322,18.06062],[121.55343,18.06092],[121.55405,18.06215],[121.55518,18.06294],[121.55579,18.06323],[121.55682,18.06346],[121.55783,18.06381],[121.55832,18.06385],[121.55907,18.06365],[121.55962,18.06332],[121.56176,18.06233],[121.56268,18.06168],[121.56358,18.06088],[121.56551,18.05977],[121.56607,18.05918],[121.56813,18.05846],[121.56929,18.05863],[121.56973,18.05863],[121.5713,18.0591],[121.5722,18.05922],[121.57374,18.05967],[121.57525,18.05996],[121.57709,18.06141],[121.57766,18.06175],[121.57821,18.06201],[121.57922,18.06204],[121.57965,18.06181],[121.57981,18.06156],[121.58,18.06074],[121.58036,18.06012],[121.58051,18.05996],[121.58154,18.05954],[121.582,18.0592],[121.58233,18.0588],[121.58241,18.05809],[121.58253,18.05803],[121.58434,18.05843],[121.58483,18.05892],[121.58574,18.05943],[121.58735,18.05991],[121.5895,18.05917],[121.59116,18.05904],[121.5924,18.05832],[121.59284,18.05818],[121.59417,18.05822],[121.59506,18.05848],[121.59624,18.05852],[121.59669,18.05882],[121.59765,18.05922],[121.59815,18.05931],[121.5988,18.05916],[121.5989,18.05921],[121.59925,18.05982],[121.59961,18.06111],[121.59995,18.06149],[121.60031,18.06223],[121.60059,18.06252],[121.60136,18.063],[121.60189,18.06304],[121.60235,18.06294],[121.60332,18.06255],[121.60373,18.06231],[121.60456,18.06258],[121.60532,18.06377],[121.60527,18.06398],[121.60475,18.06448],[121.60478,18.06527],[121.60456,18.06555],[121.6036,18.06628],[121.60253,18.06677],[121.60137,18.06691],[121.60111,18.0669],[121.60023,18.06642],[121.59955,18.06625],[121.59902,18.06631],[121.59881,18.06657],[121.59888,18.06681],[121.59923,18.06708],[121.5993,18.0674],[121.59923,18.06758],[121.59904,18.06777],[121.5984,18.0681],[121.59849,18.06837],[121.59903,18.06871],[121.59935,18.06883],[121.60002,18.06888],[121.60087,18.06911],[121.60124,18.06945],[121.60132,18.07008],[121.60118,18.07087],[121.60113,18.0723],[121.60097,18.07264],[121.60068,18.07287],[121.60017,18.07302],[121.59928,18.07275],[121.59898,18.07238],[121.59813,18.07164],[121.59688,18.07013],[121.59656,18.0699],[121.59585,18.06992],[121.59515,18.06978],[121.59428,18.06986],[121.59396,18.06967],[121.59324,18.06885],[121.59292,18.06901],[121.5925,18.06953],[121.59245,18.06981],[121.5925,18.07062],[121.59232,18.07086],[121.59202,18.07092],[121.59186,18.07085],[121.59131,18.07028],[121.59048,18.06976],[121.58977,18.06901],[121.58897,18.06838],[121.58847,18.06819],[121.58647,18.06786],[121.58397,18.06792],[121.58259,18.06765],[121.58172,18.06767],[121.58035,18.06794],[121.57963,18.06825],[121.57926,18.06853],[121.57891,18.06864],[121.57798,18.06855],[121.57749,18.06859],[121.57665,18.069],[121.57642,18.06927],[121.57612,18.07048],[121.5756,18.07203],[121.57535,18.07242],[121.57484,18.07297],[121.57407,18.07361],[121.57374,18.07419],[121.57359,18.07486],[121.57311,18.07553],[121.57295,18.07595],[121.57279,18.07644],[121.57294,18.07964],[121.57193,18.07994],[121.57006,18.07994],[121.56908,18.08004],[121.56846,18.0803],[121.56751,18.08026],[121.56663,18.08018],[121.56581,18.07985],[121.56534,18.07948],[121.56411,18.07946],[121.56181,18.07959],[121.56001,18.07944],[121.55856,18.07874],[121.5577,18.07848],[121.55693,18.07835],[121.55642,18.07835],[121.55563,18.07853],[121.55537,18.07896],[121.55528,18.07972],[121.55491,18.08104],[121.55437,18.08191],[121.55354,18.08288],[121.55315,18.0839],[121.55249,18.08518],[121.55213,18.08572],[121.55175,18.08607],[121.55054,18.08613],[121.54872,18.08603],[121.54809,18.08614],[121.54706,18.08652],[121.5466,18.08691],[121.54586,18.08792],[121.54539,18.08822],[121.54484,18.08831],[121.54343,18.08876],[121.54273,18.08919],[121.54191,18.09054],[121.54135,18.09221],[121.54177,18.09427],[121.54206,18.09484],[121.54305,18.09624],[121.54415,18.09712],[121.5451,18.0976],[121.54649,18.09798],[121.54753,18.09869],[121.54821,18.09969],[121.54852,18.10032],[121.54915,18.1011],[121.54992,18.10173],[121.55189,18.1028],[121.55228,18.10314],[121.55251,18.1035],[121.55283,18.10374],[121.55331,18.10381],[121.55397,18.10371],[121.55499,18.10341],[121.55573,18.10341],[121.55593,18.10311],[121.55599,18.10268],[121.55579,18.10246],[121.55576,18.10211],[121.55631,18.10172],[121.55636,18.10156],[121.55707,18.10088],[121.55844,18.1],[121.55961,18.09943],[121.56025,18.09933],[121.56068,18.09936],[121.56108,18.0995],[121.56162,18.09987],[121.56189,18.0999],[121.56338,18.09939],[121.56483,18.09921],[121.56543,18.09896],[121.56584,18.09889],[121.56675,18.0984],[121.56736,18.09831],[121.56816,18.09845],[121.56869,18.09894],[121.56948,18.09941],[121.57014,18.09963],[121.57254,18.09977],[121.57374,18.09956],[121.57444,18.0991],[121.5753,18.09891],[121.57687,18.09819],[121.57831,18.09772],[121.57903,18.0973],[121.58054,18.09576],[121.58148,18.09536],[121.58244,18.09472],[121.58321,18.09398],[121.58413,18.09325],[121.58493,18.09185],[121.58651,18.08949],[121.5877,18.08721],[121.58929,18.08362],[121.59079,18.08131],[121.59217,18.07987],[121.59466,18.07866],[121.5969,18.07709],[121.59747,18.07688],[121.59783,18.07691],[121.59845,18.07748],[121.59903,18.07828],[121.59982,18.07902],[121.60033,18.07926],[121.60142,18.07957],[121.60271,18.07958],[121.60341,18.07967],[121.6038,18.07962],[121.60513,18.08012],[121.60564,18.08022],[121.60596,18.08018],[121.60622,18.08007],[121.60689,18.07942],[121.60707,18.07898],[121.60746,18.07856],[121.60779,18.07842],[121.60858,18.07835],[121.60972,18.07794],[121.60998,18.07794],[121.61022,18.07796],[121.61103,18.07838],[121.61136,18.07869],[121.61244,18.07933],[121.61374,18.07961],[121.61422,18.08003],[121.61462,18.08023],[121.6148,18.08055],[121.61573,18.081],[121.61599,18.08139],[121.61595,18.08167],[121.6156,18.08253],[121.61521,18.08293],[121.61436,18.08294],[121.61385,18.08312],[121.61356,18.08313],[121.61311,18.08359],[121.61308,18.0839],[121.61323,18.08412],[121.61357,18.08421],[121.61411,18.08457],[121.6151,18.08545],[121.61558,18.08554],[121.61633,18.0852],[121.61655,18.08492],[121.61665,18.0843],[121.61695,18.08391],[121.61758,18.08375],[121.61914,18.08402],[121.6199,18.08433],[121.62074,18.08438],[121.62154,18.0843],[121.62193,18.08437],[121.6227,18.08477],[121.62357,18.085],[121.62456,18.08589],[121.62488,18.08674],[121.62518,18.08727],[121.62506,18.08777],[121.62497,18.0905],[121.62515,18.09094],[121.62543,18.09111],[121.62556,18.09133],[121.62564,18.0917],[121.62563,18.09295],[121.62576,18.09371],[121.62648,18.09454],[121.6282,18.09509],[121.62899,18.0952],[121.62998,18.09566],[121.63093,18.09544],[121.63119,18.09547],[121.63146,18.09531],[121.63179,18.09525],[121.63307,18.09543],[121.63339,18.09562],[121.63371,18.096],[121.63417,18.0961],[121.63465,18.09659],[121.63476,18.09679],[121.63484,18.0974],[121.63531,18.09843],[121.63582,18.09908],[121.63681,18.09968],[121.63879,18.10016],[121.63951,18.1001],[121.64047,18.09964],[121.64106,18.09957],[121.64254,18.10063],[121.64292,18.10113],[121.64298,18.10167],[121.64279,18.10208],[121.64298,18.10246],[121.64282,18.10283],[121.64244,18.10284],[121.64193,18.10273],[121.64111,18.10336],[121.64107,18.10352],[121.64136,18.10393],[121.64154,18.10398],[121.64219,18.10388],[121.6434,18.10388],[121.6419,18.10423],[121.64121,18.10407],[121.641,18.10392],[121.64084,18.10362],[121.64086,18.1033],[121.64165,18.10265],[121.64205,18.10252],[121.64237,18.10258],[121.64266,18.10236],[121.6429,18.10158],[121.64269,18.10097],[121.64246,18.10069],[121.64095,18.09966],[121.6402,18.09984],[121.63974,18.10012],[121.63922,18.10025],[121.6387,18.10026],[121.63698,18.09994],[121.63624,18.09967],[121.63589,18.09944],[121.63524,18.0987],[121.63431,18.09661],[121.6336,18.09621],[121.63308,18.09561],[121.63252,18.09549],[121.63155,18.09547],[121.63096,18.09571],[121.63012,18.09576],[121.62931,18.09545],[121.62893,18.09537],[121.62884,18.09542],[121.62856,18.09608],[121.62871,18.09689],[121.62916,18.09719],[121.62929,18.09741],[121.62918,18.09822],[121.62907,18.09836],[121.62882,18.09843],[121.62856,18.09842],[121.62681,18.0977],[121.62634,18.09732],[121.62613,18.09696],[121.62556,18.09661],[121.62483,18.09662],[121.62456,18.09634],[121.62427,18.09619],[121.62381,18.09616],[121.62327,18.09627],[121.62297,18.09609],[121.62212,18.09607],[121.62154,18.09625],[121.62116,18.09666],[121.62099,18.09733],[121.6211,18.09911],[121.62101,18.09921],[121.6207,18.09933],[121.62006,18.09945],[121.61957,18.09932],[121.61935,18.09913],[121.61912,18.09862],[121.61918,18.09802],[121.61905,18.09773],[121.61875,18.09752],[121.61854,18.0975],[121.61811,18.09762],[121.61785,18.09793],[121.61633,18.09861],[121.61589,18.09911],[121.61565,18.09978],[121.61546,18.10008],[121.61511,18.10029],[121.61349,18.10048],[121.61322,18.1004],[121.61289,18.10009],[121.61273,18.0997],[121.61276,18.0995],[121.61245,18.09886],[121.61215,18.09863],[121.61195,18.09862],[121.6117,18.09869],[121.61131,18.09908],[121.61092,18.1],[121.61019,18.10068],[121.60973,18.10074],[121.60905,18.1007],[121.60881,18.10047],[121.60866,18.10013],[121.60868,18.0995],[121.60905,18.09871],[121.60893,18.09829],[121.60862,18.09808],[121.60757,18.09816],[121.6074,18.09803],[121.6073,18.09774],[121.60747,18.0972],[121.60809,18.09686],[121.60829,18.09666],[121.60849,18.09598],[121.60837,18.09524],[121.60849,18.09514],[121.60866,18.09513],[121.60879,18.0953],[121.60925,18.09536],[121.60948,18.09428],[121.60996,18.09385],[121.6099,18.09342],[121.60975,18.09327],[121.60884,18.0929],[121.60864,18.093],[121.60861,18.09347],[121.60785,18.09459],[121.60698,18.09486],[121.60623,18.09528],[121.60544,18.09546],[121.60476,18.09534],[121.60449,18.09549],[121.60412,18.0962],[121.60364,18.09657],[121.6032,18.0965],[121.60265,18.09626],[121.60152,18.0967],[121.60056,18.0974],[121.59989,18.09817],[121.59956,18.09861],[121.59935,18.09943],[121.59888,18.09978],[121.59863,18.09987],[121.59828,18.09987],[121.59637,18.1003],[121.59568,18.10059],[121.59518,18.1005],[121.59489,18.10057],[121.59403,18.10009],[121.59362,18.10004],[121.59319,18.09987],[121.59206,18.09985],[121.59028,18.10025],[121.58959,18.10025],[121.58816,18.10001],[121.58719,18.10001],[121.58713,18.09988],[121.58718,18.09967],[121.58783,18.09917],[121.58913,18.09892],[121.59021,18.09893],[121.59094,18.09884],[121.59198,18.09855],[121.59276,18.09822],[121.59313,18.09787],[121.59303,18.09753],[121.59323,18.09713],[121.59434,18.09632],[121.59465,18.09597],[121.59502,18.09578],[121.59575,18.09579],[121.59671,18.09606],[121.59804,18.09588],[121.60026,18.09602],[121.6006,18.09599],[121.60118,18.09576],[121.60164,18.09544],[121.60178,18.09494],[121.60143,18.09474],[121.60095,18.09461],[121.60084,18.09435],[121.60106,18.09375],[121.60172,18.09333],[121.60388,18.09276],[121.60482,18.09205],[121.60609,18.09004],[121.60673,18.08932],[121.60864,18.08838],[121.61105,18.08791],[121.61161,18.08784],[121.61339,18.08834],[121.61456,18.0885],[121.61486,18.08867],[121.61576,18.08959],[121.61596,18.09043],[121.61642,18.09131],[121.61676,18.0916],[121.61728,18.09176],[121.61795,18.09182],[121.62054,18.09157],[121.6216,18.09222],[121.62209,18.09232],[121.62312,18.092],[121.62372,18.09198],[121.62403,18.09206],[121.6244,18.09224],[121.62475,18.0929],[121.62457,18.09366],[121.62456,18.09396],[121.62479,18.09421],[121.62522,18.09447],[121.62553,18.09443],[121.6257,18.09417],[121.62573,18.09397],[121.62543,18.09226],[121.62546,18.09158],[121.62523,18.09123],[121.62476,18.09084],[121.62461,18.09026],[121.62452,18.08906],[121.62475,18.08824],[121.62472,18.08771],[121.62404,18.08573],[121.62388,18.0855],[121.62176,18.0844],[121.62003,18.0844],[121.61957,18.0843],[121.61918,18.0841],[121.61866,18.08415],[121.61776,18.08409],[121.61753,18.08409],[121.61723,18.08429],[121.6169,18.08494],[121.61647,18.08539],[121.61606,18.08554],[121.61527,18.08563],[121.61449,18.08517],[121.61426,18.08516],[121.61402,18.0847],[121.61376,18.08465],[121.61359,18.08442],[121.61306,18.08416],[121.61288,18.08383],[121.61289,18.08361],[121.61296,18.08344],[121.61347,18.08311],[121.61442,18.08289],[121.61509,18.08289],[121.61526,18.08279],[121.61559,18.08206],[121.61585,18.08166],[121.61587,18.08145],[121.61574,18.08122],[121.61457,18.08053],[121.61393,18.08035],[121.61366,18.08036],[121.61277,18.07999],[121.61131,18.07973],[121.61103,18.07952],[121.61022,18.07918],[121.60872,18.07888],[121.60796,18.07857],[121.6065,18.08038],[121.60592,18.08044],[121.60511,18.08037],[121.60339,18.07999],[121.60247,18.08009],[121.60117,18.07985],[121.59995,18.07941],[121.59865,18.07878],[121.59799,18.07854],[121.59703,18.07842],[121.59564,18.07887],[121.59462,18.07947],[121.5943,18.0794],[121.59389,18.07954],[121.59286,18.08027],[121.59255,18.08071],[121.59252,18.08089],[121.59282,18.08159],[121.59271,18.08277],[121.59242,18.08309],[121.59174,18.08338],[121.59114,18.08349],[121.59008,18.08428],[121.5897,18.08467],[121.58937,18.08515],[121.58898,18.08606],[121.588,18.08753],[121.58676,18.08979],[121.58551,18.0915],[121.58544,18.09195],[121.58506,18.09267],[121.58482,18.09293],[121.5839,18.09443],[121.58389,18.09532],[121.5833,18.09632],[121.58304,18.09654],[121.58092,18.09725],[121.58011,18.09768],[121.57939,18.09832],[121.57889,18.09863],[121.57758,18.09876],[121.57695,18.09891],[121.57459,18.09975],[121.57429,18.0999],[121.57383,18.10043],[121.57308,18.1006],[121.57261,18.10081],[121.57157,18.10099],[121.57091,18.10101],[121.57032,18.10073],[121.56904,18.10069],[121.5682,18.10036],[121.56796,18.1002],[121.56774,18.09982],[121.56795,18.09936],[121.56785,18.09897],[121.56723,18.09871],[121.56548,18.09919],[121.56481,18.09946],[121.56346,18.09974],[121.56292,18.10013],[121.5622,18.10035],[121.56192,18.10035],[121.56166,18.10027],[121.56148,18.10012],[121.5611,18.10005],[121.56044,18.09994],[121.55993,18.1],[121.55974,18.10014],[121.55823,18.10049],[121.55708,18.10122],[121.55603,18.10217],[121.5562,18.10264],[121.55615,18.10291],[121.55621,18.10323],[121.55612,18.10347],[121.55552,18.10378],[121.55505,18.10389],[121.55311,18.10431],[121.55239,18.10425],[121.55119,18.10283],[121.55023,18.10245],[121.54918,18.10188],[121.54894,18.10159],[121.54838,18.10126],[121.54744,18.0998],[121.54702,18.09955],[121.54669,18.09948],[121.54536,18.09946],[121.54498,18.09937],[121.54453,18.0989],[121.54433,18.09829],[121.54336,18.09766],[121.54283,18.09716],[121.54194,18.09536],[121.54034,18.09346],[121.54003,18.09261],[121.53983,18.09062],[121.54,18.08951],[121.541,18.08773],[121.54221,18.08669],[121.54421,18.08527],[121.54576,18.08514],[121.5466,18.08518],[121.54736,18.08481],[121.54917,18.08365],[121.55232,18.08007],[121.55274,18.07921],[121.55331,18.07845],[121.55416,18.0779],[121.55569,18.07734],[121.55712,18.07711],[121.55762,18.07718],[121.55797,18.07745],[121.55834,18.07791],[121.55862,18.07808],[121.55908,18.07819],[121.5601,18.07791],[121.56121,18.07796],[121.56256,18.07812],[121.56462,18.07859],[121.56784,18.07829],[121.56841,18.07814],[121.56921,18.07767],[121.56967,18.07754],[121.57024,18.07712],[121.57079,18.07646],[121.57139,18.07617],[121.57172,18.07583],[121.57168,18.07551],[121.57131,18.07478],[121.57098,18.07437],[121.57046,18.07393],[121.57008,18.07342],[121.57027,18.07287],[121.57084,18.07292],[121.57114,18.07308],[121.57149,18.07346],[121.57161,18.07345],[121.57175,18.0732],[121.57204,18.07324],[121.57242,18.07388],[121.57257,18.07396],[121.57272,18.0739],[121.57301,18.07371],[121.57336,18.07301],[121.57335,18.07281],[121.57314,18.07236],[121.57278,18.0719],[121.57279,18.07145],[121.57288,18.07109],[121.57307,18.0708],[121.57311,18.07043],[121.57405,18.06958],[121.57492,18.06855],[121.57531,18.06831],[121.57605,18.06813],[121.57678,18.06816],[121.57746,18.06829],[121.57824,18.06818],[121.57879,18.068],[121.57933,18.0678],[121.57968,18.06741],[121.58008,18.06734],[121.58014,18.06722],[121.58011,18.06679],[121.58037,18.06653],[121.58273,18.06683],[121.58321,18.067],[121.58377,18.06736],[121.58423,18.06748],[121.58568,18.06729],[121.58754,18.06736],[121.58862,18.06796],[121.58985,18.06849],[121.59034,18.06894],[121.59067,18.0696],[121.5915,18.07015],[121.5918,18.07061],[121.59202,18.07073],[121.59226,18.07042],[121.59236,18.06952],[121.59272,18.06895],[121.59314,18.06865],[121.59363,18.06878],[121.594,18.06917],[121.59452,18.06947],[121.59589,18.0697],[121.59696,18.06971],[121.59722,18.06984],[121.59731,18.07001],[121.59729,18.0704],[121.59739,18.07051],[121.59765,18.07062],[121.59782,18.07044],[121.59804,18.07051],[121.59806,18.07135],[121.59888,18.07147],[121.59895,18.07154],[121.59909,18.07232],[121.59965,18.0726],[121.6007,18.07259],[121.60082,18.07226],[121.6007,18.0714],[121.60076,18.07082],[121.60072,18.07027],[121.60098,18.06994],[121.60093,18.0697],[121.60058,18.06946],[121.60013,18.06955],[121.59974,18.06951],[121.59928,18.06968],[121.59906,18.06918],[121.59865,18.06897],[121.59828,18.06892],[121.59811,18.06872],[121.59808,18.06859],[121.59823,18.06828],[121.59815,18.06806],[121.59795,18.06788],[121.59795,18.06779],[121.59811,18.06769],[121.59836,18.06785],[121.5986,18.06789],[121.59904,18.06763],[121.59915,18.06746],[121.59916,18.06713],[121.59877,18.06682],[121.59855,18.06652],[121.59867,18.06628],[121.59926,18.06611],[121.5997,18.0662],[121.59988,18.06609],[121.59996,18.06553],[121.59991,18.06534],[121.59959,18.06482],[121.5993,18.06457],[121.59911,18.06415],[121.59918,18.064],[121.59829,18.06357],[121.59791,18.06349],[121.59733,18.0636],[121.59703,18.06376],[121.59659,18.06376],[121.59628,18.06412],[121.59607,18.06418],[121.59541,18.06385],[121.59469,18.06376],[121.59429,18.06357],[121.59406,18.06334],[121.59364,18.06266],[121.59305,18.06223],[121.59295,18.0618],[121.59249,18.06101],[121.59196,18.06029],[121.59189,18.05981],[121.59152,18.0597],[121.59107,18.05929],[121.59009,18.05916],[121.58968,18.05921],[121.58869,18.05952],[121.58679,18.06048],[121.58668,18.06047],[121.58552,18.06021],[121.58467,18.05978],[121.58423,18.05993],[121.58356,18.05975],[121.58333,18.05939],[121.58326,18.05891],[121.58339,18.05844],[121.58329,18.05832],[121.58279,18.0581],[121.5826,18.05809],[121.58254,18.05817],[121.58294,18.05873],[121.58298,18.05894],[121.58286,18.05928],[121.58215,18.05985],[121.58134,18.06013],[121.58096,18.06047],[121.58043,18.06077],[121.58026,18.06101],[121.58005,18.06162],[121.57987,18.06186],[121.57902,18.06228],[121.57852,18.06233],[121.57804,18.06227],[121.57718,18.06189],[121.57668,18.06154],[121.57498,18.06091],[121.57449,18.06067],[121.57385,18.06047],[121.57273,18.06034],[121.57158,18.05972],[121.57021,18.05924],[121.56953,18.05905],[121.56804,18.05899],[121.56751,18.05915],[121.56618,18.05988],[121.56457,18.06058],[121.56386,18.06111],[121.56321,18.06139],[121.56273,18.06208],[121.56133,18.06291],[121.55907,18.0638],[121.55853,18.06393],[121.55784,18.06397],[121.55722,18.06383],[121.55602,18.06336],[121.55519,18.06315],[121.55439,18.06275],[121.55241,18.06056],[121.55145,18.06027],[121.55064,18.06071],[121.55045,18.06073],[121.55031,18.06086],[121.55003,18.06137],[121.55003,18.06186],[121.55064,18.06303],[121.5507,18.06352],[121.55087,18.06396],[121.55073,18.06476],[121.55073,18.06548],[121.55033,18.06658],[121.54946,18.0678],[121.5495,18.0681],[121.54913,18.06852],[121.54902,18.06856],[121.54879,18.06847],[121.5483,18.06786],[121.54757,18.06794],[121.54747,18.06808],[121.54751,18.06843],[121.54739,18.06886],[121.54685,18.06932],[121.54625,18.06967],[121.54548,18.06984],[121.54482,18.07028],[121.54408,18.07056],[121.54336,18.0707],[121.54288,18.07068],[121.54213,18.07041],[121.5413,18.07026],[121.53994,18.07007],[121.53911,18.07005],[121.53764,18.06977],[121.53661,18.06948],[121.53574,18.0691],[121.53421,18.0687],[121.53355,18.06838],[121.53251,18.06755],[121.53176,18.0667],[121.53084,18.06583],[121.53016,18.06541],[121.52961,18.06523],[121.52838,18.06457],[121.52677,18.06391],[121.52666,18.06341],[121.52609,18.06306],[121.52562,18.06296],[121.52543,18.06282],[121.52515,18.06249],[121.52467,18.06212],[121.52415,18.06107],[121.52424,18.0608],[121.52472,18.06013],[121.52535,18.05957],[121.52532,18.05944],[121.52502,18.05909],[121.52497,18.05864],[121.52465,18.05848],[121.52446,18.05826],[121.52406,18.05746],[121.52378,18.05743],[121.52308,18.05767],[121.5228,18.05762],[121.52235,18.05731],[121.52146,18.05691],[121.52125,18.05673],[121.52108,18.05647],[121.52113,18.05628],[121.52164,18.05638],[121.52218,18.05619],[121.52217,18.05569],[121.52225,18.05556],[121.52213,18.05511],[121.52151,18.05473],[121.52099,18.05452],[121.51939,18.05405],[121.51848,18.0537],[121.51786,18.05366],[121.51676,18.05332],[121.51577,18.05288],[121.51455,18.05264],[121.5138,18.0526],[121.51249,18.0531],[121.51208,18.0533],[121.51184,18.05364],[121.51164,18.05414],[121.51069,18.05472],[121.50997,18.05532],[121.50976,18.05575],[121.50849,18.0568],[121.5083,18.05707],[121.50804,18.05803],[121.5077,18.05875],[121.50719,18.05907],[121.50658,18.05919],[121.5056,18.05897],[121.50461,18.05821],[121.50419,18.05753],[121.50406,18.05744],[121.50338,18.05707],[121.50265,18.05705],[121.50253,18.05669],[121.50227,18.05646],[121.50055,18.05571],[121.50015,18.05576],[121.49971,18.05604],[121.49933,18.05655],[121.49839,18.05736],[121.49804,18.05744],[121.49726,18.05716],[121.49706,18.05692],[121.49681,18.05633],[121.49672,18.05558],[121.49644,18.05515],[121.49609,18.05486],[121.49563,18.05469],[121.49493,18.05414],[121.49358,18.05337],[121.49217,18.0529],[121.49201,18.05276],[121.49167,18.05266],[121.49152,18.05249],[121.49084,18.05208],[121.48964,18.05167],[121.4894,18.05151],[121.48806,18.04969],[121.48705,18.04776],[121.48638,18.04717],[121.48533,18.04652],[121.48422,18.04567],[121.48381,18.04493],[121.48322,18.04415],[121.4826,18.04375],[121.48061,18.04355],[121.48020978165938,18.043360152838428]]],[[[121.4875,18.08755],[121.48797,18.08717],[121.48868,18.08693],[121.49007,18.0867],[121.49265,18.08651],[121.49385,18.08677],[121.49447,18.08745],[121.49474,18.08818],[121.49481,18.08853],[121.49479,18.08971],[121.4946,18.09019],[121.4942,18.0907],[121.4936,18.09099],[121.49215,18.0914],[121.49155,18.09141],[121.48967,18.09122],[121.48823,18.09096],[121.48801,18.08994],[121.4894,18.09036],[121.49067,18.09043],[121.49135,18.09068],[121.49229,18.09068],[121.49335,18.09039],[121.49398,18.09007],[121.49419,18.08973],[121.49428,18.08924],[121.49402,18.08867],[121.49381,18.08839],[121.49324,18.088],[121.49227,18.08754],[121.49127,18.08733],[121.4905,18.08739],[121.48809,18.08805],[121.4877,18.08806],[121.48761,18.08805],[121.4875,18.08755]]],[[[121.52146,18.10085],[121.52155,18.10069],[121.52188,18.10072],[121.52198,18.10051],[121.52176,18.10032],[121.52167,18.09993],[121.52175,18.09982],[121.52209,18.09987],[121.52218,18.09996],[121.52217,18.10038],[121.52245,18.10057],[121.52303,18.10064],[121.52343,18.10079],[121.52469,18.10069],[121.52491,18.10074],[121.52515,18.10101],[121.52513,18.10136],[121.52524,18.10166],[121.52572,18.10181],[121.52627,18.10212],[121.52692,18.10208],[121.52761,18.1018],[121.52939,18.10149],[121.52962,18.10156],[121.53001,18.10195],[121.52984,18.10276],[121.53008,18.10287],[121.53033,18.10291],[121.53107,18.10234],[121.53132,18.10228],[121.53157,18.10232],[121.53182,18.1026],[121.53217,18.10274],[121.53233,18.10274],[121.53292,18.10242],[121.53343,18.10232],[121.53469,18.10279],[121.53472,18.10307],[121.53454,18.10349],[121.53411,18.10393],[121.53375,18.10401],[121.53293,18.1037],[121.53272,18.1038],[121.53266,18.10395],[121.53293,18.10433],[121.53297,18.10517],[121.53325,18.10588],[121.53319,18.10605],[121.53277,18.10614],[121.53212,18.10565],[121.53159,18.1056],[121.53128,18.10617],[121.53097,18.10618],[121.53029,18.10575],[121.52993,18.10526],[121.52974,18.10475],[121.52868,18.10445],[121.52826,18.10453],[121.5279,18.10505],[121.52756,18.10517],[121.52742,18.10511],[121.52724,18.10484],[121.5273,18.10356],[121.52718,18.10336],[121.52667,18.10314],[121.5262,18.10266],[121.52553,18.10258],[121.52521,18.10245],[121.52481,18.10211],[121.52435,18.10149],[121.52421,18.10116],[121.52398,18.10106],[121.52383,18.10116],[121.52374,18.10139],[121.52405,18.10224],[121.52407,18.10286],[121.52401,18.10303],[121.52387,18.10311],[121.5236,18.10307],[121.52335,18.10289],[121.52311,18.10171],[121.52294,18.10162],[121.5228,18.10165],[121.52262,18.10177],[121.52262,18.10287],[121.5225,18.10352],[121.52215,18.1037],[121.52169,18.10361],[121.52151,18.10335],[121.52174,18.10269],[121.52146,18.10085]]],[[[121.56595286105751,18.012364614048632],[121.56604613500008,18.012407920000044],[121.56623166600002,18.012376998000036],[121.56636153800002,18.01228423200007],[121.56652851600006,18.012203835000037],[121.56681918100003,18.012203835000037],[121.56701708100002,18.012197651000065],[121.56722116500009,18.012228573000073],[121.56736340600003,18.012339891000067],[121.56742524900005,18.012426473000062],[121.56738814300002,18.012543976000075],[121.56736959000011,18.01264292600007],[121.56733866800005,18.012748060000035],[121.56723353400002,18.012816088000022],[121.56709935623088,18.012871609422774],[121.5671,18.01287],[121.56708,18.01276],[121.56672,18.01261],[121.56632,18.01261],[121.56598,18.01244],[121.56595286105751,18.012364614048632]]],[[[121.56713232404914,18.01346811783605],[121.5671964280001,18.013465447000044],[121.56740051200006,18.01340360300003],[121.56751801500002,18.01336649700005],[121.56759841200005,18.013409787000057],[121.5677220990001,18.013490184000034],[121.5678952610001,18.01353965900006],[121.56827869200004,18.01352110600004],[121.56858172700004,18.013570581000067],[121.56880436400002,18.01371900600003],[121.5688971290001,18.013824140000054],[121.5689436909751,18.013953477053622],[121.56893,18.01394],[121.56859,18.01374],[121.56808,18.01361],[121.56744,18.01358],[121.56713232404914,18.01346811783605]]],[[[121.56899622078137,18.01400518608167],[121.5690950290001,18.01406533100004],[121.56921871700001,18.014189018000025],[121.56923963336179,18.01424479534051],[121.56899622078137,18.01400518608167]]],[[[121.5695491856457,18.014549510869983],[121.56965780700011,18.014535343000034],[121.57017729400002,18.014510605000055],[121.5706844120001,18.01443639300004],[121.57104310600005,18.014615739000078],[121.57115728486086,18.014689321215215],[121.57092,18.01463],[121.5698,18.01466],[121.56957,18.01457],[121.5695491856457,18.014549510869983]]],[[[121.57047370770677,18.016266630639034],[121.57049,18.01612],[121.57071,18.01594],[121.57104257073011,18.015805556513357],[121.57103692100009,18.015809323000042],[121.57079573100009,18.015970116000062],[121.57062875300005,18.01601959100003],[121.5705112500001,18.01614327900006],[121.57047370770677,18.016266630639034]]],[[[121.57056328973025,18.01646961769136],[121.5706844120001,18.016508157000032],[121.57084520600006,18.016532894000022],[121.57099981500005,18.016520525000033],[121.57130284900006,18.016613291000056],[121.57158584910597,18.01667373757285],[121.57058,18.0165],[121.57056328973025,18.01646961769136]]],[[[121.57122230002828,18.014731220039593],[121.57132140200008,18.01479508600005],[121.57143272100006,18.01495588000006],[121.57148219600003,18.01509812000006],[121.57148838000012,18.01525891400007],[121.57149456500008,18.015407339000035],[121.57143089968112,18.015498857493878],[121.57145,18.01505],[121.57122230002828,18.014731220039593]]],[[[121.57170063997444,18.016698255989777],[121.57193983900004,18.01674934700003],[121.57211882065754,18.016865528263015],[121.57170063997444,18.016698255989777]]],[[[121.57308277314031,18.01754456833159],[121.57311486900005,18.017565684000033],[121.57345501000009,18.017720293000025],[121.5737580440001,18.017905824000024],[121.57420950300002,18.018196489000047],[121.57425773592172,18.018227182763425],[121.57356,18.01795],[121.57308277314031,18.01754456833159]]],[[[121.57443922069308,18.01834174138165],[121.57453727400002,18.018400574000054],[121.57465477700009,18.01846860200004],[121.57479083400005,18.01846860200004],[121.57516189600005,18.018703608000067],[121.57535929946944,18.018883065787474],[121.57495,18.01869],[121.57443922069308,18.01834174138165]]]]}},{"type":"Feature","properties":{"id":"MGB-FLD-57276","susceptibility":"very_high","susceptibility_label":"Very High","raw_class":"VHF","data_source":"DENR-MGB / controlmap.mgb.gov.ph","objectid":57276},"geometry":{"type":"MultiPolygon","coordinates":[[[[121.45799315361663,18.001528361670243],[121.46043672938353,18.000962058647097],[121.46047,18.00117],[121.46036,18.00139],[121.46029,18.00178],[121.45992,18.00217],[121.45895,18.00273],[121.45863,18.00278],[121.45851,18.00267],[121.45842,18.00233],[121.45799315361663,18.001528361670243]]],[[[121.45979,18.01026],[121.4599,18.00955],[121.4598,18.00837],[121.46018,18.00743],[121.46008,18.00673],[121.46029,18.00616],[121.46045,18.00532],[121.46084,18.00467],[121.46104,18.00393],[121.46128,18.00369],[121.4619,18.00328],[121.46214,18.00293],[121.46216,18.00263],[121.4616,18.00128],[121.46129,18.00095],[121.4610114122215,18.00082887487891],[121.4615044090001,18.000714622000032],[121.46258337639065,18.000403649745614],[121.46305,18.00073],[121.46387,18.00105],[121.46434,18.00133],[121.46475,18.00195],[121.46489,18.00245],[121.46536,18.0035],[121.4655,18.0041],[121.46574,18.00447],[121.46615,18.00474],[121.46624,18.00489],[121.4662,18.00546],[121.46584,18.00624],[121.46497,18.0072],[121.46464,18.00736],[121.46452,18.00797],[121.46416,18.00834],[121.46418,18.00877],[121.46446,18.00927],[121.46506,18.00984],[121.4658,18.00975],[121.46615,18.00936],[121.46644,18.00929],[121.46709,18.00935],[121.46746,18.00949],[121.46801,18.00953],[121.46844,18.00968],[121.46903,18.01021],[121.46914,18.01067],[121.46892,18.01138],[121.4689,18.01171],[121.46902,18.01238],[121.46965,18.01343],[121.47013,18.01383],[121.47029,18.01419],[121.47014,18.01449],[121.4696,18.01498],[121.46919,18.01568],[121.46892,18.01634],[121.46886,18.01683],[121.46903,18.01706],[121.47025,18.01727],[121.47109,18.01765],[121.47164,18.01778],[121.4721,18.01829],[121.47178,18.0187],[121.47147,18.01931],[121.47086,18.01964],[121.47014,18.0198],[121.46978,18.02024],[121.46949,18.02121],[121.4696,18.02197],[121.47013,18.02327],[121.47038,18.02461],[121.47053,18.02503],[121.47088,18.02565],[121.47129,18.02608],[121.47144,18.0262],[121.47255,18.02656],[121.47353,18.02676],[121.47374,18.02684],[121.47417,18.02722],[121.47543,18.02777],[121.47645,18.02773],[121.4767,18.02789],[121.47665,18.02853],[121.47625,18.02877],[121.47604,18.02915],[121.4761,18.02956],[121.47596,18.03003],[121.47577,18.03004],[121.47546,18.0304],[121.47466,18.03063],[121.47443,18.03077],[121.474,18.03085],[121.4738,18.0312],[121.47373,18.03163],[121.4741,18.03328],[121.47434,18.03372],[121.47449,18.03428],[121.47465,18.03448],[121.4748,18.03492],[121.47558,18.03574],[121.47619,18.03696],[121.47676,18.03771],[121.47743,18.03937],[121.4776,18.0396],[121.4782,18.03996],[121.47897,18.04067],[121.47927,18.04084],[121.48015,18.04202],[121.48094,18.04275],[121.48212,18.04288],[121.48346,18.04284],[121.48384,18.04297],[121.48399,18.04311],[121.48476,18.04483],[121.48566,18.04568],[121.48786,18.04732],[121.48851,18.04769],[121.48947,18.04857],[121.49033,18.05011],[121.49109,18.05098],[121.49141,18.05121],[121.4922,18.05145],[121.49331,18.05198],[121.49465,18.05207],[121.49512,18.05221],[121.49708,18.05306],[121.4976,18.05311],[121.4985,18.0534],[121.50136,18.05386],[121.50334,18.05469],[121.50401,18.05482],[121.50439,18.05503],[121.50477,18.05508],[121.50522,18.05498],[121.50533,18.05486],[121.50568,18.05406],[121.50662,18.05319],[121.507,18.05263],[121.50771,18.05181],[121.50814,18.05152],[121.50881,18.05128],[121.50985,18.05136],[121.51085,18.05176],[121.51134,18.05209],[121.5121,18.05233],[121.5138,18.05183],[121.51493,18.05194],[121.51573,18.05186],[121.51669,18.0515],[121.51755,18.05131],[121.51771,18.0514],[121.51772,18.05154],[121.51819,18.05205],[121.51952,18.05227],[121.51993,18.05242],[121.52207,18.05251],[121.52389,18.05286],[121.52503,18.05325],[121.52559,18.05366],[121.52618,18.05446],[121.5269,18.05495],[121.52846,18.05648],[121.52907,18.05745],[121.52946,18.05834],[121.52962,18.0594],[121.52982,18.06007],[121.53058,18.06132],[121.53164,18.06194],[121.53424,18.06396],[121.53489,18.06434],[121.53749,18.06645],[121.53783,18.06661],[121.53967,18.06702],[121.53994,18.06702],[121.54033,18.06686],[121.54113,18.0668],[121.5419,18.06684],[121.54262,18.06701],[121.54361,18.06662],[121.54409,18.06652],[121.54489,18.06676],[121.54569,18.06679],[121.54638,18.06647],[121.54718,18.06654],[121.54767,18.06672],[121.54853,18.06649],[121.54899,18.06602],[121.54901,18.06543],[121.5489,18.06486],[121.54872,18.06458],[121.54878,18.06394],[121.54873,18.06353],[121.54852,18.06306],[121.54822,18.06296],[121.54827,18.06276],[121.54858,18.06232],[121.5491,18.06075],[121.54903,18.06035],[121.54909,18.0599],[121.54934,18.05948],[121.54962,18.05924],[121.55061,18.05865],[121.55102,18.05853],[121.55153,18.05849],[121.55196,18.05865],[121.55254,18.05904],[121.55302,18.05965],[121.55377,18.06035],[121.55457,18.0609],[121.55529,18.06153],[121.55728,18.06247],[121.55768,18.06249],[121.5584,18.06242],[121.55905,18.06222],[121.56027,18.06132],[121.5621,18.06048],[121.5625,18.06018],[121.56348,18.05903],[121.56439,18.0583],[121.56598,18.05783],[121.56692,18.05734],[121.56785,18.05713],[121.56822,18.05695],[121.56949,18.05687],[121.57095,18.05662],[121.57135,18.05645],[121.57207,18.05637],[121.57266,18.0562],[121.57303,18.05616],[121.57393,18.0568],[121.57525,18.05723],[121.57589,18.05721],[121.57652,18.05728],[121.57751,18.05698],[121.57863,18.05725],[121.5801,18.05679],[121.58051,18.05647],[121.5807,18.05612],[121.58101,18.05599],[121.58262,18.0557],[121.58316,18.05576],[121.58338,18.05587],[121.58374,18.0563],[121.5842,18.05651],[121.58511,18.05767],[121.58554,18.05808],[121.58686,18.0588],[121.58755,18.05888],[121.58846,18.05857],[121.58995,18.05746],[121.59054,18.0573],[121.59156,18.05656],[121.59223,18.05634],[121.59271,18.05585],[121.59294,18.05583],[121.5935,18.05606],[121.59445,18.05625],[121.59559,18.05631],[121.5959,18.05626],[121.59622,18.05605],[121.59753,18.05576],[121.59847,18.05581],[121.59964,18.05611],[121.60023,18.05634],[121.60092,18.05688],[121.60142,18.05761],[121.6019,18.05888],[121.60231,18.0593],[121.60336,18.05956],[121.60448,18.05941],[121.60558,18.05942],[121.60623,18.05968],[121.60666,18.06009],[121.60724,18.06129],[121.60738,18.06257],[121.60755,18.06291],[121.60882,18.06412],[121.60897,18.06435],[121.60929,18.06601],[121.60972,18.06651],[121.61009,18.06711],[121.61018,18.0677],[121.61049,18.068],[121.61054,18.06858],[121.61115,18.06943],[121.61166,18.06995],[121.61241,18.06996],[121.6133,18.0703],[121.6141,18.0704],[121.61552,18.07141],[121.61628,18.07232],[121.61644,18.07281],[121.61639,18.07355],[121.61671,18.07427],[121.6167,18.07468],[121.61652,18.07539],[121.61685,18.07633],[121.61748,18.07747],[121.61782,18.07784],[121.61821,18.07811],[121.6189,18.07825],[121.61948,18.07805],[121.62015,18.07793],[121.62143,18.07792],[121.62199,18.07774],[121.6226,18.07739],[121.62273,18.07724],[121.62291,18.07605],[121.62331,18.07526],[121.62389,18.07459],[121.62462,18.07294],[121.62442,18.07184],[121.6228,18.07024],[121.62225,18.06931],[121.62199,18.06733],[121.62165,18.06599],[121.62104,18.06532],[121.62073,18.06467],[121.62066,18.0642],[121.61996,18.06309],[121.61887,18.06192],[121.61817,18.06097],[121.61801,18.06007],[121.61807,18.05976],[121.61857,18.05904],[121.61863,18.05876],[121.61857,18.05838],[121.61835,18.0581],[121.61795,18.05801],[121.61775,18.05785],[121.61735,18.05731],[121.61704,18.05713],[121.61677,18.05717],[121.61633,18.05758],[121.61614,18.05761],[121.61583,18.05718],[121.61567,18.05609],[121.6157,18.05473],[121.61584,18.05377],[121.61579,18.05312],[121.61544,18.0517],[121.61562,18.05094],[121.61634,18.05036],[121.61664,18.05001],[121.61683,18.04934],[121.61649,18.04769],[121.61616,18.04697],[121.6158,18.04647],[121.61535,18.04596],[121.61463,18.04535],[121.61356,18.04446],[121.61249,18.04371],[121.60982,18.04125],[121.60845,18.04016],[121.60706,18.0392],[121.6049,18.03738],[121.60428,18.03668],[121.60291,18.0355],[121.5972,18.03176],[121.59525,18.03022],[121.5935,18.02869],[121.59173,18.02697],[121.59084,18.02632],[121.58983,18.02528],[121.58715,18.02343],[121.58486,18.02229],[121.58473,18.02211],[121.58354,18.02135],[121.58212,18.02025],[121.58117,18.01924],[121.5808,18.019],[121.58024,18.01882],[121.57993,18.0186],[121.57951,18.01813],[121.57901,18.01731],[121.57887820001655,18.01698303465643],[121.57912985600001,18.01708016500004],[121.57950864800011,18.017243734000033],[121.57984439600011,18.017527829000073],[121.58027484100012,18.018121844000063],[121.58081720300004,18.018044364000048],[121.58104964400002,18.01794105700003],[121.58104964400002,18.01773444300005],[121.58086024800002,18.01744173900005],[121.58056754500001,18.01701990300006],[121.5802231880001,18.016563630000064],[121.58000796500005,18.016072922000035],[121.58019736100005,18.01553056000006],[121.58061058900012,18.015237857000045],[121.58088607400009,18.015263684000047],[121.58114434200002,18.015255075000027],[121.58171253000012,18.01530672900003],[121.58207773800007,18.015308419000064],[121.58260785700008,18.01518620400003],[121.58296943200003,18.01495376300005],[121.58329657100012,18.015108724000072],[121.58346874900008,18.015246466000065],[121.58354622900004,18.01554777800004],[121.58352901100011,18.01578882800004],[121.5833310060001,18.016055704000053],[121.58302108500004,18.016443105000064],[121.58290916900012,18.016658328000062],[121.58278003600003,18.017045729000074],[121.58241846100009,18.017545046000066],[121.5821860210001,18.017975492000062],[121.58219462900001,18.01831124000006],[121.58253898600003,18.018483418000073],[121.58283168900005,18.018690032000052],[121.58350318400005,18.01893108200005],[121.58401971900003,18.019327092000026],[121.58450181900002,18.019723102000057],[121.58508722500005,18.02024824600005],[121.58536271000003,18.020420424000065],[121.5856812400001,18.020325726000067],[121.58587924500011,18.020084676000067],[121.5858676470001,18.01929437700005],[121.58597238000004,18.019015100000047],[121.586189493,18.018740914000034],[121.58647903700012,18.01851725100005],[121.58679100000006,18.018377437000026],[121.58713619100001,18.017964427000038],[121.58722363600009,18.01757357300005],[121.58740713200007,18.017384882000044],[121.58771258700006,18.017357549000053],[121.58804602500004,18.017613159000064],[121.58833301800007,18.017874705000054],[121.58863839100002,18.018388306000077],[121.5887325430001,18.018936171000064],[121.58881441800008,18.019251691000022],[121.5890514670001,18.019299739000076],[121.58934943400004,18.01921648800004],[121.58953644000007,18.019038571000067],[121.58963035600004,18.01872122900005],[121.58972277400005,18.018560437000076],[121.59002646200008,18.018326554000055],[121.59028370400006,18.018178274000036],[121.59102924100011,18.017836671000055],[121.5914449070001,18.01761872700007],[121.59166706700012,18.017401346000042],[121.59200073700003,18.01721791400007],[121.59248967600001,18.016961258000038],[121.59284093800011,18.016867115000025],[121.59316927100008,18.016817047000075],[121.59348600200008,18.016783633000045],[121.59395131100007,18.01680557900005],[121.59439123800007,18.016805154000053],[121.594871839,18.016737952000028],[121.59542190000002,18.016564404000064],[121.59588316400004,18.01641354800006],[121.59655503800002,18.016079700000034],[121.5970532130001,18.01585175200006],[121.59737485900007,18.01576848900004],[121.59775447700008,18.01577406800004],[121.5980840950001,18.01579625100004],[121.59838112000011,18.015951404000077],[121.59863761000008,18.016151026000045],[121.59892346000004,18.016478282000037],[121.59919183400007,18.01672244200006],[121.59955138100008,18.01697716600006],[121.59986714500008,18.01704285900007],[121.60021121900002,18.01702583200006],[121.60041479900008,18.016860027000064],[121.60058493400004,18.016570870000066],[121.60099771300008,18.016039641000077],[121.60140565500001,18.01556828300005],[121.60169046300007,18.015386885000055],[121.60218079600008,18.015014759000053],[121.6024627700001,18.014519069000073],[121.60258674500005,18.014063788000044],[121.60224895700003,18.01385436000004],[121.60196521600005,18.013597641000047],[121.60142475600003,18.01301664700003],[121.60089780800001,18.01239511800003],[121.60035059200004,18.01173981000005],[121.59979662100011,18.01106423500005],[121.59935074100008,18.01065889100005],[121.59885757200004,18.010253546000058],[121.59847925000008,18.009963049000078],[121.5982292870001,18.009510413000044],[121.59826982200002,18.009125336000068],[121.59843196000008,18.008990221000033],[121.59874948000004,18.00876052500007],[121.59936425300009,18.008497051000063],[121.60004658300011,18.008686212000043],[121.60058704300002,18.008868617000076],[121.60175567400006,18.009075637000024],[121.60376967200011,18.00894862900003],[121.6043741950001,18.008283618000064],[121.60520637800005,18.009332893000078],[121.60640038100007,18.010961079000026],[121.6101994820001,18.018088915000078],[121.61389003600004,18.023335291000024],[121.61674840700005,18.027206755000066],[121.62000477900006,18.03180185700006],[121.62268224000002,18.03516677500005],[121.62782007100009,18.04139006300005],[121.63017189400011,18.04381425100007],[121.63157499600004,18.04490045800003],[121.63201717200002,18.045370073000072],[121.6344413600001,18.04811989800004],[121.63603336300002,18.050688813000022],[121.63669195600005,18.053525861000026],[121.63697409300005,18.054741187000047],[121.63824046000002,18.05926392500004],[121.63885555200011,18.06215847800007],[121.63952596700005,18.06369372100005],[121.63972391800007,18.064148483000054],[121.64328006900007,18.07406842200004],[121.6455853870001,18.08086452400005],[121.64663466200011,18.08611090000005],[121.64681557200004,18.088571270000045],[121.64692411800002,18.091104003000055],[121.64735830000006,18.092949281000074],[121.64876939500004,18.09678456300003],[121.64990183800012,18.09921421000007],[121.65188103900005,18.103080215000034],[121.65321976900009,18.10514258300003],[121.65006294436544,18.1051622369949],[121.64974,18.10499],[121.6487,18.10468],[121.64796,18.1043],[121.64699,18.10339],[121.64647,18.10323],[121.64603,18.10322],[121.64526,18.10338],[121.6448,18.10379],[121.64419,18.10363],[121.6434,18.10388],[121.64219,18.10388],[121.64154,18.10398],[121.64136,18.10393],[121.64107,18.10352],[121.64111,18.10336],[121.64193,18.10273],[121.64244,18.10284],[121.64282,18.10283],[121.64298,18.10246],[121.64279,18.10208],[121.64298,18.10167],[121.64292,18.10113],[121.64254,18.10063],[121.64221,18.10033],[121.64156,18.09999],[121.64106,18.09957],[121.64087,18.09954],[121.64008,18.0998],[121.63951,18.1001],[121.63879,18.10016],[121.63681,18.09968],[121.63582,18.09908],[121.63531,18.09843],[121.63484,18.0974],[121.63476,18.09679],[121.63465,18.09659],[121.63417,18.0961],[121.63371,18.096],[121.63339,18.09562],[121.63307,18.09543],[121.63179,18.09525],[121.63146,18.09531],[121.63119,18.09547],[121.63093,18.09544],[121.62998,18.09566],[121.62899,18.0952],[121.6282,18.09509],[121.62648,18.09454],[121.62576,18.09371],[121.62563,18.09295],[121.62564,18.0917],[121.62556,18.09133],[121.62543,18.09111],[121.62515,18.09094],[121.62497,18.0905],[121.62506,18.08777],[121.62518,18.08727],[121.62488,18.08674],[121.62456,18.08589],[121.62357,18.085],[121.6227,18.08477],[121.62193,18.08437],[121.62154,18.0843],[121.62074,18.08438],[121.6199,18.08433],[121.61914,18.08402],[121.61758,18.08375],[121.61695,18.08391],[121.61665,18.0843],[121.61655,18.08492],[121.61633,18.0852],[121.61558,18.08554],[121.6151,18.08545],[121.61411,18.08457],[121.61357,18.08421],[121.61323,18.08412],[121.61308,18.0839],[121.61311,18.08359],[121.61356,18.08313],[121.61385,18.08312],[121.61436,18.08294],[121.61521,18.08293],[121.6156,18.08253],[121.61576,18.08215],[121.61595,18.08167],[121.61599,18.08139],[121.61592,18.08119],[121.61573,18.081],[121.6148,18.08055],[121.61462,18.08023],[121.61422,18.08003],[121.61374,18.07961],[121.61244,18.07933],[121.61136,18.07869],[121.61103,18.07838],[121.61022,18.07796],[121.60998,18.07794],[121.60972,18.07794],[121.60858,18.07835],[121.60779,18.07842],[121.60746,18.07856],[121.60707,18.07898],[121.60689,18.07942],[121.60622,18.08007],[121.60564,18.08022],[121.60513,18.08012],[121.6038,18.07962],[121.60341,18.07967],[121.60271,18.07958],[121.60142,18.07957],[121.60033,18.07926],[121.59982,18.07902],[121.59903,18.07828],[121.59845,18.07748],[121.59783,18.07691],[121.59747,18.07688],[121.59694,18.07707],[121.59466,18.07866],[121.59217,18.07987],[121.59079,18.08131],[121.58929,18.08362],[121.5877,18.08721],[121.58651,18.08949],[121.58493,18.09185],[121.58413,18.09325],[121.58321,18.09398],[121.58244,18.09472],[121.58148,18.09536],[121.58054,18.09576],[121.57903,18.0973],[121.57831,18.09772],[121.57687,18.09819],[121.5753,18.09891],[121.57444,18.0991],[121.57374,18.09956],[121.57254,18.09977],[121.57014,18.09963],[121.56948,18.09941],[121.56869,18.09894],[121.56816,18.09845],[121.56736,18.09831],[121.56675,18.0984],[121.56584,18.09889],[121.56543,18.09896],[121.56483,18.09921],[121.56338,18.09939],[121.56189,18.0999],[121.56162,18.09987],[121.56108,18.0995],[121.56068,18.09936],[121.56025,18.09933],[121.55961,18.09943],[121.55844,18.1],[121.55707,18.10088],[121.55636,18.10156],[121.55631,18.10172],[121.55576,18.10211],[121.55579,18.10246],[121.55599,18.10268],[121.55593,18.10311],[121.55573,18.10341],[121.55499,18.10341],[121.55397,18.10371],[121.55331,18.10381],[121.55283,18.10374],[121.55251,18.1035],[121.55228,18.10314],[121.55189,18.1028],[121.54992,18.10173],[121.54915,18.1011],[121.54852,18.10032],[121.54821,18.09969],[121.54753,18.09869],[121.54649,18.09798],[121.5451,18.0976],[121.54415,18.09712],[121.54305,18.09624],[121.54206,18.09484],[121.54177,18.09427],[121.54135,18.09221],[121.54191,18.09054],[121.54273,18.08919],[121.54343,18.08876],[121.54484,18.08831],[121.54539,18.08822],[121.54586,18.08792],[121.5466,18.08691],[121.54706,18.08652],[121.54809,18.08614],[121.54872,18.08603],[121.55054,18.08613],[121.55175,18.08607],[121.55213,18.08572],[121.55249,18.08518],[121.55315,18.0839],[121.55354,18.08288],[121.55437,18.08191],[121.55491,18.08104],[121.55528,18.07972],[121.55537,18.07896],[121.55563,18.07853],[121.55642,18.07835],[121.55693,18.07835],[121.5577,18.07848],[121.55856,18.07874],[121.56001,18.07944],[121.56181,18.07959],[121.56411,18.07946],[121.56534,18.07948],[121.56581,18.07985],[121.56663,18.08018],[121.56751,18.08026],[121.56846,18.0803],[121.56908,18.08004],[121.57006,18.07994],[121.57193,18.07994],[121.57294,18.07964],[121.57279,18.07644],[121.57295,18.07595],[121.57311,18.07553],[121.57359,18.07486],[121.57374,18.07419],[121.57407,18.07361],[121.57484,18.07297],[121.57535,18.07242],[121.5756,18.07203],[121.57612,18.07048],[121.57642,18.06927],[121.57665,18.069],[121.57749,18.06859],[121.57798,18.06855],[121.57891,18.06864],[121.57926,18.06853],[121.57963,18.06825],[121.58035,18.06794],[121.58172,18.06767],[121.58259,18.06765],[121.58397,18.06792],[121.58647,18.06786],[121.58847,18.06819],[121.58897,18.06838],[121.58977,18.06901],[121.59048,18.06976],[121.59131,18.07028],[121.59186,18.07085],[121.59202,18.07092],[121.59232,18.07086],[121.5925,18.07062],[121.59245,18.06981],[121.5925,18.06953],[121.59292,18.06901],[121.59324,18.06885],[121.59396,18.06967],[121.59428,18.06986],[121.59515,18.06978],[121.59585,18.06992],[121.59656,18.0699],[121.59688,18.07013],[121.59813,18.07164],[121.59898,18.07238],[121.59928,18.07275],[121.60017,18.07302],[121.60068,18.07287],[121.60097,18.07264],[121.60113,18.0723],[121.60118,18.07087],[121.60132,18.07008],[121.60124,18.06945],[121.60087,18.06911],[121.60002,18.06888],[121.59935,18.06883],[121.59903,18.06871],[121.59849,18.06837],[121.5984,18.0681],[121.59904,18.06777],[121.59923,18.06758],[121.5993,18.0674],[121.59923,18.06708],[121.59888,18.06681],[121.59881,18.06657],[121.59902,18.06631],[121.59955,18.06625],[121.60023,18.06642],[121.60111,18.0669],[121.60137,18.06691],[121.60253,18.06677],[121.6036,18.06628],[121.60456,18.06555],[121.60478,18.06527],[121.60475,18.06448],[121.60527,18.06398],[121.60532,18.06377],[121.60456,18.06258],[121.60373,18.06231],[121.60332,18.06255],[121.60235,18.06294],[121.60189,18.06304],[121.60136,18.063],[121.60059,18.06252],[121.60031,18.06223],[121.59995,18.06149],[121.59961,18.06111],[121.59925,18.05982],[121.5989,18.05921],[121.5988,18.05916],[121.59815,18.05931],[121.59765,18.05922],[121.59669,18.05882],[121.59624,18.05852],[121.59506,18.05848],[121.59417,18.05822],[121.59284,18.05818],[121.5924,18.05832],[121.59116,18.05904],[121.5895,18.05917],[121.58735,18.05991],[121.58574,18.05943],[121.58483,18.05892],[121.58434,18.05843],[121.58253,18.05803],[121.58241,18.05809],[121.58233,18.0588],[121.582,18.0592],[121.58154,18.05954],[121.58051,18.05996],[121.58036,18.06012],[121.58,18.06074],[121.57981,18.06156],[121.57965,18.06181],[121.57922,18.06204],[121.57821,18.06201],[121.57766,18.06175],[121.57709,18.06141],[121.57525,18.05996],[121.57374,18.05967],[121.5722,18.05922],[121.5713,18.0591],[121.56973,18.05863],[121.56929,18.05863],[121.56813,18.05846],[121.56607,18.05918],[121.56551,18.05977],[121.56358,18.06088],[121.56268,18.06168],[121.56176,18.06233],[121.55962,18.06332],[121.55907,18.06365],[121.55832,18.06385],[121.55783,18.06381],[121.55682,18.06346],[121.55579,18.06323],[121.55518,18.06294],[121.55405,18.06215],[121.55343,18.06092],[121.55322,18.06062],[121.55293,18.06039],[121.552,18.05992],[121.55135,18.05969],[121.55084,18.05963],[121.55045,18.05972],[121.5503,18.05984],[121.55008,18.06027],[121.54991,18.06097],[121.54987,18.06155],[121.54997,18.06213],[121.55049,18.06292],[121.55066,18.06409],[121.5504,18.06588],[121.54966,18.06727],[121.54944,18.06746],[121.54894,18.06761],[121.54864,18.06763],[121.54823,18.06754],[121.5476,18.06767],[121.54733,18.06784],[121.5474,18.06849],[121.54729,18.06892],[121.54619,18.0696],[121.54529,18.06971],[121.54498,18.07012],[121.54469,18.07023],[121.54296,18.0705],[121.54241,18.07027],[121.5421,18.06994],[121.54102,18.06908],[121.54048,18.06882],[121.54001,18.06869],[121.53965,18.06868],[121.53813,18.06879],[121.53741,18.06861],[121.53661,18.06811],[121.53567,18.06732],[121.53448,18.06689],[121.53363,18.0664],[121.53283,18.06567],[121.53237,18.06501],[121.53156,18.06444],[121.53104,18.0642],[121.53054,18.06409],[121.52965,18.06365],[121.52883,18.06347],[121.52834,18.06348],[121.52691,18.06294],[121.52623,18.06247],[121.52581,18.06231],[121.52547,18.06229],[121.52512,18.06212],[121.5247,18.06153],[121.52466,18.0613],[121.52481,18.0611],[121.52555,18.06066],[121.52639,18.06],[121.52648,18.05931],[121.52637,18.05907],[121.52572,18.0589],[121.52527,18.0584],[121.52403,18.05588],[121.52388,18.05544],[121.52362,18.05513],[121.52329,18.0549],[121.52224,18.05459],[121.52102,18.05445],[121.52031,18.05425],[121.51928,18.05387],[121.51901,18.05369],[121.51821,18.0535],[121.51778,18.05315],[121.51743,18.05311],[121.51728,18.05296],[121.51674,18.05293],[121.51593,18.05258],[121.51422,18.05225],[121.51338,18.05235],[121.51309,18.05249],[121.51254,18.05256],[121.51233,18.0527],[121.51159,18.05282],[121.51099,18.05329],[121.51041,18.05351],[121.51017,18.05369],[121.51007,18.05394],[121.50891,18.05503],[121.50867,18.05552],[121.50775,18.0563],[121.50752,18.05666],[121.50739,18.05804],[121.50724,18.05859],[121.50702,18.05886],[121.50661,18.05901],[121.50628,18.05905],[121.50591,18.05895],[121.50492,18.05834],[121.50424,18.05736],[121.50213,18.056],[121.50128,18.05556],[121.50118,18.05535],[121.50066,18.05505],[121.50005,18.0554],[121.49969,18.05533],[121.49942,18.05538],[121.4993,18.05602],[121.49873,18.05667],[121.49853,18.05678],[121.49834,18.05718],[121.49809,18.05726],[121.4976,18.0571],[121.49749,18.05704],[121.49692,18.05617],[121.4968,18.05582],[121.4969,18.05562],[121.49672,18.05522],[121.49645,18.0549],[121.49235,18.05261],[121.4916,18.05232],[121.49109,18.05203],[121.48992,18.05166],[121.48942,18.05134],[121.48812,18.04957],[121.48711,18.0476],[121.48692,18.04736],[121.48442,18.04574],[121.48427,18.04559],[121.48392,18.04482],[121.4834,18.04416],[121.48262,18.04371],[121.48062,18.0435],[121.48018,18.04335],[121.47947,18.04276],[121.4791,18.0422],[121.4787,18.04179],[121.47797,18.04135],[121.47683,18.04028],[121.4758,18.03964],[121.47493,18.03867],[121.47471,18.0378],[121.47328,18.03589],[121.47294,18.03526],[121.47259,18.03378],[121.47193,18.03276],[121.47199,18.03093],[121.47178,18.02991],[121.47162,18.02971],[121.47117,18.02956],[121.4702,18.02968],[121.4695,18.03003],[121.46925,18.0304],[121.46865,18.02919],[121.46924,18.02901],[121.46986,18.0283],[121.4689,18.02506],[121.4687,18.02351],[121.46873,18.02226],[121.46851,18.02122],[121.46807,18.02031],[121.46795,18.01971],[121.46725,18.01843],[121.46637,18.01773],[121.46579,18.0176],[121.46548,18.01725],[121.46519,18.01673],[121.46529,18.01499],[121.46546,18.01471],[121.46602,18.01417],[121.46635,18.01368],[121.46638,18.01336],[121.46626,18.01306],[121.46573,18.01277],[121.46543,18.01228],[121.46517,18.01206],[121.46441,18.01176],[121.46335,18.01159],[121.46267,18.01211],[121.4624,18.01219],[121.462,18.01215],[121.46176,18.01205],[121.46154,18.01178],[121.46072,18.0112],[121.4602,18.01116],[121.4599,18.01081],[121.45979,18.01026]]],[[[121.48761,18.08805],[121.48809,18.08805],[121.4905,18.08739],[121.49127,18.08733],[121.49227,18.08754],[121.49356,18.08821],[121.49402,18.08867],[121.49428,18.08924],[121.49419,18.08973],[121.49398,18.09007],[121.49335,18.09039],[121.49229,18.09068],[121.49179,18.09072],[121.49135,18.09068],[121.49067,18.09043],[121.4894,18.09036],[121.48801,18.08994],[121.48761,18.08805]]],[[[121.52203,18.11057],[121.52241,18.11035],[121.52266,18.10997],[121.52325,18.10948],[121.52362,18.1089],[121.52399,18.10857],[121.52445,18.10833],[121.52513,18.10823],[121.52589,18.10827],[121.52642,18.10844],[121.52785,18.10978],[121.53014,18.11111],[121.53025459772853,18.11112562696298],[121.52999434005754,18.11123882452111],[121.5286,18.11048],[121.52774,18.10993],[121.52633,18.1086],[121.52549,18.10841],[121.52451,18.10851],[121.5241,18.10871],[121.52377,18.10901],[121.5234,18.10959],[121.5226,18.11033],[121.52227,18.11055],[121.52203,18.11057]]],[[[121.54198456667788,18.10844260249411],[121.54258,18.10813],[121.54293,18.10804],[121.54418931682092,18.108281512814973],[121.54350538428314,18.108331484224845],[121.54294,18.10822],[121.54253947133651,18.108402058483403],[121.54198456667788,18.10844260249411]]]]}}],"properties":{"name":"MGB Flood Susceptibility — Lasam, Cagayan","source":"DENR-MGB Detailed Flood Susceptibility (controlmap.mgb.gov.ph)","source_url":"https://controlmap.mgb.gov.ph/arcgis/rest/services/GeospatialDataInventory/GDI_Detailed_Flood_Susceptibility/MapServer/0","clipped_to":"PSA Lasam psgc_10d=0201517000","fetched_at":"2026-08-08T03:08:02.695Z","counts":{"low":2,"moderate":2,"high":2,"very_high":2},"geometry_failures":0,"disclaimer":"Official MGB flood susceptibility clipped to PSA Lasam boundary. Prototype use — verify with DENR-MGB for official decisions."}}
