{"type": "FeatureCollection", "features": [{"type": "Feature", "properties": {"id": "CTR-00001", "elevation_m": 15.0}, "geometry": {"type": "LineString", "coordinates": [[121.58909999947018, 18.15], [121.58963999947018, 18.15]]}}, {"type": "Feature", "properties": {"id": "CTR-00002", "elevation_m": 15.0}, "geometry": {"type": "LineString", "coordinates": [[121.5969882355911, 18.15], [121.5975282355911, 18.15]]}}, {"type": "Feature", "properties": {"id": "CTR-00003", "elevation_m": 15.0}, "geometry": {"type": "LineString", "coordinates": [[121.58860000070642, 18.149099999999997], [121.58914000070642, 18.149099999999997]]}}, {"type": "Feature", "properties": {"id": "CTR-00004", "elevation_m": 15.0}, "geometry": {"type": "LineString", "coordinates": [[121.59752307743095, 18.149099999999997], [121.59806307743095, 18.149099999999997]]}}, {"type": "Feature", "properties": {"id": "CTR-00005", "elevation_m": 15.0}, "geometry": {"type": "LineString", "coordinates": [[121.60401428649278, 18.149099999999997], [121.60455428649279, 18.149099999999997]]}}, {"type": "Feature", "properties": {"id": "CTR-00006", "elevation_m": 15.0}, "geometry": {"type": "LineString", "coordinates": [[121.6077774191762, 18.149099999999997], [121.6083174191762, 18.149099999999997]]}}, {"type": "Feature", "properties": {"id": "CTR-00007", "elevation_m": 15.0}, "geometry": {"type": "LineString", "coordinates": [[121.58824918007413, 18.1482], [121.58878918007413, 18.1482]]}}, {"type": "Feature", "properties": {"id": "CTR-00008", "elevation_m": 15.0}, "geometry": {"type": "LineString", "coordinates": [[121.59805384649242, 18.1482], [121.59859384649242, 18.1482]]}}, {"type": "Feature", "properties": {"id": "CTR-00009", "elevation_m": 15.0}, "geometry": {"type": "LineString", "coordinates": [[121.60311600151061, 18.1482], [121.60365600151061, 18.1482]]}}, {"type": "Feature", "properties": {"id": "CTR-00010", "elevation_m": 15.0}, "geometry": {"type": "LineString", "coordinates": [[121.60842000063577, 18.1482], [121.60896000063578, 18.1482]]}}, {"type": "Feature", "properties": {"id": "CTR-00011", "elevation_m": 15.0}, "geometry": {"type": "LineString", "coordinates": [[121.58804262278935, 18.147299999999998], [121.58858262278935, 18.147299999999998]]}}, {"type": "Feature", "properties": {"id": "CTR-00012", "elevation_m": 15.0}, "geometry": {"type": "LineString", "coordinates": [[121.5983774995172, 18.147299999999998], [121.5989174995172, 18.147299999999998]]}}, {"type": "Feature", "properties": {"id": "CTR-00013", "elevation_m": 15.0}, "geometry": {"type": "LineString", "coordinates": [[121.60258695619723, 18.147299999999998], [121.60312695619723, 18.147299999999998]]}}, {"type": "Feature", "properties": {"id": "CTR-00014", "elevation_m": 15.0}, "geometry": {"type": "LineString", "coordinates": [[121.60869999978807, 18.147299999999998], [121.60923999978807, 18.147299999999998]]}}, {"type": "Feature", "properties": {"id": "CTR-00015", "elevation_m": 15.0}, "geometry": {"type": "LineString", "coordinates": [[121.58798360651124, 18.1464], [121.58852360651125, 18.1464]]}}, {"type": "Feature", "properties": {"id": "CTR-00016", "elevation_m": 15.0}, "geometry": {"type": "LineString", "coordinates": [[121.59850799903869, 18.1464], [121.59904799903869, 18.1464]]}}, {"type": "Feature", "properties": {"id": "CTR-00017", "elevation_m": 15.0}, "geometry": {"type": "LineString", "coordinates": [[121.60243043429585, 18.1464], [121.60297043429586, 18.1464]]}}, {"type": "Feature", "properties": {"id": "CTR-00018", "elevation_m": 15.0}, "geometry": {"type": "LineString", "coordinates": [[121.60877999974568, 18.1464], [121.60931999974568, 18.1464]]}}, {"type": "Feature", "properties": {"id": "CTR-00019", "elevation_m": 15.0}, "geometry": {"type": "LineString", "coordinates": [[121.58807999999999, 18.1455], [121.58861999999999, 18.1455]]}}, {"type": "Feature", "properties": {"id": "CTR-00020", "elevation_m": 15.0}, "geometry": {"type": "LineString", "coordinates": [[121.59833076973864, 18.1455], [121.59887076973864, 18.1455]]}}, {"type": "Feature", "properties": {"id": "CTR-00021", "elevation_m": 15.0}, "geometry": {"type": "LineString", "coordinates": [[121.60266521625555, 18.1455], [121.60320521625555, 18.1455]]}}, {"type": "Feature", "properties": {"id": "CTR-00022", "elevation_m": 15.0}, "geometry": {"type": "LineString", "coordinates": [[121.60864772700671, 18.1455], [121.60918772700671, 18.1455]]}}, {"type": "Feature", "properties": {"id": "CTR-00023", "elevation_m": 15.0}, "geometry": {"type": "LineString", "coordinates": [[121.5883081964445, 18.144599999999997], [121.5888481964445, 18.144599999999997]]}}, {"type": "Feature", "properties": {"id": "CTR-00024", "elevation_m": 15.0}, "geometry": {"type": "LineString", "coordinates": [[121.59797250053644, 18.144599999999997], [121.59851250053644, 18.144599999999997]]}}, {"type": "Feature", "properties": {"id": "CTR-00025", "elevation_m": 15.0}, "geometry": {"type": "LineString", "coordinates": [[121.60326000137329, 18.144599999999997], [121.60380000137329, 18.144599999999997]]}}, {"type": "Feature", "properties": {"id": "CTR-00026", "elevation_m": 15.0}, "geometry": {"type": "LineString", "coordinates": [[121.6083400008477, 18.144599999999997], [121.6088800008477, 18.144599999999997]]}}, {"type": "Feature", "properties": {"id": "CTR-00027", "elevation_m": 15.0}, "geometry": {"type": "LineString", "coordinates": [[121.5886500002649, 18.1437], [121.5891900002649, 18.1437]]}}, {"type": "Feature", "properties": {"id": "CTR-00028", "elevation_m": 15.0}, "geometry": {"type": "LineString", "coordinates": [[121.59746470509037, 18.1437], [121.59800470509037, 18.1437]]}}, {"type": "Feature", "properties": {"id": "CTR-00029", "elevation_m": 15.0}, "geometry": {"type": "LineString", "coordinates": [[121.60409999863761, 18.1437], [121.60463999863761, 18.1437]]}}, {"type": "Feature", "properties": {"id": "CTR-00030", "elevation_m": 15.0}, "geometry": {"type": "LineString", "coordinates": [[121.60770000095367, 18.1437], [121.60824000095367, 18.1437]]}}, {"type": "Feature", "properties": {"id": "CTR-00031", "elevation_m": 15.0}, "geometry": {"type": "LineString", "coordinates": [[121.58908909116445, 18.142799999999998], [121.58962909116445, 18.142799999999998]]}}, {"type": "Feature", "properties": {"id": "CTR-00032", "elevation_m": 15.0}, "geometry": {"type": "LineString", "coordinates": [[121.59700588212195, 18.142799999999998], [121.59754588212195, 18.142799999999998]]}}, {"type": "Feature", "properties": {"id": "CTR-00033", "elevation_m": 15.0}, "geometry": {"type": "LineString", "coordinates": [[121.6056, 18.142799999999998], [121.60614, 18.142799999999998]]}}, {"type": "Feature", "properties": {"id": "CTR-00034", "elevation_m": 15.0}, "geometry": {"type": "LineString", "coordinates": [[121.6056, 18.142799999999998], [121.60614, 18.142799999999998]]}}, {"type": "Feature", "properties": {"id": "CTR-00035", "elevation_m": 15.0}, "geometry": {"type": "LineString", "coordinates": [[121.58956363636364, 18.1419], [121.59010363636364, 18.1419]]}}, {"type": "Feature", "properties": {"id": "CTR-00036", "elevation_m": 15.0}, "geometry": {"type": "LineString", "coordinates": [[121.59649615448099, 18.1419], [121.59703615448099, 18.1419]]}}, {"type": "Feature", "properties": {"id": "CTR-00037", "elevation_m": 15.0}, "geometry": {"type": "LineString", "coordinates": [[121.59003409099775, 18.141], [121.59057409099775, 18.141]]}}, {"type": "Feature", "properties": {"id": "CTR-00038", "elevation_m": 15.0}, "geometry": {"type": "LineString", "coordinates": [[121.59566399917603, 18.141], [121.59620399917603, 18.141]]}}, {"type": "Feature", "properties": {"id": "CTR-00039", "elevation_m": 15.0}, "geometry": {"type": "LineString", "coordinates": [[121.59041999980926, 18.1401], [121.59095999980926, 18.1401]]}}, {"type": "Feature", "properties": {"id": "CTR-00040", "elevation_m": 15.0}, "geometry": {"type": "LineString", "coordinates": [[121.59505199890137, 18.1401], [121.59559199890137, 18.1401]]}}, {"type": "Feature", "properties": {"id": "CTR-00041", "elevation_m": 15.0}, "geometry": {"type": "LineString", "coordinates": [[121.59069000009536, 18.1392], [121.59123000009536, 18.1392]]}}, {"type": "Feature", "properties": {"id": "CTR-00042", "elevation_m": 15.0}, "geometry": {"type": "LineString", "coordinates": [[121.59471428376801, 18.1392], [121.59525428376801, 18.1392]]}}, {"type": "Feature", "properties": {"id": "CTR-00043", "elevation_m": 15.0}, "geometry": {"type": "LineString", "coordinates": [[121.59064838736471, 18.138299999999997], [121.59118838736471, 18.138299999999997]]}}, {"type": "Feature", "properties": {"id": "CTR-00044", "elevation_m": 15.0}, "geometry": {"type": "LineString", "coordinates": [[121.59479999999999, 18.138299999999997], [121.59534, 18.138299999999997]]}}, {"type": "Feature", "properties": {"id": "CTR-00045", "elevation_m": 15.0}, "geometry": {"type": "LineString", "coordinates": [[121.59479999999999, 18.138299999999997], [121.59534, 18.138299999999997]]}}, {"type": "Feature", "properties": {"id": "CTR-00046", "elevation_m": 15.0}, "geometry": {"type": "LineString", "coordinates": [[121.5903, 18.1374], [121.59084, 18.1374]]}}, {"type": "Feature", "properties": {"id": "CTR-00047", "elevation_m": 15.0}, "geometry": {"type": "LineString", "coordinates": [[121.5903, 18.1374], [121.59084, 18.1374]]}}, {"type": "Feature", "properties": {"id": "CTR-00048", "elevation_m": 15.0}, "geometry": {"type": "LineString", "coordinates": [[121.59523199958801, 18.1374], [121.59577199958801, 18.1374]]}}, {"type": "Feature", "properties": {"id": "CTR-00049", "elevation_m": 15.0}, "geometry": {"type": "LineString", "coordinates": [[121.58985999927944, 18.136499999999998], [121.59039999927944, 18.136499999999998]]}}, {"type": "Feature", "properties": {"id": "CTR-00050", "elevation_m": 15.0}, "geometry": {"type": "LineString", "coordinates": [[121.59597692256905, 18.136499999999998], [121.59651692256905, 18.136499999999998]]}}, {"type": "Feature", "properties": {"id": "CTR-00051", "elevation_m": 15.0}, "geometry": {"type": "LineString", "coordinates": [[121.58930181752922, 18.1356], [121.58984181752922, 18.1356]]}}, {"type": "Feature", "properties": {"id": "CTR-00052", "elevation_m": 15.0}, "geometry": {"type": "LineString", "coordinates": [[121.59679411731706, 18.1356], [121.59733411731706, 18.1356]]}}, {"type": "Feature", "properties": {"id": "CTR-00053", "elevation_m": 15.0}, "geometry": {"type": "LineString", "coordinates": [[121.58876181784133, 18.1347], [121.58930181784133, 18.1347]]}}, {"type": "Feature", "properties": {"id": "CTR-00054", "elevation_m": 15.0}, "geometry": {"type": "LineString", "coordinates": [[121.59737647095122, 18.1347], [121.59791647095122, 18.1347]]}}, {"type": "Feature", "properties": {"id": "CTR-00055", "elevation_m": 15.0}, "geometry": {"type": "LineString", "coordinates": [[121.6043142851304, 18.1347], [121.6048542851304, 18.1347]]}}, {"type": "Feature", "properties": {"id": "CTR-00056", "elevation_m": 15.0}, "geometry": {"type": "LineString", "coordinates": [[121.60754516164758, 18.1347], [121.60808516164758, 18.1347]]}}, {"type": "Feature", "properties": {"id": "CTR-00057", "elevation_m": 15.0}, "geometry": {"type": "LineString", "coordinates": [[121.58821967259247, 18.133799999999997], [121.58875967259247, 18.133799999999997]]}}, {"type": "Feature", "properties": {"id": "CTR-00058", "elevation_m": 15.0}, "geometry": {"type": "LineString", "coordinates": [[121.59812307743094, 18.133799999999997], [121.59866307743094, 18.133799999999997]]}}, {"type": "Feature", "properties": {"id": "CTR-00059", "elevation_m": 15.0}, "geometry": {"type": "LineString", "coordinates": [[121.6030079990387, 18.133799999999997], [121.6035479990387, 18.133799999999997]]}}, {"type": "Feature", "properties": {"id": "CTR-00060", "elevation_m": 15.0}, "geometry": {"type": "LineString", "coordinates": [[121.60846363636364, 18.133799999999997], [121.60900363636364, 18.133799999999997]]}}, {"type": "Feature", "properties": {"id": "CTR-00061", "elevation_m": 15.0}, "geometry": {"type": "LineString", "coordinates": [[121.58776229466676, 18.1329], [121.58830229466676, 18.1329]]}}, {"type": "Feature", "properties": {"id": "CTR-00062", "elevation_m": 15.0}, "geometry": {"type": "LineString", "coordinates": [[121.59911999931334, 18.1329], [121.59965999931335, 18.1329]]}}, {"type": "Feature", "properties": {"id": "CTR-00063", "elevation_m": 15.0}, "geometry": {"type": "LineString", "coordinates": [[121.60166249932945, 18.1329], [121.60220249932945, 18.1329]]}}, {"type": "Feature", "properties": {"id": "CTR-00064", "elevation_m": 15.0}, "geometry": {"type": "LineString", "coordinates": [[121.60909999957615, 18.1329], [121.60963999957615, 18.1329]]}}, {"type": "Feature", "properties": {"id": "CTR-00065", "elevation_m": 15.0}, "geometry": {"type": "LineString", "coordinates": [[121.58738225857806, 18.131999999999998], [121.58792225857806, 18.131999999999998]]}}, {"type": "Feature", "properties": {"id": "CTR-00066", "elevation_m": 15.0}, "geometry": {"type": "LineString", "coordinates": [[121.60955357159278, 18.131999999999998], [121.61009357159278, 18.131999999999998]]}}, {"type": "Feature", "properties": {"id": "CTR-00067", "elevation_m": 15.0}, "geometry": {"type": "LineString", "coordinates": [[121.58712096776426, 18.1311], [121.58766096776426, 18.1311]]}}, {"type": "Feature", "properties": {"id": "CTR-00068", "elevation_m": 15.0}, "geometry": {"type": "LineString", "coordinates": [[121.60983818215867, 18.1311], [121.61037818215867, 18.1311]]}}, {"type": "Feature", "properties": {"id": "CTR-00069", "elevation_m": 15.0}, "geometry": {"type": "LineString", "coordinates": [[121.58700483882131, 18.1302], [121.58754483882132, 18.1302]]}}, {"type": "Feature", "properties": {"id": "CTR-00070", "elevation_m": 15.0}, "geometry": {"type": "LineString", "coordinates": [[121.60996909107932, 18.1302], [121.61050909107932, 18.1302]]}}, {"type": "Feature", "properties": {"id": "CTR-00071", "elevation_m": 15.0}, "geometry": {"type": "LineString", "coordinates": [[121.58704838682883, 18.129299999999997], [121.58758838682883, 18.129299999999997]]}}, {"type": "Feature", "properties": {"id": "CTR-00072", "elevation_m": 15.0}, "geometry": {"type": "LineString", "coordinates": [[121.6099200003121, 18.129299999999997], [121.6104600003121, 18.129299999999997]]}}, {"type": "Feature", "properties": {"id": "CTR-00073", "elevation_m": 15.0}, "geometry": {"type": "LineString", "coordinates": [[121.58722258024325, 18.1284], [121.58776258024325, 18.1284]]}}, {"type": "Feature", "properties": {"id": "CTR-00074", "elevation_m": 15.0}, "geometry": {"type": "LineString", "coordinates": [[121.60972363659062, 18.1284], [121.61026363659062, 18.1284]]}}, {"type": "Feature", "properties": {"id": "CTR-00075", "elevation_m": 15.0}, "geometry": {"type": "LineString", "coordinates": [[121.58752741906456, 18.127499999999998], [121.58806741906456, 18.127499999999998]]}}, {"type": "Feature", "properties": {"id": "CTR-00076", "elevation_m": 15.0}, "geometry": {"type": "LineString", "coordinates": [[121.609396363381, 18.127499999999998], [121.609936363381, 18.127499999999998]]}}, {"type": "Feature", "properties": {"id": "CTR-00077", "elevation_m": 15.0}, "geometry": {"type": "LineString", "coordinates": [[121.58789508185187, 18.1266], [121.58843508185187, 18.1266]]}}, {"type": "Feature", "properties": {"id": "CTR-00078", "elevation_m": 15.0}, "geometry": {"type": "LineString", "coordinates": [[121.598831999588, 18.1266], [121.599371999588, 18.1266]]}}, {"type": "Feature", "properties": {"id": "CTR-00079", "elevation_m": 15.0}, "geometry": {"type": "LineString", "coordinates": [[121.60207826249207, 18.1266], [121.60261826249207, 18.1266]]}}, {"type": "Feature", "properties": {"id": "CTR-00080", "elevation_m": 15.0}, "geometry": {"type": "LineString", "coordinates": [[121.6089399996609, 18.1266], [121.6094799996609, 18.1266]]}}, {"type": "Feature", "properties": {"id": "CTR-00081", "elevation_m": 15.0}, "geometry": {"type": "LineString", "coordinates": [[121.58829344232308, 18.1257], [121.58883344232308, 18.1257]]}}, {"type": "Feature", "properties": {"id": "CTR-00082", "elevation_m": 15.0}, "geometry": {"type": "LineString", "coordinates": [[121.59805384649242, 18.1257], [121.59859384649242, 18.1257]]}}, {"type": "Feature", "properties": {"id": "CTR-00083", "elevation_m": 15.0}, "geometry": {"type": "LineString", "coordinates": [[121.60312500089407, 18.1257], [121.60366500089407, 18.1257]]}}, {"type": "Feature", "properties": {"id": "CTR-00084", "elevation_m": 15.0}, "geometry": {"type": "LineString", "coordinates": [[121.60840000042386, 18.1257], [121.60894000042386, 18.1257]]}}, {"type": "Feature", "properties": {"id": "CTR-00085", "elevation_m": 15.0}, "geometry": {"type": "LineString", "coordinates": [[121.58867999968788, 18.124799999999997], [121.58921999968788, 18.124799999999997]]}}, {"type": "Feature", "properties": {"id": "CTR-00086", "elevation_m": 15.0}, "geometry": {"type": "LineString", "coordinates": [[121.59748235254519, 18.124799999999997], [121.59802235254519, 18.124799999999997]]}}, {"type": "Feature", "properties": {"id": "CTR-00087", "elevation_m": 15.0}, "geometry": {"type": "LineString", "coordinates": [[121.60409999863761, 18.124799999999997], [121.60463999863761, 18.124799999999997]]}}, {"type": "Feature", "properties": {"id": "CTR-00088", "elevation_m": 15.0}, "geometry": {"type": "LineString", "coordinates": [[121.60770000095367, 18.124799999999997], [121.60824000095367, 18.124799999999997]]}}, {"type": "Feature", "properties": {"id": "CTR-00089", "elevation_m": 15.0}, "geometry": {"type": "LineString", "coordinates": [[121.589007273238, 18.1239], [121.589547273238, 18.1239]]}}, {"type": "Feature", "properties": {"id": "CTR-00090", "elevation_m": 15.0}, "geometry": {"type": "LineString", "coordinates": [[121.59712941186369, 18.1239], [121.59766941186369, 18.1239]]}}, {"type": "Feature", "properties": {"id": "CTR-00091", "elevation_m": 15.0}, "geometry": {"type": "LineString", "coordinates": [[121.60511538715474, 18.1239], [121.60565538715474, 18.1239]]}}, {"type": "Feature", "properties": {"id": "CTR-00092", "elevation_m": 15.0}, "geometry": {"type": "LineString", "coordinates": [[121.60683750067054, 18.1239], [121.60737750067054, 18.1239]]}}, {"type": "Feature", "properties": {"id": "CTR-00093", "elevation_m": 15.0}, "geometry": {"type": "LineString", "coordinates": [[121.58920363661899, 18.122999999999998], [121.58974363661899, 18.122999999999998]]}}, {"type": "Feature", "properties": {"id": "CTR-00094", "elevation_m": 15.0}, "geometry": {"type": "LineString", "coordinates": [[121.5969176474548, 18.122999999999998], [121.5974576474548, 18.122999999999998]]}}, {"type": "Feature", "properties": {"id": "CTR-00095", "elevation_m": 15.0}, "geometry": {"type": "LineString", "coordinates": [[121.58925272707411, 18.1221], [121.58979272707411, 18.1221]]}}, {"type": "Feature", "properties": {"id": "CTR-00096", "elevation_m": 15.0}, "geometry": {"type": "LineString", "coordinates": [[121.59686999931336, 18.1221], [121.59740999931336, 18.1221]]}}, {"type": "Feature", "properties": {"id": "CTR-00097", "elevation_m": 15.0}, "geometry": {"type": "LineString", "coordinates": [[121.58912181815344, 18.121199999999998], [121.58966181815344, 18.121199999999998]]}}, {"type": "Feature", "properties": {"id": "CTR-00098", "elevation_m": 15.0}, "geometry": {"type": "LineString", "coordinates": [[121.59702352881777, 18.121199999999998], [121.59756352881777, 18.121199999999998]]}}, {"type": "Feature", "properties": {"id": "CTR-00099", "elevation_m": 15.0}, "geometry": {"type": "LineString", "coordinates": [[121.6056, 18.121199999999998], [121.60614, 18.121199999999998]]}}, {"type": "Feature", "properties": {"id": "CTR-00100", "elevation_m": 15.0}, "geometry": {"type": "LineString", "coordinates": [[121.6065, 18.121199999999998], [121.60704, 18.121199999999998]]}}, {"type": "Feature", "properties": {"id": "CTR-00101", "elevation_m": 15.0}, "geometry": {"type": "LineString", "coordinates": [[121.58882727230166, 18.1203], [121.58936727230166, 18.1203]]}}, {"type": "Feature", "properties": {"id": "CTR-00102", "elevation_m": 15.0}, "geometry": {"type": "LineString", "coordinates": [[121.5973411762726, 18.1203], [121.5978811762726, 18.1203]]}}, {"type": "Feature", "properties": {"id": "CTR-00103", "elevation_m": 15.0}, "geometry": {"type": "LineString", "coordinates": [[121.6044428553912, 18.1203], [121.6049828553912, 18.1203]]}}, {"type": "Feature", "properties": {"id": "CTR-00104", "elevation_m": 15.0}, "geometry": {"type": "LineString", "coordinates": [[121.60745806576652, 18.1203], [121.60799806576652, 18.1203]]}}, {"type": "Feature", "properties": {"id": "CTR-00105", "elevation_m": 15.0}, "geometry": {"type": "LineString", "coordinates": [[121.5884114748793, 18.1194], [121.5889514748793, 18.1194]]}}, {"type": "Feature", "properties": {"id": "CTR-00106", "elevation_m": 15.0}, "geometry": {"type": "LineString", "coordinates": [[121.59789230752301, 18.1194], [121.59843230752301, 18.1194]]}}, {"type": "Feature", "properties": {"id": "CTR-00107", "elevation_m": 15.0}, "geometry": {"type": "LineString", "coordinates": [[121.60336800041198, 18.1194], [121.60390800041198, 18.1194]]}}, {"type": "Feature", "properties": {"id": "CTR-00108", "elevation_m": 15.0}, "geometry": {"type": "LineString", "coordinates": [[121.60824193423348, 18.1194], [121.60878193423348, 18.1194]]}}, {"type": "Feature", "properties": {"id": "CTR-00109", "elevation_m": 15.0}, "geometry": {"type": "LineString", "coordinates": [[121.58793934377789, 18.118499999999997], [121.58847934377789, 18.118499999999997]]}}, {"type": "Feature", "properties": {"id": "CTR-00110", "elevation_m": 15.0}, "geometry": {"type": "LineString", "coordinates": [[121.59876000137328, 18.118499999999997], [121.59930000137328, 18.118499999999997]]}}, {"type": "Feature", "properties": {"id": "CTR-00111", "elevation_m": 15.0}, "geometry": {"type": "LineString", "coordinates": [[121.60215652190138, 18.118499999999997], [121.60269652190138, 18.118499999999997]]}}, {"type": "Feature", "properties": {"id": "CTR-00112", "elevation_m": 15.0}, "geometry": {"type": "LineString", "coordinates": [[121.60889318230585, 18.118499999999997], [121.60943318230585, 18.118499999999997]]}}, {"type": "Feature", "properties": {"id": "CTR-00113", "elevation_m": 15.0}, "geometry": {"type": "LineString", "coordinates": [[121.58744032304953, 18.1176], [121.58798032304954, 18.1176]]}}, {"type": "Feature", "properties": {"id": "CTR-00114", "elevation_m": 15.0}, "geometry": {"type": "LineString", "coordinates": [[121.60951090883555, 18.1176], [121.61005090883555, 18.1176]]}}, {"type": "Feature", "properties": {"id": "CTR-00115", "elevation_m": 15.0}, "geometry": {"type": "LineString", "coordinates": [[121.5869612908138, 18.116699999999998], [121.5875012908138, 18.116699999999998]]}}, {"type": "Feature", "properties": {"id": "CTR-00116", "elevation_m": 15.0}, "geometry": {"type": "LineString", "coordinates": [[121.61005090954488, 18.116699999999998], [121.61059090954488, 18.116699999999998]]}}, {"type": "Feature", "properties": {"id": "CTR-00117", "elevation_m": 15.0}, "geometry": {"type": "LineString", "coordinates": [[121.58654210484048, 18.1158], [121.58708210484048, 18.1158]]}}, {"type": "Feature", "properties": {"id": "CTR-00118", "elevation_m": 15.0}, "geometry": {"type": "LineString", "coordinates": [[121.61046885266661, 18.1158], [121.61100885266661, 18.1158]]}}, {"type": "Feature", "properties": {"id": "CTR-00119", "elevation_m": 15.0}, "geometry": {"type": "LineString", "coordinates": [[121.58621052621011, 18.1149], [121.58675052621011, 18.1149]]}}, {"type": "Feature", "properties": {"id": "CTR-00120", "elevation_m": 15.0}, "geometry": {"type": "LineString", "coordinates": [[121.61077868896285, 18.1149], [121.61131868896285, 18.1149]]}}, {"type": "Feature", "properties": {"id": "CTR-00121", "elevation_m": 15.0}, "geometry": {"type": "LineString", "coordinates": [[121.58603684162973, 18.113999999999997], [121.58657684162974, 18.113999999999997]]}}, {"type": "Feature", "properties": {"id": "CTR-00122", "elevation_m": 15.0}, "geometry": {"type": "LineString", "coordinates": [[121.61095573807398, 18.113999999999997], [121.61149573807398, 18.113999999999997]]}}, {"type": "Feature", "properties": {"id": "CTR-00123", "elevation_m": 15.0}, "geometry": {"type": "LineString", "coordinates": [[121.58602105292216, 18.1131], [121.58656105292216, 18.1131]]}}, {"type": "Feature", "properties": {"id": "CTR-00124", "elevation_m": 15.0}, "geometry": {"type": "LineString", "coordinates": [[121.6109704911574, 18.1131], [121.6115104911574, 18.1131]]}}, {"type": "Feature", "properties": {"id": "CTR-00125", "elevation_m": 15.0}, "geometry": {"type": "LineString", "coordinates": [[121.58616315736639, 18.112199999999998], [121.58670315736639, 18.112199999999998]]}}, {"type": "Feature", "properties": {"id": "CTR-00126", "elevation_m": 15.0}, "geometry": {"type": "LineString", "coordinates": [[121.61083770533322, 18.112199999999998], [121.61137770533323, 18.112199999999998]]}}, {"type": "Feature", "properties": {"id": "CTR-00127", "elevation_m": 15.0}, "geometry": {"type": "LineString", "coordinates": [[121.58643620674346, 18.1113], [121.58697620674346, 18.1113]]}}, {"type": "Feature", "properties": {"id": "CTR-00128", "elevation_m": 15.0}, "geometry": {"type": "LineString", "coordinates": [[121.61057903223573, 18.1113], [121.61111903223573, 18.1113]]}}, {"type": "Feature", "properties": {"id": "CTR-00129", "elevation_m": 15.0}, "geometry": {"type": "LineString", "coordinates": [[121.58680161247898, 18.1104], [121.58734161247898, 18.1104]]}}, {"type": "Feature", "properties": {"id": "CTR-00130", "elevation_m": 15.0}, "geometry": {"type": "LineString", "coordinates": [[121.6102327869775, 18.1104], [121.6107727869775, 18.1104]]}}, {"type": "Feature", "properties": {"id": "CTR-00131", "elevation_m": 15.0}, "geometry": {"type": "LineString", "coordinates": [[121.58719354869969, 18.109499999999997], [121.58773354869969, 18.109499999999997]]}}, {"type": "Feature", "properties": {"id": "CTR-00132", "elevation_m": 15.0}, "geometry": {"type": "LineString", "coordinates": [[121.60981071401201, 18.109499999999997], [121.61035071401201, 18.109499999999997]]}}, {"type": "Feature", "properties": {"id": "CTR-00133", "elevation_m": 15.0}, "geometry": {"type": "LineString", "coordinates": [[121.58757142792267, 18.1086], [121.58811142792267, 18.1086]]}}, {"type": "Feature", "properties": {"id": "CTR-00134", "elevation_m": 15.0}, "geometry": {"type": "LineString", "coordinates": [[121.60937999968789, 18.1086], [121.60991999968789, 18.1086]]}}, {"type": "Feature", "properties": {"id": "CTR-00135", "elevation_m": 15.0}, "geometry": {"type": "LineString", "coordinates": [[121.58790483882132, 18.107699999999998], [121.58844483882132, 18.107699999999998]]}}, {"type": "Feature", "properties": {"id": "CTR-00136", "elevation_m": 15.0}, "geometry": {"type": "LineString", "coordinates": [[121.5989399986267, 18.107699999999998], [121.5994799986267, 18.107699999999998]]}}, {"type": "Feature", "properties": {"id": "CTR-00137", "elevation_m": 15.0}, "geometry": {"type": "LineString", "coordinates": [[121.60194374865888, 18.107699999999998], [121.60248374865888, 18.107699999999998]]}}, {"type": "Feature", "properties": {"id": "CTR-00138", "elevation_m": 15.0}, "geometry": {"type": "LineString", "coordinates": [[121.60898000059339, 18.107699999999998], [121.60952000059339, 18.107699999999998]]}}, {"type": "Feature", "properties": {"id": "CTR-00139", "elevation_m": 15.0}, "geometry": {"type": "LineString", "coordinates": [[121.58813114733339, 18.1068], [121.58867114733339, 18.1068]]}}, {"type": "Feature", "properties": {"id": "CTR-00140", "elevation_m": 15.0}, "geometry": {"type": "LineString", "coordinates": [[121.5984, 18.1068], [121.59894, 18.1068]]}}, {"type": "Feature", "properties": {"id": "CTR-00141", "elevation_m": 15.0}, "geometry": {"type": "LineString", "coordinates": [[121.5984, 18.1068], [121.59894, 18.1068]]}}, {"type": "Feature", "properties": {"id": "CTR-00142", "elevation_m": 15.0}, "geometry": {"type": "LineString", "coordinates": [[121.60254782624921, 18.1068], [121.60308782624921, 18.1068]]}}, {"type": "Feature", "properties": {"id": "CTR-00143", "elevation_m": 15.0}, "geometry": {"type": "LineString", "coordinates": [[121.60867999932182, 18.1068], [121.60921999932182, 18.1068]]}}, {"type": "Feature", "properties": {"id": "CTR-00144", "elevation_m": 15.0}, "geometry": {"type": "LineString", "coordinates": [[121.58822419410659, 18.1059], [121.58876419410659, 18.1059]]}}, {"type": "Feature", "properties": {"id": "CTR-00145", "elevation_m": 15.0}, "geometry": {"type": "LineString", "coordinates": [[121.59826153761507, 18.1059], [121.59880153761507, 18.1059]]}}, {"type": "Feature", "properties": {"id": "CTR-00146", "elevation_m": 15.0}, "geometry": {"type": "LineString", "coordinates": [[121.6027826095069, 18.1059], [121.6033226095069, 18.1059]]}}, {"type": "Feature", "properties": {"id": "CTR-00147", "elevation_m": 15.0}, "geometry": {"type": "LineString", "coordinates": [[121.60856000033908, 18.1059], [121.60910000033908, 18.1059]]}}, {"type": "Feature", "properties": {"id": "CTR-00148", "elevation_m": 15.0}, "geometry": {"type": "LineString", "coordinates": [[121.58816612963513, 18.104999999999997], [121.58870612963513, 18.104999999999997]]}}, {"type": "Feature", "properties": {"id": "CTR-00149", "elevation_m": 15.0}, "geometry": {"type": "LineString", "coordinates": [[121.59835384513809, 18.104999999999997], [121.5988938451381, 18.104999999999997]]}}, {"type": "Feature", "properties": {"id": "CTR-00150", "elevation_m": 15.0}, "geometry": {"type": "LineString", "coordinates": [[121.60262608760551, 18.104999999999997], [121.60316608760552, 18.104999999999997]]}}, {"type": "Feature", "properties": {"id": "CTR-00151", "elevation_m": 15.0}, "geometry": {"type": "LineString", "coordinates": [[121.60864000029669, 18.104999999999997], [121.60918000029669, 18.104999999999997]]}}, {"type": "Feature", "properties": {"id": "CTR-00152", "elevation_m": 15.0}, "geometry": {"type": "LineString", "coordinates": [[121.58795409822226, 18.1041], [121.58849409822226, 18.1041]]}}, {"type": "Feature", "properties": {"id": "CTR-00153", "elevation_m": 15.0}, "geometry": {"type": "LineString", "coordinates": [[121.59885, 18.1041], [121.59939, 18.1041]]}}, {"type": "Feature", "properties": {"id": "CTR-00154", "elevation_m": 15.0}, "geometry": {"type": "LineString", "coordinates": [[121.60203913124603, 18.1041], [121.60257913124603, 18.1041]]}}, {"type": "Feature", "properties": {"id": "CTR-00155", "elevation_m": 15.0}, "geometry": {"type": "LineString", "coordinates": [[121.60891999978807, 18.1041], [121.60945999978807, 18.1041]]}}, {"type": "Feature", "properties": {"id": "CTR-00156", "elevation_m": 15.0}, "geometry": {"type": "LineString", "coordinates": [[121.58761451646396, 18.103199999999998], [121.58815451646396, 18.103199999999998]]}}, {"type": "Feature", "properties": {"id": "CTR-00157", "elevation_m": 15.0}, "geometry": {"type": "LineString", "coordinates": [[121.60936071477836, 18.103199999999998], [121.60990071477836, 18.103199999999998]]}}, {"type": "Feature", "properties": {"id": "CTR-00158", "elevation_m": 15.0}, "geometry": {"type": "LineString", "coordinates": [[121.58718571441545, 18.1023], [121.58772571441546, 18.1023]]}}, {"type": "Feature", "properties": {"id": "CTR-00159", "elevation_m": 15.0}, "geometry": {"type": "LineString", "coordinates": [[121.60984285714285, 18.1023], [121.61038285714285, 18.1023]]}}, {"type": "Feature", "properties": {"id": "CTR-00160", "elevation_m": 15.0}, "geometry": {"type": "LineString", "coordinates": [[121.58671428603866, 18.101399999999998], [121.58725428603866, 18.101399999999998]]}}, {"type": "Feature", "properties": {"id": "CTR-00161", "elevation_m": 15.0}, "geometry": {"type": "LineString", "coordinates": [[121.6103612908138, 18.101399999999998], [121.6109012908138, 18.101399999999998]]}}, {"type": "Feature", "properties": {"id": "CTR-00162", "elevation_m": 15.0}, "geometry": {"type": "LineString", "coordinates": [[121.5861879310855, 18.1005], [121.5867279310855, 18.1005]]}}, {"type": "Feature", "properties": {"id": "CTR-00163", "elevation_m": 15.0}, "geometry": {"type": "LineString", "coordinates": [[121.61085483835241, 18.1005], [121.61139483835241, 18.1005]]}}, {"type": "Feature", "properties": {"id": "CTR-00164", "elevation_m": 15.0}, "geometry": {"type": "LineString", "coordinates": [[121.58570816287207, 18.0996], [121.58624816287207, 18.0996]]}}, {"type": "Feature", "properties": {"id": "CTR-00165", "elevation_m": 15.0}, "geometry": {"type": "LineString", "coordinates": [[121.61129032235735, 18.0996], [121.61183032235735, 18.0996]]}}, {"type": "Feature", "properties": {"id": "CTR-00166", "elevation_m": 15.0}, "geometry": {"type": "LineString", "coordinates": [[121.57661999656678, 18.098699999999997], [121.57715999656678, 18.098699999999997]]}}, {"type": "Feature", "properties": {"id": "CTR-00167", "elevation_m": 15.0}, "geometry": {"type": "LineString", "coordinates": [[121.5774, 18.098699999999997], [121.57794, 18.098699999999997]]}}, {"type": "Feature", "properties": {"id": "CTR-00168", "elevation_m": 15.0}, "geometry": {"type": "LineString", "coordinates": [[121.58526734676003, 18.098699999999997], [121.58580734676003, 18.098699999999997]]}}, {"type": "Feature", "properties": {"id": "CTR-00169", "elevation_m": 15.0}, "geometry": {"type": "LineString", "coordinates": [[121.61163870918618, 18.098699999999997], [121.61217870918618, 18.098699999999997]]}}, {"type": "Feature", "properties": {"id": "CTR-00170", "elevation_m": 15.0}, "geometry": {"type": "LineString", "coordinates": [[121.57569230642262, 18.0978], [121.57623230642263, 18.0978]]}}, {"type": "Feature", "properties": {"id": "CTR-00171", "elevation_m": 15.0}, "geometry": {"type": "LineString", "coordinates": [[121.57853571297197, 18.0978], [121.57907571297197, 18.0978]]}}, {"type": "Feature", "properties": {"id": "CTR-00172", "elevation_m": 15.0}, "geometry": {"type": "LineString", "coordinates": [[121.58499375026076, 18.0978], [121.58553375026077, 18.0978]]}}, {"type": "Feature", "properties": {"id": "CTR-00173", "elevation_m": 15.0}, "geometry": {"type": "LineString", "coordinates": [[121.6118571432464, 18.0978], [121.6123971432464, 18.0978]]}}, {"type": "Feature", "properties": {"id": "CTR-00174", "elevation_m": 15.0}, "geometry": {"type": "LineString", "coordinates": [[121.57556666596024, 18.096899999999998], [121.57610666596024, 18.096899999999998]]}}, {"type": "Feature", "properties": {"id": "CTR-00175", "elevation_m": 15.0}, "geometry": {"type": "LineString", "coordinates": [[121.5787349989271, 18.096899999999998], [121.5792749989271, 18.096899999999998]]}}, {"type": "Feature", "properties": {"id": "CTR-00176", "elevation_m": 15.0}, "geometry": {"type": "LineString", "coordinates": [[121.58491836777591, 18.096899999999998], [121.58545836777591, 18.096899999999998]]}}, {"type": "Feature", "properties": {"id": "CTR-00177", "elevation_m": 15.0}, "geometry": {"type": "LineString", "coordinates": [[121.61193157963422, 18.096899999999998], [121.61247157963422, 18.096899999999998]]}}, {"type": "Feature", "properties": {"id": "CTR-00178", "elevation_m": 15.0}, "geometry": {"type": "LineString", "coordinates": [[121.575796154481, 18.096], [121.576336154481, 18.096]]}}, {"type": "Feature", "properties": {"id": "CTR-00179", "elevation_m": 15.0}, "geometry": {"type": "LineString", "coordinates": [[121.57840714373296, 18.096], [121.57894714373296, 18.096]]}}, {"type": "Feature", "properties": {"id": "CTR-00180", "elevation_m": 15.0}, "geometry": {"type": "LineString", "coordinates": [[121.58502857092809, 18.096], [121.58556857092809, 18.096]]}}, {"type": "Feature", "properties": {"id": "CTR-00181", "elevation_m": 15.0}, "geometry": {"type": "LineString", "coordinates": [[121.61185645199248, 18.096], [121.61239645199248, 18.096]]}}, {"type": "Feature", "properties": {"id": "CTR-00182", "elevation_m": 15.0}, "geometry": {"type": "LineString", "coordinates": [[121.58530408152541, 18.0951], [121.58584408152541, 18.0951]]}}, {"type": "Feature", "properties": {"id": "CTR-00183", "elevation_m": 15.0}, "geometry": {"type": "LineString", "coordinates": [[121.61163870918618, 18.0951], [121.61217870918618, 18.0951]]}}, {"type": "Feature", "properties": {"id": "CTR-00184", "elevation_m": 15.0}, "geometry": {"type": "LineString", "coordinates": [[121.58570816287207, 18.094199999999997], [121.58624816287207, 18.094199999999997]]}}, {"type": "Feature", "properties": {"id": "CTR-00185", "elevation_m": 15.0}, "geometry": {"type": "LineString", "coordinates": [[121.61131935528527, 18.094199999999997], [121.61185935528528, 18.094199999999997]]}}, {"type": "Feature", "properties": {"id": "CTR-00186", "elevation_m": 15.0}, "geometry": {"type": "LineString", "coordinates": [[121.58613559354087, 18.0933], [121.58667559354087, 18.0933]]}}, {"type": "Feature", "properties": {"id": "CTR-00187", "elevation_m": 15.0}, "geometry": {"type": "LineString", "coordinates": [[121.61094193552852, 18.0933], [121.61148193552852, 18.0933]]}}, {"type": "Feature", "properties": {"id": "CTR-00188", "elevation_m": 15.0}, "geometry": {"type": "LineString", "coordinates": [[121.58656271166714, 18.092399999999998], [121.58710271166714, 18.092399999999998]]}}, {"type": "Feature", "properties": {"id": "CTR-00189", "elevation_m": 15.0}, "geometry": {"type": "LineString", "coordinates": [[121.61054999999999, 18.092399999999998], [121.61108999999999, 18.092399999999998]]}}, {"type": "Feature", "properties": {"id": "CTR-00190", "elevation_m": 15.0}, "geometry": {"type": "LineString", "coordinates": [[121.586925, 18.0915], [121.587465, 18.0915]]}}, {"type": "Feature", "properties": {"id": "CTR-00191", "elevation_m": 15.0}, "geometry": {"type": "LineString", "coordinates": [[121.61020161247897, 18.0915], [121.61074161247898, 18.0915]]}}, {"type": "Feature", "properties": {"id": "CTR-00192", "elevation_m": 15.0}, "geometry": {"type": "LineString", "coordinates": [[121.58718571441545, 18.0906], [121.58772571441546, 18.0906]]}}, {"type": "Feature", "properties": {"id": "CTR-00193", "elevation_m": 15.0}, "geometry": {"type": "LineString", "coordinates": [[121.60990714285714, 18.0906], [121.61044714285714, 18.0906]]}}, {"type": "Feature", "properties": {"id": "CTR-00194", "elevation_m": 15.0}, "geometry": {"type": "LineString", "coordinates": [[121.58733281283527, 18.089699999999997], [121.58787281283527, 18.089699999999997]]}}, {"type": "Feature", "properties": {"id": "CTR-00195", "elevation_m": 15.0}, "geometry": {"type": "LineString", "coordinates": [[121.60975263155252, 18.089699999999997], [121.61029263155253, 18.089699999999997]]}}, {"type": "Feature", "properties": {"id": "CTR-00196", "elevation_m": 15.0}, "geometry": {"type": "LineString", "coordinates": [[121.5873428567536, 18.0888], [121.5878828567536, 18.0888]]}}, {"type": "Feature", "properties": {"id": "CTR-00197", "elevation_m": 15.0}, "geometry": {"type": "LineString", "coordinates": [[121.60975263155252, 18.0888], [121.61029263155253, 18.0888]]}}, {"type": "Feature", "properties": {"id": "CTR-00198", "elevation_m": 15.0}, "geometry": {"type": "LineString", "coordinates": [[121.58720625, 18.087899999999998], [121.58774625, 18.087899999999998]]}}, {"type": "Feature", "properties": {"id": "CTR-00199", "elevation_m": 15.0}, "geometry": {"type": "LineString", "coordinates": [[121.60992321466888, 18.087899999999998], [121.61046321466888, 18.087899999999998]]}}, {"type": "Feature", "properties": {"id": "CTR-00200", "elevation_m": 15.0}, "geometry": {"type": "LineString", "coordinates": [[121.586925, 18.087], [121.587465, 18.087]]}}, {"type": "Feature", "properties": {"id": "CTR-00201", "elevation_m": 15.0}, "geometry": {"type": "LineString", "coordinates": [[121.6102285716232, 18.087], [121.6107685716232, 18.087]]}}, {"type": "Feature", "properties": {"id": "CTR-00202", "elevation_m": 15.0}, "geometry": {"type": "LineString", "coordinates": [[121.5865322036857, 18.0861], [121.58707220368571, 18.0861]]}}, {"type": "Feature", "properties": {"id": "CTR-00203", "elevation_m": 15.0}, "geometry": {"type": "LineString", "coordinates": [[121.61062258024324, 18.0861], [121.61116258024325, 18.0861]]}}, {"type": "Feature", "properties": {"id": "CTR-00204", "elevation_m": 15.0}, "geometry": {"type": "LineString", "coordinates": [[121.58605499995231, 18.085199999999997], [121.58659499995231, 18.085199999999997]]}}, {"type": "Feature", "properties": {"id": "CTR-00205", "elevation_m": 15.0}, "geometry": {"type": "LineString", "coordinates": [[121.61108571486959, 18.085199999999997], [121.61162571486959, 18.085199999999997]]}}, {"type": "Feature", "properties": {"id": "CTR-00206", "elevation_m": 15.0}, "geometry": {"type": "LineString", "coordinates": [[121.58550612259197, 18.0843], [121.58604612259197, 18.0843]]}}, {"type": "Feature", "properties": {"id": "CTR-00207", "elevation_m": 15.0}, "geometry": {"type": "LineString", "coordinates": [[121.61157142878767, 18.0843], [121.61211142878767, 18.0843]]}}, {"type": "Feature", "properties": {"id": "CTR-00208", "elevation_m": 15.0}, "geometry": {"type": "LineString", "coordinates": [[121.5762, 18.083399999999997], [121.57674, 18.083399999999997]]}}, {"type": "Feature", "properties": {"id": "CTR-00209", "elevation_m": 15.0}, "geometry": {"type": "LineString", "coordinates": [[121.57811538715475, 18.083399999999997], [121.57865538715475, 18.083399999999997]]}}, {"type": "Feature", "properties": {"id": "CTR-00210", "elevation_m": 15.0}, "geometry": {"type": "LineString", "coordinates": [[121.58495399951934, 18.083399999999997], [121.58549399951934, 18.083399999999997]]}}, {"type": "Feature", "properties": {"id": "CTR-00211", "elevation_m": 15.0}, "geometry": {"type": "LineString", "coordinates": [[121.61203728833284, 18.083399999999997], [121.61257728833284, 18.083399999999997]]}}, {"type": "Feature", "properties": {"id": "CTR-00212", "elevation_m": 15.0}, "geometry": {"type": "LineString", "coordinates": [[121.57523333274465, 18.0825], [121.57577333274465, 18.0825]]}}, {"type": "Feature", "properties": {"id": "CTR-00213", "elevation_m": 15.0}, "geometry": {"type": "LineString", "coordinates": [[121.57940999828338, 18.0825], [121.57994999828338, 18.0825]]}}, {"type": "Feature", "properties": {"id": "CTR-00214", "elevation_m": 15.0}, "geometry": {"type": "LineString", "coordinates": [[121.58434054148097, 18.0825], [121.58488054148097, 18.0825]]}}, {"type": "Feature", "properties": {"id": "CTR-00215", "elevation_m": 15.0}, "geometry": {"type": "LineString", "coordinates": [[121.6124338987489, 18.0825], [121.6129738987489, 18.0825]]}}, {"type": "Feature", "properties": {"id": "CTR-00216", "elevation_m": 15.0}, "geometry": {"type": "LineString", "coordinates": [[121.57480714256519, 18.081599999999998], [121.57534714256519, 18.081599999999998]]}}, {"type": "Feature", "properties": {"id": "CTR-00217", "elevation_m": 15.0}, "geometry": {"type": "LineString", "coordinates": [[121.5801749989271, 18.081599999999998], [121.5807149989271, 18.081599999999998]]}}, {"type": "Feature", "properties": {"id": "CTR-00218", "elevation_m": 15.0}, "geometry": {"type": "LineString", "coordinates": [[121.58387727343661, 18.081599999999998], [121.58441727343661, 18.081599999999998]]}}, {"type": "Feature", "properties": {"id": "CTR-00219", "elevation_m": 15.0}, "geometry": {"type": "LineString", "coordinates": [[121.61270847395984, 18.081599999999998], [121.61324847395984, 18.081599999999998]]}}, {"type": "Feature", "properties": {"id": "CTR-00220", "elevation_m": 15.0}, "geometry": {"type": "LineString", "coordinates": [[121.5746651168361, 18.0807], [121.5752051168361, 18.0807]]}}, {"type": "Feature", "properties": {"id": "CTR-00221", "elevation_m": 15.0}, "geometry": {"type": "LineString", "coordinates": [[121.58051250201164, 18.0807], [121.58105250201164, 18.0807]]}}, {"type": "Feature", "properties": {"id": "CTR-00222", "elevation_m": 15.0}, "geometry": {"type": "LineString", "coordinates": [[121.58359090802689, 18.0807], [121.58413090802689, 18.0807]]}}, {"type": "Feature", "properties": {"id": "CTR-00223", "elevation_m": 15.0}, "geometry": {"type": "LineString", "coordinates": [[121.61283673548033, 18.0807], [121.61337673548033, 18.0807]]}}, {"type": "Feature", "properties": {"id": "CTR-00224", "elevation_m": 15.0}, "geometry": {"type": "LineString", "coordinates": [[121.5747642864928, 18.0798], [121.5753042864928, 18.0798]]}}, {"type": "Feature", "properties": {"id": "CTR-00225", "elevation_m": 15.0}, "geometry": {"type": "LineString", "coordinates": [[121.58030999828338, 18.0798], [121.58084999828338, 18.0798]]}}, {"type": "Feature", "properties": {"id": "CTR-00226", "elevation_m": 15.0}, "geometry": {"type": "LineString", "coordinates": [[121.58372608760553, 18.0798], [121.58426608760553, 18.0798]]}}, {"type": "Feature", "properties": {"id": "CTR-00227", "elevation_m": 15.0}, "geometry": {"type": "LineString", "coordinates": [[121.6128, 18.0798], [121.61334, 18.0798]]}}, {"type": "Feature", "properties": {"id": "CTR-00228", "elevation_m": 15.0}, "geometry": {"type": "LineString", "coordinates": [[121.6128, 18.0798], [121.61334, 18.0798]]}}, {"type": "Feature", "properties": {"id": "CTR-00229", "elevation_m": 15.0}, "geometry": {"type": "LineString", "coordinates": [[121.57509642780508, 18.078899999999997], [121.57563642780508, 18.078899999999997]]}}, {"type": "Feature", "properties": {"id": "CTR-00230", "elevation_m": 15.0}, "geometry": {"type": "LineString", "coordinates": [[121.57968, 18.078899999999997], [121.58022, 18.078899999999997]]}}, {"type": "Feature", "properties": {"id": "CTR-00231", "elevation_m": 15.0}, "geometry": {"type": "LineString", "coordinates": [[121.58416578870097, 18.078899999999997], [121.58470578870097, 18.078899999999997]]}}, {"type": "Feature", "properties": {"id": "CTR-00232", "elevation_m": 15.0}, "geometry": {"type": "LineString", "coordinates": [[121.61259827565794, 18.078899999999997], [121.61313827565795, 18.078899999999997]]}}, {"type": "Feature", "properties": {"id": "CTR-00233", "elevation_m": 15.0}, "geometry": {"type": "LineString", "coordinates": [[121.57583571297198, 18.078], [121.57637571297198, 18.078]]}}, {"type": "Feature", "properties": {"id": "CTR-00234", "elevation_m": 15.0}, "geometry": {"type": "LineString", "coordinates": [[121.5786, 18.078], [121.57914, 18.078]]}}, {"type": "Feature", "properties": {"id": "CTR-00235", "elevation_m": 15.0}, "geometry": {"type": "LineString", "coordinates": [[121.5786, 18.078], [121.57914, 18.078]]}}, {"type": "Feature", "properties": {"id": "CTR-00236", "elevation_m": 15.0}, "geometry": {"type": "LineString", "coordinates": [[121.5846810806422, 18.078], [121.5852210806422, 18.078]]}}, {"type": "Feature", "properties": {"id": "CTR-00237", "elevation_m": 15.0}, "geometry": {"type": "LineString", "coordinates": [[121.61221090883554, 18.078], [121.61275090883554, 18.078]]}}, {"type": "Feature", "properties": {"id": "CTR-00238", "elevation_m": 15.0}, "geometry": {"type": "LineString", "coordinates": [[121.58521764745481, 18.077099999999998], [121.58575764745481, 18.077099999999998]]}}, {"type": "Feature", "properties": {"id": "CTR-00239", "elevation_m": 15.0}, "geometry": {"type": "LineString", "coordinates": [[121.61172295088886, 18.077099999999998], [121.61226295088886, 18.077099999999998]]}}, {"type": "Feature", "properties": {"id": "CTR-00240", "elevation_m": 15.0}, "geometry": {"type": "LineString", "coordinates": [[121.5857294118637, 18.0762], [121.5862694118637, 18.0762]]}}, {"type": "Feature", "properties": {"id": "CTR-00241", "elevation_m": 15.0}, "geometry": {"type": "LineString", "coordinates": [[121.61124, 18.0762], [121.61178, 18.0762]]}}, {"type": "Feature", "properties": {"id": "CTR-00242", "elevation_m": 15.0}, "geometry": {"type": "LineString", "coordinates": [[121.58615409822225, 18.0753], [121.58669409822225, 18.0753]]}}, {"type": "Feature", "properties": {"id": "CTR-00243", "elevation_m": 15.0}, "geometry": {"type": "LineString", "coordinates": [[121.60061612894293, 18.0753], [121.60115612894293, 18.0753]]}}, {"type": "Feature", "properties": {"id": "CTR-00244", "elevation_m": 15.0}, "geometry": {"type": "LineString", "coordinates": [[121.60153478267279, 18.0753], [121.60207478267279, 18.0753]]}}, {"type": "Feature", "properties": {"id": "CTR-00245", "elevation_m": 15.0}, "geometry": {"type": "LineString", "coordinates": [[121.61077500035762, 18.0753], [121.61131500035762, 18.0753]]}}, {"type": "Feature", "properties": {"id": "CTR-00246", "elevation_m": 15.0}, "geometry": {"type": "LineString", "coordinates": [[121.58651694937444, 18.074399999999997], [121.58705694937444, 18.074399999999997]]}}, {"type": "Feature", "properties": {"id": "CTR-00247", "elevation_m": 15.0}, "geometry": {"type": "LineString", "coordinates": [[121.59718833935979, 18.074399999999997], [121.59772833935979, 18.074399999999997]]}}, {"type": "Feature", "properties": {"id": "CTR-00248", "elevation_m": 15.0}, "geometry": {"type": "LineString", "coordinates": [[121.60593923068542, 18.074399999999997], [121.60647923068542, 18.074399999999997]]}}, {"type": "Feature", "properties": {"id": "CTR-00249", "elevation_m": 15.0}, "geometry": {"type": "LineString", "coordinates": [[121.6103700002861, 18.074399999999997], [121.6109100002861, 18.074399999999997]]}}, {"type": "Feature", "properties": {"id": "CTR-00250", "elevation_m": 15.0}, "geometry": {"type": "LineString", "coordinates": [[121.58680327829639, 18.0735], [121.58734327829639, 18.0735]]}}, {"type": "Feature", "properties": {"id": "CTR-00251", "elevation_m": 15.0}, "geometry": {"type": "LineString", "coordinates": [[121.59542088619284, 18.0735], [121.59596088619284, 18.0735]]}}, {"type": "Feature", "properties": {"id": "CTR-00252", "elevation_m": 15.0}, "geometry": {"type": "LineString", "coordinates": [[121.60785459172278, 18.0735], [121.60839459172279, 18.0735]]}}, {"type": "Feature", "properties": {"id": "CTR-00253", "elevation_m": 15.0}, "geometry": {"type": "LineString", "coordinates": [[121.61008333295068, 18.0735], [121.61062333295068, 18.0735]]}}, {"type": "Feature", "properties": {"id": "CTR-00254", "elevation_m": 15.0}, "geometry": {"type": "LineString", "coordinates": [[121.58694, 18.072599999999998], [121.58748, 18.072599999999998]]}}, {"type": "Feature", "properties": {"id": "CTR-00255", "elevation_m": 15.0}, "geometry": {"type": "LineString", "coordinates": [[121.59453692312974, 18.072599999999998], [121.59507692312974, 18.072599999999998]]}}, {"type": "Feature", "properties": {"id": "CTR-00256", "elevation_m": 15.0}, "geometry": {"type": "LineString", "coordinates": [[121.60891714304982, 18.072599999999998], [121.60945714304982, 18.072599999999998]]}}, {"type": "Feature", "properties": {"id": "CTR-00257", "elevation_m": 15.0}, "geometry": {"type": "LineString", "coordinates": [[121.60993333268577, 18.072599999999998], [121.61047333268577, 18.072599999999998]]}}, {"type": "Feature", "properties": {"id": "CTR-00258", "elevation_m": 15.0}, "geometry": {"type": "LineString", "coordinates": [[121.58692499964236, 18.0717], [121.58746499964236, 18.0717]]}}, {"type": "Feature", "properties": {"id": "CTR-00259", "elevation_m": 15.0}, "geometry": {"type": "LineString", "coordinates": [[121.59364970419159, 18.0717], [121.59418970419159, 18.0717]]}}, {"type": "Feature", "properties": {"id": "CTR-00260", "elevation_m": 15.0}, "geometry": {"type": "LineString", "coordinates": [[121.58675999990463, 18.0708], [121.58729999990463, 18.0708]]}}, {"type": "Feature", "properties": {"id": "CTR-00261", "elevation_m": 15.0}, "geometry": {"type": "LineString", "coordinates": [[121.59275454547671, 18.0708], [121.59329454547671, 18.0708]]}}, {"type": "Feature", "properties": {"id": "CTR-00262", "elevation_m": 15.0}, "geometry": {"type": "LineString", "coordinates": [[121.5864589289546, 18.069899999999997], [121.5869989289546, 18.069899999999997]]}}, {"type": "Feature", "properties": {"id": "CTR-00263", "elevation_m": 15.0}, "geometry": {"type": "LineString", "coordinates": [[121.59278241757464, 18.069899999999997], [121.59332241757464, 18.069899999999997]]}}, {"type": "Feature", "properties": {"id": "CTR-00264", "elevation_m": 15.0}, "geometry": {"type": "LineString", "coordinates": [[121.58604545426171, 18.069], [121.58658545426171, 18.069]]}}, {"type": "Feature", "properties": {"id": "CTR-00265", "elevation_m": 15.0}, "geometry": {"type": "LineString", "coordinates": [[121.59187795282389, 18.069], [121.5924179528239, 18.069]]}}, {"type": "Feature", "properties": {"id": "CTR-00266", "elevation_m": 15.0}, "geometry": {"type": "LineString", "coordinates": [[121.59983999313357, 18.069], [121.60037999313357, 18.069]]}}, {"type": "Feature", "properties": {"id": "CTR-00267", "elevation_m": 15.0}, "geometry": {"type": "LineString", "coordinates": [[121.60320000476833, 18.069], [121.60374000476833, 18.069]]}}, {"type": "Feature", "properties": {"id": "CTR-00268", "elevation_m": 15.0}, "geometry": {"type": "LineString", "coordinates": [[121.58554565197109, 18.068099999999998], [121.58608565197109, 18.068099999999998]]}}, {"type": "Feature", "properties": {"id": "CTR-00269", "elevation_m": 15.0}, "geometry": {"type": "LineString", "coordinates": [[121.59190347390683, 18.068099999999998], [121.59244347390683, 18.068099999999998]]}}, {"type": "Feature", "properties": {"id": "CTR-00270", "elevation_m": 15.0}, "geometry": {"type": "LineString", "coordinates": [[121.59831818039949, 18.068099999999998], [121.59885818039949, 18.068099999999998]]}}, {"type": "Feature", "properties": {"id": "CTR-00271", "elevation_m": 15.0}, "geometry": {"type": "LineString", "coordinates": [[121.6047, 18.068099999999998], [121.60524, 18.068099999999998]]}}, {"type": "Feature", "properties": {"id": "CTR-00272", "elevation_m": 15.0}, "geometry": {"type": "LineString", "coordinates": [[121.6047, 18.068099999999998], [121.60524, 18.068099999999998]]}}, {"type": "Feature", "properties": {"id": "CTR-00273", "elevation_m": 15.0}, "geometry": {"type": "LineString", "coordinates": [[121.5850173921156, 18.0672], [121.5855573921156, 18.0672]]}}, {"type": "Feature", "properties": {"id": "CTR-00274", "elevation_m": 15.0}, "geometry": {"type": "LineString", "coordinates": [[121.59098759121395, 18.0672], [121.59152759121395, 18.0672]]}}, {"type": "Feature", "properties": {"id": "CTR-00275", "elevation_m": 15.0}, "geometry": {"type": "LineString", "coordinates": [[121.5975, 18.0672], [121.59804, 18.0672]]}}, {"type": "Feature", "properties": {"id": "CTR-00276", "elevation_m": 15.0}, "geometry": {"type": "LineString", "coordinates": [[121.5975, 18.0672], [121.59804, 18.0672]]}}, {"type": "Feature", "properties": {"id": "CTR-00277", "elevation_m": 15.0}, "geometry": {"type": "LineString", "coordinates": [[121.60544999761582, 18.0672], [121.60598999761582, 18.0672]]}}, {"type": "Feature", "properties": {"id": "CTR-00278", "elevation_m": 15.0}, "geometry": {"type": "LineString", "coordinates": [[121.57558965394772, 18.0663], [121.57612965394772, 18.0663]]}}, {"type": "Feature", "properties": {"id": "CTR-00279", "elevation_m": 15.0}, "geometry": {"type": "LineString", "coordinates": [[121.57910000105963, 18.0663], [121.57964000105963, 18.0663]]}}, {"type": "Feature", "properties": {"id": "CTR-00280", "elevation_m": 15.0}, "geometry": {"type": "LineString", "coordinates": [[121.58440908996329, 18.0663], [121.58494908996329, 18.0663]]}}, {"type": "Feature", "properties": {"id": "CTR-00281", "elevation_m": 15.0}, "geometry": {"type": "LineString", "coordinates": [[121.59100371236028, 18.0663], [121.59154371236028, 18.0663]]}}, {"type": "Feature", "properties": {"id": "CTR-00282", "elevation_m": 15.0}, "geometry": {"type": "LineString", "coordinates": [[121.59705, 18.0663], [121.59759, 18.0663]]}}, {"type": "Feature", "properties": {"id": "CTR-00283", "elevation_m": 15.0}, "geometry": {"type": "LineString", "coordinates": [[121.6059461548619, 18.0663], [121.6064861548619, 18.0663]]}}, {"type": "Feature", "properties": {"id": "CTR-00284", "elevation_m": 15.0}, "geometry": {"type": "LineString", "coordinates": [[121.57506428702801, 18.0654], [121.57560428702801, 18.0654]]}}, {"type": "Feature", "properties": {"id": "CTR-00285", "elevation_m": 15.0}, "geometry": {"type": "LineString", "coordinates": [[121.57992631531395, 18.0654], [121.58046631531396, 18.0654]]}}, {"type": "Feature", "properties": {"id": "CTR-00286", "elevation_m": 15.0}, "geometry": {"type": "LineString", "coordinates": [[121.583957141884, 18.0654], [121.584497141884, 18.0654]]}}, {"type": "Feature", "properties": {"id": "CTR-00287", "elevation_m": 15.0}, "geometry": {"type": "LineString", "coordinates": [[121.59101393256086, 18.0654], [121.59155393256086, 18.0654]]}}, {"type": "Feature", "properties": {"id": "CTR-00288", "elevation_m": 15.0}, "geometry": {"type": "LineString", "coordinates": [[121.59677999885558, 18.0654], [121.59731999885558, 18.0654]]}}, {"type": "Feature", "properties": {"id": "CTR-00289", "elevation_m": 15.0}, "geometry": {"type": "LineString", "coordinates": [[121.6062, 18.0654], [121.60674, 18.0654]]}}, {"type": "Feature", "properties": {"id": "CTR-00290", "elevation_m": 15.0}, "geometry": {"type": "LineString", "coordinates": [[121.57489772700671, 18.0645], [121.57543772700672, 18.0645]]}}, {"type": "Feature", "properties": {"id": "CTR-00291", "elevation_m": 15.0}, "geometry": {"type": "LineString", "coordinates": [[121.58025789568786, 18.0645], [121.58079789568787, 18.0645]]}}, {"type": "Feature", "properties": {"id": "CTR-00292", "elevation_m": 15.0}, "geometry": {"type": "LineString", "coordinates": [[121.5836571432464, 18.0645], [121.5841971432464, 18.0645]]}}, {"type": "Feature", "properties": {"id": "CTR-00293", "elevation_m": 15.0}, "geometry": {"type": "LineString", "coordinates": [[121.59101840358733, 18.0645], [121.59155840358733, 18.0645]]}}, {"type": "Feature", "properties": {"id": "CTR-00294", "elevation_m": 15.0}, "geometry": {"type": "LineString", "coordinates": [[121.5967200022888, 18.0645], [121.5972600022888, 18.0645]]}}, {"type": "Feature", "properties": {"id": "CTR-00295", "elevation_m": 15.0}, "geometry": {"type": "LineString", "coordinates": [[121.60632000114441, 18.0645], [121.60686000114441, 18.0645]]}}, {"type": "Feature", "properties": {"id": "CTR-00296", "elevation_m": 15.0}, "geometry": {"type": "LineString", "coordinates": [[121.57497906930324, 18.063599999999997], [121.57551906930324, 18.063599999999997]]}}, {"type": "Feature", "properties": {"id": "CTR-00297", "elevation_m": 15.0}, "geometry": {"type": "LineString", "coordinates": [[121.58009999841055, 18.063599999999997], [121.58063999841055, 18.063599999999997]]}}, {"type": "Feature", "properties": {"id": "CTR-00298", "elevation_m": 15.0}, "geometry": {"type": "LineString", "coordinates": [[121.58381999999999, 18.063599999999997], [121.58435999999999, 18.063599999999997]]}}, {"type": "Feature", "properties": {"id": "CTR-00299", "elevation_m": 15.0}, "geometry": {"type": "LineString", "coordinates": [[121.59101517857655, 18.063599999999997], [121.59155517857656, 18.063599999999997]]}}, {"type": "Feature", "properties": {"id": "CTR-00300", "elevation_m": 15.0}, "geometry": {"type": "LineString", "coordinates": [[121.59677999885558, 18.063599999999997], [121.59731999885558, 18.063599999999997]]}}, {"type": "Feature", "properties": {"id": "CTR-00301", "elevation_m": 15.0}, "geometry": {"type": "LineString", "coordinates": [[121.6062, 18.063599999999997], [121.60674, 18.063599999999997]]}}, {"type": "Feature", "properties": {"id": "CTR-00302", "elevation_m": 15.0}, "geometry": {"type": "LineString", "coordinates": [[121.5754178579092, 18.0627], [121.5759578579092, 18.0627]]}}, {"type": "Feature", "properties": {"id": "CTR-00303", "elevation_m": 15.0}, "geometry": {"type": "LineString", "coordinates": [[121.57939999788073, 18.0627], [121.57993999788073, 18.0627]]}}, {"type": "Feature", "properties": {"id": "CTR-00304", "elevation_m": 15.0}, "geometry": {"type": "LineString", "coordinates": [[121.58427272837615, 18.0627], [121.58481272837615, 18.0627]]}}, {"type": "Feature", "properties": {"id": "CTR-00305", "elevation_m": 15.0}, "geometry": {"type": "LineString", "coordinates": [[121.591006407404, 18.0627], [121.591546407404, 18.0627]]}}, {"type": "Feature", "properties": {"id": "CTR-00306", "elevation_m": 15.0}, "geometry": {"type": "LineString", "coordinates": [[121.59705, 18.0627], [121.59759, 18.0627]]}}, {"type": "Feature", "properties": {"id": "CTR-00307", "elevation_m": 15.0}, "geometry": {"type": "LineString", "coordinates": [[121.6059461548619, 18.0627], [121.6064861548619, 18.0627]]}}, {"type": "Feature", "properties": {"id": "CTR-00308", "elevation_m": 15.0}, "geometry": {"type": "LineString", "coordinates": [[121.57645384513809, 18.061799999999998], [121.57699384513809, 18.061799999999998]]}}, {"type": "Feature", "properties": {"id": "CTR-00309", "elevation_m": 15.0}, "geometry": {"type": "LineString", "coordinates": [[121.57802727343662, 18.061799999999998], [121.57856727343662, 18.061799999999998]]}}, {"type": "Feature", "properties": {"id": "CTR-00310", "elevation_m": 15.0}, "geometry": {"type": "LineString", "coordinates": [[121.58487272664219, 18.061799999999998], [121.58541272664219, 18.061799999999998]]}}, {"type": "Feature", "properties": {"id": "CTR-00311", "elevation_m": 15.0}, "geometry": {"type": "LineString", "coordinates": [[121.59099064742821, 18.061799999999998], [121.59153064742821, 18.061799999999998]]}}, {"type": "Feature", "properties": {"id": "CTR-00312", "elevation_m": 15.0}, "geometry": {"type": "LineString", "coordinates": [[121.5975, 18.061799999999998], [121.59804, 18.061799999999998]]}}, {"type": "Feature", "properties": {"id": "CTR-00313", "elevation_m": 15.0}, "geometry": {"type": "LineString", "coordinates": [[121.5975, 18.061799999999998], [121.59804, 18.061799999999998]]}}, {"type": "Feature", "properties": {"id": "CTR-00314", "elevation_m": 15.0}, "geometry": {"type": "LineString", "coordinates": [[121.60544999761582, 18.061799999999998], [121.60598999761582, 18.061799999999998]]}}, {"type": "Feature", "properties": {"id": "CTR-00315", "elevation_m": 15.0}, "geometry": {"type": "LineString", "coordinates": [[121.58544782551907, 18.0609], [121.58598782551907, 18.0609]]}}, {"type": "Feature", "properties": {"id": "CTR-00316", "elevation_m": 15.0}, "geometry": {"type": "LineString", "coordinates": [[121.59190588232406, 18.0609], [121.59244588232406, 18.0609]]}}, {"type": "Feature", "properties": {"id": "CTR-00317", "elevation_m": 15.0}, "geometry": {"type": "LineString", "coordinates": [[121.59831818039949, 18.0609], [121.59885818039949, 18.0609]]}}, {"type": "Feature", "properties": {"id": "CTR-00318", "elevation_m": 15.0}, "geometry": {"type": "LineString", "coordinates": [[121.6047, 18.0609], [121.60524, 18.0609]]}}, {"type": "Feature", "properties": {"id": "CTR-00319", "elevation_m": 15.0}, "geometry": {"type": "LineString", "coordinates": [[121.6047, 18.0609], [121.60524, 18.0609]]}}, {"type": "Feature", "properties": {"id": "CTR-00320", "elevation_m": 15.0}, "geometry": {"type": "LineString", "coordinates": [[121.58604107104539, 18.06], [121.58658107104539, 18.06]]}}, {"type": "Feature", "properties": {"id": "CTR-00321", "elevation_m": 15.0}, "geometry": {"type": "LineString", "coordinates": [[121.59187853411258, 18.06], [121.59241853411258, 18.06]]}}, {"type": "Feature", "properties": {"id": "CTR-00322", "elevation_m": 15.0}, "geometry": {"type": "LineString", "coordinates": [[121.59983999313357, 18.06], [121.60037999313357, 18.06]]}}, {"type": "Feature", "properties": {"id": "CTR-00323", "elevation_m": 15.0}, "geometry": {"type": "LineString", "coordinates": [[121.60320000476833, 18.06], [121.60374000476833, 18.06]]}}, {"type": "Feature", "properties": {"id": "CTR-00324", "elevation_m": 15.0}, "geometry": {"type": "LineString", "coordinates": [[121.586555357006, 18.059099999999997], [121.587095357006, 18.059099999999997]]}}, {"type": "Feature", "properties": {"id": "CTR-00325", "elevation_m": 15.0}, "geometry": {"type": "LineString", "coordinates": [[121.59277815121268, 18.059099999999997], [121.59331815121269, 18.059099999999997]]}}, {"type": "Feature", "properties": {"id": "CTR-00326", "elevation_m": 15.0}, "geometry": {"type": "LineString", "coordinates": [[121.58699999999999, 18.0582], [121.58753999999999, 18.0582]]}}, {"type": "Feature", "properties": {"id": "CTR-00327", "elevation_m": 15.0}, "geometry": {"type": "LineString", "coordinates": [[121.59274362015914, 18.0582], [121.59328362015914, 18.0582]]}}, {"type": "Feature", "properties": {"id": "CTR-00328", "elevation_m": 15.0}, "geometry": {"type": "LineString", "coordinates": [[121.58732999971389, 18.057299999999998], [121.58786999971389, 18.057299999999998]]}}, {"type": "Feature", "properties": {"id": "CTR-00329", "elevation_m": 15.0}, "geometry": {"type": "LineString", "coordinates": [[121.59362884626493, 18.057299999999998], [121.59416884626494, 18.057299999999998]]}}, {"type": "Feature", "properties": {"id": "CTR-00330", "elevation_m": 15.0}, "geometry": {"type": "LineString", "coordinates": [[121.58752499976157, 18.0564], [121.58806499976157, 18.0564]]}}, {"type": "Feature", "properties": {"id": "CTR-00331", "elevation_m": 15.0}, "geometry": {"type": "LineString", "coordinates": [[121.59450104897518, 18.0564], [121.59504104897518, 18.0564]]}}, {"type": "Feature", "properties": {"id": "CTR-00332", "elevation_m": 15.0}, "geometry": {"type": "LineString", "coordinates": [[121.60915544538469, 18.0564], [121.60969544538469, 18.0564]]}}, {"type": "Feature", "properties": {"id": "CTR-00333", "elevation_m": 15.0}, "geometry": {"type": "LineString", "coordinates": [[121.6092833336571, 18.0564], [121.6098233336571, 18.0564]]}}, {"type": "Feature", "properties": {"id": "CTR-00334", "elevation_m": 15.0}, "geometry": {"type": "LineString", "coordinates": [[121.58756999933242, 18.0555], [121.58810999933242, 18.0555]]}}, {"type": "Feature", "properties": {"id": "CTR-00335", "elevation_m": 15.0}, "geometry": {"type": "LineString", "coordinates": [[121.59536716991887, 18.0555], [121.59590716991887, 18.0555]]}}, {"type": "Feature", "properties": {"id": "CTR-00336", "elevation_m": 15.0}, "geometry": {"type": "LineString", "coordinates": [[121.60801448269739, 18.0555], [121.60855448269739, 18.0555]]}}, {"type": "Feature", "properties": {"id": "CTR-00337", "elevation_m": 15.0}, "geometry": {"type": "LineString", "coordinates": [[121.60923333403976, 18.0555], [121.60977333403976, 18.0555]]}}, {"type": "Feature", "properties": {"id": "CTR-00338", "elevation_m": 15.0}, "geometry": {"type": "LineString", "coordinates": [[121.58745245860119, 18.054599999999997], [121.58799245860119, 18.054599999999997]]}}, {"type": "Feature", "properties": {"id": "CTR-00339", "elevation_m": 15.0}, "geometry": {"type": "LineString", "coordinates": [[121.5970990910616, 18.054599999999997], [121.5976390910616, 18.054599999999997]]}}, {"type": "Feature", "properties": {"id": "CTR-00340", "elevation_m": 15.0}, "geometry": {"type": "LineString", "coordinates": [[121.60604771568296, 18.054599999999997], [121.60658771568296, 18.054599999999997]]}}, {"type": "Feature", "properties": {"id": "CTR-00341", "elevation_m": 15.0}, "geometry": {"type": "LineString", "coordinates": [[121.60935000026491, 18.054599999999997], [121.60989000026491, 18.054599999999997]]}}, {"type": "Feature", "properties": {"id": "CTR-00342", "elevation_m": 15.0}, "geometry": {"type": "LineString", "coordinates": [[121.58722258024325, 18.0537], [121.58776258024325, 18.0537]]}}, {"type": "Feature", "properties": {"id": "CTR-00343", "elevation_m": 15.0}, "geometry": {"type": "LineString", "coordinates": [[121.60030353990366, 18.0537], [121.60084353990366, 18.0537]]}}, {"type": "Feature", "properties": {"id": "CTR-00344", "elevation_m": 15.0}, "geometry": {"type": "LineString", "coordinates": [[121.60177669176814, 18.0537], [121.60231669176814, 18.0537]]}}, {"type": "Feature", "properties": {"id": "CTR-00345", "elevation_m": 15.0}, "geometry": {"type": "LineString", "coordinates": [[121.6096333337454, 18.0537], [121.61017333374541, 18.0537]]}}, {"type": "Feature", "properties": {"id": "CTR-00346", "elevation_m": 15.0}, "geometry": {"type": "LineString", "coordinates": [[121.58692153838027, 18.052799999999998], [121.58746153838027, 18.052799999999998]]}}, {"type": "Feature", "properties": {"id": "CTR-00347", "elevation_m": 15.0}, "geometry": {"type": "LineString", "coordinates": [[121.61001666634289, 18.052799999999998], [121.61055666634289, 18.052799999999998]]}}, {"type": "Feature", "properties": {"id": "CTR-00348", "elevation_m": 15.0}, "geometry": {"type": "LineString", "coordinates": [[121.58659500035762, 18.0519], [121.58713500035762, 18.0519]]}}, {"type": "Feature", "properties": {"id": "CTR-00349", "elevation_m": 15.0}, "geometry": {"type": "LineString", "coordinates": [[121.61044499964237, 18.0519], [121.61098499964237, 18.0519]]}}, {"type": "Feature", "properties": {"id": "CTR-00350", "elevation_m": 15.0}, "geometry": {"type": "LineString", "coordinates": [[121.58622786903699, 18.051], [121.58676786903699, 18.051]]}}, {"type": "Feature", "properties": {"id": "CTR-00351", "elevation_m": 15.0}, "geometry": {"type": "LineString", "coordinates": [[121.61086499985694, 18.051], [121.61140499985694, 18.051]]}}, {"type": "Feature", "properties": {"id": "CTR-00352", "elevation_m": 15.0}, "geometry": {"type": "LineString", "coordinates": [[121.58590499964237, 18.050099999999997], [121.58644499964237, 18.050099999999997]]}}, {"type": "Feature", "properties": {"id": "CTR-00353", "elevation_m": 15.0}, "geometry": {"type": "LineString", "coordinates": [[121.61124, 18.050099999999997], [121.61178, 18.050099999999997]]}}, {"type": "Feature", "properties": {"id": "CTR-00354", "elevation_m": 15.0}, "geometry": {"type": "LineString", "coordinates": [[121.5856740005493, 18.0492], [121.5862140005493, 18.0492]]}}, {"type": "Feature", "properties": {"id": "CTR-00355", "elevation_m": 15.0}, "geometry": {"type": "LineString", "coordinates": [[121.61149218777241, 18.0492], [121.61203218777241, 18.0492]]}}, {"type": "Feature", "properties": {"id": "CTR-00356", "elevation_m": 15.0}, "geometry": {"type": "LineString", "coordinates": [[121.58555294068148, 18.048299999999998], [121.58609294068148, 18.048299999999998]]}}, {"type": "Feature", "properties": {"id": "CTR-00357", "elevation_m": 15.0}, "geometry": {"type": "LineString", "coordinates": [[121.61157142878767, 18.048299999999998], [121.61211142878767, 18.048299999999998]]}}, {"type": "Feature", "properties": {"id": "CTR-00358", "elevation_m": 15.0}, "geometry": {"type": "LineString", "coordinates": [[121.58562352881778, 18.0474], [121.58616352881778, 18.0474]]}}, {"type": "Feature", "properties": {"id": "CTR-00359", "elevation_m": 15.0}, "geometry": {"type": "LineString", "coordinates": [[121.61150624999999, 18.0474], [121.61204624999999, 18.0474]]}}, {"type": "Feature", "properties": {"id": "CTR-00360", "elevation_m": 15.0}, "geometry": {"type": "LineString", "coordinates": [[121.58587500023842, 18.046499999999998], [121.58641500023842, 18.046499999999998]]}}, {"type": "Feature", "properties": {"id": "CTR-00361", "elevation_m": 15.0}, "geometry": {"type": "LineString", "coordinates": [[121.61128571396132, 18.046499999999998], [121.61182571396132, 18.046499999999998]]}}, {"type": "Feature", "properties": {"id": "CTR-00362", "elevation_m": 15.0}, "geometry": {"type": "LineString", "coordinates": [[121.5862349996662, 18.0456], [121.5867749996662, 18.0456]]}}, {"type": "Feature", "properties": {"id": "CTR-00363", "elevation_m": 15.0}, "geometry": {"type": "LineString", "coordinates": [[121.61094193552852, 18.0456], [121.61148193552852, 18.0456]]}}, {"type": "Feature", "properties": {"id": "CTR-00364", "elevation_m": 15.0}, "geometry": {"type": "LineString", "coordinates": [[121.58671406281431, 18.0447], [121.58725406281431, 18.0447]]}}, {"type": "Feature", "properties": {"id": "CTR-00365", "elevation_m": 15.0}, "geometry": {"type": "LineString", "coordinates": [[121.61047142883092, 18.0447], [121.61101142883092, 18.0447]]}}, {"type": "Feature", "properties": {"id": "CTR-00366", "elevation_m": 15.0}, "geometry": {"type": "LineString", "coordinates": [[121.58722031205994, 18.043799999999997], [121.58776031205994, 18.043799999999997]]}}, {"type": "Feature", "properties": {"id": "CTR-00367", "elevation_m": 15.0}, "geometry": {"type": "LineString", "coordinates": [[121.60992321466888, 18.043799999999997], [121.61046321466888, 18.043799999999997]]}}, {"type": "Feature", "properties": {"id": "CTR-00368", "elevation_m": 15.0}, "geometry": {"type": "LineString", "coordinates": [[121.58775714233813, 18.0429], [121.58829714233813, 18.0429]]}}, {"type": "Feature", "properties": {"id": "CTR-00369", "elevation_m": 15.0}, "geometry": {"type": "LineString", "coordinates": [[121.60931052589311, 18.0429], [121.60985052589311, 18.0429]]}}, {"type": "Feature", "properties": {"id": "CTR-00370", "elevation_m": 15.0}, "geometry": {"type": "LineString", "coordinates": [[121.58827142883092, 18.041999999999998], [121.58881142883092, 18.041999999999998]]}}, {"type": "Feature", "properties": {"id": "CTR-00371", "elevation_m": 15.0}, "geometry": {"type": "LineString", "coordinates": [[121.5984, 18.041999999999998], [121.59894, 18.041999999999998]]}}, {"type": "Feature", "properties": {"id": "CTR-00372", "elevation_m": 15.0}, "geometry": {"type": "LineString", "coordinates": [[121.5984, 18.041999999999998], [121.59894, 18.041999999999998]]}}, {"type": "Feature", "properties": {"id": "CTR-00373", "elevation_m": 15.0}, "geometry": {"type": "LineString", "coordinates": [[121.60253181800448, 18.041999999999998], [121.60307181800448, 18.041999999999998]]}}, {"type": "Feature", "properties": {"id": "CTR-00374", "elevation_m": 15.0}, "geometry": {"type": "LineString", "coordinates": [[121.60861999983045, 18.041999999999998], [121.60915999983045, 18.041999999999998]]}}, {"type": "Feature", "properties": {"id": "CTR-00375", "elevation_m": 15.0}, "geometry": {"type": "LineString", "coordinates": [[121.58872105292217, 18.0411], [121.58926105292217, 18.0411]]}}, {"type": "Feature", "properties": {"id": "CTR-00376", "elevation_m": 15.0}, "geometry": {"type": "LineString", "coordinates": [[121.59768461504602, 18.0411], [121.59822461504602, 18.0411]]}}, {"type": "Feature", "properties": {"id": "CTR-00377", "elevation_m": 15.0}, "geometry": {"type": "LineString", "coordinates": [[121.60368750089407, 18.0411], [121.60422750089407, 18.0411]]}}, {"type": "Feature", "properties": {"id": "CTR-00378", "elevation_m": 15.0}, "geometry": {"type": "LineString", "coordinates": [[121.60790624983235, 18.0411], [121.60844624983235, 18.0411]]}}, {"type": "Feature", "properties": {"id": "CTR-00379", "elevation_m": 15.0}, "geometry": {"type": "LineString", "coordinates": [[121.58907857142857, 18.0402], [121.58961857142857, 18.0402]]}}, {"type": "Feature", "properties": {"id": "CTR-00380", "elevation_m": 15.0}, "geometry": {"type": "LineString", "coordinates": [[121.59723000068664, 18.0402], [121.59777000068664, 18.0402]]}}, {"type": "Feature", "properties": {"id": "CTR-00381", "elevation_m": 15.0}, "geometry": {"type": "LineString", "coordinates": [[121.604657141884, 18.0402], [121.605197141884, 18.0402]]}}, {"type": "Feature", "properties": {"id": "CTR-00382", "elevation_m": 15.0}, "geometry": {"type": "LineString", "coordinates": [[121.60711874865889, 18.0402], [121.60765874865889, 18.0402]]}}, {"type": "Feature", "properties": {"id": "CTR-00383", "elevation_m": 15.0}, "geometry": {"type": "LineString", "coordinates": [[121.58927142857142, 18.039299999999997], [121.58981142857142, 18.039299999999997]]}}, {"type": "Feature", "properties": {"id": "CTR-00384", "elevation_m": 15.0}, "geometry": {"type": "LineString", "coordinates": [[121.59699600048064, 18.039299999999997], [121.59753600048064, 18.039299999999997]]}}, {"type": "Feature", "properties": {"id": "CTR-00385", "elevation_m": 15.0}, "geometry": {"type": "LineString", "coordinates": [[121.6056, 18.039299999999997], [121.60614, 18.039299999999997]]}}, {"type": "Feature", "properties": {"id": "CTR-00386", "elevation_m": 15.0}, "geometry": {"type": "LineString", "coordinates": [[121.6056, 18.039299999999997], [121.60614, 18.039299999999997]]}}, {"type": "Feature", "properties": {"id": "CTR-00387", "elevation_m": 15.0}, "geometry": {"type": "LineString", "coordinates": [[121.58930357082643, 18.0384], [121.58984357082643, 18.0384]]}}, {"type": "Feature", "properties": {"id": "CTR-00388", "elevation_m": 15.0}, "geometry": {"type": "LineString", "coordinates": [[121.59695999965668, 18.0384], [121.59749999965668, 18.0384]]}}, {"type": "Feature", "properties": {"id": "CTR-00389", "elevation_m": 15.0}, "geometry": {"type": "LineString", "coordinates": [[121.58917499961682, 18.037499999999998], [121.58971499961682, 18.037499999999998]]}}, {"type": "Feature", "properties": {"id": "CTR-00390", "elevation_m": 15.0}, "geometry": {"type": "LineString", "coordinates": [[121.59709411787804, 18.037499999999998], [121.59763411787804, 18.037499999999998]]}}, {"type": "Feature", "properties": {"id": "CTR-00391", "elevation_m": 15.0}, "geometry": {"type": "LineString", "coordinates": [[121.60522499821185, 18.037499999999998], [121.60576499821185, 18.037499999999998]]}}, {"type": "Feature", "properties": {"id": "CTR-00392", "elevation_m": 15.0}, "geometry": {"type": "LineString", "coordinates": [[121.606725, 18.037499999999998], [121.607265, 18.037499999999998]]}}, {"type": "Feature", "properties": {"id": "CTR-00393", "elevation_m": 15.0}, "geometry": {"type": "LineString", "coordinates": [[121.58891785719759, 18.0366], [121.58945785719759, 18.0366]]}}, {"type": "Feature", "properties": {"id": "CTR-00394", "elevation_m": 15.0}, "geometry": {"type": "LineString", "coordinates": [[121.59737400054931, 18.0366], [121.59791400054931, 18.0366]]}}, {"type": "Feature", "properties": {"id": "CTR-00395", "elevation_m": 15.0}, "geometry": {"type": "LineString", "coordinates": [[121.60434, 18.0366], [121.60488, 18.0366]]}}, {"type": "Feature", "properties": {"id": "CTR-00396", "elevation_m": 15.0}, "geometry": {"type": "LineString", "coordinates": [[121.60748437432945, 18.0366], [121.60802437432945, 18.0366]]}}, {"type": "Feature", "properties": {"id": "CTR-00397", "elevation_m": 15.0}, "geometry": {"type": "LineString", "coordinates": [[121.58858035738918, 18.0357], [121.58912035738918, 18.0357]]}}, {"type": "Feature", "properties": {"id": "CTR-00398", "elevation_m": 15.0}, "geometry": {"type": "LineString", "coordinates": [[121.59779999999999, 18.0357], [121.59834, 18.0357]]}}, {"type": "Feature", "properties": {"id": "CTR-00399", "elevation_m": 15.0}, "geometry": {"type": "LineString", "coordinates": [[121.6035, 18.0357], [121.60404, 18.0357]]}}, {"type": "Feature", "properties": {"id": "CTR-00400", "elevation_m": 15.0}, "geometry": {"type": "LineString", "coordinates": [[121.608075, 18.0357], [121.608615, 18.0357]]}}, {"type": "Feature", "properties": {"id": "CTR-00401", "elevation_m": 15.0}, "geometry": {"type": "LineString", "coordinates": [[121.5882428567536, 18.034799999999997], [121.5887828567536, 18.034799999999997]]}}, {"type": "Feature", "properties": {"id": "CTR-00402", "elevation_m": 15.0}, "geometry": {"type": "LineString", "coordinates": [[121.59833076973864, 18.034799999999997], [121.59887076973864, 18.034799999999997]]}}, {"type": "Feature", "properties": {"id": "CTR-00403", "elevation_m": 15.0}, "geometry": {"type": "LineString", "coordinates": [[121.60266521625555, 18.034799999999997], [121.60320521625555, 18.034799999999997]]}}, {"type": "Feature", "properties": {"id": "CTR-00404", "elevation_m": 15.0}, "geometry": {"type": "LineString", "coordinates": [[121.60859347749017, 18.034799999999997], [121.60913347749018, 18.034799999999997]]}}, {"type": "Feature", "properties": {"id": "CTR-00405", "elevation_m": 15.0}, "geometry": {"type": "LineString", "coordinates": [[121.58793387036486, 18.0339], [121.58847387036487, 18.0339]]}}, {"type": "Feature", "properties": {"id": "CTR-00406", "elevation_m": 15.0}, "geometry": {"type": "LineString", "coordinates": [[121.59903750089407, 18.0339], [121.59957750089407, 18.0339]]}}, {"type": "Feature", "properties": {"id": "CTR-00407", "elevation_m": 15.0}, "geometry": {"type": "LineString", "coordinates": [[121.60177499999999, 18.0339], [121.60231499999999, 18.0339]]}}, {"type": "Feature", "properties": {"id": "CTR-00408", "elevation_m": 15.0}, "geometry": {"type": "LineString", "coordinates": [[121.60900434709595, 18.0339], [121.60954434709595, 18.0339]]}}, {"type": "Feature", "properties": {"id": "CTR-00409", "elevation_m": 15.0}, "geometry": {"type": "LineString", "coordinates": [[121.58770161247898, 18.032999999999998], [121.58824161247898, 18.032999999999998]]}}, {"type": "Feature", "properties": {"id": "CTR-00410", "elevation_m": 15.0}, "geometry": {"type": "LineString", "coordinates": [[121.60010999828339, 18.032999999999998], [121.60064999828339, 18.032999999999998]]}}, {"type": "Feature", "properties": {"id": "CTR-00411", "elevation_m": 15.0}, "geometry": {"type": "LineString", "coordinates": [[121.6003800034332, 18.032999999999998], [121.6009200034332, 18.032999999999998]]}}, {"type": "Feature", "properties": {"id": "CTR-00412", "elevation_m": 15.0}, "geometry": {"type": "LineString", "coordinates": [[121.60929642917355, 18.032999999999998], [121.60983642917355, 18.032999999999998]]}}, {"type": "Feature", "properties": {"id": "CTR-00413", "elevation_m": 15.0}, "geometry": {"type": "LineString", "coordinates": [[121.58758571396133, 18.0321], [121.58812571396133, 18.0321]]}}, {"type": "Feature", "properties": {"id": "CTR-00414", "elevation_m": 15.0}, "geometry": {"type": "LineString", "coordinates": [[121.60942500038317, 18.0321], [121.60996500038317, 18.0321]]}}, {"type": "Feature", "properties": {"id": "CTR-00415", "elevation_m": 15.0}, "geometry": {"type": "LineString", "coordinates": [[121.5876, 18.0312], [121.58814, 18.0312]]}}, {"type": "Feature", "properties": {"id": "CTR-00416", "elevation_m": 15.0}, "geometry": {"type": "LineString", "coordinates": [[121.5876, 18.0312], [121.58814, 18.0312]]}}, {"type": "Feature", "properties": {"id": "CTR-00417", "elevation_m": 15.0}, "geometry": {"type": "LineString", "coordinates": [[121.6094089285988, 18.0312], [121.6099489285988, 18.0312]]}}, {"type": "Feature", "properties": {"id": "CTR-00418", "elevation_m": 15.0}, "geometry": {"type": "LineString", "coordinates": [[121.5877741934144, 18.030299999999997], [121.5883141934144, 18.030299999999997]]}}, {"type": "Feature", "properties": {"id": "CTR-00419", "elevation_m": 15.0}, "geometry": {"type": "LineString", "coordinates": [[121.59956999914168, 18.030299999999997], [121.60010999914168, 18.030299999999997]]}}, {"type": "Feature", "properties": {"id": "CTR-00420", "elevation_m": 15.0}, "geometry": {"type": "LineString", "coordinates": [[121.60121250201163, 18.030299999999997], [121.60175250201164, 18.030299999999997]]}}, {"type": "Feature", "properties": {"id": "CTR-00421", "elevation_m": 15.0}, "geometry": {"type": "LineString", "coordinates": [[121.6092, 18.030299999999997], [121.60974, 18.030299999999997]]}}, {"type": "Feature", "properties": {"id": "CTR-00422", "elevation_m": 15.0}, "geometry": {"type": "LineString", "coordinates": [[121.6092, 18.030299999999997], [121.60974, 18.030299999999997]]}}, {"type": "Feature", "properties": {"id": "CTR-00423", "elevation_m": 15.0}, "geometry": {"type": "LineString", "coordinates": [[121.58807903223573, 18.0294], [121.58861903223573, 18.0294]]}}, {"type": "Feature", "properties": {"id": "CTR-00424", "elevation_m": 15.0}, "geometry": {"type": "LineString", "coordinates": [[121.59858000068664, 18.0294], [121.59912000068664, 18.0294]]}}, {"type": "Feature", "properties": {"id": "CTR-00425", "elevation_m": 15.0}, "geometry": {"type": "LineString", "coordinates": [[121.60231304380275, 18.0294], [121.60285304380275, 18.0294]]}}, {"type": "Feature", "properties": {"id": "CTR-00426", "elevation_m": 15.0}, "geometry": {"type": "LineString", "coordinates": [[121.60877999974568, 18.0294], [121.60931999974568, 18.0294]]}}, {"type": "Feature", "properties": {"id": "CTR-00427", "elevation_m": 15.0}, "geometry": {"type": "LineString", "coordinates": [[121.58851636400522, 18.028499999999998], [121.58905636400522, 18.028499999999998]]}}, {"type": "Feature", "properties": {"id": "CTR-00428", "elevation_m": 15.0}, "geometry": {"type": "LineString", "coordinates": [[121.59782307743095, 18.028499999999998], [121.59836307743095, 18.028499999999998]]}}, {"type": "Feature", "properties": {"id": "CTR-00429", "elevation_m": 15.0}, "geometry": {"type": "LineString", "coordinates": [[121.60347599945068, 18.028499999999998], [121.60401599945068, 18.028499999999998]]}}, {"type": "Feature", "properties": {"id": "CTR-00430", "elevation_m": 15.0}, "geometry": {"type": "LineString", "coordinates": [[121.60810312567055, 18.028499999999998], [121.60864312567055, 18.028499999999998]]}}, {"type": "Feature", "properties": {"id": "CTR-00431", "elevation_m": 15.0}, "geometry": {"type": "LineString", "coordinates": [[121.58910545414821, 18.0276], [121.58964545414821, 18.0276]]}}, {"type": "Feature", "properties": {"id": "CTR-00432", "elevation_m": 15.0}, "geometry": {"type": "LineString", "coordinates": [[121.59710399951935, 18.0276], [121.59764399951935, 18.0276]]}}, {"type": "Feature", "properties": {"id": "CTR-00433", "elevation_m": 15.0}, "geometry": {"type": "LineString", "coordinates": [[121.60522499821185, 18.0276], [121.60576499821185, 18.0276]]}}, {"type": "Feature", "properties": {"id": "CTR-00434", "elevation_m": 15.0}, "geometry": {"type": "LineString", "coordinates": [[121.606725, 18.0276], [121.607265, 18.0276]]}}, {"type": "Feature", "properties": {"id": "CTR-00435", "elevation_m": 15.0}, "geometry": {"type": "LineString", "coordinates": [[121.58979999978807, 18.026699999999998], [121.59033999978807, 18.026699999999998]]}}, {"type": "Feature", "properties": {"id": "CTR-00436", "elevation_m": 15.0}, "geometry": {"type": "LineString", "coordinates": [[121.5962192308962, 18.026699999999998], [121.5967592308962, 18.026699999999998]]}}, {"type": "Feature", "properties": {"id": "CTR-00437", "elevation_m": 15.0}, "geometry": {"type": "LineString", "coordinates": [[121.5906774191762, 18.0258], [121.5912174191762, 18.0258]]}}, {"type": "Feature", "properties": {"id": "CTR-00438", "elevation_m": 15.0}, "geometry": {"type": "LineString", "coordinates": [[121.59487500149011, 18.0258], [121.59541500149011, 18.0258]]}}, {"type": "Feature", "properties": {"id": "CTR-00439", "elevation_m": 15.0}, "geometry": {"type": "LineString", "coordinates": [[121.59209999999999, 18.0249], [121.59263999999999, 18.0249]]}}, {"type": "Feature", "properties": {"id": "CTR-00440", "elevation_m": 15.0}, "geometry": {"type": "LineString", "coordinates": [[121.59209999999999, 18.0249], [121.59263999999999, 18.0249]]}}, {"type": "Feature", "properties": {"id": "CTR-00441", "elevation_m": 15.0}, "geometry": {"type": "LineString", "coordinates": [[121.59307500178814, 18.0249], [121.59361500178814, 18.0249]]}}, {"type": "Feature", "properties": {"id": "CTR-00442", "elevation_m": 15.0}, "geometry": {"type": "LineString", "coordinates": [[121.5915, 18.0186], [121.59204, 18.0186]]}}, {"type": "Feature", "properties": {"id": "CTR-00443", "elevation_m": 15.0}, "geometry": {"type": "LineString", "coordinates": [[121.59374999761583, 18.0186], [121.59428999761583, 18.0186]]}}, {"type": "Feature", "properties": {"id": "CTR-00444", "elevation_m": 15.0}, "geometry": {"type": "LineString", "coordinates": [[121.59070645205946, 18.017699999999998], [121.59124645205947, 18.017699999999998]]}}, {"type": "Feature", "properties": {"id": "CTR-00445", "elevation_m": 15.0}, "geometry": {"type": "LineString", "coordinates": [[121.594757141884, 18.017699999999998], [121.595297141884, 18.017699999999998]]}}, {"type": "Feature", "properties": {"id": "CTR-00446", "elevation_m": 15.0}, "geometry": {"type": "LineString", "coordinates": [[121.59021818181817, 18.0168], [121.59075818181817, 18.0168]]}}, {"type": "Feature", "properties": {"id": "CTR-00447", "elevation_m": 15.0}, "geometry": {"type": "LineString", "coordinates": [[121.59543750089406, 18.0168], [121.59597750089407, 18.0168]]}}, {"type": "Feature", "properties": {"id": "CTR-00448", "elevation_m": 15.0}, "geometry": {"type": "LineString", "coordinates": [[121.58999318230585, 18.0159], [121.59053318230585, 18.0159]]}}, {"type": "Feature", "properties": {"id": "CTR-00449", "elevation_m": 15.0}, "geometry": {"type": "LineString", "coordinates": [[121.59583846128452, 18.0159], [121.59637846128452, 18.0159]]}}, {"type": "Feature", "properties": {"id": "CTR-00450", "elevation_m": 15.0}, "geometry": {"type": "LineString", "coordinates": [[121.58994, 18.014999999999997], [121.59048, 18.014999999999997]]}}, {"type": "Feature", "properties": {"id": "CTR-00451", "elevation_m": 15.0}, "geometry": {"type": "LineString", "coordinates": [[121.59590769357737, 18.014999999999997], [121.59644769357737, 18.014999999999997]]}}, {"type": "Feature", "properties": {"id": "CTR-00452", "elevation_m": 15.0}, "geometry": {"type": "LineString", "coordinates": [[121.59011590900224, 18.0141], [121.59065590900224, 18.0141]]}}, {"type": "Feature", "properties": {"id": "CTR-00453", "elevation_m": 15.0}, "geometry": {"type": "LineString", "coordinates": [[121.59562499850988, 18.0141], [121.59616499850988, 18.0141]]}}, {"type": "Feature", "properties": {"id": "CTR-00454", "elevation_m": 15.0}, "geometry": {"type": "LineString", "coordinates": [[121.59056129041188, 18.013199999999998], [121.59110129041188, 18.013199999999998]]}}, {"type": "Feature", "properties": {"id": "CTR-00455", "elevation_m": 15.0}, "geometry": {"type": "LineString", "coordinates": [[121.59494399986266, 18.013199999999998], [121.59548399986267, 18.013199999999998]]}}, {"type": "Feature", "properties": {"id": "CTR-00456", "elevation_m": 15.0}, "geometry": {"type": "LineString", "coordinates": [[121.5915600011444, 18.0123], [121.5921000011444, 18.0123]]}}, {"type": "Feature", "properties": {"id": "CTR-00457", "elevation_m": 15.0}, "geometry": {"type": "LineString", "coordinates": [[121.59367500178814, 18.0123], [121.59421500178814, 18.0123]]}}, {"type": "Feature", "properties": {"id": "CTR-00458", "elevation_m": 20.0}, "geometry": {"type": "LineString", "coordinates": [[121.57097213022487, 18.15], [121.57151213022487, 18.15]]}}, {"type": "Feature", "properties": {"id": "CTR-00459", "elevation_m": 20.0}, "geometry": {"type": "LineString", "coordinates": [[121.62609000038147, 18.15], [121.62663000038147, 18.15]]}}, {"type": "Feature", "properties": {"id": "CTR-00460", "elevation_m": 20.0}, "geometry": {"type": "LineString", "coordinates": [[121.57052950884258, 18.149099999999997], [121.57106950884258, 18.149099999999997]]}}, {"type": "Feature", "properties": {"id": "CTR-00461", "elevation_m": 20.0}, "geometry": {"type": "LineString", "coordinates": [[121.62652857151507, 18.149099999999997], [121.62706857151507, 18.149099999999997]]}}, {"type": "Feature", "properties": {"id": "CTR-00462", "elevation_m": 20.0}, "geometry": {"type": "LineString", "coordinates": [[121.57014339695975, 18.1482], [121.57068339695975, 18.1482]]}}, {"type": "Feature", "properties": {"id": "CTR-00463", "elevation_m": 20.0}, "geometry": {"type": "LineString", "coordinates": [[121.62685714272739, 18.1482], [121.62739714272739, 18.1482]]}}, {"type": "Feature", "properties": {"id": "CTR-00464", "elevation_m": 20.0}, "geometry": {"type": "LineString", "coordinates": [[121.56991666701987, 18.147299999999998], [121.57045666701987, 18.147299999999998]]}}, {"type": "Feature", "properties": {"id": "CTR-00465", "elevation_m": 20.0}, "geometry": {"type": "LineString", "coordinates": [[121.62705714255438, 18.147299999999998], [121.62759714255438, 18.147299999999998]]}}, {"type": "Feature", "properties": {"id": "CTR-00466", "elevation_m": 20.0}, "geometry": {"type": "LineString", "coordinates": [[121.56985471692002, 18.1464], [121.57039471692002, 18.1464]]}}, {"type": "Feature", "properties": {"id": "CTR-00467", "elevation_m": 20.0}, "geometry": {"type": "LineString", "coordinates": [[121.627112903851, 18.1464], [121.627652903851, 18.1464]]}}, {"type": "Feature", "properties": {"id": "CTR-00468", "elevation_m": 20.0}, "geometry": {"type": "LineString", "coordinates": [[121.56996666619571, 18.1455], [121.57050666619571, 18.1455]]}}, {"type": "Feature", "properties": {"id": "CTR-00469", "elevation_m": 20.0}, "geometry": {"type": "LineString", "coordinates": [[121.6270142866658, 18.1455], [121.6275542866658, 18.1455]]}}, {"type": "Feature", "properties": {"id": "CTR-00470", "elevation_m": 20.0}, "geometry": {"type": "LineString", "coordinates": [[121.57023333309785, 18.144599999999997], [121.57077333309785, 18.144599999999997]]}}, {"type": "Feature", "properties": {"id": "CTR-00471", "elevation_m": 20.0}, "geometry": {"type": "LineString", "coordinates": [[121.6267857136802, 18.144599999999997], [121.62732571368021, 18.144599999999997]]}}, {"type": "Feature", "properties": {"id": "CTR-00472", "elevation_m": 20.0}, "geometry": {"type": "LineString", "coordinates": [[121.57060327813493, 18.1437], [121.57114327813493, 18.1437]]}}, {"type": "Feature", "properties": {"id": "CTR-00473", "elevation_m": 20.0}, "geometry": {"type": "LineString", "coordinates": [[121.62647142947968, 18.1437], [121.62701142947968, 18.1437]]}}, {"type": "Feature", "properties": {"id": "CTR-00474", "elevation_m": 20.0}, "geometry": {"type": "LineString", "coordinates": [[121.57100163906746, 18.142799999999998], [121.57154163906746, 18.142799999999998]]}}, {"type": "Feature", "properties": {"id": "CTR-00475", "elevation_m": 20.0}, "geometry": {"type": "LineString", "coordinates": [[121.62607500071525, 18.142799999999998], [121.62661500071525, 18.142799999999998]]}}, {"type": "Feature", "properties": {"id": "CTR-00476", "elevation_m": 20.0}, "geometry": {"type": "LineString", "coordinates": [[121.5714, 18.1419], [121.57194, 18.1419]]}}, {"type": "Feature", "properties": {"id": "CTR-00477", "elevation_m": 20.0}, "geometry": {"type": "LineString", "coordinates": [[121.5714, 18.1419], [121.57194, 18.1419]]}}, {"type": "Feature", "properties": {"id": "CTR-00478", "elevation_m": 20.0}, "geometry": {"type": "LineString", "coordinates": [[121.62567000028609, 18.1419], [121.6262100002861, 18.1419]]}}, {"type": "Feature", "properties": {"id": "CTR-00479", "elevation_m": 20.0}, "geometry": {"type": "LineString", "coordinates": [[121.5717428572726, 18.141], [121.5722828572726, 18.141]]}}, {"type": "Feature", "properties": {"id": "CTR-00480", "elevation_m": 20.0}, "geometry": {"type": "LineString", "coordinates": [[121.62529615448099, 18.141], [121.625836154481, 18.141]]}}, {"type": "Feature", "properties": {"id": "CTR-00481", "elevation_m": 20.0}, "geometry": {"type": "LineString", "coordinates": [[121.57199062567055, 18.1401], [121.57253062567055, 18.1401]]}}, {"type": "Feature", "properties": {"id": "CTR-00482", "elevation_m": 20.0}, "geometry": {"type": "LineString", "coordinates": [[121.62500192421963, 18.1401], [121.62554192421963, 18.1401]]}}, {"type": "Feature", "properties": {"id": "CTR-00483", "elevation_m": 20.0}, "geometry": {"type": "LineString", "coordinates": [[121.57211718850583, 18.1392], [121.57265718850583, 18.1392]]}}, {"type": "Feature", "properties": {"id": "CTR-00484", "elevation_m": 20.0}, "geometry": {"type": "LineString", "coordinates": [[121.6164, 18.1392], [121.61694, 18.1392]]}}, {"type": "Feature", "properties": {"id": "CTR-00485", "elevation_m": 20.0}, "geometry": {"type": "LineString", "coordinates": [[121.6164, 18.1392], [121.61694, 18.1392]]}}, {"type": "Feature", "properties": {"id": "CTR-00486", "elevation_m": 20.0}, "geometry": {"type": "LineString", "coordinates": [[121.6248461548619, 18.1392], [121.6253861548619, 18.1392]]}}, {"type": "Feature", "properties": {"id": "CTR-00487", "elevation_m": 20.0}, "geometry": {"type": "LineString", "coordinates": [[121.5721000006055, 18.138299999999997], [121.5726400006055, 18.138299999999997]]}}, {"type": "Feature", "properties": {"id": "CTR-00488", "elevation_m": 20.0}, "geometry": {"type": "LineString", "coordinates": [[121.62486346096709, 18.138299999999997], [121.62540346096709, 18.138299999999997]]}}, {"type": "Feature", "properties": {"id": "CTR-00489", "elevation_m": 20.0}, "geometry": {"type": "LineString", "coordinates": [[121.57194285666709, 18.1374], [121.5724828566671, 18.1374]]}}, {"type": "Feature", "properties": {"id": "CTR-00490", "elevation_m": 20.0}, "geometry": {"type": "LineString", "coordinates": [[121.62507115321131, 18.1374], [121.62561115321131, 18.1374]]}}, {"type": "Feature", "properties": {"id": "CTR-00491", "elevation_m": 20.0}, "geometry": {"type": "LineString", "coordinates": [[121.57164285757536, 18.136499999999998], [121.57218285757536, 18.136499999999998]]}}, {"type": "Feature", "properties": {"id": "CTR-00492", "elevation_m": 20.0}, "geometry": {"type": "LineString", "coordinates": [[121.62543000066756, 18.136499999999998], [121.62597000066756, 18.136499999999998]]}}, {"type": "Feature", "properties": {"id": "CTR-00493", "elevation_m": 20.0}, "geometry": {"type": "LineString", "coordinates": [[121.5712377041799, 18.1356], [121.5717777041799, 18.1356]]}}, {"type": "Feature", "properties": {"id": "CTR-00494", "elevation_m": 20.0}, "geometry": {"type": "LineString", "coordinates": [[121.62585, 18.1356], [121.62639, 18.1356]]}}, {"type": "Feature", "properties": {"id": "CTR-00495", "elevation_m": 20.0}, "geometry": {"type": "LineString", "coordinates": [[121.57075081953373, 18.1347], [121.57129081953373, 18.1347]]}}, {"type": "Feature", "properties": {"id": "CTR-00496", "elevation_m": 20.0}, "geometry": {"type": "LineString", "coordinates": [[121.62634285805112, 18.1347], [121.62688285805112, 18.1347]]}}, {"type": "Feature", "properties": {"id": "CTR-00497", "elevation_m": 20.0}, "geometry": {"type": "LineString", "coordinates": [[121.57021666701988, 18.133799999999997], [121.57075666701988, 18.133799999999997]]}}, {"type": "Feature", "properties": {"id": "CTR-00498", "elevation_m": 20.0}, "geometry": {"type": "LineString", "coordinates": [[121.62682857173132, 18.133799999999997], [121.62736857173132, 18.133799999999997]]}}, {"type": "Feature", "properties": {"id": "CTR-00499", "elevation_m": 20.0}, "geometry": {"type": "LineString", "coordinates": [[121.56968490456036, 18.1329], [121.57022490456036, 18.1329]]}}, {"type": "Feature", "properties": {"id": "CTR-00500", "elevation_m": 20.0}, "geometry": {"type": "LineString", "coordinates": [[121.62728852399043, 18.1329], [121.62782852399043, 18.1329]]}}, {"type": "Feature", "properties": {"id": "CTR-00501", "elevation_m": 20.0}, "geometry": {"type": "LineString", "coordinates": [[121.55964705763556, 18.131999999999998], [121.56018705763556, 18.131999999999998]]}}, {"type": "Feature", "properties": {"id": "CTR-00502", "elevation_m": 20.0}, "geometry": {"type": "LineString", "coordinates": [[121.56314999682108, 18.131999999999998], [121.56368999682108, 18.131999999999998]]}}, {"type": "Feature", "properties": {"id": "CTR-00503", "elevation_m": 20.0}, "geometry": {"type": "LineString", "coordinates": [[121.56917142701441, 18.131999999999998], [121.56971142701441, 18.131999999999998]]}}, {"type": "Feature", "properties": {"id": "CTR-00504", "elevation_m": 20.0}, "geometry": {"type": "LineString", "coordinates": [[121.62766499890327, 18.131999999999998], [121.62820499890327, 18.131999999999998]]}}, {"type": "Feature", "properties": {"id": "CTR-00505", "elevation_m": 20.0}, "geometry": {"type": "LineString", "coordinates": [[121.55919705763556, 18.1311], [121.55973705763556, 18.1311]]}}, {"type": "Feature", "properties": {"id": "CTR-00506", "elevation_m": 20.0}, "geometry": {"type": "LineString", "coordinates": [[121.56387272656337, 18.1311], [121.56441272656338, 18.1311]]}}, {"type": "Feature", "properties": {"id": "CTR-00507", "elevation_m": 20.0}, "geometry": {"type": "LineString", "coordinates": [[121.56878780651193, 18.1311], [121.56932780651194, 18.1311]]}}, {"type": "Feature", "properties": {"id": "CTR-00508", "elevation_m": 20.0}, "geometry": {"type": "LineString", "coordinates": [[121.6279229497586, 18.1311], [121.6284629497586, 18.1311]]}}, {"type": "Feature", "properties": {"id": "CTR-00509", "elevation_m": 20.0}, "geometry": {"type": "LineString", "coordinates": [[121.55901176440888, 18.1302], [121.55955176440888, 18.1302]]}}, {"type": "Feature", "properties": {"id": "CTR-00510", "elevation_m": 20.0}, "geometry": {"type": "LineString", "coordinates": [[121.56415908984506, 18.1302], [121.56469908984506, 18.1302]]}}, {"type": "Feature", "properties": {"id": "CTR-00511", "elevation_m": 20.0}, "geometry": {"type": "LineString", "coordinates": [[121.56860356945796, 18.1302], [121.56914356945796, 18.1302]]}}, {"type": "Feature", "properties": {"id": "CTR-00512", "elevation_m": 20.0}, "geometry": {"type": "LineString", "coordinates": [[121.62803999866485, 18.1302], [121.62857999866485, 18.1302]]}}, {"type": "Feature", "properties": {"id": "CTR-00513", "elevation_m": 20.0}, "geometry": {"type": "LineString", "coordinates": [[121.55911764913776, 18.129299999999997], [121.55965764913776, 18.129299999999997]]}}, {"type": "Feature", "properties": {"id": "CTR-00514", "elevation_m": 20.0}, "geometry": {"type": "LineString", "coordinates": [[121.56402856831454, 18.129299999999997], [121.56456856831454, 18.129299999999997]]}}, {"type": "Feature", "properties": {"id": "CTR-00515", "elevation_m": 20.0}, "geometry": {"type": "LineString", "coordinates": [[121.56869999999999, 18.129299999999997], [121.56924, 18.129299999999997]]}}, {"type": "Feature", "properties": {"id": "CTR-00516", "elevation_m": 20.0}, "geometry": {"type": "LineString", "coordinates": [[121.56869999999999, 18.129299999999997], [121.56924, 18.129299999999997]]}}, {"type": "Feature", "properties": {"id": "CTR-00517", "elevation_m": 20.0}, "geometry": {"type": "LineString", "coordinates": [[121.62799500052452, 18.129299999999997], [121.62853500052452, 18.129299999999997]]}}, {"type": "Feature", "properties": {"id": "CTR-00518", "elevation_m": 20.0}, "geometry": {"type": "LineString", "coordinates": [[121.55946176440888, 18.1284], [121.56000176440888, 18.1284]]}}, {"type": "Feature", "properties": {"id": "CTR-00519", "elevation_m": 20.0}, "geometry": {"type": "LineString", "coordinates": [[121.56346363920099, 18.1284], [121.56400363920099, 18.1284]]}}, {"type": "Feature", "properties": {"id": "CTR-00520", "elevation_m": 20.0}, "geometry": {"type": "LineString", "coordinates": [[121.5689785695796, 18.1284], [121.5695185695796, 18.1284]]}}, {"type": "Feature", "properties": {"id": "CTR-00521", "elevation_m": 20.0}, "geometry": {"type": "LineString", "coordinates": [[121.62780491720238, 18.1284], [121.62834491720238, 18.1284]]}}, {"type": "Feature", "properties": {"id": "CTR-00522", "elevation_m": 20.0}, "geometry": {"type": "LineString", "coordinates": [[121.5602684234302, 18.127499999999998], [121.5608084234302, 18.127499999999998]]}}, {"type": "Feature", "properties": {"id": "CTR-00523", "elevation_m": 20.0}, "geometry": {"type": "LineString", "coordinates": [[121.56245000105963, 18.127499999999998], [121.56299000105963, 18.127499999999998]]}}, {"type": "Feature", "properties": {"id": "CTR-00524", "elevation_m": 20.0}, "geometry": {"type": "LineString", "coordinates": [[121.56942857162319, 18.127499999999998], [121.56996857162319, 18.127499999999998]]}}, {"type": "Feature", "properties": {"id": "CTR-00525", "elevation_m": 20.0}, "geometry": {"type": "LineString", "coordinates": [[121.62749508279761, 18.127499999999998], [121.62803508279761, 18.127499999999998]]}}, {"type": "Feature", "properties": {"id": "CTR-00526", "elevation_m": 20.0}, "geometry": {"type": "LineString", "coordinates": [[121.56989999999999, 18.1266], [121.57043999999999, 18.1266]]}}, {"type": "Feature", "properties": {"id": "CTR-00527", "elevation_m": 20.0}, "geometry": {"type": "LineString", "coordinates": [[121.62711562567054, 18.1266], [121.62765562567054, 18.1266]]}}, {"type": "Feature", "properties": {"id": "CTR-00528", "elevation_m": 20.0}, "geometry": {"type": "LineString", "coordinates": [[121.57036666654892, 18.1257], [121.57090666654892, 18.1257]]}}, {"type": "Feature", "properties": {"id": "CTR-00529", "elevation_m": 20.0}, "geometry": {"type": "LineString", "coordinates": [[121.62672857090956, 18.1257], [121.62726857090956, 18.1257]]}}, {"type": "Feature", "properties": {"id": "CTR-00530", "elevation_m": 20.0}, "geometry": {"type": "LineString", "coordinates": [[121.57075081953373, 18.124799999999997], [121.57129081953373, 18.124799999999997]]}}, {"type": "Feature", "properties": {"id": "CTR-00531", "elevation_m": 20.0}, "geometry": {"type": "LineString", "coordinates": [[121.62637031149417, 18.124799999999997], [121.62691031149417, 18.124799999999997]]}}, {"type": "Feature", "properties": {"id": "CTR-00532", "elevation_m": 20.0}, "geometry": {"type": "LineString", "coordinates": [[121.57106065569157, 18.1239], [121.57160065569157, 18.1239]]}}, {"type": "Feature", "properties": {"id": "CTR-00533", "elevation_m": 20.0}, "geometry": {"type": "LineString", "coordinates": [[121.62606393488755, 18.1239], [121.62660393488756, 18.1239]]}}, {"type": "Feature", "properties": {"id": "CTR-00534", "elevation_m": 20.0}, "geometry": {"type": "LineString", "coordinates": [[121.57124032191079, 18.122999999999998], [121.5717803219108, 18.122999999999998]]}}, {"type": "Feature", "properties": {"id": "CTR-00535", "elevation_m": 20.0}, "geometry": {"type": "LineString", "coordinates": [[121.62587999923706, 18.122999999999998], [121.62641999923706, 18.122999999999998]]}}, {"type": "Feature", "properties": {"id": "CTR-00536", "elevation_m": 20.0}, "geometry": {"type": "LineString", "coordinates": [[121.57128387123568, 18.1221], [121.57182387123568, 18.1221]]}}, {"type": "Feature", "properties": {"id": "CTR-00537", "elevation_m": 20.0}, "geometry": {"type": "LineString", "coordinates": [[121.62584262276629, 18.1221], [121.62638262276629, 18.1221]]}}, {"type": "Feature", "properties": {"id": "CTR-00538", "elevation_m": 20.0}, "geometry": {"type": "LineString", "coordinates": [[121.57117868861685, 18.121199999999998], [121.57171868861685, 18.121199999999998]]}}, {"type": "Feature", "properties": {"id": "CTR-00539", "elevation_m": 20.0}, "geometry": {"type": "LineString", "coordinates": [[121.62595500090599, 18.121199999999998], [121.62649500090599, 18.121199999999998]]}}, {"type": "Feature", "properties": {"id": "CTR-00540", "elevation_m": 20.0}, "geometry": {"type": "LineString", "coordinates": [[121.57092786977512, 18.1203], [121.57146786977512, 18.1203]]}}, {"type": "Feature", "properties": {"id": "CTR-00541", "elevation_m": 20.0}, "geometry": {"type": "LineString", "coordinates": [[121.62621147600956, 18.1203], [121.62675147600956, 18.1203]]}}, {"type": "Feature", "properties": {"id": "CTR-00542", "elevation_m": 20.0}, "geometry": {"type": "LineString", "coordinates": [[121.57054426326387, 18.1194], [121.57108426326387, 18.1194]]}}, {"type": "Feature", "properties": {"id": "CTR-00543", "elevation_m": 20.0}, "geometry": {"type": "LineString", "coordinates": [[121.62658571489122, 18.1194], [121.62712571489122, 18.1194]]}}, {"type": "Feature", "properties": {"id": "CTR-00544", "elevation_m": 20.0}, "geometry": {"type": "LineString", "coordinates": [[121.57003333298012, 18.118499999999997], [121.57057333298012, 18.118499999999997]]}}, {"type": "Feature", "properties": {"id": "CTR-00545", "elevation_m": 20.0}, "geometry": {"type": "LineString", "coordinates": [[121.6270312491618, 18.118499999999997], [121.6275712491618, 18.118499999999997]]}}, {"type": "Feature", "properties": {"id": "CTR-00546", "elevation_m": 20.0}, "geometry": {"type": "LineString", "coordinates": [[121.56050526125583, 18.1176], [121.56104526125583, 18.1176]]}}, {"type": "Feature", "properties": {"id": "CTR-00547", "elevation_m": 20.0}, "geometry": {"type": "LineString", "coordinates": [[121.56209999364218, 18.1176], [121.56263999364218, 18.1176]]}}, {"type": "Feature", "properties": {"id": "CTR-00548", "elevation_m": 20.0}, "geometry": {"type": "LineString", "coordinates": [[121.56945000068119, 18.1176], [121.56999000068119, 18.1176]]}}, {"type": "Feature", "properties": {"id": "CTR-00549", "elevation_m": 20.0}, "geometry": {"type": "LineString", "coordinates": [[121.627524589841, 18.1176], [121.628064589841, 18.1176]]}}, {"type": "Feature", "properties": {"id": "CTR-00550", "elevation_m": 20.0}, "geometry": {"type": "LineString", "coordinates": [[121.5593142871156, 18.116699999999998], [121.5598542871156, 18.116699999999998]]}}, {"type": "Feature", "properties": {"id": "CTR-00551", "elevation_m": 20.0}, "geometry": {"type": "LineString", "coordinates": [[121.56381428688204, 18.116699999999998], [121.56435428688204, 18.116699999999998]]}}, {"type": "Feature", "properties": {"id": "CTR-00552", "elevation_m": 20.0}, "geometry": {"type": "LineString", "coordinates": [[121.56876428717399, 18.116699999999998], [121.56930428717399, 18.116699999999998]]}}, {"type": "Feature", "properties": {"id": "CTR-00553", "elevation_m": 20.0}, "geometry": {"type": "LineString", "coordinates": [[121.62799672186506, 18.116699999999998], [121.62853672186506, 18.116699999999998]]}}, {"type": "Feature", "properties": {"id": "CTR-00554", "elevation_m": 20.0}, "geometry": {"type": "LineString", "coordinates": [[121.55866875044703, 18.1158], [121.55920875044703, 18.1158]]}}, {"type": "Feature", "properties": {"id": "CTR-00555", "elevation_m": 20.0}, "geometry": {"type": "LineString", "coordinates": [[121.56500999828339, 18.1158], [121.56554999828339, 18.1158]]}}, {"type": "Feature", "properties": {"id": "CTR-00556", "elevation_m": 20.0}, "geometry": {"type": "LineString", "coordinates": [[121.56789643054202, 18.1158], [121.56843643054202, 18.1158]]}}, {"type": "Feature", "properties": {"id": "CTR-00557", "elevation_m": 20.0}, "geometry": {"type": "LineString", "coordinates": [[121.62845660304025, 18.1158], [121.62899660304025, 18.1158]]}}, {"type": "Feature", "properties": {"id": "CTR-00558", "elevation_m": 20.0}, "geometry": {"type": "LineString", "coordinates": [[121.55829374865888, 18.1149], [121.55883374865888, 18.1149]]}}, {"type": "Feature", "properties": {"id": "CTR-00559", "elevation_m": 20.0}, "geometry": {"type": "LineString", "coordinates": [[121.62881320675272, 18.1149], [121.62935320675273, 18.1149]]}}, {"type": "Feature", "properties": {"id": "CTR-00560", "elevation_m": 20.0}, "geometry": {"type": "LineString", "coordinates": [[121.55810625052153, 18.113999999999997], [121.55864625052153, 18.113999999999997]]}}, {"type": "Feature", "properties": {"id": "CTR-00561", "elevation_m": 20.0}, "geometry": {"type": "LineString", "coordinates": [[121.62898333298011, 18.113999999999997], [121.62952333298011, 18.113999999999997]]}}, {"type": "Feature", "properties": {"id": "CTR-00562", "elevation_m": 20.0}, "geometry": {"type": "LineString", "coordinates": [[121.63676249195336, 18.113999999999997], [121.63730249195336, 18.113999999999997]]}}, {"type": "Feature", "properties": {"id": "CTR-00563", "elevation_m": 20.0}, "geometry": {"type": "LineString", "coordinates": [[121.63763999999999, 18.113999999999997], [121.63817999999999, 18.113999999999997]]}}, {"type": "Feature", "properties": {"id": "CTR-00564", "elevation_m": 20.0}, "geometry": {"type": "LineString", "coordinates": [[121.55810625052153, 18.1131], [121.55864625052153, 18.1131]]}}, {"type": "Feature", "properties": {"id": "CTR-00565", "elevation_m": 20.0}, "geometry": {"type": "LineString", "coordinates": [[121.62899999999999, 18.1131], [121.62953999999999, 18.1131]]}}, {"type": "Feature", "properties": {"id": "CTR-00566", "elevation_m": 20.0}, "geometry": {"type": "LineString", "coordinates": [[121.62899999999999, 18.1131], [121.62953999999999, 18.1131]]}}, {"type": "Feature", "properties": {"id": "CTR-00567", "elevation_m": 20.0}, "geometry": {"type": "LineString", "coordinates": [[121.63676249195336, 18.1131], [121.63730249195336, 18.1131]]}}, {"type": "Feature", "properties": {"id": "CTR-00568", "elevation_m": 20.0}, "geometry": {"type": "LineString", "coordinates": [[121.63763999999999, 18.1131], [121.63817999999999, 18.1131]]}}, {"type": "Feature", "properties": {"id": "CTR-00569", "elevation_m": 20.0}, "geometry": {"type": "LineString", "coordinates": [[121.55829374865888, 18.112199999999998], [121.55883374865888, 18.112199999999998]]}}, {"type": "Feature", "properties": {"id": "CTR-00570", "elevation_m": 20.0}, "geometry": {"type": "LineString", "coordinates": [[121.62883333298012, 18.112199999999998], [121.62937333298012, 18.112199999999998]]}}, {"type": "Feature", "properties": {"id": "CTR-00571", "elevation_m": 20.0}, "geometry": {"type": "LineString", "coordinates": [[121.55865, 18.1113], [121.55919, 18.1113]]}}, {"type": "Feature", "properties": {"id": "CTR-00572", "elevation_m": 20.0}, "geometry": {"type": "LineString", "coordinates": [[121.5651, 18.1113], [121.56564, 18.1113]]}}, {"type": "Feature", "properties": {"id": "CTR-00573", "elevation_m": 20.0}, "geometry": {"type": "LineString", "coordinates": [[121.5651, 18.1113], [121.56564, 18.1113]]}}, {"type": "Feature", "properties": {"id": "CTR-00574", "elevation_m": 20.0}, "geometry": {"type": "LineString", "coordinates": [[121.567832143514, 18.1113], [121.568372143514, 18.1113]]}}, {"type": "Feature", "properties": {"id": "CTR-00575", "elevation_m": 20.0}, "geometry": {"type": "LineString", "coordinates": [[121.62852452775188, 18.1113], [121.62906452775188, 18.1113]]}}, {"type": "Feature", "properties": {"id": "CTR-00576", "elevation_m": 20.0}, "geometry": {"type": "LineString", "coordinates": [[121.55924999999999, 18.1104], [121.55978999999999, 18.1104]]}}, {"type": "Feature", "properties": {"id": "CTR-00577", "elevation_m": 20.0}, "geometry": {"type": "LineString", "coordinates": [[121.56398571662125, 18.1104], [121.56452571662125, 18.1104]]}}, {"type": "Feature", "properties": {"id": "CTR-00578", "elevation_m": 20.0}, "geometry": {"type": "LineString", "coordinates": [[121.56860689471468, 18.1104], [121.56914689471468, 18.1104]]}}, {"type": "Feature", "properties": {"id": "CTR-00579", "elevation_m": 20.0}, "geometry": {"type": "LineString", "coordinates": [[121.62811698149874, 18.1104], [121.62865698149874, 18.1104]]}}, {"type": "Feature", "properties": {"id": "CTR-00580", "elevation_m": 20.0}, "geometry": {"type": "LineString", "coordinates": [[121.5601950008583, 18.109499999999997], [121.5607350008583, 18.109499999999997]]}}, {"type": "Feature", "properties": {"id": "CTR-00581", "elevation_m": 20.0}, "geometry": {"type": "LineString", "coordinates": [[121.56266470172446, 18.109499999999997], [121.56320470172446, 18.109499999999997]]}}, {"type": "Feature", "properties": {"id": "CTR-00582", "elevation_m": 20.0}, "geometry": {"type": "LineString", "coordinates": [[121.5692232554426, 18.109499999999997], [121.5697632554426, 18.109499999999997]]}}, {"type": "Feature", "properties": {"id": "CTR-00583", "elevation_m": 20.0}, "geometry": {"type": "LineString", "coordinates": [[121.62771639348875, 18.109499999999997], [121.62825639348875, 18.109499999999997]]}}, {"type": "Feature", "properties": {"id": "CTR-00584", "elevation_m": 20.0}, "geometry": {"type": "LineString", "coordinates": [[121.56976363664737, 18.1086], [121.57030363664737, 18.1086]]}}, {"type": "Feature", "properties": {"id": "CTR-00585", "elevation_m": 20.0}, "geometry": {"type": "LineString", "coordinates": [[121.62731803255622, 18.1086], [121.62785803255622, 18.1086]]}}, {"type": "Feature", "properties": {"id": "CTR-00586", "elevation_m": 20.0}, "geometry": {"type": "LineString", "coordinates": [[121.57014000062422, 18.107699999999998], [121.57068000062422, 18.107699999999998]]}}, {"type": "Feature", "properties": {"id": "CTR-00587", "elevation_m": 20.0}, "geometry": {"type": "LineString", "coordinates": [[121.62698906283526, 18.107699999999998], [121.62752906283526, 18.107699999999998]]}}, {"type": "Feature", "properties": {"id": "CTR-00588", "elevation_m": 20.0}, "geometry": {"type": "LineString", "coordinates": [[121.57041666778517, 18.1068], [121.57095666778517, 18.1068]]}}, {"type": "Feature", "properties": {"id": "CTR-00589", "elevation_m": 20.0}, "geometry": {"type": "LineString", "coordinates": [[121.62676406283526, 18.1068], [121.62730406283526, 18.1068]]}}, {"type": "Feature", "properties": {"id": "CTR-00590", "elevation_m": 20.0}, "geometry": {"type": "LineString", "coordinates": [[121.57052903288326, 18.1059], [121.57106903288326, 18.1059]]}}, {"type": "Feature", "properties": {"id": "CTR-00591", "elevation_m": 20.0}, "geometry": {"type": "LineString", "coordinates": [[121.62666562567054, 18.1059], [121.62720562567054, 18.1059]]}}, {"type": "Feature", "properties": {"id": "CTR-00592", "elevation_m": 20.0}, "geometry": {"type": "LineString", "coordinates": [[121.57048363602314, 18.104999999999997], [121.57102363602314, 18.104999999999997]]}}, {"type": "Feature", "properties": {"id": "CTR-00593", "elevation_m": 20.0}, "geometry": {"type": "LineString", "coordinates": [[121.626707812961, 18.104999999999997], [121.627247812961, 18.104999999999997]]}}, {"type": "Feature", "properties": {"id": "CTR-00594", "elevation_m": 20.0}, "geometry": {"type": "LineString", "coordinates": [[121.57026666725535, 18.1041], [121.57080666725535, 18.1041]]}}, {"type": "Feature", "properties": {"id": "CTR-00595", "elevation_m": 20.0}, "geometry": {"type": "LineString", "coordinates": [[121.62690468850582, 18.1041], [121.62744468850582, 18.1041]]}}, {"type": "Feature", "properties": {"id": "CTR-00596", "elevation_m": 20.0}, "geometry": {"type": "LineString", "coordinates": [[121.56989454534104, 18.103199999999998], [121.57043454534104, 18.103199999999998]]}}, {"type": "Feature", "properties": {"id": "CTR-00597", "elevation_m": 20.0}, "geometry": {"type": "LineString", "coordinates": [[121.62721475442129, 18.103199999999998], [121.62775475442129, 18.103199999999998]]}}, {"type": "Feature", "properties": {"id": "CTR-00598", "elevation_m": 20.0}, "geometry": {"type": "LineString", "coordinates": [[121.56096, 18.1023], [121.5615, 18.1023]]}}, {"type": "Feature", "properties": {"id": "CTR-00599", "elevation_m": 20.0}, "geometry": {"type": "LineString", "coordinates": [[121.56183750804662, 18.1023], [121.56237750804662, 18.1023]]}}, {"type": "Feature", "properties": {"id": "CTR-00600", "elevation_m": 20.0}, "geometry": {"type": "LineString", "coordinates": [[121.56937499902465, 18.1023], [121.56991499902465, 18.1023]]}}, {"type": "Feature", "properties": {"id": "CTR-00601", "elevation_m": 20.0}, "geometry": {"type": "LineString", "coordinates": [[121.62764262276629, 18.1023], [121.62818262276629, 18.1023]]}}, {"type": "Feature", "properties": {"id": "CTR-00602", "elevation_m": 20.0}, "geometry": {"type": "LineString", "coordinates": [[121.55944999947017, 18.101399999999998], [121.55998999947018, 18.101399999999998]]}}, {"type": "Feature", "properties": {"id": "CTR-00603", "elevation_m": 20.0}, "geometry": {"type": "LineString", "coordinates": [[121.5637285710393, 18.101399999999998], [121.5642685710393, 18.101399999999998]]}}, {"type": "Feature", "properties": {"id": "CTR-00604", "elevation_m": 20.0}, "geometry": {"type": "LineString", "coordinates": [[121.56869999999999, 18.101399999999998], [121.56924, 18.101399999999998]]}}, {"type": "Feature", "properties": {"id": "CTR-00605", "elevation_m": 20.0}, "geometry": {"type": "LineString", "coordinates": [[121.56869999999999, 18.101399999999998], [121.56924, 18.101399999999998]]}}, {"type": "Feature", "properties": {"id": "CTR-00606", "elevation_m": 20.0}, "geometry": {"type": "LineString", "coordinates": [[121.62813333403975, 18.101399999999998], [121.62867333403975, 18.101399999999998]]}}, {"type": "Feature", "properties": {"id": "CTR-00607", "elevation_m": 20.0}, "geometry": {"type": "LineString", "coordinates": [[121.5586897968478, 18.1005], [121.5592297968478, 18.1005]]}}, {"type": "Feature", "properties": {"id": "CTR-00608", "elevation_m": 20.0}, "geometry": {"type": "LineString", "coordinates": [[121.56532500357625, 18.1005], [121.56586500357625, 18.1005]]}}, {"type": "Feature", "properties": {"id": "CTR-00609", "elevation_m": 20.0}, "geometry": {"type": "LineString", "coordinates": [[121.56759230464509, 18.1005], [121.56813230464509, 18.1005]]}}, {"type": "Feature", "properties": {"id": "CTR-00610", "elevation_m": 20.0}, "geometry": {"type": "LineString", "coordinates": [[121.62866666596024, 18.1005], [121.62920666596024, 18.1005]]}}, {"type": "Feature", "properties": {"id": "CTR-00611", "elevation_m": 20.0}, "geometry": {"type": "LineString", "coordinates": [[121.5581571418562, 18.0996], [121.5586971418562, 18.0996]]}}, {"type": "Feature", "properties": {"id": "CTR-00612", "elevation_m": 20.0}, "geometry": {"type": "LineString", "coordinates": [[121.62921428649278, 18.0996], [121.62975428649278, 18.0996]]}}, {"type": "Feature", "properties": {"id": "CTR-00613", "elevation_m": 20.0}, "geometry": {"type": "LineString", "coordinates": [[121.63632857493188, 18.0996], [121.63686857493188, 18.0996]]}}, {"type": "Feature", "properties": {"id": "CTR-00614", "elevation_m": 20.0}, "geometry": {"type": "LineString", "coordinates": [[121.63804285792136, 18.0996], [121.63858285792136, 18.0996]]}}, {"type": "Feature", "properties": {"id": "CTR-00615", "elevation_m": 20.0}, "geometry": {"type": "LineString", "coordinates": [[121.55778000019073, 18.098699999999997], [121.55832000019073, 18.098699999999997]]}}, {"type": "Feature", "properties": {"id": "CTR-00616", "elevation_m": 20.0}, "geometry": {"type": "LineString", "coordinates": [[121.6297071425652, 18.098699999999997], [121.6302471425652, 18.098699999999997]]}}, {"type": "Feature", "properties": {"id": "CTR-00617", "elevation_m": 20.0}, "geometry": {"type": "LineString", "coordinates": [[121.63508571662125, 18.098699999999997], [121.63562571662125, 18.098699999999997]]}}, {"type": "Feature", "properties": {"id": "CTR-00618", "elevation_m": 20.0}, "geometry": {"type": "LineString", "coordinates": [[121.63895000105963, 18.098699999999997], [121.63949000105963, 18.098699999999997]]}}, {"type": "Feature", "properties": {"id": "CTR-00619", "elevation_m": 20.0}, "geometry": {"type": "LineString", "coordinates": [[121.5575850005722, 18.0978], [121.5581250005722, 18.0978]]}}, {"type": "Feature", "properties": {"id": "CTR-00620", "elevation_m": 20.0}, "geometry": {"type": "LineString", "coordinates": [[121.63003333615903, 18.0978], [121.63057333615903, 18.0978]]}}, {"type": "Feature", "properties": {"id": "CTR-00621", "elevation_m": 20.0}, "geometry": {"type": "LineString", "coordinates": [[121.63448571584271, 18.0978], [121.63502571584272, 18.0978]]}}, {"type": "Feature", "properties": {"id": "CTR-00622", "elevation_m": 20.0}, "geometry": {"type": "LineString", "coordinates": [[121.63927500039736, 18.0978], [121.63981500039736, 18.0978]]}}, {"type": "Feature", "properties": {"id": "CTR-00623", "elevation_m": 20.0}, "geometry": {"type": "LineString", "coordinates": [[121.5575400005722, 18.096899999999998], [121.5580800005722, 18.096899999999998]]}}, {"type": "Feature", "properties": {"id": "CTR-00624", "elevation_m": 20.0}, "geometry": {"type": "LineString", "coordinates": [[121.63015714198131, 18.096899999999998], [121.63069714198132, 18.096899999999998]]}}, {"type": "Feature", "properties": {"id": "CTR-00625", "elevation_m": 20.0}, "geometry": {"type": "LineString", "coordinates": [[121.63430999828338, 18.096899999999998], [121.63484999828339, 18.096899999999998]]}}, {"type": "Feature", "properties": {"id": "CTR-00626", "elevation_m": 20.0}, "geometry": {"type": "LineString", "coordinates": [[121.63936216241294, 18.096899999999998], [121.63990216241294, 18.096899999999998]]}}, {"type": "Feature", "properties": {"id": "CTR-00627", "elevation_m": 20.0}, "geometry": {"type": "LineString", "coordinates": [[121.55765593249927, 18.096], [121.55819593249927, 18.096]]}}, {"type": "Feature", "properties": {"id": "CTR-00628", "elevation_m": 20.0}, "geometry": {"type": "LineString", "coordinates": [[121.62993333403975, 18.096], [121.63047333403975, 18.096]]}}, {"type": "Feature", "properties": {"id": "CTR-00629", "elevation_m": 20.0}, "geometry": {"type": "LineString", "coordinates": [[121.63462499785422, 18.096], [121.63516499785422, 18.096]]}}, {"type": "Feature", "properties": {"id": "CTR-00630", "elevation_m": 20.0}, "geometry": {"type": "LineString", "coordinates": [[121.63917500105963, 18.096], [121.63971500105963, 18.096]]}}, {"type": "Feature", "properties": {"id": "CTR-00631", "elevation_m": 20.0}, "geometry": {"type": "LineString", "coordinates": [[121.55791836777591, 18.0951], [121.55845836777591, 18.0951]]}}, {"type": "Feature", "properties": {"id": "CTR-00632", "elevation_m": 20.0}, "geometry": {"type": "LineString", "coordinates": [[121.62958604753287, 18.0951], [121.63012604753287, 18.0951]]}}, {"type": "Feature", "properties": {"id": "CTR-00633", "elevation_m": 20.0}, "geometry": {"type": "LineString", "coordinates": [[121.6353562513411, 18.0951], [121.6358962513411, 18.0951]]}}, {"type": "Feature", "properties": {"id": "CTR-00634", "elevation_m": 20.0}, "geometry": {"type": "LineString", "coordinates": [[121.63868571662125, 18.0951], [121.63922571662125, 18.0951]]}}, {"type": "Feature", "properties": {"id": "CTR-00635", "elevation_m": 20.0}, "geometry": {"type": "LineString", "coordinates": [[121.55835918388794, 18.094199999999997], [121.55889918388795, 18.094199999999997]]}}, {"type": "Feature", "properties": {"id": "CTR-00636", "elevation_m": 20.0}, "geometry": {"type": "LineString", "coordinates": [[121.62910464995586, 18.094199999999997], [121.62964464995586, 18.094199999999997]]}}, {"type": "Feature", "properties": {"id": "CTR-00637", "elevation_m": 20.0}, "geometry": {"type": "LineString", "coordinates": [[121.55892499854299, 18.0933], [121.55946499854299, 18.0933]]}}, {"type": "Feature", "properties": {"id": "CTR-00638", "elevation_m": 20.0}, "geometry": {"type": "LineString", "coordinates": [[121.56485000158946, 18.0933], [121.56539000158946, 18.0933]]}}, {"type": "Feature", "properties": {"id": "CTR-00639", "elevation_m": 20.0}, "geometry": {"type": "LineString", "coordinates": [[121.56789310528531, 18.0933], [121.56843310528531, 18.0933]]}}, {"type": "Feature", "properties": {"id": "CTR-00640", "elevation_m": 20.0}, "geometry": {"type": "LineString", "coordinates": [[121.62862363659062, 18.0933], [121.62916363659062, 18.0933]]}}, {"type": "Feature", "properties": {"id": "CTR-00641", "elevation_m": 20.0}, "geometry": {"type": "LineString", "coordinates": [[121.55964999894036, 18.092399999999998], [121.56018999894036, 18.092399999999998]]}}, {"type": "Feature", "properties": {"id": "CTR-00642", "elevation_m": 20.0}, "geometry": {"type": "LineString", "coordinates": [[121.56348000343321, 18.092399999999998], [121.56402000343321, 18.092399999999998]]}}, {"type": "Feature", "properties": {"id": "CTR-00643", "elevation_m": 20.0}, "geometry": {"type": "LineString", "coordinates": [[121.56876136496638, 18.092399999999998], [121.56930136496638, 18.092399999999998]]}}, {"type": "Feature", "properties": {"id": "CTR-00644", "elevation_m": 20.0}, "geometry": {"type": "LineString", "coordinates": [[121.62815000105964, 18.092399999999998], [121.62869000105964, 18.092399999999998]]}}, {"type": "Feature", "properties": {"id": "CTR-00645", "elevation_m": 20.0}, "geometry": {"type": "LineString", "coordinates": [[121.56134999523158, 18.0915], [121.56188999523158, 18.0915]]}}, {"type": "Feature", "properties": {"id": "CTR-00646", "elevation_m": 20.0}, "geometry": {"type": "LineString", "coordinates": [[121.56162857493187, 18.0915], [121.56216857493187, 18.0915]]}}, {"type": "Feature", "properties": {"id": "CTR-00647", "elevation_m": 20.0}, "geometry": {"type": "LineString", "coordinates": [[121.56929318297085, 18.0915], [121.56983318297085, 18.0915]]}}, {"type": "Feature", "properties": {"id": "CTR-00648", "elevation_m": 20.0}, "geometry": {"type": "LineString", "coordinates": [[121.62777142878768, 18.0915], [121.62831142878768, 18.0915]]}}, {"type": "Feature", "properties": {"id": "CTR-00649", "elevation_m": 20.0}, "geometry": {"type": "LineString", "coordinates": [[121.56968181704686, 18.0906], [121.57022181704686, 18.0906]]}}, {"type": "Feature", "properties": {"id": "CTR-00650", "elevation_m": 20.0}, "geometry": {"type": "LineString", "coordinates": [[121.62749032329515, 18.0906], [121.62803032329515, 18.0906]]}}, {"type": "Feature", "properties": {"id": "CTR-00651", "elevation_m": 20.0}, "geometry": {"type": "LineString", "coordinates": [[121.5698781823289, 18.089699999999997], [121.57041818232891, 18.089699999999997]]}}, {"type": "Feature", "properties": {"id": "CTR-00652", "elevation_m": 20.0}, "geometry": {"type": "LineString", "coordinates": [[121.62732857142856, 18.089699999999997], [121.62786857142856, 18.089699999999997]]}}, {"type": "Feature", "properties": {"id": "CTR-00653", "elevation_m": 20.0}, "geometry": {"type": "LineString", "coordinates": [[121.5699109093179, 18.0888], [121.5704509093179, 18.0888]]}}, {"type": "Feature", "properties": {"id": "CTR-00654", "elevation_m": 20.0}, "geometry": {"type": "LineString", "coordinates": [[121.62730161263528, 18.0888], [121.62784161263528, 18.0888]]}}, {"type": "Feature", "properties": {"id": "CTR-00655", "elevation_m": 20.0}, "geometry": {"type": "LineString", "coordinates": [[121.56977678626167, 18.087899999999998], [121.57031678626167, 18.087899999999998]]}}, {"type": "Feature", "properties": {"id": "CTR-00656", "elevation_m": 20.0}, "geometry": {"type": "LineString", "coordinates": [[121.62742857151507, 18.087899999999998], [121.62796857151507, 18.087899999999998]]}}, {"type": "Feature", "properties": {"id": "CTR-00657", "elevation_m": 20.0}, "geometry": {"type": "LineString", "coordinates": [[121.56945681897983, 18.087], [121.56999681897983, 18.087]]}}, {"type": "Feature", "properties": {"id": "CTR-00658", "elevation_m": 20.0}, "geometry": {"type": "LineString", "coordinates": [[121.62769354794052, 18.087], [121.62823354794052, 18.087]]}}, {"type": "Feature", "properties": {"id": "CTR-00659", "elevation_m": 20.0}, "geometry": {"type": "LineString", "coordinates": [[121.56017142896067, 18.0861], [121.56071142896067, 18.0861]]}}, {"type": "Feature", "properties": {"id": "CTR-00660", "elevation_m": 20.0}, "geometry": {"type": "LineString", "coordinates": [[121.56288000076293, 18.0861], [121.56342000076293, 18.0861]]}}, {"type": "Feature", "properties": {"id": "CTR-00661", "elevation_m": 20.0}, "geometry": {"type": "LineString", "coordinates": [[121.56894545596414, 18.0861], [121.56948545596414, 18.0861]]}}, {"type": "Feature", "properties": {"id": "CTR-00662", "elevation_m": 20.0}, "geometry": {"type": "LineString", "coordinates": [[121.62805714194887, 18.0861], [121.62859714194887, 18.0861]]}}, {"type": "Feature", "properties": {"id": "CTR-00663", "elevation_m": 20.0}, "geometry": {"type": "LineString", "coordinates": [[121.55924999999999, 18.085199999999997], [121.55978999999999, 18.085199999999997]]}}, {"type": "Feature", "properties": {"id": "CTR-00664", "elevation_m": 20.0}, "geometry": {"type": "LineString", "coordinates": [[121.5643500031789, 18.085199999999997], [121.5648900031789, 18.085199999999997]]}}, {"type": "Feature", "properties": {"id": "CTR-00665", "elevation_m": 20.0}, "geometry": {"type": "LineString", "coordinates": [[121.5681600011444, 18.085199999999997], [121.5687000011444, 18.085199999999997]]}}, {"type": "Feature", "properties": {"id": "CTR-00666", "elevation_m": 20.0}, "geometry": {"type": "LineString", "coordinates": [[121.62855818198842, 18.085199999999997], [121.62909818198843, 18.085199999999997]]}}, {"type": "Feature", "properties": {"id": "CTR-00667", "elevation_m": 20.0}, "geometry": {"type": "LineString", "coordinates": [[121.5585612259197, 18.0843], [121.5591012259197, 18.0843]]}}, {"type": "Feature", "properties": {"id": "CTR-00668", "elevation_m": 20.0}, "geometry": {"type": "LineString", "coordinates": [[121.62910464995586, 18.0843], [121.62964464995586, 18.0843]]}}, {"type": "Feature", "properties": {"id": "CTR-00669", "elevation_m": 20.0}, "geometry": {"type": "LineString", "coordinates": [[121.55804399986266, 18.083399999999997], [121.55858399986266, 18.083399999999997]]}}, {"type": "Feature", "properties": {"id": "CTR-00670", "elevation_m": 20.0}, "geometry": {"type": "LineString", "coordinates": [[121.62971590900223, 18.083399999999997], [121.63025590900223, 18.083399999999997]]}}, {"type": "Feature", "properties": {"id": "CTR-00671", "elevation_m": 20.0}, "geometry": {"type": "LineString", "coordinates": [[121.6353562513411, 18.083399999999997], [121.6358962513411, 18.083399999999997]]}}, {"type": "Feature", "properties": {"id": "CTR-00672", "elevation_m": 20.0}, "geometry": {"type": "LineString", "coordinates": [[121.63857272656338, 18.083399999999997], [121.63911272656338, 18.083399999999997]]}}, {"type": "Feature", "properties": {"id": "CTR-00673", "elevation_m": 20.0}, "geometry": {"type": "LineString", "coordinates": [[121.55766393488756, 18.0825], [121.55820393488756, 18.0825]]}}, {"type": "Feature", "properties": {"id": "CTR-00674", "elevation_m": 20.0}, "geometry": {"type": "LineString", "coordinates": [[121.63038214373296, 18.0825], [121.63092214373296, 18.0825]]}}, {"type": "Feature", "properties": {"id": "CTR-00675", "elevation_m": 20.0}, "geometry": {"type": "LineString", "coordinates": [[121.63421052251167, 18.0825], [121.63475052251167, 18.0825]]}}, {"type": "Feature", "properties": {"id": "CTR-00676", "elevation_m": 20.0}, "geometry": {"type": "LineString", "coordinates": [[121.63928918994154, 18.0825], [121.63982918994154, 18.0825]]}}, {"type": "Feature", "properties": {"id": "CTR-00677", "elevation_m": 20.0}, "geometry": {"type": "LineString", "coordinates": [[121.55744262276627, 18.081599999999998], [121.55798262276627, 18.081599999999998]]}}, {"type": "Feature", "properties": {"id": "CTR-00678", "elevation_m": 20.0}, "geometry": {"type": "LineString", "coordinates": [[121.6309928597703, 18.081599999999998], [121.6315328597703, 18.081599999999998]]}}, {"type": "Feature", "properties": {"id": "CTR-00679", "elevation_m": 20.0}, "geometry": {"type": "LineString", "coordinates": [[121.63341818039949, 18.081599999999998], [121.63395818039949, 18.081599999999998]]}}, {"type": "Feature", "properties": {"id": "CTR-00680", "elevation_m": 20.0}, "geometry": {"type": "LineString", "coordinates": [[121.6396540549318, 18.081599999999998], [121.6401940549318, 18.081599999999998]]}}, {"type": "Feature", "properties": {"id": "CTR-00681", "elevation_m": 20.0}, "geometry": {"type": "LineString", "coordinates": [[121.55735999942779, 18.0807], [121.55789999942779, 18.0807]]}}, {"type": "Feature", "properties": {"id": "CTR-00682", "elevation_m": 20.0}, "geometry": {"type": "LineString", "coordinates": [[121.63137857493187, 18.0807], [121.63191857493187, 18.0807]]}}, {"type": "Feature", "properties": {"id": "CTR-00683", "elevation_m": 20.0}, "geometry": {"type": "LineString", "coordinates": [[121.63297499761579, 18.0807], [121.63351499761579, 18.0807]]}}, {"type": "Feature", "properties": {"id": "CTR-00684", "elevation_m": 20.0}, "geometry": {"type": "LineString", "coordinates": [[121.6398, 18.0807], [121.64034, 18.0807]]}}, {"type": "Feature", "properties": {"id": "CTR-00685", "elevation_m": 20.0}, "geometry": {"type": "LineString", "coordinates": [[121.6398, 18.0807], [121.64034, 18.0807]]}}, {"type": "Feature", "properties": {"id": "CTR-00686", "elevation_m": 20.0}, "geometry": {"type": "LineString", "coordinates": [[121.55744999999999, 18.0798], [121.55798999999999, 18.0798]]}}, {"type": "Feature", "properties": {"id": "CTR-00687", "elevation_m": 20.0}, "geometry": {"type": "LineString", "coordinates": [[121.6310571463604, 18.0798], [121.6315971463604, 18.0798]]}}, {"type": "Feature", "properties": {"id": "CTR-00688", "elevation_m": 20.0}, "geometry": {"type": "LineString", "coordinates": [[121.63333636079899, 18.0798], [121.633876360799, 18.0798]]}}, {"type": "Feature", "properties": {"id": "CTR-00689", "elevation_m": 20.0}, "geometry": {"type": "LineString", "coordinates": [[121.63967837988308, 18.0798], [121.64021837988308, 18.0798]]}}, {"type": "Feature", "properties": {"id": "CTR-00690", "elevation_m": 20.0}, "geometry": {"type": "LineString", "coordinates": [[121.55767500071525, 18.078899999999997], [121.55821500071525, 18.078899999999997]]}}, {"type": "Feature", "properties": {"id": "CTR-00691", "elevation_m": 20.0}, "geometry": {"type": "LineString", "coordinates": [[121.63048965496829, 18.078899999999997], [121.63102965496829, 18.078899999999997]]}}, {"type": "Feature", "properties": {"id": "CTR-00692", "elevation_m": 20.0}, "geometry": {"type": "LineString", "coordinates": [[121.6341000031789, 18.078899999999997], [121.6346400031789, 18.078899999999997]]}}, {"type": "Feature", "properties": {"id": "CTR-00693", "elevation_m": 20.0}, "geometry": {"type": "LineString", "coordinates": [[121.63931351276116, 18.078899999999997], [121.63985351276116, 18.078899999999997]]}}, {"type": "Feature", "properties": {"id": "CTR-00694", "elevation_m": 20.0}, "geometry": {"type": "LineString", "coordinates": [[121.55804399986266, 18.078], [121.55858399986266, 18.078]]}}, {"type": "Feature", "properties": {"id": "CTR-00695", "elevation_m": 20.0}, "geometry": {"type": "LineString", "coordinates": [[121.62981818004482, 18.078], [121.63035818004482, 18.078]]}}, {"type": "Feature", "properties": {"id": "CTR-00696", "elevation_m": 20.0}, "geometry": {"type": "LineString", "coordinates": [[121.63520526125583, 18.078], [121.63574526125583, 18.078]]}}, {"type": "Feature", "properties": {"id": "CTR-00697", "elevation_m": 20.0}, "geometry": {"type": "LineString", "coordinates": [[121.63865454687323, 18.078], [121.63919454687323, 18.078]]}}, {"type": "Feature", "properties": {"id": "CTR-00698", "elevation_m": 20.0}, "geometry": {"type": "LineString", "coordinates": [[121.55856600151061, 18.077099999999998], [121.55910600151061, 18.077099999999998]]}}, {"type": "Feature", "properties": {"id": "CTR-00699", "elevation_m": 20.0}, "geometry": {"type": "LineString", "coordinates": [[121.62924545596414, 18.077099999999998], [121.62978545596414, 18.077099999999998]]}}, {"type": "Feature", "properties": {"id": "CTR-00700", "elevation_m": 20.0}, "geometry": {"type": "LineString", "coordinates": [[121.55924999999999, 18.0762], [121.55978999999999, 18.0762]]}}, {"type": "Feature", "properties": {"id": "CTR-00701", "elevation_m": 20.0}, "geometry": {"type": "LineString", "coordinates": [[121.56444999841052, 18.0762], [121.56498999841052, 18.0762]]}}, {"type": "Feature", "properties": {"id": "CTR-00702", "elevation_m": 20.0}, "geometry": {"type": "LineString", "coordinates": [[121.56803225824314, 18.0762], [121.56857225824314, 18.0762]]}}, {"type": "Feature", "properties": {"id": "CTR-00703", "elevation_m": 20.0}, "geometry": {"type": "LineString", "coordinates": [[121.62869464274766, 18.0762], [121.62923464274766, 18.0762]]}}, {"type": "Feature", "properties": {"id": "CTR-00704", "elevation_m": 20.0}, "geometry": {"type": "LineString", "coordinates": [[121.56021428688204, 18.0753], [121.56075428688204, 18.0753]]}}, {"type": "Feature", "properties": {"id": "CTR-00705", "elevation_m": 20.0}, "geometry": {"type": "LineString", "coordinates": [[121.56294000228881, 18.0753], [121.56348000228881, 18.0753]]}}, {"type": "Feature", "properties": {"id": "CTR-00706", "elevation_m": 20.0}, "geometry": {"type": "LineString", "coordinates": [[121.56883999974568, 18.0753], [121.56937999974568, 18.0753]]}}, {"type": "Feature", "properties": {"id": "CTR-00707", "elevation_m": 20.0}, "geometry": {"type": "LineString", "coordinates": [[121.62822857142856, 18.0753], [121.62876857142857, 18.0753]]}}, {"type": "Feature", "properties": {"id": "CTR-00708", "elevation_m": 20.0}, "geometry": {"type": "LineString", "coordinates": [[121.56934000101725, 18.074399999999997], [121.56988000101725, 18.074399999999997]]}}, {"type": "Feature", "properties": {"id": "CTR-00709", "elevation_m": 20.0}, "geometry": {"type": "LineString", "coordinates": [[121.62786093716471, 18.074399999999997], [121.62840093716471, 18.074399999999997]]}}, {"type": "Feature", "properties": {"id": "CTR-00710", "elevation_m": 20.0}, "geometry": {"type": "LineString", "coordinates": [[121.56966315916277, 18.0735], [121.57020315916277, 18.0735]]}}, {"type": "Feature", "properties": {"id": "CTR-00711", "elevation_m": 20.0}, "geometry": {"type": "LineString", "coordinates": [[121.62762187432944, 18.0735], [121.62816187432944, 18.0735]]}}, {"type": "Feature", "properties": {"id": "CTR-00712", "elevation_m": 20.0}, "geometry": {"type": "LineString", "coordinates": [[121.56978947447674, 18.072599999999998], [121.57032947447674, 18.072599999999998]]}}, {"type": "Feature", "properties": {"id": "CTR-00713", "elevation_m": 20.0}, "geometry": {"type": "LineString", "coordinates": [[121.62752343716471, 18.072599999999998], [121.62806343716471, 18.072599999999998]]}}, {"type": "Feature", "properties": {"id": "CTR-00714", "elevation_m": 20.0}, "geometry": {"type": "LineString", "coordinates": [[121.56975789542369, 18.0717], [121.57029789542369, 18.0717]]}}, {"type": "Feature", "properties": {"id": "CTR-00715", "elevation_m": 20.0}, "geometry": {"type": "LineString", "coordinates": [[121.62755156283527, 18.0717], [121.62809156283527, 18.0717]]}}, {"type": "Feature", "properties": {"id": "CTR-00716", "elevation_m": 20.0}, "geometry": {"type": "LineString", "coordinates": [[121.56953999872843, 18.0708], [121.57007999872843, 18.0708]]}}, {"type": "Feature", "properties": {"id": "CTR-00717", "elevation_m": 20.0}, "geometry": {"type": "LineString", "coordinates": [[121.62773437432944, 18.0708], [121.62827437432944, 18.0708]]}}, {"type": "Feature", "properties": {"id": "CTR-00718", "elevation_m": 20.0}, "geometry": {"type": "LineString", "coordinates": [[121.56913999974569, 18.069899999999997], [121.56967999974569, 18.069899999999997]]}}, {"type": "Feature", "properties": {"id": "CTR-00719", "elevation_m": 20.0}, "geometry": {"type": "LineString", "coordinates": [[121.62802968850582, 18.069899999999997], [121.62856968850582, 18.069899999999997]]}}, {"type": "Feature", "properties": {"id": "CTR-00720", "elevation_m": 20.0}, "geometry": {"type": "LineString", "coordinates": [[121.55982272940075, 18.069], [121.56036272940075, 18.069]]}}, {"type": "Feature", "properties": {"id": "CTR-00721", "elevation_m": 20.0}, "geometry": {"type": "LineString", "coordinates": [[121.56348947748832, 18.069], [121.56402947748832, 18.069]]}}, {"type": "Feature", "properties": {"id": "CTR-00722", "elevation_m": 20.0}, "geometry": {"type": "LineString", "coordinates": [[121.56857999771118, 18.069], [121.56911999771118, 18.069]]}}, {"type": "Feature", "properties": {"id": "CTR-00723", "elevation_m": 20.0}, "geometry": {"type": "LineString", "coordinates": [[121.62843749885047, 18.069], [121.62897749885047, 18.069]]}}, {"type": "Feature", "properties": {"id": "CTR-00724", "elevation_m": 20.0}, "geometry": {"type": "LineString", "coordinates": [[121.55905000052981, 18.068099999999998], [121.55959000052981, 18.068099999999998]]}}, {"type": "Feature", "properties": {"id": "CTR-00725", "elevation_m": 20.0}, "geometry": {"type": "LineString", "coordinates": [[121.56494117290669, 18.068099999999998], [121.56548117290669, 18.068099999999998]]}}, {"type": "Feature", "properties": {"id": "CTR-00726", "elevation_m": 20.0}, "geometry": {"type": "LineString", "coordinates": [[121.56763124597667, 18.068099999999998], [121.56817124597667, 18.068099999999998]]}}, {"type": "Feature", "properties": {"id": "CTR-00727", "elevation_m": 20.0}, "geometry": {"type": "LineString", "coordinates": [[121.62890357219491, 18.068099999999998], [121.62944357219492, 18.068099999999998]]}}, {"type": "Feature", "properties": {"id": "CTR-00728", "elevation_m": 20.0}, "geometry": {"type": "LineString", "coordinates": [[121.55849399986266, 18.0672], [121.55903399986266, 18.0672]]}}, {"type": "Feature", "properties": {"id": "CTR-00729", "elevation_m": 20.0}, "geometry": {"type": "LineString", "coordinates": [[121.62944999999999, 18.0672], [121.62998999999999, 18.0672]]}}, {"type": "Feature", "properties": {"id": "CTR-00730", "elevation_m": 20.0}, "geometry": {"type": "LineString", "coordinates": [[121.63694999523157, 18.0672], [121.63748999523158, 18.0672]]}}, {"type": "Feature", "properties": {"id": "CTR-00731", "elevation_m": 20.0}, "geometry": {"type": "LineString", "coordinates": [[121.63722857493187, 18.0672], [121.63776857493187, 18.0672]]}}, {"type": "Feature", "properties": {"id": "CTR-00732", "elevation_m": 20.0}, "geometry": {"type": "LineString", "coordinates": [[121.55806200027465, 18.0663], [121.55860200027465, 18.0663]]}}, {"type": "Feature", "properties": {"id": "CTR-00733", "elevation_m": 20.0}, "geometry": {"type": "LineString", "coordinates": [[121.6299600011444, 18.0663], [121.6305000011444, 18.0663]]}}, {"type": "Feature", "properties": {"id": "CTR-00734", "elevation_m": 20.0}, "geometry": {"type": "LineString", "coordinates": [[121.63509999576145, 18.0663], [121.63563999576145, 18.0663]]}}, {"type": "Feature", "properties": {"id": "CTR-00735", "elevation_m": 20.0}, "geometry": {"type": "LineString", "coordinates": [[121.63869545702816, 18.0663], [121.63923545702816, 18.0663]]}}, {"type": "Feature", "properties": {"id": "CTR-00736", "elevation_m": 20.0}, "geometry": {"type": "LineString", "coordinates": [[121.55779672186506, 18.0654], [121.55833672186506, 18.0654]]}}, {"type": "Feature", "properties": {"id": "CTR-00737", "elevation_m": 20.0}, "geometry": {"type": "LineString", "coordinates": [[121.63043999885559, 18.0654], [121.6309799988556, 18.0654]]}}, {"type": "Feature", "properties": {"id": "CTR-00738", "elevation_m": 20.0}, "geometry": {"type": "LineString", "coordinates": [[121.63429999788072, 18.0654], [121.63483999788072, 18.0654]]}}, {"type": "Feature", "properties": {"id": "CTR-00739", "elevation_m": 20.0}, "geometry": {"type": "LineString", "coordinates": [[121.63916052702906, 18.0654], [121.63970052702906, 18.0654]]}}, {"type": "Feature", "properties": {"id": "CTR-00740", "elevation_m": 20.0}, "geometry": {"type": "LineString", "coordinates": [[121.55769344308428, 18.0645], [121.55823344308428, 18.0645]]}}, {"type": "Feature", "properties": {"id": "CTR-00741", "elevation_m": 20.0}, "geometry": {"type": "LineString", "coordinates": [[121.63065000190734, 18.0645], [121.63119000190734, 18.0645]]}}, {"type": "Feature", "properties": {"id": "CTR-00742", "elevation_m": 20.0}, "geometry": {"type": "LineString", "coordinates": [[121.63395, 18.0645], [121.63449, 18.0645]]}}, {"type": "Feature", "properties": {"id": "CTR-00743", "elevation_m": 20.0}, "geometry": {"type": "LineString", "coordinates": [[121.63932631531395, 18.0645], [121.63986631531395, 18.0645]]}}, {"type": "Feature", "properties": {"id": "CTR-00744", "elevation_m": 20.0}, "geometry": {"type": "LineString", "coordinates": [[121.55774999952315, 18.063599999999997], [121.55828999952315, 18.063599999999997]]}}, {"type": "Feature", "properties": {"id": "CTR-00745", "elevation_m": 20.0}, "geometry": {"type": "LineString", "coordinates": [[121.63055172352557, 18.063599999999997], [121.63109172352557, 18.063599999999997]]}}, {"type": "Feature", "properties": {"id": "CTR-00746", "elevation_m": 20.0}, "geometry": {"type": "LineString", "coordinates": [[121.63413529827552, 18.063599999999997], [121.63467529827552, 18.063599999999997]]}}, {"type": "Feature", "properties": {"id": "CTR-00747", "elevation_m": 20.0}, "geometry": {"type": "LineString", "coordinates": [[121.63924054003897, 18.063599999999997], [121.63978054003897, 18.063599999999997]]}}, {"type": "Feature", "properties": {"id": "CTR-00748", "elevation_m": 20.0}, "geometry": {"type": "LineString", "coordinates": [[121.55795400123596, 18.0627], [121.55849400123596, 18.0627]]}}, {"type": "Feature", "properties": {"id": "CTR-00749", "elevation_m": 20.0}, "geometry": {"type": "LineString", "coordinates": [[121.63011724117518, 18.0627], [121.63065724117519, 18.0627]]}}, {"type": "Feature", "properties": {"id": "CTR-00750", "elevation_m": 20.0}, "geometry": {"type": "LineString", "coordinates": [[121.63482631531396, 18.0627], [121.63536631531396, 18.0627]]}}, {"type": "Feature", "properties": {"id": "CTR-00751", "elevation_m": 20.0}, "geometry": {"type": "LineString", "coordinates": [[121.63892368468603, 18.0627], [121.63946368468604, 18.0627]]}}, {"type": "Feature", "properties": {"id": "CTR-00752", "elevation_m": 20.0}, "geometry": {"type": "LineString", "coordinates": [[121.55836800041199, 18.061799999999998], [121.55890800041199, 18.061799999999998]]}}, {"type": "Feature", "properties": {"id": "CTR-00753", "elevation_m": 20.0}, "geometry": {"type": "LineString", "coordinates": [[121.62958000084771, 18.061799999999998], [121.63012000084771, 18.061799999999998]]}}, {"type": "Feature", "properties": {"id": "CTR-00754", "elevation_m": 20.0}, "geometry": {"type": "LineString", "coordinates": [[121.63607999694823, 18.061799999999998], [121.63661999694823, 18.061799999999998]]}}, {"type": "Feature", "properties": {"id": "CTR-00755", "elevation_m": 20.0}, "geometry": {"type": "LineString", "coordinates": [[121.63799999999999, 18.061799999999998], [121.63853999999999, 18.061799999999998]]}}, {"type": "Feature", "properties": {"id": "CTR-00756", "elevation_m": 20.0}, "geometry": {"type": "LineString", "coordinates": [[121.63799999999999, 18.061799999999998], [121.63853999999999, 18.061799999999998]]}}, {"type": "Feature", "properties": {"id": "CTR-00757", "elevation_m": 20.0}, "geometry": {"type": "LineString", "coordinates": [[121.55894594506819, 18.0609], [121.55948594506819, 18.0609]]}}, {"type": "Feature", "properties": {"id": "CTR-00758", "elevation_m": 20.0}, "geometry": {"type": "LineString", "coordinates": [[121.5651900017166, 18.0609], [121.5657300017166, 18.0609]]}}, {"type": "Feature", "properties": {"id": "CTR-00759", "elevation_m": 20.0}, "geometry": {"type": "LineString", "coordinates": [[121.56734999999999, 18.0609], [121.56788999999999, 18.0609]]}}, {"type": "Feature", "properties": {"id": "CTR-00760", "elevation_m": 20.0}, "geometry": {"type": "LineString", "coordinates": [[121.62898392818825, 18.0609], [121.62952392818825, 18.0609]]}}, {"type": "Feature", "properties": {"id": "CTR-00761", "elevation_m": 20.0}, "geometry": {"type": "LineString", "coordinates": [[121.55978571584272, 18.06], [121.56032571584272, 18.06]]}}, {"type": "Feature", "properties": {"id": "CTR-00762", "elevation_m": 20.0}, "geometry": {"type": "LineString", "coordinates": [[121.56350000423853, 18.06], [121.56404000423854, 18.06]]}}, {"type": "Feature", "properties": {"id": "CTR-00763", "elevation_m": 20.0}, "geometry": {"type": "LineString", "coordinates": [[121.56855484067458, 18.06], [121.56909484067458, 18.06]]}}, {"type": "Feature", "properties": {"id": "CTR-00764", "elevation_m": 20.0}, "geometry": {"type": "LineString", "coordinates": [[121.62845357066222, 18.06], [121.62899357066222, 18.06]]}}, {"type": "Feature", "properties": {"id": "CTR-00765", "elevation_m": 20.0}, "geometry": {"type": "LineString", "coordinates": [[121.56926000042385, 18.059099999999997], [121.56980000042385, 18.059099999999997]]}}, {"type": "Feature", "properties": {"id": "CTR-00766", "elevation_m": 20.0}, "geometry": {"type": "LineString", "coordinates": [[121.6279312491618, 18.059099999999997], [121.6284712491618, 18.059099999999997]]}}, {"type": "Feature", "properties": {"id": "CTR-00767", "elevation_m": 20.0}, "geometry": {"type": "LineString", "coordinates": [[121.56980526194268, 18.0582], [121.57034526194268, 18.0582]]}}, {"type": "Feature", "properties": {"id": "CTR-00768", "elevation_m": 20.0}, "geometry": {"type": "LineString", "coordinates": [[121.62750937432943, 18.0582], [121.62804937432944, 18.0582]]}}, {"type": "Feature", "properties": {"id": "CTR-00769", "elevation_m": 20.0}, "geometry": {"type": "LineString", "coordinates": [[121.57016842232068, 18.057299999999998], [121.57070842232068, 18.057299999999998]]}}, {"type": "Feature", "properties": {"id": "CTR-00770", "elevation_m": 20.0}, "geometry": {"type": "LineString", "coordinates": [[121.62718636332109, 18.057299999999998], [121.62772636332109, 18.057299999999998]]}}, {"type": "Feature", "properties": {"id": "CTR-00771", "elevation_m": 20.0}, "geometry": {"type": "LineString", "coordinates": [[121.57040526395042, 18.0564], [121.57094526395042, 18.0564]]}}, {"type": "Feature", "properties": {"id": "CTR-00772", "elevation_m": 20.0}, "geometry": {"type": "LineString", "coordinates": [[121.62698181833944, 18.0564], [121.62752181833945, 18.0564]]}}, {"type": "Feature", "properties": {"id": "CTR-00773", "elevation_m": 20.0}, "geometry": {"type": "LineString", "coordinates": [[121.57048392818825, 18.0555], [121.57102392818825, 18.0555]]}}, {"type": "Feature", "properties": {"id": "CTR-00774", "elevation_m": 20.0}, "geometry": {"type": "LineString", "coordinates": [[121.62691791090664, 18.0555], [121.62745791090664, 18.0555]]}}, {"type": "Feature", "properties": {"id": "CTR-00775", "elevation_m": 20.0}, "geometry": {"type": "LineString", "coordinates": [[121.57038947410689, 18.054599999999997], [121.57092947410689, 18.054599999999997]]}}, {"type": "Feature", "properties": {"id": "CTR-00776", "elevation_m": 20.0}, "geometry": {"type": "LineString", "coordinates": [[121.62698507485631, 18.054599999999997], [121.62752507485631, 18.054599999999997]]}}, {"type": "Feature", "properties": {"id": "CTR-00777", "elevation_m": 20.0}, "geometry": {"type": "LineString", "coordinates": [[121.57015263247715, 18.0537], [121.57069263247715, 18.0537]]}}, {"type": "Feature", "properties": {"id": "CTR-00778", "elevation_m": 20.0}, "geometry": {"type": "LineString", "coordinates": [[121.62718636332109, 18.0537], [121.62772636332109, 18.0537]]}}, {"type": "Feature", "properties": {"id": "CTR-00779", "elevation_m": 20.0}, "geometry": {"type": "LineString", "coordinates": [[121.5698089274219, 18.052799999999998], [121.5703489274219, 18.052799999999998]]}}, {"type": "Feature", "properties": {"id": "CTR-00780", "elevation_m": 20.0}, "geometry": {"type": "LineString", "coordinates": [[121.62748125050291, 18.052799999999998], [121.62802125050291, 18.052799999999998]]}}, {"type": "Feature", "properties": {"id": "CTR-00781", "elevation_m": 20.0}, "geometry": {"type": "LineString", "coordinates": [[121.56935999872843, 18.0519], [121.56989999872843, 18.0519]]}}, {"type": "Feature", "properties": {"id": "CTR-00782", "elevation_m": 20.0}, "geometry": {"type": "LineString", "coordinates": [[121.62783281229045, 18.0519], [121.62837281229045, 18.0519]]}}, {"type": "Feature", "properties": {"id": "CTR-00783", "elevation_m": 20.0}, "geometry": {"type": "LineString", "coordinates": [[121.56017142896067, 18.051], [121.56071142896067, 18.051]]}}, {"type": "Feature", "properties": {"id": "CTR-00784", "elevation_m": 20.0}, "geometry": {"type": "LineString", "coordinates": [[121.56300000381471, 18.051], [121.56354000381471, 18.051]]}}, {"type": "Feature", "properties": {"id": "CTR-00785", "elevation_m": 20.0}, "geometry": {"type": "LineString", "coordinates": [[121.56883999974568, 18.051], [121.56937999974568, 18.051]]}}, {"type": "Feature", "properties": {"id": "CTR-00786", "elevation_m": 20.0}, "geometry": {"type": "LineString", "coordinates": [[121.62821249961682, 18.051], [121.62875249961682, 18.051]]}}, {"type": "Feature", "properties": {"id": "CTR-00787", "elevation_m": 20.0}, "geometry": {"type": "LineString", "coordinates": [[121.55938378491231, 18.050099999999997], [121.55992378491231, 18.050099999999997]]}}, {"type": "Feature", "properties": {"id": "CTR-00788", "elevation_m": 20.0}, "geometry": {"type": "LineString", "coordinates": [[121.56415263062792, 18.050099999999997], [121.56469263062792, 18.050099999999997]]}}, {"type": "Feature", "properties": {"id": "CTR-00789", "elevation_m": 20.0}, "geometry": {"type": "LineString", "coordinates": [[121.56821999923706, 18.050099999999997], [121.56875999923706, 18.050099999999997]]}}, {"type": "Feature", "properties": {"id": "CTR-00790", "elevation_m": 20.0}, "geometry": {"type": "LineString", "coordinates": [[121.62856607175699, 18.050099999999997], [121.629106071757, 18.050099999999997]]}}, {"type": "Feature", "properties": {"id": "CTR-00791", "elevation_m": 20.0}, "geometry": {"type": "LineString", "coordinates": [[121.55897027001949, 18.0492], [121.55951027001949, 18.0492]]}}, {"type": "Feature", "properties": {"id": "CTR-00792", "elevation_m": 20.0}, "geometry": {"type": "LineString", "coordinates": [[121.56499411527112, 18.0492], [121.56553411527112, 18.0492]]}}, {"type": "Feature", "properties": {"id": "CTR-00793", "elevation_m": 20.0}, "geometry": {"type": "LineString", "coordinates": [[121.56767142681979, 18.0492], [121.56821142681979, 18.0492]]}}, {"type": "Feature", "properties": {"id": "CTR-00794", "elevation_m": 20.0}, "geometry": {"type": "LineString", "coordinates": [[121.62883636335262, 18.0492], [121.62937636335262, 18.0492]]}}, {"type": "Feature", "properties": {"id": "CTR-00795", "elevation_m": 20.0}, "geometry": {"type": "LineString", "coordinates": [[121.55876399917602, 18.048299999999998], [121.55930399917602, 18.048299999999998]]}}, {"type": "Feature", "properties": {"id": "CTR-00796", "elevation_m": 20.0}, "geometry": {"type": "LineString", "coordinates": [[121.56559091050961, 18.048299999999998], [121.56613091050961, 18.048299999999998]]}}, {"type": "Feature", "properties": {"id": "CTR-00797", "elevation_m": 20.0}, "geometry": {"type": "LineString", "coordinates": [[121.5671571463604, 18.048299999999998], [121.5676971463604, 18.048299999999998]]}}, {"type": "Feature", "properties": {"id": "CTR-00798", "elevation_m": 20.0}, "geometry": {"type": "LineString", "coordinates": [[121.62895178472898, 18.048299999999998], [121.62949178472898, 18.048299999999998]]}}, {"type": "Feature", "properties": {"id": "CTR-00799", "elevation_m": 20.0}, "geometry": {"type": "LineString", "coordinates": [[121.55879999999999, 18.0474], [121.55933999999999, 18.0474]]}}, {"type": "Feature", "properties": {"id": "CTR-00800", "elevation_m": 20.0}, "geometry": {"type": "LineString", "coordinates": [[121.55879999999999, 18.0474], [121.55933999999999, 18.0474]]}}, {"type": "Feature", "properties": {"id": "CTR-00801", "elevation_m": 20.0}, "geometry": {"type": "LineString", "coordinates": [[121.565427278402, 18.0474], [121.565967278402, 18.0474]]}}, {"type": "Feature", "properties": {"id": "CTR-00802", "elevation_m": 20.0}, "geometry": {"type": "LineString", "coordinates": [[121.56731999923706, 18.0474], [121.56785999923706, 18.0474]]}}, {"type": "Feature", "properties": {"id": "CTR-00803", "elevation_m": 20.0}, "geometry": {"type": "LineString", "coordinates": [[121.62890357219491, 18.0474], [121.62944357219492, 18.0474]]}}, {"type": "Feature", "properties": {"id": "CTR-00804", "elevation_m": 20.0}, "geometry": {"type": "LineString", "coordinates": [[121.55910000158944, 18.046499999999998], [121.55964000158944, 18.046499999999998]]}}, {"type": "Feature", "properties": {"id": "CTR-00805", "elevation_m": 20.0}, "geometry": {"type": "LineString", "coordinates": [[121.56465, 18.046499999999998], [121.56519, 18.046499999999998]]}}, {"type": "Feature", "properties": {"id": "CTR-00806", "elevation_m": 20.0}, "geometry": {"type": "LineString", "coordinates": [[121.56794999809264, 18.046499999999998], [121.56848999809264, 18.046499999999998]]}}, {"type": "Feature", "properties": {"id": "CTR-00807", "elevation_m": 20.0}, "geometry": {"type": "LineString", "coordinates": [[121.62869464274766, 18.046499999999998], [121.62923464274766, 18.046499999999998]]}}, {"type": "Feature", "properties": {"id": "CTR-00808", "elevation_m": 20.0}, "geometry": {"type": "LineString", "coordinates": [[121.55964999894036, 18.0456], [121.56018999894036, 18.0456]]}}, {"type": "Feature", "properties": {"id": "CTR-00809", "elevation_m": 20.0}, "geometry": {"type": "LineString", "coordinates": [[121.56358421005079, 18.0456], [121.56412421005079, 18.0456]]}}, {"type": "Feature", "properties": {"id": "CTR-00810", "elevation_m": 20.0}, "geometry": {"type": "LineString", "coordinates": [[121.56860999828339, 18.0456], [121.5691499982834, 18.0456]]}}, {"type": "Feature", "properties": {"id": "CTR-00811", "elevation_m": 20.0}, "geometry": {"type": "LineString", "coordinates": [[121.62832499923366, 18.0456], [121.62886499923366, 18.0456]]}}, {"type": "Feature", "properties": {"id": "CTR-00812", "elevation_m": 20.0}, "geometry": {"type": "LineString", "coordinates": [[121.56925227299327, 18.0447], [121.56979227299327, 18.0447]]}}, {"type": "Feature", "properties": {"id": "CTR-00813", "elevation_m": 20.0}, "geometry": {"type": "LineString", "coordinates": [[121.62785714242463, 18.0447], [121.62839714242463, 18.0447]]}}, {"type": "Feature", "properties": {"id": "CTR-00814", "elevation_m": 20.0}, "geometry": {"type": "LineString", "coordinates": [[121.56988928648063, 18.043799999999997], [121.57042928648063, 18.043799999999997]]}}, {"type": "Feature", "properties": {"id": "CTR-00815", "elevation_m": 20.0}, "geometry": {"type": "LineString", "coordinates": [[121.62735714346265, 18.043799999999997], [121.62789714346265, 18.043799999999997]]}}, {"type": "Feature", "properties": {"id": "CTR-00816", "elevation_m": 20.0}, "geometry": {"type": "LineString", "coordinates": [[121.57046785648599, 18.0429], [121.57100785648599, 18.0429]]}}, {"type": "Feature", "properties": {"id": "CTR-00817", "elevation_m": 20.0}, "geometry": {"type": "LineString", "coordinates": [[121.62684545415136, 18.0429], [121.62738545415137, 18.0429]]}}, {"type": "Feature", "properties": {"id": "CTR-00818", "elevation_m": 20.0}, "geometry": {"type": "LineString", "coordinates": [[121.57095, 18.041999999999998], [121.57149, 18.041999999999998]]}}, {"type": "Feature", "properties": {"id": "CTR-00819", "elevation_m": 20.0}, "geometry": {"type": "LineString", "coordinates": [[121.62636922975348, 18.041999999999998], [121.62690922975348, 18.041999999999998]]}}, {"type": "Feature", "properties": {"id": "CTR-00820", "elevation_m": 20.0}, "geometry": {"type": "LineString", "coordinates": [[121.57135714194888, 18.0411], [121.57189714194888, 18.0411]]}}, {"type": "Feature", "properties": {"id": "CTR-00821", "elevation_m": 20.0}, "geometry": {"type": "LineString", "coordinates": [[121.62595714272739, 18.0411], [121.62649714272739, 18.0411]]}}, {"type": "Feature", "properties": {"id": "CTR-00822", "elevation_m": 20.0}, "geometry": {"type": "LineString", "coordinates": [[121.57163538485916, 18.0402], [121.57217538485916, 18.0402]]}}, {"type": "Feature", "properties": {"id": "CTR-00823", "elevation_m": 20.0}, "geometry": {"type": "LineString", "coordinates": [[121.62565714285714, 18.0402], [121.62619714285714, 18.0402]]}}, {"type": "Feature", "properties": {"id": "CTR-00824", "elevation_m": 20.0}, "geometry": {"type": "LineString", "coordinates": [[121.57178181920642, 18.039299999999997], [121.57232181920642, 18.039299999999997]]}}, {"type": "Feature", "properties": {"id": "CTR-00825", "elevation_m": 20.0}, "geometry": {"type": "LineString", "coordinates": [[121.62549999969724, 18.039299999999997], [121.62603999969724, 18.039299999999997]]}}, {"type": "Feature", "properties": {"id": "CTR-00826", "elevation_m": 20.0}, "geometry": {"type": "LineString", "coordinates": [[121.57178769234832, 18.0384], [121.57232769234832, 18.0384]]}}, {"type": "Feature", "properties": {"id": "CTR-00827", "elevation_m": 20.0}, "geometry": {"type": "LineString", "coordinates": [[121.62548709614899, 18.0384], [121.62602709614899, 18.0384]]}}, {"type": "Feature", "properties": {"id": "CTR-00828", "elevation_m": 20.0}, "geometry": {"type": "LineString", "coordinates": [[121.57165909169724, 18.037499999999998], [121.57219909169724, 18.037499999999998]]}}, {"type": "Feature", "properties": {"id": "CTR-00829", "elevation_m": 20.0}, "geometry": {"type": "LineString", "coordinates": [[121.62561774175686, 18.037499999999998], [121.62615774175686, 18.037499999999998]]}}, {"type": "Feature", "properties": {"id": "CTR-00830", "elevation_m": 20.0}, "geometry": {"type": "LineString", "coordinates": [[121.5714272733578, 18.0366], [121.5719672733578, 18.0366]]}}, {"type": "Feature", "properties": {"id": "CTR-00831", "elevation_m": 20.0}, "geometry": {"type": "LineString", "coordinates": [[121.62585, 18.0366], [121.62639, 18.0366]]}}, {"type": "Feature", "properties": {"id": "CTR-00832", "elevation_m": 20.0}, "geometry": {"type": "LineString", "coordinates": [[121.57110000090826, 18.0357], [121.57164000090826, 18.0357]]}}, {"type": "Feature", "properties": {"id": "CTR-00833", "elevation_m": 20.0}, "geometry": {"type": "LineString", "coordinates": [[121.62616935479404, 18.0357], [121.62670935479404, 18.0357]]}}, {"type": "Feature", "properties": {"id": "CTR-00834", "elevation_m": 20.0}, "geometry": {"type": "LineString", "coordinates": [[121.57075714285713, 18.034799999999997], [121.57129714285713, 18.034799999999997]]}}, {"type": "Feature", "properties": {"id": "CTR-00835", "elevation_m": 20.0}, "geometry": {"type": "LineString", "coordinates": [[121.62650769190138, 18.034799999999997], [121.62704769190138, 18.034799999999997]]}}, {"type": "Feature", "properties": {"id": "CTR-00836", "elevation_m": 20.0}, "geometry": {"type": "LineString", "coordinates": [[121.57041964400666, 18.0339], [121.57095964400666, 18.0339]]}}, {"type": "Feature", "properties": {"id": "CTR-00837", "elevation_m": 20.0}, "geometry": {"type": "LineString", "coordinates": [[121.62682031262572, 18.0339], [121.62736031262573, 18.0339]]}}, {"type": "Feature", "properties": {"id": "CTR-00838", "elevation_m": 20.0}, "geometry": {"type": "LineString", "coordinates": [[121.57014000062422, 18.032999999999998], [121.57068000062422, 18.032999999999998]]}}, {"type": "Feature", "properties": {"id": "CTR-00839", "elevation_m": 20.0}, "geometry": {"type": "LineString", "coordinates": [[121.62705937474854, 18.032999999999998], [121.62759937474854, 18.032999999999998]]}}, {"type": "Feature", "properties": {"id": "CTR-00840", "elevation_m": 20.0}, "geometry": {"type": "LineString", "coordinates": [[121.5699857142857, 18.0321], [121.57052571428571, 18.0321]]}}, {"type": "Feature", "properties": {"id": "CTR-00841", "elevation_m": 20.0}, "geometry": {"type": "LineString", "coordinates": [[121.62718593716471, 18.0321], [121.62772593716471, 18.0321]]}}, {"type": "Feature", "properties": {"id": "CTR-00842", "elevation_m": 20.0}, "geometry": {"type": "LineString", "coordinates": [[121.5699857142857, 18.0312], [121.57052571428571, 18.0312]]}}, {"type": "Feature", "properties": {"id": "CTR-00843", "elevation_m": 20.0}, "geometry": {"type": "LineString", "coordinates": [[121.62717230704223, 18.0312], [121.62771230704223, 18.0312]]}}, {"type": "Feature", "properties": {"id": "CTR-00844", "elevation_m": 20.0}, "geometry": {"type": "LineString", "coordinates": [[121.57015636465782, 18.030299999999997], [121.57069636465782, 18.030299999999997]]}}, {"type": "Feature", "properties": {"id": "CTR-00845", "elevation_m": 20.0}, "geometry": {"type": "LineString", "coordinates": [[121.62702000105637, 18.030299999999997], [121.62756000105637, 18.030299999999997]]}}, {"type": "Feature", "properties": {"id": "CTR-00846", "elevation_m": 20.0}, "geometry": {"type": "LineString", "coordinates": [[121.5705, 18.0294], [121.57104, 18.0294]]}}, {"type": "Feature", "properties": {"id": "CTR-00847", "elevation_m": 20.0}, "geometry": {"type": "LineString", "coordinates": [[121.5705, 18.0294], [121.57104, 18.0294]]}}, {"type": "Feature", "properties": {"id": "CTR-00848", "elevation_m": 20.0}, "geometry": {"type": "LineString", "coordinates": [[121.62672923028167, 18.0294], [121.62726923028167, 18.0294]]}}, {"type": "Feature", "properties": {"id": "CTR-00849", "elevation_m": 20.0}, "geometry": {"type": "LineString", "coordinates": [[121.57091428631979, 18.028499999999998], [121.57145428631979, 18.028499999999998]]}}, {"type": "Feature", "properties": {"id": "CTR-00850", "elevation_m": 20.0}, "geometry": {"type": "LineString", "coordinates": [[121.62632769295776, 18.028499999999998], [121.62686769295776, 18.028499999999998]]}}, {"type": "Feature", "properties": {"id": "CTR-00851", "elevation_m": 20.0}, "geometry": {"type": "LineString", "coordinates": [[121.57141384647888, 18.0276], [121.57195384647888, 18.0276]]}}, {"type": "Feature", "properties": {"id": "CTR-00852", "elevation_m": 20.0}, "geometry": {"type": "LineString", "coordinates": [[121.62580645205946, 18.0276], [121.62634645205947, 18.0276]]}}, {"type": "Feature", "properties": {"id": "CTR-00853", "elevation_m": 20.0}, "geometry": {"type": "LineString", "coordinates": [[121.57193999947181, 18.026699999999998], [121.57247999947181, 18.026699999999998]]}}, {"type": "Feature", "properties": {"id": "CTR-00854", "elevation_m": 20.0}, "geometry": {"type": "LineString", "coordinates": [[121.62523018825146, 18.026699999999998], [121.62577018825147, 18.026699999999998]]}}, {"type": "Feature", "properties": {"id": "CTR-00855", "elevation_m": 20.0}, "geometry": {"type": "LineString", "coordinates": [[121.5724475413988, 18.0258], [121.5729875413988, 18.0258]]}}, {"type": "Feature", "properties": {"id": "CTR-00856", "elevation_m": 20.0}, "geometry": {"type": "LineString", "coordinates": [[121.6155, 18.0258], [121.61604, 18.0258]]}}, {"type": "Feature", "properties": {"id": "CTR-00857", "elevation_m": 20.0}, "geometry": {"type": "LineString", "coordinates": [[121.6155, 18.0258], [121.61604, 18.0258]]}}, {"type": "Feature", "properties": {"id": "CTR-00858", "elevation_m": 20.0}, "geometry": {"type": "LineString", "coordinates": [[121.61680000847709, 18.0258], [121.61734000847709, 18.0258]]}}, {"type": "Feature", "properties": {"id": "CTR-00859", "elevation_m": 20.0}, "geometry": {"type": "LineString", "coordinates": [[121.62460188612022, 18.0258], [121.62514188612022, 18.0258]]}}, {"type": "Feature", "properties": {"id": "CTR-00860", "elevation_m": 20.0}, "geometry": {"type": "LineString", "coordinates": [[121.57292419314646, 18.0249], [121.57346419314646, 18.0249]]}}, {"type": "Feature", "properties": {"id": "CTR-00861", "elevation_m": 20.0}, "geometry": {"type": "LineString", "coordinates": [[121.61422941354665, 18.0249], [121.61476941354665, 18.0249]]}}, {"type": "Feature", "properties": {"id": "CTR-00862", "elevation_m": 20.0}, "geometry": {"type": "LineString", "coordinates": [[121.61856818359155, 18.0249], [121.61910818359155, 18.0249]]}}, {"type": "Feature", "properties": {"id": "CTR-00863", "elevation_m": 20.0}, "geometry": {"type": "LineString", "coordinates": [[121.62392926757785, 18.0249], [121.62446926757785, 18.0249]]}}, {"type": "Feature", "properties": {"id": "CTR-00864", "elevation_m": 20.0}, "geometry": {"type": "LineString", "coordinates": [[121.57330188612022, 18.023999999999997], [121.57384188612022, 18.023999999999997]]}}, {"type": "Feature", "properties": {"id": "CTR-00865", "elevation_m": 20.0}, "geometry": {"type": "LineString", "coordinates": [[121.61358510723778, 18.023999999999997], [121.61412510723778, 18.023999999999997]]}}, {"type": "Feature", "properties": {"id": "CTR-00866", "elevation_m": 20.0}, "geometry": {"type": "LineString", "coordinates": [[121.61961428688204, 18.023999999999997], [121.62015428688204, 18.023999999999997]]}}, {"type": "Feature", "properties": {"id": "CTR-00867", "elevation_m": 20.0}, "geometry": {"type": "LineString", "coordinates": [[121.6232538451381, 18.023999999999997], [121.6237938451381, 18.023999999999997]]}}, {"type": "Feature", "properties": {"id": "CTR-00868", "elevation_m": 20.0}, "geometry": {"type": "LineString", "coordinates": [[121.5735735846001, 18.0231], [121.5741135846001, 18.0231]]}}, {"type": "Feature", "properties": {"id": "CTR-00869", "elevation_m": 20.0}, "geometry": {"type": "LineString", "coordinates": [[121.61327872410364, 18.0231], [121.61381872410364, 18.0231]]}}, {"type": "Feature", "properties": {"id": "CTR-00870", "elevation_m": 20.0}, "geometry": {"type": "LineString", "coordinates": [[121.62044999999999, 18.0231], [121.62098999999999, 18.0231]]}}, {"type": "Feature", "properties": {"id": "CTR-00871", "elevation_m": 20.0}, "geometry": {"type": "LineString", "coordinates": [[121.6227, 18.0231], [121.62324, 18.0231]]}}, {"type": "Feature", "properties": {"id": "CTR-00872", "elevation_m": 20.0}, "geometry": {"type": "LineString", "coordinates": [[121.6227, 18.0231], [121.62324, 18.0231]]}}, {"type": "Feature", "properties": {"id": "CTR-00873", "elevation_m": 20.0}, "geometry": {"type": "LineString", "coordinates": [[121.57365849074937, 18.022199999999998], [121.57419849074937, 18.022199999999998]]}}, {"type": "Feature", "properties": {"id": "CTR-00874", "elevation_m": 20.0}, "geometry": {"type": "LineString", "coordinates": [[121.61314468054022, 18.022199999999998], [121.61368468054022, 18.022199999999998]]}}, {"type": "Feature", "properties": {"id": "CTR-00875", "elevation_m": 20.0}, "geometry": {"type": "LineString", "coordinates": [[121.62083571253406, 18.022199999999998], [121.62137571253406, 18.022199999999998]]}}, {"type": "Feature", "properties": {"id": "CTR-00876", "elevation_m": 20.0}, "geometry": {"type": "LineString", "coordinates": [[121.62220908949038, 18.022199999999998], [121.62274908949038, 18.022199999999998]]}}, {"type": "Feature", "properties": {"id": "CTR-00877", "elevation_m": 20.0}, "geometry": {"type": "LineString", "coordinates": [[121.5735735846001, 18.0213], [121.5741135846001, 18.0213]]}}, {"type": "Feature", "properties": {"id": "CTR-00878", "elevation_m": 20.0}, "geometry": {"type": "LineString", "coordinates": [[121.61324042529878, 18.0213], [121.61378042529878, 18.0213]]}}, {"type": "Feature", "properties": {"id": "CTR-00879", "elevation_m": 20.0}, "geometry": {"type": "LineString", "coordinates": [[121.62054000228882, 18.0213], [121.62108000228882, 18.0213]]}}, {"type": "Feature", "properties": {"id": "CTR-00880", "elevation_m": 20.0}, "geometry": {"type": "LineString", "coordinates": [[121.62260999828338, 18.0213], [121.62314999828338, 18.0213]]}}, {"type": "Feature", "properties": {"id": "CTR-00881", "elevation_m": 20.0}, "geometry": {"type": "LineString", "coordinates": [[121.57335283024979, 18.0204], [121.57389283024979, 18.0204]]}}, {"type": "Feature", "properties": {"id": "CTR-00882", "elevation_m": 20.0}, "geometry": {"type": "LineString", "coordinates": [[121.61347021175573, 18.0204], [121.61401021175573, 18.0204]]}}, {"type": "Feature", "properties": {"id": "CTR-00883", "elevation_m": 20.0}, "geometry": {"type": "LineString", "coordinates": [[121.61982856831455, 18.0204], [121.62036856831455, 18.0204]]}}, {"type": "Feature", "properties": {"id": "CTR-00884", "elevation_m": 20.0}, "geometry": {"type": "LineString", "coordinates": [[121.62311538715474, 18.0204], [121.62365538715474, 18.0204]]}}, {"type": "Feature", "properties": {"id": "CTR-00885", "elevation_m": 20.0}, "geometry": {"type": "LineString", "coordinates": [[121.5730377041799, 18.019499999999997], [121.5735777041799, 18.019499999999997]]}}, {"type": "Feature", "properties": {"id": "CTR-00886", "elevation_m": 20.0}, "geometry": {"type": "LineString", "coordinates": [[121.61391176440888, 18.019499999999997], [121.61445176440888, 18.019499999999997]]}}, {"type": "Feature", "properties": {"id": "CTR-00887", "elevation_m": 20.0}, "geometry": {"type": "LineString", "coordinates": [[121.6190181803995, 18.019499999999997], [121.6195581803995, 18.019499999999997]]}}, {"type": "Feature", "properties": {"id": "CTR-00888", "elevation_m": 20.0}, "geometry": {"type": "LineString", "coordinates": [[121.62371249839067, 18.019499999999997], [121.62425249839067, 18.019499999999997]]}}, {"type": "Feature", "properties": {"id": "CTR-00889", "elevation_m": 20.0}, "geometry": {"type": "LineString", "coordinates": [[121.57269836093253, 18.0186], [121.57323836093254, 18.0186]]}}, {"type": "Feature", "properties": {"id": "CTR-00890", "elevation_m": 20.0}, "geometry": {"type": "LineString", "coordinates": [[121.61449411527111, 18.0186], [121.61503411527111, 18.0186]]}}, {"type": "Feature", "properties": {"id": "CTR-00891", "elevation_m": 20.0}, "geometry": {"type": "LineString", "coordinates": [[121.61809999788072, 18.0186], [121.61863999788072, 18.0186]]}}, {"type": "Feature", "properties": {"id": "CTR-00892", "elevation_m": 20.0}, "geometry": {"type": "LineString", "coordinates": [[121.62421463588235, 18.0186], [121.62475463588235, 18.0186]]}}, {"type": "Feature", "properties": {"id": "CTR-00893", "elevation_m": 20.0}, "geometry": {"type": "LineString", "coordinates": [[121.57235901768516, 18.017699999999998], [121.57289901768516, 18.017699999999998]]}}, {"type": "Feature", "properties": {"id": "CTR-00894", "elevation_m": 20.0}, "geometry": {"type": "LineString", "coordinates": [[121.6155, 18.017699999999998], [121.61604, 18.017699999999998]]}}, {"type": "Feature", "properties": {"id": "CTR-00895", "elevation_m": 20.0}, "geometry": {"type": "LineString", "coordinates": [[121.6155, 18.017699999999998], [121.61604, 18.017699999999998]]}}, {"type": "Feature", "properties": {"id": "CTR-00896", "elevation_m": 20.0}, "geometry": {"type": "LineString", "coordinates": [[121.61676000686643, 18.017699999999998], [121.61730000686643, 18.017699999999998]]}}, {"type": "Feature", "properties": {"id": "CTR-00897", "elevation_m": 20.0}, "geometry": {"type": "LineString", "coordinates": [[121.62466981174853, 18.017699999999998], [121.62520981174853, 18.017699999999998]]}}, {"type": "Feature", "properties": {"id": "CTR-00898", "elevation_m": 20.0}, "geometry": {"type": "LineString", "coordinates": [[121.57208906283527, 18.0168], [121.57262906283528, 18.0168]]}}, {"type": "Feature", "properties": {"id": "CTR-00899", "elevation_m": 20.0}, "geometry": {"type": "LineString", "coordinates": [[121.62497547224811, 18.0168], [121.62551547224811, 18.0168]]}}, {"type": "Feature", "properties": {"id": "CTR-00900", "elevation_m": 20.0}, "geometry": {"type": "LineString", "coordinates": [[121.57192031262572, 18.0159], [121.57246031262572, 18.0159]]}}, {"type": "Feature", "properties": {"id": "CTR-00901", "elevation_m": 20.0}, "geometry": {"type": "LineString", "coordinates": [[121.62517924619968, 18.0159], [121.62571924619968, 18.0159]]}}, {"type": "Feature", "properties": {"id": "CTR-00902", "elevation_m": 20.0}, "geometry": {"type": "LineString", "coordinates": [[121.57187812567055, 18.014999999999997], [121.57241812567055, 18.014999999999997]]}}, {"type": "Feature", "properties": {"id": "CTR-00903", "elevation_m": 20.0}, "geometry": {"type": "LineString", "coordinates": [[121.62523018825146, 18.014999999999997], [121.62577018825147, 18.014999999999997]]}}, {"type": "Feature", "properties": {"id": "CTR-00904", "elevation_m": 20.0}, "geometry": {"type": "LineString", "coordinates": [[121.57199062567055, 18.0141], [121.57253062567055, 18.0141]]}}, {"type": "Feature", "properties": {"id": "CTR-00905", "elevation_m": 20.0}, "geometry": {"type": "LineString", "coordinates": [[121.62509433950041, 18.0141], [121.62563433950041, 18.0141]]}}, {"type": "Feature", "properties": {"id": "CTR-00906", "elevation_m": 20.0}, "geometry": {"type": "LineString", "coordinates": [[121.57224374882654, 18.013199999999998], [121.57278374882654, 18.013199999999998]]}}, {"type": "Feature", "properties": {"id": "CTR-00907", "elevation_m": 20.0}, "geometry": {"type": "LineString", "coordinates": [[121.62478867900083, 18.013199999999998], [121.62532867900083, 18.013199999999998]]}}, {"type": "Feature", "properties": {"id": "CTR-00908", "elevation_m": 20.0}, "geometry": {"type": "LineString", "coordinates": [[121.57262999980927, 18.0123], [121.57316999980927, 18.0123]]}}, {"type": "Feature", "properties": {"id": "CTR-00909", "elevation_m": 20.0}, "geometry": {"type": "LineString", "coordinates": [[121.61449090719933, 18.0123], [121.61503090719933, 18.0123]]}}, {"type": "Feature", "properties": {"id": "CTR-00910", "elevation_m": 20.0}, "geometry": {"type": "LineString", "coordinates": [[121.61805789188375, 18.0123], [121.61859789188375, 18.0123]]}}, {"type": "Feature", "properties": {"id": "CTR-00911", "elevation_m": 20.0}, "geometry": {"type": "LineString", "coordinates": [[121.6242749989271, 18.0123], [121.6248149989271, 18.0123]]}}, {"type": "Feature", "properties": {"id": "CTR-00912", "elevation_m": 20.0}, "geometry": {"type": "LineString", "coordinates": [[121.57313999866486, 18.0114], [121.57367999866486, 18.0114]]}}, {"type": "Feature", "properties": {"id": "CTR-00913", "elevation_m": 20.0}, "geometry": {"type": "LineString", "coordinates": [[121.61360425664022, 18.0114], [121.61414425664022, 18.0114]]}}, {"type": "Feature", "properties": {"id": "CTR-00914", "elevation_m": 20.0}, "geometry": {"type": "LineString", "coordinates": [[121.61946818359154, 18.0114], [121.62000818359154, 18.0114]]}}, {"type": "Feature", "properties": {"id": "CTR-00915", "elevation_m": 20.0}, "geometry": {"type": "LineString", "coordinates": [[121.6234615354143, 18.0114], [121.6240015354143, 18.0114]]}}, {"type": "Feature", "properties": {"id": "CTR-00916", "elevation_m": 20.0}, "geometry": {"type": "LineString", "coordinates": [[121.57377115321131, 18.010499999999997], [121.57431115321131, 18.010499999999997]]}}, {"type": "Feature", "properties": {"id": "CTR-00917", "elevation_m": 20.0}, "geometry": {"type": "LineString", "coordinates": [[121.61287659729886, 18.010499999999997], [121.61341659729887, 18.010499999999997]]}}, {"type": "Feature", "properties": {"id": "CTR-00918", "elevation_m": 20.0}, "geometry": {"type": "LineString", "coordinates": [[121.57452750160932, 18.0096], [121.57506750160933, 18.0096]]}}, {"type": "Feature", "properties": {"id": "CTR-00919", "elevation_m": 20.0}, "geometry": {"type": "LineString", "coordinates": [[121.58007272656337, 18.0096], [121.58061272656337, 18.0096]]}}, {"type": "Feature", "properties": {"id": "CTR-00920", "elevation_m": 20.0}, "geometry": {"type": "LineString", "coordinates": [[121.58426470677333, 18.0096], [121.58480470677333, 18.0096]]}}, {"type": "Feature", "properties": {"id": "CTR-00921", "elevation_m": 20.0}, "geometry": {"type": "LineString", "coordinates": [[121.61224736752285, 18.0096], [121.61278736752286, 18.0096]]}}, {"type": "Feature", "properties": {"id": "CTR-00922", "elevation_m": 20.0}, "geometry": {"type": "LineString", "coordinates": [[121.57550399780273, 18.008699999999997], [121.57604399780273, 18.008699999999997]]}}, {"type": "Feature", "properties": {"id": "CTR-00923", "elevation_m": 20.0}, "geometry": {"type": "LineString", "coordinates": [[121.57864091015492, 18.008699999999997], [121.57918091015492, 18.008699999999997]]}}, {"type": "Feature", "properties": {"id": "CTR-00924", "elevation_m": 20.0}, "geometry": {"type": "LineString", "coordinates": [[121.58510625052153, 18.008699999999997], [121.58564625052153, 18.008699999999997]]}}, {"type": "Feature", "properties": {"id": "CTR-00925", "elevation_m": 20.0}, "geometry": {"type": "LineString", "coordinates": [[121.61169677472942, 18.008699999999997], [121.61223677472942, 18.008699999999997]]}}, {"type": "Feature", "properties": {"id": "CTR-00926", "elevation_m": 20.0}, "geometry": {"type": "LineString", "coordinates": [[121.58564680843293, 18.0078], [121.58618680843293, 18.0078]]}}, {"type": "Feature", "properties": {"id": "CTR-00927", "elevation_m": 20.0}, "geometry": {"type": "LineString", "coordinates": [[121.61127580685351, 18.0078], [121.61181580685351, 18.0078]]}}, {"type": "Feature", "properties": {"id": "CTR-00928", "elevation_m": 20.0}, "geometry": {"type": "LineString", "coordinates": [[121.5859862082233, 18.006899999999998], [121.5865262082233, 18.006899999999998]]}}, {"type": "Feature", "properties": {"id": "CTR-00929", "elevation_m": 20.0}, "geometry": {"type": "LineString", "coordinates": [[121.6109852455787, 18.006899999999998], [121.6115252455787, 18.006899999999998]]}}, {"type": "Feature", "properties": {"id": "CTR-00930", "elevation_m": 20.0}, "geometry": {"type": "LineString", "coordinates": [[121.58614137828977, 18.006], [121.58668137828977, 18.006]]}}, {"type": "Feature", "properties": {"id": "CTR-00931", "elevation_m": 20.0}, "geometry": {"type": "LineString", "coordinates": [[121.6108377041799, 18.006], [121.6113777041799, 18.006]]}}, {"type": "Feature", "properties": {"id": "CTR-00932", "elevation_m": 20.0}, "geometry": {"type": "LineString", "coordinates": [[121.58613157767932, 18.0051], [121.58667157767933, 18.0051]]}}, {"type": "Feature", "properties": {"id": "CTR-00933", "elevation_m": 20.0}, "geometry": {"type": "LineString", "coordinates": [[121.6108377041799, 18.0051], [121.6113777041799, 18.0051]]}}, {"type": "Feature", "properties": {"id": "CTR-00934", "elevation_m": 20.0}, "geometry": {"type": "LineString", "coordinates": [[121.5859862082233, 18.004199999999997], [121.5865262082233, 18.004199999999997]]}}, {"type": "Feature", "properties": {"id": "CTR-00935", "elevation_m": 20.0}, "geometry": {"type": "LineString", "coordinates": [[121.6109852455787, 18.004199999999997], [121.6115252455787, 18.004199999999997]]}}, {"type": "Feature", "properties": {"id": "CTR-00936", "elevation_m": 20.0}, "geometry": {"type": "LineString", "coordinates": [[121.58568750089407, 18.0033], [121.58622750089407, 18.0033]]}}, {"type": "Feature", "properties": {"id": "CTR-00937", "elevation_m": 20.0}, "geometry": {"type": "LineString", "coordinates": [[121.61123225824313, 18.0033], [121.61177225824314, 18.0033]]}}, {"type": "Feature", "properties": {"id": "CTR-00938", "elevation_m": 20.0}, "geometry": {"type": "LineString", "coordinates": [[121.57578749731778, 18.002399999999998], [121.57632749731778, 18.002399999999998]]}}, {"type": "Feature", "properties": {"id": "CTR-00939", "elevation_m": 20.0}, "geometry": {"type": "LineString", "coordinates": [[121.57815, 18.002399999999998], [121.57869, 18.002399999999998]]}}, {"type": "Feature", "properties": {"id": "CTR-00940", "elevation_m": 20.0}, "geometry": {"type": "LineString", "coordinates": [[121.58529374865888, 18.002399999999998], [121.58583374865889, 18.002399999999998]]}}, {"type": "Feature", "properties": {"id": "CTR-00941", "elevation_m": 20.0}, "geometry": {"type": "LineString", "coordinates": [[121.61154590233133, 18.002399999999998], [121.61208590233133, 18.002399999999998]]}}, {"type": "Feature", "properties": {"id": "CTR-00942", "elevation_m": 20.0}, "geometry": {"type": "LineString", "coordinates": [[121.57497692251262, 18.0015], [121.57551692251262, 18.0015]]}}, {"type": "Feature", "properties": {"id": "CTR-00943", "elevation_m": 20.0}, "geometry": {"type": "LineString", "coordinates": [[121.57921363671831, 18.0015], [121.57975363671831, 18.0015]]}}, {"type": "Feature", "properties": {"id": "CTR-00944", "elevation_m": 20.0}, "geometry": {"type": "LineString", "coordinates": [[121.58484857030751, 18.0015], [121.58538857030752, 18.0015]]}}, {"type": "Feature", "properties": {"id": "CTR-00945", "elevation_m": 20.0}, "geometry": {"type": "LineString", "coordinates": [[121.6118704911574, 18.0015], [121.6124104911574, 18.0015]]}}, {"type": "Feature", "properties": {"id": "CTR-00946", "elevation_m": 20.0}, "geometry": {"type": "LineString", "coordinates": [[121.57451538596972, 18.0006], [121.57505538596972, 18.0006]]}}, {"type": "Feature", "properties": {"id": "CTR-00947", "elevation_m": 20.0}, "geometry": {"type": "LineString", "coordinates": [[121.58003181640845, 18.0006], [121.58057181640845, 18.0006]]}}, {"type": "Feature", "properties": {"id": "CTR-00948", "elevation_m": 20.0}, "geometry": {"type": "LineString", "coordinates": [[121.58433428501363, 18.0006], [121.58487428501363, 18.0006]]}}, {"type": "Feature", "properties": {"id": "CTR-00949", "elevation_m": 20.0}, "geometry": {"type": "LineString", "coordinates": [[121.61218421116033, 18.0006], [121.61272421116033, 18.0006]]}}, {"type": "Feature", "properties": {"id": "CTR-00950", "elevation_m": 20.0}, "geometry": {"type": "LineString", "coordinates": [[121.5741900017166, 17.999699999999997], [121.5747300017166, 17.999699999999997]]}}, {"type": "Feature", "properties": {"id": "CTR-00951", "elevation_m": 20.0}, "geometry": {"type": "LineString", "coordinates": [[121.58064999841052, 17.999699999999997], [121.58118999841052, 17.999699999999997]]}}, {"type": "Feature", "properties": {"id": "CTR-00952", "elevation_m": 20.0}, "geometry": {"type": "LineString", "coordinates": [[121.58390999828339, 17.999699999999997], [121.58444999828339, 17.999699999999997]]}}, {"type": "Feature", "properties": {"id": "CTR-00953", "elevation_m": 20.0}, "geometry": {"type": "LineString", "coordinates": [[121.61241428571428, 17.999699999999997], [121.61295428571428, 17.999699999999997]]}}, {"type": "Feature", "properties": {"id": "CTR-00954", "elevation_m": 20.0}, "geometry": {"type": "LineString", "coordinates": [[121.57406470509036, 17.9988], [121.57460470509037, 17.9988]]}}, {"type": "Feature", "properties": {"id": "CTR-00955", "elevation_m": 20.0}, "geometry": {"type": "LineString", "coordinates": [[121.58092105405812, 17.9988], [121.58146105405812, 17.9988]]}}, {"type": "Feature", "properties": {"id": "CTR-00956", "elevation_m": 20.0}, "geometry": {"type": "LineString", "coordinates": [[121.5836684234302, 17.9988], [121.5842084234302, 17.9988]]}}, {"type": "Feature", "properties": {"id": "CTR-00957", "elevation_m": 20.0}, "geometry": {"type": "LineString", "coordinates": [[121.61249464274766, 17.9988], [121.61303464274766, 17.9988]]}}, {"type": "Feature", "properties": {"id": "CTR-00958", "elevation_m": 20.0}, "geometry": {"type": "LineString", "coordinates": [[121.57414500107288, 17.997899999999998], [121.57468500107288, 17.997899999999998]]}}, {"type": "Feature", "properties": {"id": "CTR-00959", "elevation_m": 20.0}, "geometry": {"type": "LineString", "coordinates": [[121.58073157656979, 17.997899999999998], [121.58127157656979, 17.997899999999998]]}}, {"type": "Feature", "properties": {"id": "CTR-00960", "elevation_m": 20.0}, "geometry": {"type": "LineString", "coordinates": [[121.58385789188375, 17.997899999999998], [121.58439789188375, 17.997899999999998]]}}, {"type": "Feature", "properties": {"id": "CTR-00961", "elevation_m": 20.0}, "geometry": {"type": "LineString", "coordinates": [[121.61243035752602, 17.997899999999998], [121.61297035752602, 17.997899999999998]]}}, {"type": "Feature", "properties": {"id": "CTR-00962", "elevation_m": 20.0}, "geometry": {"type": "LineString", "coordinates": [[121.57445999999999, 17.997], [121.57499999999999, 17.997]]}}, {"type": "Feature", "properties": {"id": "CTR-00963", "elevation_m": 20.0}, "geometry": {"type": "LineString", "coordinates": [[121.58008695619723, 17.997], [121.58062695619724, 17.997]]}}, {"type": "Feature", "properties": {"id": "CTR-00964", "elevation_m": 20.0}, "geometry": {"type": "LineString", "coordinates": [[121.58429117795554, 17.997], [121.58483117795554, 17.997]]}}, {"type": "Feature", "properties": {"id": "CTR-00965", "elevation_m": 20.0}, "geometry": {"type": "LineString", "coordinates": [[121.61218928648063, 17.997], [121.61272928648063, 17.997]]}}, {"type": "Feature", "properties": {"id": "CTR-00966", "elevation_m": 20.0}, "geometry": {"type": "LineString", "coordinates": [[121.57503600082397, 17.9961], [121.57557600082397, 17.9961]]}}, {"type": "Feature", "properties": {"id": "CTR-00967", "elevation_m": 20.0}, "geometry": {"type": "LineString", "coordinates": [[121.57913181640845, 17.9961], [121.57967181640845, 17.9961]]}}, {"type": "Feature", "properties": {"id": "CTR-00968", "elevation_m": 20.0}, "geometry": {"type": "LineString", "coordinates": [[121.58491914940242, 17.9961], [121.58545914940242, 17.9961]]}}, {"type": "Feature", "properties": {"id": "CTR-00969", "elevation_m": 20.0}, "geometry": {"type": "LineString", "coordinates": [[121.61181147600956, 17.9961], [121.61235147600956, 17.9961]]}}, {"type": "Feature", "properties": {"id": "CTR-00970", "elevation_m": 20.0}, "geometry": {"type": "LineString", "coordinates": [[121.57669999788072, 17.995199999999997], [121.57723999788072, 17.995199999999997]]}}, {"type": "Feature", "properties": {"id": "CTR-00971", "elevation_m": 20.0}, "geometry": {"type": "LineString", "coordinates": [[121.57697999999999, 17.995199999999997], [121.57751999999999, 17.995199999999997]]}}, {"type": "Feature", "properties": {"id": "CTR-00972", "elevation_m": 20.0}, "geometry": {"type": "LineString", "coordinates": [[121.58553191567071, 17.995199999999997], [121.58607191567071, 17.995199999999997]]}}, {"type": "Feature", "properties": {"id": "CTR-00973", "elevation_m": 20.0}, "geometry": {"type": "LineString", "coordinates": [[121.61133934430842, 17.995199999999997], [121.61187934430842, 17.995199999999997]]}}, {"type": "Feature", "properties": {"id": "CTR-00974", "elevation_m": 20.0}, "geometry": {"type": "LineString", "coordinates": [[121.58616315736639, 17.9943], [121.58670315736639, 17.9943]]}}, {"type": "Feature", "properties": {"id": "CTR-00975", "elevation_m": 20.0}, "geometry": {"type": "LineString", "coordinates": [[121.61079344308428, 17.9943], [121.61133344308428, 17.9943]]}}, {"type": "Feature", "properties": {"id": "CTR-00976", "elevation_m": 20.0}, "geometry": {"type": "LineString", "coordinates": [[121.5867725796627, 17.993399999999998], [121.58731257966271, 17.993399999999998]]}}, {"type": "Feature", "properties": {"id": "CTR-00977", "elevation_m": 20.0}, "geometry": {"type": "LineString", "coordinates": [[121.61021803255622, 17.993399999999998], [121.61075803255622, 17.993399999999998]]}}, {"type": "Feature", "properties": {"id": "CTR-00978", "elevation_m": 20.0}, "geometry": {"type": "LineString", "coordinates": [[121.58730967670483, 17.9925], [121.58784967670483, 17.9925]]}}, {"type": "Feature", "properties": {"id": "CTR-00979", "elevation_m": 20.0}, "geometry": {"type": "LineString", "coordinates": [[121.60962545403473, 17.9925], [121.61016545403473, 17.9925]]}}, {"type": "Feature", "properties": {"id": "CTR-00980", "elevation_m": 20.0}, "geometry": {"type": "LineString", "coordinates": [[121.58776500081062, 17.9916], [121.58830500081062, 17.9916]]}}, {"type": "Feature", "properties": {"id": "CTR-00981", "elevation_m": 20.0}, "geometry": {"type": "LineString", "coordinates": [[121.5990840019226, 17.9916], [121.5996240019226, 17.9916]]}}, {"type": "Feature", "properties": {"id": "CTR-00982", "elevation_m": 20.0}, "geometry": {"type": "LineString", "coordinates": [[121.60171875402331, 17.9916], [121.60225875402331, 17.9916]]}}, {"type": "Feature", "properties": {"id": "CTR-00983", "elevation_m": 20.0}, "geometry": {"type": "LineString", "coordinates": [[121.60908000076293, 17.9916], [121.60962000076293, 17.9916]]}}, {"type": "Feature", "properties": {"id": "CTR-00984", "elevation_m": 20.0}, "geometry": {"type": "LineString", "coordinates": [[121.58811639348875, 17.990699999999997], [121.58865639348875, 17.990699999999997]]}}, {"type": "Feature", "properties": {"id": "CTR-00985", "elevation_m": 20.0}, "geometry": {"type": "LineString", "coordinates": [[121.59828461696466, 17.990699999999997], [121.59882461696466, 17.990699999999997]]}}, {"type": "Feature", "properties": {"id": "CTR-00986", "elevation_m": 20.0}, "geometry": {"type": "LineString", "coordinates": [[121.60274347566487, 17.990699999999997], [121.60328347566487, 17.990699999999997]]}}, {"type": "Feature", "properties": {"id": "CTR-00987", "elevation_m": 20.0}, "geometry": {"type": "LineString", "coordinates": [[121.60860681702913, 17.990699999999997], [121.60914681702913, 17.990699999999997]]}}, {"type": "Feature", "properties": {"id": "CTR-00988", "elevation_m": 20.0}, "geometry": {"type": "LineString", "coordinates": [[121.5883229497586, 17.9898], [121.5888629497586, 17.9898]]}}, {"type": "Feature", "properties": {"id": "CTR-00989", "elevation_m": 20.0}, "geometry": {"type": "LineString", "coordinates": [[121.59796153868726, 17.9898], [121.59850153868726, 17.9898]]}}, {"type": "Feature", "properties": {"id": "CTR-00990", "elevation_m": 20.0}, "geometry": {"type": "LineString", "coordinates": [[121.60326000137329, 17.9898], [121.60380000137329, 17.9898]]}}, {"type": "Feature", "properties": {"id": "CTR-00991", "elevation_m": 20.0}, "geometry": {"type": "LineString", "coordinates": [[121.60832045498879, 17.9898], [121.60886045498879, 17.9898]]}}, {"type": "Feature", "properties": {"id": "CTR-00992", "elevation_m": 20.0}, "geometry": {"type": "LineString", "coordinates": [[121.58838196744378, 17.988899999999997], [121.58892196744378, 17.988899999999997]]}}, {"type": "Feature", "properties": {"id": "CTR-00993", "elevation_m": 20.0}, "geometry": {"type": "LineString", "coordinates": [[121.59788250053644, 17.988899999999997], [121.59842250053644, 17.988899999999997]]}}, {"type": "Feature", "properties": {"id": "CTR-00994", "elevation_m": 20.0}, "geometry": {"type": "LineString", "coordinates": [[121.60340399780273, 17.988899999999997], [121.60394399780273, 17.988899999999997]]}}, {"type": "Feature", "properties": {"id": "CTR-00995", "elevation_m": 20.0}, "geometry": {"type": "LineString", "coordinates": [[121.6082399988556, 17.988899999999997], [121.6087799988556, 17.988899999999997]]}}, {"type": "Feature", "properties": {"id": "CTR-00996", "elevation_m": 20.0}, "geometry": {"type": "LineString", "coordinates": [[121.58827868861685, 17.988], [121.58881868861685, 17.988]]}}, {"type": "Feature", "properties": {"id": "CTR-00997", "elevation_m": 20.0}, "geometry": {"type": "LineString", "coordinates": [[121.59803076900504, 17.988], [121.59857076900504, 17.988]]}}, {"type": "Feature", "properties": {"id": "CTR-00998", "elevation_m": 20.0}, "geometry": {"type": "LineString", "coordinates": [[121.60316249910592, 17.988], [121.60370249910592, 17.988]]}}, {"type": "Feature", "properties": {"id": "CTR-00999", "elevation_m": 20.0}, "geometry": {"type": "LineString", "coordinates": [[121.60838000169541, 17.988], [121.60892000169541, 17.988]]}}, {"type": "Feature", "properties": {"id": "CTR-01000", "elevation_m": 20.0}, "geometry": {"type": "LineString", "coordinates": [[121.58807213022487, 17.987099999999998], [121.58861213022487, 17.987099999999998]]}}, {"type": "Feature", "properties": {"id": "CTR-01001", "elevation_m": 20.0}, "geometry": {"type": "LineString", "coordinates": [[121.59835384525095, 17.987099999999998], [121.59889384525096, 17.987099999999998]]}}, {"type": "Feature", "properties": {"id": "CTR-01002", "elevation_m": 20.0}, "geometry": {"type": "LineString", "coordinates": [[121.60262608760551, 17.987099999999998], [121.60316608760552, 17.987099999999998]]}}, {"type": "Feature", "properties": {"id": "CTR-01003", "elevation_m": 20.0}, "geometry": {"type": "LineString", "coordinates": [[121.60866818199551, 17.987099999999998], [121.60920818199551, 17.987099999999998]]}}, {"type": "Feature", "properties": {"id": "CTR-01004", "elevation_m": 20.0}, "geometry": {"type": "LineString", "coordinates": [[121.58776500081062, 17.9862], [121.58830500081062, 17.9862]]}}, {"type": "Feature", "properties": {"id": "CTR-01005", "elevation_m": 20.0}, "geometry": {"type": "LineString", "coordinates": [[121.59904800109862, 17.9862], [121.59958800109862, 17.9862]]}}, {"type": "Feature", "properties": {"id": "CTR-01006", "elevation_m": 20.0}, "geometry": {"type": "LineString", "coordinates": [[121.60177499731782, 17.9862], [121.60231499731782, 17.9862]]}}, {"type": "Feature", "properties": {"id": "CTR-01007", "elevation_m": 20.0}, "geometry": {"type": "LineString", "coordinates": [[121.60908000076293, 17.9862], [121.60962000076293, 17.9862]]}}, {"type": "Feature", "properties": {"id": "CTR-01008", "elevation_m": 20.0}, "geometry": {"type": "LineString", "coordinates": [[121.58744032191079, 17.9853], [121.58798032191079, 17.9853]]}}, {"type": "Feature", "properties": {"id": "CTR-01009", "elevation_m": 20.0}, "geometry": {"type": "LineString", "coordinates": [[121.6094618182953, 17.9853], [121.6100018182953, 17.9853]]}}, {"type": "Feature", "properties": {"id": "CTR-01010", "elevation_m": 20.0}, "geometry": {"type": "LineString", "coordinates": [[121.58712786977512, 17.984399999999997], [121.58766786977512, 17.984399999999997]]}}, {"type": "Feature", "properties": {"id": "CTR-01011", "elevation_m": 20.0}, "geometry": {"type": "LineString", "coordinates": [[121.60981666701987, 17.984399999999997], [121.61035666701987, 17.984399999999997]]}}, {"type": "Feature", "properties": {"id": "CTR-01012", "elevation_m": 20.0}, "geometry": {"type": "LineString", "coordinates": [[121.58688870878427, 17.9835], [121.58742870878427, 17.9835]]}}, {"type": "Feature", "properties": {"id": "CTR-01013", "elevation_m": 20.0}, "geometry": {"type": "LineString", "coordinates": [[121.61008363602315, 17.9835], [121.61062363602315, 17.9835]]}}, {"type": "Feature", "properties": {"id": "CTR-01014", "elevation_m": 20.0}, "geometry": {"type": "LineString", "coordinates": [[121.58675806576652, 17.982599999999998], [121.58729806576652, 17.982599999999998]]}}, {"type": "Feature", "properties": {"id": "CTR-01015", "elevation_m": 20.0}, "geometry": {"type": "LineString", "coordinates": [[121.61021803255622, 17.982599999999998], [121.61075803255622, 17.982599999999998]]}}, {"type": "Feature", "properties": {"id": "CTR-01016", "elevation_m": 20.0}, "geometry": {"type": "LineString", "coordinates": [[121.58675901768517, 17.9817], [121.58729901768517, 17.9817]]}}, {"type": "Feature", "properties": {"id": "CTR-01017", "elevation_m": 20.0}, "geometry": {"type": "LineString", "coordinates": [[121.61020499947547, 17.9817], [121.61074499947547, 17.9817]]}}, {"type": "Feature", "properties": {"id": "CTR-01018", "elevation_m": 20.0}, "geometry": {"type": "LineString", "coordinates": [[121.58692131138314, 17.9808], [121.58746131138314, 17.9808]]}}, {"type": "Feature", "properties": {"id": "CTR-01019", "elevation_m": 20.0}, "geometry": {"type": "LineString", "coordinates": [[121.6100345440926, 17.9808], [121.6105745440926, 17.9808]]}}, {"type": "Feature", "properties": {"id": "CTR-01020", "elevation_m": 20.0}, "geometry": {"type": "LineString", "coordinates": [[121.58723114791005, 17.979899999999997], [121.58777114791005, 17.979899999999997]]}}, {"type": "Feature", "properties": {"id": "CTR-01021", "elevation_m": 20.0}, "geometry": {"type": "LineString", "coordinates": [[121.60969090852343, 17.979899999999997], [121.61023090852343, 17.979899999999997]]}}, {"type": "Feature", "properties": {"id": "CTR-01022", "elevation_m": 20.0}, "geometry": {"type": "LineString", "coordinates": [[121.58765901768517, 17.979], [121.58819901768517, 17.979]]}}, {"type": "Feature", "properties": {"id": "CTR-01023", "elevation_m": 20.0}, "geometry": {"type": "LineString", "coordinates": [[121.5993, 17.979], [121.59984, 17.979]]}}, {"type": "Feature", "properties": {"id": "CTR-01024", "elevation_m": 20.0}, "geometry": {"type": "LineString", "coordinates": [[121.5993, 17.979], [121.59984, 17.979]]}}, {"type": "Feature", "properties": {"id": "CTR-01025", "elevation_m": 20.0}, "geometry": {"type": "LineString", "coordinates": [[121.60138124597668, 17.979], [121.60192124597668, 17.979]]}}, {"type": "Feature", "properties": {"id": "CTR-01026", "elevation_m": 20.0}, "geometry": {"type": "LineString", "coordinates": [[121.60921636397684, 17.979], [121.60975636397684, 17.979]]}}, {"type": "Feature", "properties": {"id": "CTR-01027", "elevation_m": 20.0}, "geometry": {"type": "LineString", "coordinates": [[121.58819016462643, 17.978099999999998], [121.58873016462643, 17.978099999999998]]}}, {"type": "Feature", "properties": {"id": "CTR-01028", "elevation_m": 20.0}, "geometry": {"type": "LineString", "coordinates": [[121.59814615328185, 17.978099999999998], [121.59868615328185, 17.978099999999998]]}}, {"type": "Feature", "properties": {"id": "CTR-01029", "elevation_m": 20.0}, "geometry": {"type": "LineString", "coordinates": [[121.60297200164794, 17.978099999999998], [121.60351200164794, 17.978099999999998]]}}, {"type": "Feature", "properties": {"id": "CTR-01030", "elevation_m": 20.0}, "geometry": {"type": "LineString", "coordinates": [[121.60850000042385, 17.978099999999998], [121.60904000042385, 17.978099999999998]]}}, {"type": "Feature", "properties": {"id": "CTR-01031", "elevation_m": 20.0}, "geometry": {"type": "LineString", "coordinates": [[121.58879454534105, 17.9772], [121.58933454534105, 17.9772]]}}, {"type": "Feature", "properties": {"id": "CTR-01032", "elevation_m": 20.0}, "geometry": {"type": "LineString", "coordinates": [[121.59732352881778, 17.9772], [121.59786352881778, 17.9772]]}}, {"type": "Feature", "properties": {"id": "CTR-01033", "elevation_m": 20.0}, "geometry": {"type": "LineString", "coordinates": [[121.60448571662124, 17.9772], [121.60502571662124, 17.9772]]}}, {"type": "Feature", "properties": {"id": "CTR-01034", "elevation_m": 20.0}, "geometry": {"type": "LineString", "coordinates": [[121.60745806558789, 17.9772], [121.60799806558789, 17.9772]]}}, {"type": "Feature", "properties": {"id": "CTR-01035", "elevation_m": 20.0}, "geometry": {"type": "LineString", "coordinates": [[121.58942045498878, 17.9763], [121.58996045498878, 17.9763]]}}, {"type": "Feature", "properties": {"id": "CTR-01036", "elevation_m": 20.0}, "geometry": {"type": "LineString", "coordinates": [[121.59665294236443, 17.9763], [121.59719294236443, 17.9763]]}}, {"type": "Feature", "properties": {"id": "CTR-01037", "elevation_m": 20.0}, "geometry": {"type": "LineString", "coordinates": [[121.59011590900224, 17.975399999999997], [121.59065590900224, 17.975399999999997]]}}, {"type": "Feature", "properties": {"id": "CTR-01038", "elevation_m": 20.0}, "geometry": {"type": "LineString", "coordinates": [[121.59552000274658, 17.975399999999997], [121.59606000274658, 17.975399999999997]]}}, {"type": "Feature", "properties": {"id": "CTR-01039", "elevation_m": 20.0}, "geometry": {"type": "LineString", "coordinates": [[121.59083999885559, 17.9745], [121.59137999885559, 17.9745]]}}, {"type": "Feature", "properties": {"id": "CTR-01040", "elevation_m": 20.0}, "geometry": {"type": "LineString", "coordinates": [[121.5945, 17.9745], [121.59504, 17.9745]]}}, {"type": "Feature", "properties": {"id": "CTR-01041", "elevation_m": 20.0}, "geometry": {"type": "LineString", "coordinates": [[121.59155999771117, 17.973599999999998], [121.59209999771117, 17.973599999999998]]}}, {"type": "Feature", "properties": {"id": "CTR-01042", "elevation_m": 20.0}, "geometry": {"type": "LineString", "coordinates": [[121.59362307286011, 17.973599999999998], [121.59416307286011, 17.973599999999998]]}}, {"type": "Feature", "properties": {"id": "CTR-01043", "elevation_m": 20.0}, "geometry": {"type": "LineString", "coordinates": [[121.59197999694823, 17.9727], [121.59251999694823, 17.9727]]}}, {"type": "Feature", "properties": {"id": "CTR-01044", "elevation_m": 20.0}, "geometry": {"type": "LineString", "coordinates": [[121.59307500119208, 17.9727], [121.59361500119208, 17.9727]]}}, {"type": "Feature", "properties": {"id": "CTR-01045", "elevation_m": 20.0}, "geometry": {"type": "LineString", "coordinates": [[121.59184285363959, 17.971799999999998], [121.59238285363959, 17.971799999999998]]}}, {"type": "Feature", "properties": {"id": "CTR-01046", "elevation_m": 20.0}, "geometry": {"type": "LineString", "coordinates": [[121.59327692713987, 17.971799999999998], [121.59381692713987, 17.971799999999998]]}}, {"type": "Feature", "properties": {"id": "CTR-01047", "elevation_m": 20.0}, "geometry": {"type": "LineString", "coordinates": [[121.59116999942779, 17.9709], [121.59170999942779, 17.9709]]}}, {"type": "Feature", "properties": {"id": "CTR-01048", "elevation_m": 20.0}, "geometry": {"type": "LineString", "coordinates": [[121.59402857376408, 17.9709], [121.59456857376408, 17.9709]]}}, {"type": "Feature", "properties": {"id": "CTR-01049", "elevation_m": 25.0}, "geometry": {"type": "LineString", "coordinates": [[121.5430928560724, 18.15], [121.5436328560724, 18.15]]}}, {"type": "Feature", "properties": {"id": "CTR-01050", "elevation_m": 25.0}, "geometry": {"type": "LineString", "coordinates": [[121.54889999999999, 18.15], [121.54943999999999, 18.15]]}}, {"type": "Feature", "properties": {"id": "CTR-01051", "elevation_m": 25.0}, "geometry": {"type": "LineString", "coordinates": [[121.54889999999999, 18.15], [121.54943999999999, 18.15]]}}, {"type": "Feature", "properties": {"id": "CTR-01052", "elevation_m": 25.0}, "geometry": {"type": "LineString", "coordinates": [[121.55255142969247, 18.15], [121.55309142969247, 18.15]]}}, {"type": "Feature", "properties": {"id": "CTR-01053", "elevation_m": 25.0}, "geometry": {"type": "LineString", "coordinates": [[121.6439842102093, 18.15], [121.6445242102093, 18.15]]}}, {"type": "Feature", "properties": {"id": "CTR-01054", "elevation_m": 25.0}, "geometry": {"type": "LineString", "coordinates": [[121.54250000070643, 18.149099999999997], [121.54304000070643, 18.149099999999997]]}}, {"type": "Feature", "properties": {"id": "CTR-01055", "elevation_m": 25.0}, "geometry": {"type": "LineString", "coordinates": [[121.64449148959483, 18.149099999999997], [121.64503148959483, 18.149099999999997]]}}, {"type": "Feature", "properties": {"id": "CTR-01056", "elevation_m": 25.0}, "geometry": {"type": "LineString", "coordinates": [[121.54211666596024, 18.1482], [121.54265666596024, 18.1482]]}}, {"type": "Feature", "properties": {"id": "CTR-01057", "elevation_m": 25.0}, "geometry": {"type": "LineString", "coordinates": [[121.64491276626828, 18.1482], [121.64545276626828, 18.1482]]}}, {"type": "Feature", "properties": {"id": "CTR-01058", "elevation_m": 25.0}, "geometry": {"type": "LineString", "coordinates": [[121.6515, 18.1482], [121.65204, 18.1482]]}}, {"type": "Feature", "properties": {"id": "CTR-01059", "elevation_m": 25.0}, "geometry": {"type": "LineString", "coordinates": [[121.6515, 18.1482], [121.65204, 18.1482]]}}, {"type": "Feature", "properties": {"id": "CTR-01060", "elevation_m": 25.0}, "geometry": {"type": "LineString", "coordinates": [[121.65426428702801, 18.1482], [121.65480428702801, 18.1482]]}}, {"type": "Feature", "properties": {"id": "CTR-01061", "elevation_m": 25.0}, "geometry": {"type": "LineString", "coordinates": [[121.54190000105963, 18.147299999999998], [121.54244000105963, 18.147299999999998]]}}, {"type": "Feature", "properties": {"id": "CTR-01062", "elevation_m": 25.0}, "geometry": {"type": "LineString", "coordinates": [[121.64518085059757, 18.147299999999998], [121.64572085059757, 18.147299999999998]]}}, {"type": "Feature", "properties": {"id": "CTR-01063", "elevation_m": 25.0}, "geometry": {"type": "LineString", "coordinates": [[121.65091500042915, 18.147299999999998], [121.65145500042915, 18.147299999999998]]}}, {"type": "Feature", "properties": {"id": "CTR-01064", "elevation_m": 25.0}, "geometry": {"type": "LineString", "coordinates": [[121.65468214373297, 18.147299999999998], [121.65522214373297, 18.147299999999998]]}}, {"type": "Feature", "properties": {"id": "CTR-01065", "elevation_m": 25.0}, "geometry": {"type": "LineString", "coordinates": [[121.54185, 18.1464], [121.54239, 18.1464]]}}, {"type": "Feature", "properties": {"id": "CTR-01066", "elevation_m": 25.0}, "geometry": {"type": "LineString", "coordinates": [[121.64525454671559, 18.1464], [121.64579454671559, 18.1464]]}}, {"type": "Feature", "properties": {"id": "CTR-01067", "elevation_m": 25.0}, "geometry": {"type": "LineString", "coordinates": [[121.65078000343321, 18.1464], [121.65132000343321, 18.1464]]}}, {"type": "Feature", "properties": {"id": "CTR-01068", "elevation_m": 25.0}, "geometry": {"type": "LineString", "coordinates": [[121.65477857099066, 18.1464], [121.65531857099066, 18.1464]]}}, {"type": "Feature", "properties": {"id": "CTR-01069", "elevation_m": 25.0}, "geometry": {"type": "LineString", "coordinates": [[121.54198333298011, 18.1455], [121.54252333298011, 18.1455]]}}, {"type": "Feature", "properties": {"id": "CTR-01070", "elevation_m": 25.0}, "geometry": {"type": "LineString", "coordinates": [[121.64510425664021, 18.1455], [121.64564425664021, 18.1455]]}}, {"type": "Feature", "properties": {"id": "CTR-01071", "elevation_m": 25.0}, "geometry": {"type": "LineString", "coordinates": [[121.65109500085829, 18.1455], [121.65163500085829, 18.1455]]}}, {"type": "Feature", "properties": {"id": "CTR-01072", "elevation_m": 25.0}, "geometry": {"type": "LineString", "coordinates": [[121.65455357252334, 18.1455], [121.65509357252334, 18.1455]]}}, {"type": "Feature", "properties": {"id": "CTR-01073", "elevation_m": 25.0}, "geometry": {"type": "LineString", "coordinates": [[121.54226666596024, 18.144599999999997], [121.54280666596024, 18.144599999999997]]}}, {"type": "Feature", "properties": {"id": "CTR-01074", "elevation_m": 25.0}, "geometry": {"type": "LineString", "coordinates": [[121.64479787350606, 18.144599999999997], [121.64533787350607, 18.144599999999997]]}}, {"type": "Feature", "properties": {"id": "CTR-01075", "elevation_m": 25.0}, "geometry": {"type": "LineString", "coordinates": [[121.65198461640037, 18.144599999999997], [121.65252461640037, 18.144599999999997]]}}, {"type": "Feature", "properties": {"id": "CTR-01076", "elevation_m": 25.0}, "geometry": {"type": "LineString", "coordinates": [[121.6538250023842, 18.144599999999997], [121.6543650023842, 18.144599999999997]]}}, {"type": "Feature", "properties": {"id": "CTR-01077", "elevation_m": 25.0}, "geometry": {"type": "LineString", "coordinates": [[121.54266428717399, 18.1437], [121.54320428717399, 18.1437]]}}, {"type": "Feature", "properties": {"id": "CTR-01078", "elevation_m": 25.0}, "geometry": {"type": "LineString", "coordinates": [[121.55024999999999, 18.1437], [121.55078999999999, 18.1437]]}}, {"type": "Feature", "properties": {"id": "CTR-01079", "elevation_m": 25.0}, "geometry": {"type": "LineString", "coordinates": [[121.5516, 18.1437], [121.55214, 18.1437]]}}, {"type": "Feature", "properties": {"id": "CTR-01080", "elevation_m": 25.0}, "geometry": {"type": "LineString", "coordinates": [[121.5516, 18.1437], [121.55214, 18.1437]]}}, {"type": "Feature", "properties": {"id": "CTR-01081", "elevation_m": 25.0}, "geometry": {"type": "LineString", "coordinates": [[121.64435744797416, 18.1437], [121.64489744797416, 18.1437]]}}, {"type": "Feature", "properties": {"id": "CTR-01082", "elevation_m": 25.0}, "geometry": {"type": "LineString", "coordinates": [[121.5432428553912, 18.142799999999998], [121.5437828553912, 18.142799999999998]]}}, {"type": "Feature", "properties": {"id": "CTR-01083", "elevation_m": 25.0}, "geometry": {"type": "LineString", "coordinates": [[121.54864285831061, 18.142799999999998], [121.54918285831062, 18.142799999999998]]}}, {"type": "Feature", "properties": {"id": "CTR-01084", "elevation_m": 25.0}, "geometry": {"type": "LineString", "coordinates": [[121.55270571386531, 18.142799999999998], [121.55324571386531, 18.142799999999998]]}}, {"type": "Feature", "properties": {"id": "CTR-01085", "elevation_m": 25.0}, "geometry": {"type": "LineString", "coordinates": [[121.64392105279008, 18.142799999999998], [121.64446105279008, 18.142799999999998]]}}, {"type": "Feature", "properties": {"id": "CTR-01086", "elevation_m": 25.0}, "geometry": {"type": "LineString", "coordinates": [[121.54403333192047, 18.1419], [121.54457333192047, 18.1419]]}}, {"type": "Feature", "properties": {"id": "CTR-01087", "elevation_m": 25.0}, "geometry": {"type": "LineString", "coordinates": [[121.54745999828339, 18.1419], [121.54799999828339, 18.1419]]}}, {"type": "Feature", "properties": {"id": "CTR-01088", "elevation_m": 25.0}, "geometry": {"type": "LineString", "coordinates": [[121.5534, 18.1419], [121.55394, 18.1419]]}}, {"type": "Feature", "properties": {"id": "CTR-01089", "elevation_m": 25.0}, "geometry": {"type": "LineString", "coordinates": [[121.5534, 18.1419], [121.55394, 18.1419]]}}, {"type": "Feature", "properties": {"id": "CTR-01090", "elevation_m": 25.0}, "geometry": {"type": "LineString", "coordinates": [[121.64349473604958, 18.1419], [121.64403473604958, 18.1419]]}}, {"type": "Feature", "properties": {"id": "CTR-01091", "elevation_m": 25.0}, "geometry": {"type": "LineString", "coordinates": [[121.55386875044702, 18.141], [121.55440875044702, 18.141]]}}, {"type": "Feature", "properties": {"id": "CTR-01092", "elevation_m": 25.0}, "geometry": {"type": "LineString", "coordinates": [[121.64314285714285, 18.141], [121.64368285714285, 18.141]]}}, {"type": "Feature", "properties": {"id": "CTR-01093", "elevation_m": 25.0}, "geometry": {"type": "LineString", "coordinates": [[121.5542062513411, 18.1401], [121.5547462513411, 18.1401]]}}, {"type": "Feature", "properties": {"id": "CTR-01094", "elevation_m": 25.0}, "geometry": {"type": "LineString", "coordinates": [[121.64288571428571, 18.1401], [121.64342571428571, 18.1401]]}}, {"type": "Feature", "properties": {"id": "CTR-01095", "elevation_m": 25.0}, "geometry": {"type": "LineString", "coordinates": [[121.55436207019021, 18.1392], [121.55490207019021, 18.1392]]}}, {"type": "Feature", "properties": {"id": "CTR-01096", "elevation_m": 25.0}, "geometry": {"type": "LineString", "coordinates": [[121.64274285757536, 18.1392], [121.64328285757536, 18.1392]]}}, {"type": "Feature", "properties": {"id": "CTR-01097", "elevation_m": 25.0}, "geometry": {"type": "LineString", "coordinates": [[121.55436101832993, 18.138299999999997], [121.55490101832993, 18.138299999999997]]}}, {"type": "Feature", "properties": {"id": "CTR-01098", "elevation_m": 25.0}, "geometry": {"type": "LineString", "coordinates": [[121.64275714285714, 18.138299999999997], [121.64329714285714, 18.138299999999997]]}}, {"type": "Feature", "properties": {"id": "CTR-01099", "elevation_m": 25.0}, "geometry": {"type": "LineString", "coordinates": [[121.55416875044703, 18.1374], [121.55470875044703, 18.1374]]}}, {"type": "Feature", "properties": {"id": "CTR-01100", "elevation_m": 25.0}, "geometry": {"type": "LineString", "coordinates": [[121.64291428631978, 18.1374], [121.64345428631978, 18.1374]]}}, {"type": "Feature", "properties": {"id": "CTR-01101", "elevation_m": 25.0}, "geometry": {"type": "LineString", "coordinates": [[121.54516153643006, 18.136499999999998], [121.54570153643006, 18.136499999999998]]}}, {"type": "Feature", "properties": {"id": "CTR-01102", "elevation_m": 25.0}, "geometry": {"type": "LineString", "coordinates": [[121.5462, 18.136499999999998], [121.54674, 18.136499999999998]]}}, {"type": "Feature", "properties": {"id": "CTR-01103", "elevation_m": 25.0}, "geometry": {"type": "LineString", "coordinates": [[121.5462, 18.136499999999998], [121.54674, 18.136499999999998]]}}, {"type": "Feature", "properties": {"id": "CTR-01104", "elevation_m": 25.0}, "geometry": {"type": "LineString", "coordinates": [[121.55378571278429, 18.136499999999998], [121.55432571278429, 18.136499999999998]]}}, {"type": "Feature", "properties": {"id": "CTR-01105", "elevation_m": 25.0}, "geometry": {"type": "LineString", "coordinates": [[121.6432142866658, 18.136499999999998], [121.6437542866658, 18.136499999999998]]}}, {"type": "Feature", "properties": {"id": "CTR-01106", "elevation_m": 25.0}, "geometry": {"type": "LineString", "coordinates": [[121.54385357252335, 18.1356], [121.54439357252335, 18.1356]]}}, {"type": "Feature", "properties": {"id": "CTR-01107", "elevation_m": 25.0}, "geometry": {"type": "LineString", "coordinates": [[121.54773000085831, 18.1356], [121.54827000085831, 18.1356]]}}, {"type": "Feature", "properties": {"id": "CTR-01108", "elevation_m": 25.0}, "geometry": {"type": "LineString", "coordinates": [[121.55322000098091, 18.1356], [121.55376000098092, 18.1356]]}}, {"type": "Feature", "properties": {"id": "CTR-01109", "elevation_m": 25.0}, "geometry": {"type": "LineString", "coordinates": [[121.64363275805937, 18.1356], [121.64417275805937, 18.1356]]}}, {"type": "Feature", "properties": {"id": "CTR-01110", "elevation_m": 25.0}, "geometry": {"type": "LineString", "coordinates": [[121.54305, 18.1347], [121.54359, 18.1347]]}}, {"type": "Feature", "properties": {"id": "CTR-01111", "elevation_m": 25.0}, "geometry": {"type": "LineString", "coordinates": [[121.54916470172446, 18.1347], [121.54970470172447, 18.1347]]}}, {"type": "Feature", "properties": {"id": "CTR-01112", "elevation_m": 25.0}, "geometry": {"type": "LineString", "coordinates": [[121.55231052251166, 18.1347], [121.55285052251166, 18.1347]]}}, {"type": "Feature", "properties": {"id": "CTR-01113", "elevation_m": 25.0}, "geometry": {"type": "LineString", "coordinates": [[121.64414210457629, 18.1347], [121.64468210457629, 18.1347]]}}, {"type": "Feature", "properties": {"id": "CTR-01114", "elevation_m": 25.0}, "geometry": {"type": "LineString", "coordinates": [[121.54240363539893, 18.133799999999997], [121.54294363539893, 18.133799999999997]]}}, {"type": "Feature", "properties": {"id": "CTR-01115", "elevation_m": 25.0}, "geometry": {"type": "LineString", "coordinates": [[121.64474042529878, 18.133799999999997], [121.64528042529878, 18.133799999999997]]}}, {"type": "Feature", "properties": {"id": "CTR-01116", "elevation_m": 25.0}, "geometry": {"type": "LineString", "coordinates": [[121.6524, 18.133799999999997], [121.65294, 18.133799999999997]]}}, {"type": "Feature", "properties": {"id": "CTR-01117", "elevation_m": 25.0}, "geometry": {"type": "LineString", "coordinates": [[121.6524, 18.133799999999997], [121.65294, 18.133799999999997]]}}, {"type": "Feature", "properties": {"id": "CTR-01118", "elevation_m": 25.0}, "geometry": {"type": "LineString", "coordinates": [[121.65336923178496, 18.133799999999997], [121.65390923178497, 18.133799999999997]]}}, {"type": "Feature", "properties": {"id": "CTR-01119", "elevation_m": 25.0}, "geometry": {"type": "LineString", "coordinates": [[121.54190000105963, 18.1329], [121.54244000105963, 18.1329]]}}, {"type": "Feature", "properties": {"id": "CTR-01120", "elevation_m": 25.0}, "geometry": {"type": "LineString", "coordinates": [[121.64538529322667, 18.1329], [121.64592529322667, 18.1329]]}}, {"type": "Feature", "properties": {"id": "CTR-01121", "elevation_m": 25.0}, "geometry": {"type": "LineString", "coordinates": [[121.6506900017166, 18.1329], [121.6512300017166, 18.1329]]}}, {"type": "Feature", "properties": {"id": "CTR-01122", "elevation_m": 25.0}, "geometry": {"type": "LineString", "coordinates": [[121.6547896549683, 18.1329], [121.6553296549683, 18.1329]]}}, {"type": "Feature", "properties": {"id": "CTR-01123", "elevation_m": 25.0}, "geometry": {"type": "LineString", "coordinates": [[121.54152580546915, 18.131999999999998], [121.54206580546915, 18.131999999999998]]}}, {"type": "Feature", "properties": {"id": "CTR-01124", "elevation_m": 25.0}, "geometry": {"type": "LineString", "coordinates": [[121.64604705763556, 18.131999999999998], [121.64658705763556, 18.131999999999998]]}}, {"type": "Feature", "properties": {"id": "CTR-01125", "elevation_m": 25.0}, "geometry": {"type": "LineString", "coordinates": [[121.64959999788073, 18.131999999999998], [121.65013999788073, 18.131999999999998]]}}, {"type": "Feature", "properties": {"id": "CTR-01126", "elevation_m": 25.0}, "geometry": {"type": "LineString", "coordinates": [[121.65541395246713, 18.131999999999998], [121.65595395246713, 18.131999999999998]]}}, {"type": "Feature", "properties": {"id": "CTR-01127", "elevation_m": 25.0}, "geometry": {"type": "LineString", "coordinates": [[121.5412857136802, 18.1311], [121.5418257136802, 18.1311]]}}, {"type": "Feature", "properties": {"id": "CTR-01128", "elevation_m": 25.0}, "geometry": {"type": "LineString", "coordinates": [[121.64681052251166, 18.1311], [121.64735052251166, 18.1311]]}}, {"type": "Feature", "properties": {"id": "CTR-01129", "elevation_m": 25.0}, "geometry": {"type": "LineString", "coordinates": [[121.64869999788073, 18.1311], [121.64923999788073, 18.1311]]}}, {"type": "Feature", "properties": {"id": "CTR-01130", "elevation_m": 25.0}, "geometry": {"type": "LineString", "coordinates": [[121.65575454403586, 18.1311], [121.65629454403586, 18.1311]]}}, {"type": "Feature", "properties": {"id": "CTR-01131", "elevation_m": 25.0}, "geometry": {"type": "LineString", "coordinates": [[121.54119193561783, 18.1302], [121.54173193561783, 18.1302]]}}, {"type": "Feature", "properties": {"id": "CTR-01132", "elevation_m": 25.0}, "geometry": {"type": "LineString", "coordinates": [[121.64767499999999, 18.1302], [121.648215, 18.1302]]}}, {"type": "Feature", "properties": {"id": "CTR-01133", "elevation_m": 25.0}, "geometry": {"type": "LineString", "coordinates": [[121.64800000211926, 18.1302], [121.64854000211926, 18.1302]]}}, {"type": "Feature", "properties": {"id": "CTR-01134", "elevation_m": 25.0}, "geometry": {"type": "LineString", "coordinates": [[121.65589535004413, 18.1302], [121.65643535004413, 18.1302]]}}, {"type": "Feature", "properties": {"id": "CTR-01135", "elevation_m": 25.0}, "geometry": {"type": "LineString", "coordinates": [[121.54125714303014, 18.129299999999997], [121.54179714303014, 18.129299999999997]]}}, {"type": "Feature", "properties": {"id": "CTR-01136", "elevation_m": 25.0}, "geometry": {"type": "LineString", "coordinates": [[121.64695263062791, 18.129299999999997], [121.64749263062791, 18.129299999999997]]}}, {"type": "Feature", "properties": {"id": "CTR-01137", "elevation_m": 25.0}, "geometry": {"type": "LineString", "coordinates": [[121.64839999152291, 18.129299999999997], [121.64893999152291, 18.129299999999997]]}}, {"type": "Feature", "properties": {"id": "CTR-01138", "elevation_m": 25.0}, "geometry": {"type": "LineString", "coordinates": [[121.65581162772129, 18.129299999999997], [121.65635162772129, 18.129299999999997]]}}, {"type": "Feature", "properties": {"id": "CTR-01139", "elevation_m": 25.0}, "geometry": {"type": "LineString", "coordinates": [[121.54145714242463, 18.1284], [121.54199714242463, 18.1284]]}}, {"type": "Feature", "properties": {"id": "CTR-01140", "elevation_m": 25.0}, "geometry": {"type": "LineString", "coordinates": [[121.64630000423854, 18.1284], [121.64684000423854, 18.1284]]}}, {"type": "Feature", "properties": {"id": "CTR-01141", "elevation_m": 25.0}, "geometry": {"type": "LineString", "coordinates": [[121.64927647118222, 18.1284], [121.64981647118222, 18.1284]]}}, {"type": "Feature", "properties": {"id": "CTR-01142", "elevation_m": 25.0}, "geometry": {"type": "LineString", "coordinates": [[121.65551860595092, 18.1284], [121.65605860595092, 18.1284]]}}, {"type": "Feature", "properties": {"id": "CTR-01143", "elevation_m": 25.0}, "geometry": {"type": "LineString", "coordinates": [[121.54178181704685, 18.127499999999998], [121.54232181704685, 18.127499999999998]]}}, {"type": "Feature", "properties": {"id": "CTR-01144", "elevation_m": 25.0}, "geometry": {"type": "LineString", "coordinates": [[121.64564999999999, 18.127499999999998], [121.64618999999999, 18.127499999999998]]}}, {"type": "Feature", "properties": {"id": "CTR-01145", "elevation_m": 25.0}, "geometry": {"type": "LineString", "coordinates": [[121.65025714168937, 18.127499999999998], [121.65079714168937, 18.127499999999998]]}}, {"type": "Feature", "properties": {"id": "CTR-01146", "elevation_m": 25.0}, "geometry": {"type": "LineString", "coordinates": [[121.65506896490488, 18.127499999999998], [121.65560896490489, 18.127499999999998]]}}, {"type": "Feature", "properties": {"id": "CTR-01147", "elevation_m": 25.0}, "geometry": {"type": "LineString", "coordinates": [[121.54222363659062, 18.1266], [121.54276363659062, 18.1266]]}}, {"type": "Feature", "properties": {"id": "CTR-01148", "elevation_m": 25.0}, "geometry": {"type": "LineString", "coordinates": [[121.64503124955296, 18.1266], [121.64557124955296, 18.1266]]}}, {"type": "Feature", "properties": {"id": "CTR-01149", "elevation_m": 25.0}, "geometry": {"type": "LineString", "coordinates": [[121.65145263062792, 18.1266], [121.65199263062792, 18.1266]]}}, {"type": "Feature", "properties": {"id": "CTR-01150", "elevation_m": 25.0}, "geometry": {"type": "LineString", "coordinates": [[121.6542310350951, 18.1266], [121.6547710350951, 18.1266]]}}, {"type": "Feature", "properties": {"id": "CTR-01151", "elevation_m": 25.0}, "geometry": {"type": "LineString", "coordinates": [[121.54272558018842, 18.1257], [121.54326558018842, 18.1257]]}}, {"type": "Feature", "properties": {"id": "CTR-01152", "elevation_m": 25.0}, "geometry": {"type": "LineString", "coordinates": [[121.55047499463556, 18.1257], [121.55101499463557, 18.1257]]}}, {"type": "Feature", "properties": {"id": "CTR-01153", "elevation_m": 25.0}, "geometry": {"type": "LineString", "coordinates": [[121.55105999999999, 18.1257], [121.5516, 18.1257]]}}, {"type": "Feature", "properties": {"id": "CTR-01154", "elevation_m": 25.0}, "geometry": {"type": "LineString", "coordinates": [[121.64450625052153, 18.1257], [121.64504625052153, 18.1257]]}}, {"type": "Feature", "properties": {"id": "CTR-01155", "elevation_m": 25.0}, "geometry": {"type": "LineString", "coordinates": [[121.5432857135072, 18.124799999999997], [121.5438257135072, 18.124799999999997]]}}, {"type": "Feature", "properties": {"id": "CTR-01156", "elevation_m": 25.0}, "geometry": {"type": "LineString", "coordinates": [[121.54872856831454, 18.124799999999997], [121.54926856831455, 18.124799999999997]]}}, {"type": "Feature", "properties": {"id": "CTR-01157", "elevation_m": 25.0}, "geometry": {"type": "LineString", "coordinates": [[121.55257714453872, 18.124799999999997], [121.55311714453872, 18.124799999999997]]}}, {"type": "Feature", "properties": {"id": "CTR-01158", "elevation_m": 25.0}, "geometry": {"type": "LineString", "coordinates": [[121.64406724194062, 18.124799999999997], [121.64460724194062, 18.124799999999997]]}}, {"type": "Feature", "properties": {"id": "CTR-01159", "elevation_m": 25.0}, "geometry": {"type": "LineString", "coordinates": [[121.54385357252335, 18.1239], [121.54439357252335, 18.1239]]}}, {"type": "Feature", "properties": {"id": "CTR-01160", "elevation_m": 25.0}, "geometry": {"type": "LineString", "coordinates": [[121.54781052251167, 18.1239], [121.54835052251167, 18.1239]]}}, {"type": "Feature", "properties": {"id": "CTR-01161", "elevation_m": 25.0}, "geometry": {"type": "LineString", "coordinates": [[121.55311714159595, 18.1239], [121.55365714159595, 18.1239]]}}, {"type": "Feature", "properties": {"id": "CTR-01162", "elevation_m": 25.0}, "geometry": {"type": "LineString", "coordinates": [[121.64374137828976, 18.1239], [121.64428137828976, 18.1239]]}}, {"type": "Feature", "properties": {"id": "CTR-01163", "elevation_m": 25.0}, "geometry": {"type": "LineString", "coordinates": [[121.54430356945797, 18.122999999999998], [121.54484356945797, 18.122999999999998]]}}, {"type": "Feature", "properties": {"id": "CTR-01164", "elevation_m": 25.0}, "geometry": {"type": "LineString", "coordinates": [[121.54714736937208, 18.122999999999998], [121.54768736937208, 18.122999999999998]]}}, {"type": "Feature", "properties": {"id": "CTR-01165", "elevation_m": 25.0}, "geometry": {"type": "LineString", "coordinates": [[121.55343673555183, 18.122999999999998], [121.55397673555183, 18.122999999999998]]}}, {"type": "Feature", "properties": {"id": "CTR-01166", "elevation_m": 25.0}, "geometry": {"type": "LineString", "coordinates": [[121.64353728833284, 18.122999999999998], [121.64407728833284, 18.122999999999998]]}}, {"type": "Feature", "properties": {"id": "CTR-01167", "elevation_m": 25.0}, "geometry": {"type": "LineString", "coordinates": [[121.54446923178496, 18.1221], [121.54500923178496, 18.1221]]}}, {"type": "Feature", "properties": {"id": "CTR-01168", "elevation_m": 25.0}, "geometry": {"type": "LineString", "coordinates": [[121.54694999761583, 18.1221], [121.54748999761583, 18.1221]]}}, {"type": "Feature", "properties": {"id": "CTR-01169", "elevation_m": 25.0}, "geometry": {"type": "LineString", "coordinates": [[121.55351020315219, 18.1221], [121.55405020315219, 18.1221]]}}, {"type": "Feature", "properties": {"id": "CTR-01170", "elevation_m": 25.0}, "geometry": {"type": "LineString", "coordinates": [[121.64347758503322, 18.1221], [121.64401758503323, 18.1221]]}}, {"type": "Feature", "properties": {"id": "CTR-01171", "elevation_m": 25.0}, "geometry": {"type": "LineString", "coordinates": [[121.54423928746593, 18.121199999999998], [121.54477928746593, 18.121199999999998]]}}, {"type": "Feature", "properties": {"id": "CTR-01172", "elevation_m": 25.0}, "geometry": {"type": "LineString", "coordinates": [[121.54728947748832, 18.121199999999998], [121.54782947748832, 18.121199999999998]]}}, {"type": "Feature", "properties": {"id": "CTR-01173", "elevation_m": 25.0}, "geometry": {"type": "LineString", "coordinates": [[121.55337499947018, 18.121199999999998], [121.55391499947018, 18.121199999999998]]}}, {"type": "Feature", "properties": {"id": "CTR-01174", "elevation_m": 25.0}, "geometry": {"type": "LineString", "coordinates": [[121.6435862082233, 18.121199999999998], [121.6441262082233, 18.121199999999998]]}}, {"type": "Feature", "properties": {"id": "CTR-01175", "elevation_m": 25.0}, "geometry": {"type": "LineString", "coordinates": [[121.54369285626703, 18.1203], [121.54423285626703, 18.1203]]}}, {"type": "Feature", "properties": {"id": "CTR-01176", "elevation_m": 25.0}, "geometry": {"type": "LineString", "coordinates": [[121.54804285792136, 18.1203], [121.54858285792136, 18.1203]]}}, {"type": "Feature", "properties": {"id": "CTR-01177", "elevation_m": 25.0}, "geometry": {"type": "LineString", "coordinates": [[121.55296285742311, 18.1203], [121.55350285742311, 18.1203]]}}, {"type": "Feature", "properties": {"id": "CTR-01178", "elevation_m": 25.0}, "geometry": {"type": "LineString", "coordinates": [[121.64385, 18.1203], [121.64439, 18.1203]]}}, {"type": "Feature", "properties": {"id": "CTR-01179", "elevation_m": 25.0}, "geometry": {"type": "LineString", "coordinates": [[121.5431232554426, 18.1194], [121.5436632554426, 18.1194]]}}, {"type": "Feature", "properties": {"id": "CTR-01180", "elevation_m": 25.0}, "geometry": {"type": "LineString", "coordinates": [[121.54918124597668, 18.1194], [121.54972124597668, 18.1194]]}}, {"type": "Feature", "properties": {"id": "CTR-01181", "elevation_m": 25.0}, "geometry": {"type": "LineString", "coordinates": [[121.5522, 18.1194], [121.55274, 18.1194]]}}, {"type": "Feature", "properties": {"id": "CTR-01182", "elevation_m": 25.0}, "geometry": {"type": "LineString", "coordinates": [[121.64423792980979, 18.1194], [121.64477792980979, 18.1194]]}}, {"type": "Feature", "properties": {"id": "CTR-01183", "elevation_m": 25.0}, "geometry": {"type": "LineString", "coordinates": [[121.54251818295313, 18.118499999999997], [121.54305818295313, 18.118499999999997]]}}, {"type": "Feature", "properties": {"id": "CTR-01184", "elevation_m": 25.0}, "geometry": {"type": "LineString", "coordinates": [[121.6448062513411, 18.118499999999997], [121.6453462513411, 18.118499999999997]]}}, {"type": "Feature", "properties": {"id": "CTR-01185", "elevation_m": 25.0}, "geometry": {"type": "LineString", "coordinates": [[121.5419781823289, 18.1176], [121.5425181823289, 18.1176]]}}, {"type": "Feature", "properties": {"id": "CTR-01186", "elevation_m": 25.0}, "geometry": {"type": "LineString", "coordinates": [[121.64549117795555, 18.1176], [121.64603117795555, 18.1176]]}}, {"type": "Feature", "properties": {"id": "CTR-01187", "elevation_m": 25.0}, "geometry": {"type": "LineString", "coordinates": [[121.6506, 18.1176], [121.65114, 18.1176]]}}, {"type": "Feature", "properties": {"id": "CTR-01188", "elevation_m": 25.0}, "geometry": {"type": "LineString", "coordinates": [[121.6506, 18.1176], [121.65114, 18.1176]]}}, {"type": "Feature", "properties": {"id": "CTR-01189", "elevation_m": 25.0}, "geometry": {"type": "LineString", "coordinates": [[121.65475861987319, 18.1176], [121.6552986198732, 18.1176]]}}, {"type": "Feature", "properties": {"id": "CTR-01190", "elevation_m": 25.0}, "geometry": {"type": "LineString", "coordinates": [[121.54150000060551, 18.116699999999998], [121.54204000060551, 18.116699999999998]]}}, {"type": "Feature", "properties": {"id": "CTR-01191", "elevation_m": 25.0}, "geometry": {"type": "LineString", "coordinates": [[121.64652631531395, 18.116699999999998], [121.64706631531395, 18.116699999999998]]}}, {"type": "Feature", "properties": {"id": "CTR-01192", "elevation_m": 25.0}, "geometry": {"type": "LineString", "coordinates": [[121.6491176440889, 18.116699999999998], [121.6496576440889, 18.116699999999998]]}}, {"type": "Feature", "properties": {"id": "CTR-01193", "elevation_m": 25.0}, "geometry": {"type": "LineString", "coordinates": [[121.65551860595092, 18.116699999999998], [121.65605860595092, 18.116699999999998]]}}, {"type": "Feature", "properties": {"id": "CTR-01194", "elevation_m": 25.0}, "geometry": {"type": "LineString", "coordinates": [[121.54112857121231, 18.1158], [121.54166857121231, 18.1158]]}}, {"type": "Feature", "properties": {"id": "CTR-01195", "elevation_m": 25.0}, "geometry": {"type": "LineString", "coordinates": [[121.65604909193054, 18.1158], [121.65658909193054, 18.1158]]}}, {"type": "Feature", "properties": {"id": "CTR-01196", "elevation_m": 25.0}, "geometry": {"type": "LineString", "coordinates": [[121.54085714406816, 18.1149], [121.54139714406816, 18.1149]]}}, {"type": "Feature", "properties": {"id": "CTR-01197", "elevation_m": 25.0}, "geometry": {"type": "LineString", "coordinates": [[121.65636964247396, 18.1149], [121.65690964247396, 18.1149]]}}, {"type": "Feature", "properties": {"id": "CTR-01198", "elevation_m": 25.0}, "geometry": {"type": "LineString", "coordinates": [[121.54071818252753, 18.113999999999997], [121.54125818252753, 18.113999999999997]]}}, {"type": "Feature", "properties": {"id": "CTR-01199", "elevation_m": 25.0}, "geometry": {"type": "LineString", "coordinates": [[121.65652363659062, 18.113999999999997], [121.65706363659062, 18.113999999999997]]}}, {"type": "Feature", "properties": {"id": "CTR-01200", "elevation_m": 25.0}, "geometry": {"type": "LineString", "coordinates": [[121.54073181920643, 18.1131], [121.54127181920643, 18.1131]]}}, {"type": "Feature", "properties": {"id": "CTR-01201", "elevation_m": 25.0}, "geometry": {"type": "LineString", "coordinates": [[121.65651428571428, 18.1131], [121.65705428571428, 18.1131]]}}, {"type": "Feature", "properties": {"id": "CTR-01202", "elevation_m": 25.0}, "geometry": {"type": "LineString", "coordinates": [[121.54088571363695, 18.112199999999998], [121.54142571363695, 18.112199999999998]]}}, {"type": "Feature", "properties": {"id": "CTR-01203", "elevation_m": 25.0}, "geometry": {"type": "LineString", "coordinates": [[121.65633749885048, 18.112199999999998], [121.65687749885048, 18.112199999999998]]}}, {"type": "Feature", "properties": {"id": "CTR-01204", "elevation_m": 25.0}, "geometry": {"type": "LineString", "coordinates": [[121.54117142826867, 18.1113], [121.54171142826867, 18.1113]]}}, {"type": "Feature", "properties": {"id": "CTR-01205", "elevation_m": 25.0}, "geometry": {"type": "LineString", "coordinates": [[121.65601607181173, 18.1113], [121.65655607181174, 18.1113]]}}, {"type": "Feature", "properties": {"id": "CTR-01206", "elevation_m": 25.0}, "geometry": {"type": "LineString", "coordinates": [[121.54154285653735, 18.1104], [121.54208285653735, 18.1104]]}}, {"type": "Feature", "properties": {"id": "CTR-01207", "elevation_m": 25.0}, "geometry": {"type": "LineString", "coordinates": [[121.6465950008583, 18.1104], [121.6471350008583, 18.1104]]}}, {"type": "Feature", "properties": {"id": "CTR-01208", "elevation_m": 25.0}, "geometry": {"type": "LineString", "coordinates": [[121.6491176440889, 18.1104], [121.6496576440889, 18.1104]]}}, {"type": "Feature", "properties": {"id": "CTR-01209", "elevation_m": 25.0}, "geometry": {"type": "LineString", "coordinates": [[121.6554886369843, 18.1104], [121.6560286369843, 18.1104]]}}, {"type": "Feature", "properties": {"id": "CTR-01210", "elevation_m": 25.0}, "geometry": {"type": "LineString", "coordinates": [[121.54199454534104, 18.109499999999997], [121.54253454534104, 18.109499999999997]]}}, {"type": "Feature", "properties": {"id": "CTR-01211", "elevation_m": 25.0}, "geometry": {"type": "LineString", "coordinates": [[121.64563714257687, 18.109499999999997], [121.64617714257687, 18.109499999999997]]}}, {"type": "Feature", "properties": {"id": "CTR-01212", "elevation_m": 25.0}, "geometry": {"type": "LineString", "coordinates": [[121.65046499742509, 18.109499999999997], [121.65100499742509, 18.109499999999997]]}}, {"type": "Feature", "properties": {"id": "CTR-01213", "elevation_m": 25.0}, "geometry": {"type": "LineString", "coordinates": [[121.6548206900634, 18.109499999999997], [121.6553606900634, 18.109499999999997]]}}, {"type": "Feature", "properties": {"id": "CTR-01214", "elevation_m": 25.0}, "geometry": {"type": "LineString", "coordinates": [[121.54245272681874, 18.1086], [121.54299272681874, 18.1086]]}}, {"type": "Feature", "properties": {"id": "CTR-01215", "elevation_m": 25.0}, "geometry": {"type": "LineString", "coordinates": [[121.64499795796824, 18.1086], [121.64553795796824, 18.1086]]}}, {"type": "Feature", "properties": {"id": "CTR-01216", "elevation_m": 25.0}, "geometry": {"type": "LineString", "coordinates": [[121.65199091050961, 18.1086], [121.65253091050961, 18.1086]]}}, {"type": "Feature", "properties": {"id": "CTR-01217", "elevation_m": 25.0}, "geometry": {"type": "LineString", "coordinates": [[121.65368571253406, 18.1086], [121.65422571253406, 18.1086]]}}, {"type": "Feature", "properties": {"id": "CTR-01218", "elevation_m": 25.0}, "geometry": {"type": "LineString", "coordinates": [[121.54293488316388, 18.107699999999998], [121.54347488316388, 18.107699999999998]]}}, {"type": "Feature", "properties": {"id": "CTR-01219", "elevation_m": 25.0}, "geometry": {"type": "LineString", "coordinates": [[121.54992857493187, 18.107699999999998], [121.55046857493187, 18.107699999999998]]}}, {"type": "Feature", "properties": {"id": "CTR-01220", "elevation_m": 25.0}, "geometry": {"type": "LineString", "coordinates": [[121.5516, 18.107699999999998], [121.55214, 18.107699999999998]]}}, {"type": "Feature", "properties": {"id": "CTR-01221", "elevation_m": 25.0}, "geometry": {"type": "LineString", "coordinates": [[121.5516, 18.107699999999998], [121.55214, 18.107699999999998]]}}, {"type": "Feature", "properties": {"id": "CTR-01222", "elevation_m": 25.0}, "geometry": {"type": "LineString", "coordinates": [[121.6445571418562, 18.107699999999998], [121.6450971418562, 18.107699999999998]]}}, {"type": "Feature", "properties": {"id": "CTR-01223", "elevation_m": 25.0}, "geometry": {"type": "LineString", "coordinates": [[121.54329069702453, 18.1068], [121.54383069702453, 18.1068]]}}, {"type": "Feature", "properties": {"id": "CTR-01224", "elevation_m": 25.0}, "geometry": {"type": "LineString", "coordinates": [[121.54889999999999, 18.1068], [121.54943999999999, 18.1068]]}}, {"type": "Feature", "properties": {"id": "CTR-01225", "elevation_m": 25.0}, "geometry": {"type": "LineString", "coordinates": [[121.54889999999999, 18.1068], [121.54943999999999, 18.1068]]}}, {"type": "Feature", "properties": {"id": "CTR-01226", "elevation_m": 25.0}, "geometry": {"type": "LineString", "coordinates": [[121.55232856831454, 18.1068], [121.55286856831454, 18.1068]]}}, {"type": "Feature", "properties": {"id": "CTR-01227", "elevation_m": 25.0}, "geometry": {"type": "LineString", "coordinates": [[121.64425423625254, 18.1068], [121.64479423625254, 18.1068]]}}, {"type": "Feature", "properties": {"id": "CTR-01228", "elevation_m": 25.0}, "geometry": {"type": "LineString", "coordinates": [[121.54347906930323, 18.1059], [121.54401906930323, 18.1059]]}}, {"type": "Feature", "properties": {"id": "CTR-01229", "elevation_m": 25.0}, "geometry": {"type": "LineString", "coordinates": [[121.5485400017166, 18.1059], [121.5490800017166, 18.1059]]}}, {"type": "Feature", "properties": {"id": "CTR-01230", "elevation_m": 25.0}, "geometry": {"type": "LineString", "coordinates": [[121.55260000211926, 18.1059], [121.55314000211926, 18.1059]]}}, {"type": "Feature", "properties": {"id": "CTR-01231", "elevation_m": 25.0}, "geometry": {"type": "LineString", "coordinates": [[121.64413220250218, 18.1059], [121.64467220250218, 18.1059]]}}, {"type": "Feature", "properties": {"id": "CTR-01232", "elevation_m": 25.0}, "geometry": {"type": "LineString", "coordinates": [[121.54343720790972, 18.104999999999997], [121.54397720790972, 18.104999999999997]]}}, {"type": "Feature", "properties": {"id": "CTR-01233", "elevation_m": 25.0}, "geometry": {"type": "LineString", "coordinates": [[121.54863000085831, 18.104999999999997], [121.54917000085831, 18.104999999999997]]}}, {"type": "Feature", "properties": {"id": "CTR-01234", "elevation_m": 25.0}, "geometry": {"type": "LineString", "coordinates": [[121.55255000105963, 18.104999999999997], [121.55309000105963, 18.104999999999997]]}}, {"type": "Feature", "properties": {"id": "CTR-01235", "elevation_m": 25.0}, "geometry": {"type": "LineString", "coordinates": [[121.64416271166715, 18.104999999999997], [121.64470271166715, 18.104999999999997]]}}, {"type": "Feature", "properties": {"id": "CTR-01236", "elevation_m": 25.0}, "geometry": {"type": "LineString", "coordinates": [[121.54318604753286, 18.1041], [121.54372604753286, 18.1041]]}}, {"type": "Feature", "properties": {"id": "CTR-01237", "elevation_m": 25.0}, "geometry": {"type": "LineString", "coordinates": [[121.54923749731778, 18.1041], [121.54977749731778, 18.1041]]}}, {"type": "Feature", "properties": {"id": "CTR-01238", "elevation_m": 25.0}, "geometry": {"type": "LineString", "coordinates": [[121.55207142896067, 18.1041], [121.55261142896067, 18.1041]]}}, {"type": "Feature", "properties": {"id": "CTR-01239", "elevation_m": 25.0}, "geometry": {"type": "LineString", "coordinates": [[121.64437347081765, 18.1041], [121.64491347081766, 18.1041]]}}, {"type": "Feature", "properties": {"id": "CTR-01240", "elevation_m": 25.0}, "geometry": {"type": "LineString", "coordinates": [[121.54276363600896, 18.103199999999998], [121.54330363600896, 18.103199999999998]]}}, {"type": "Feature", "properties": {"id": "CTR-01241", "elevation_m": 25.0}, "geometry": {"type": "LineString", "coordinates": [[121.64476875044703, 18.103199999999998], [121.64530875044703, 18.103199999999998]]}}, {"type": "Feature", "properties": {"id": "CTR-01242", "elevation_m": 25.0}, "geometry": {"type": "LineString", "coordinates": [[121.54227857099066, 18.1023], [121.54281857099066, 18.1023]]}}, {"type": "Feature", "properties": {"id": "CTR-01243", "elevation_m": 25.0}, "geometry": {"type": "LineString", "coordinates": [[121.64532857002725, 18.1023], [121.64586857002725, 18.1023]]}}, {"type": "Feature", "properties": {"id": "CTR-01244", "elevation_m": 25.0}, "geometry": {"type": "LineString", "coordinates": [[121.65115000211927, 18.1023], [121.65169000211927, 18.1023]]}}, {"type": "Feature", "properties": {"id": "CTR-01245", "elevation_m": 25.0}, "geometry": {"type": "LineString", "coordinates": [[121.65434999809264, 18.1023], [121.65488999809264, 18.1023]]}}, {"type": "Feature", "properties": {"id": "CTR-01246", "elevation_m": 25.0}, "geometry": {"type": "LineString", "coordinates": [[121.54178035599334, 18.101399999999998], [121.54232035599334, 18.101399999999998]]}}, {"type": "Feature", "properties": {"id": "CTR-01247", "elevation_m": 25.0}, "geometry": {"type": "LineString", "coordinates": [[121.64614736937207, 18.101399999999998], [121.64668736937207, 18.101399999999998]]}}, {"type": "Feature", "properties": {"id": "CTR-01248", "elevation_m": 25.0}, "geometry": {"type": "LineString", "coordinates": [[121.6497, 18.101399999999998], [121.65024, 18.101399999999998]]}}, {"type": "Feature", "properties": {"id": "CTR-01249", "elevation_m": 25.0}, "geometry": {"type": "LineString", "coordinates": [[121.6497, 18.101399999999998], [121.65024, 18.101399999999998]]}}, {"type": "Feature", "properties": {"id": "CTR-01250", "elevation_m": 25.0}, "geometry": {"type": "LineString", "coordinates": [[121.65522272656338, 18.101399999999998], [121.65576272656338, 18.101399999999998]]}}, {"type": "Feature", "properties": {"id": "CTR-01251", "elevation_m": 25.0}, "geometry": {"type": "LineString", "coordinates": [[121.54132857173131, 18.1005], [121.54186857173131, 18.1005]]}}, {"type": "Feature", "properties": {"id": "CTR-01252", "elevation_m": 25.0}, "geometry": {"type": "LineString", "coordinates": [[121.65585681897983, 18.1005], [121.65639681897983, 18.1005]]}}, {"type": "Feature", "properties": {"id": "CTR-01253", "elevation_m": 25.0}, "geometry": {"type": "LineString", "coordinates": [[121.54092857142857, 18.0996], [121.54146857142857, 18.0996]]}}, {"type": "Feature", "properties": {"id": "CTR-01254", "elevation_m": 25.0}, "geometry": {"type": "LineString", "coordinates": [[121.65633749885048, 18.0996], [121.65687749885048, 18.0996]]}}, {"type": "Feature", "properties": {"id": "CTR-01255", "elevation_m": 25.0}, "geometry": {"type": "LineString", "coordinates": [[121.54063636292702, 18.098699999999997], [121.54117636292702, 18.098699999999997]]}}, {"type": "Feature", "properties": {"id": "CTR-01256", "elevation_m": 25.0}, "geometry": {"type": "LineString", "coordinates": [[121.65667500076634, 18.098699999999997], [121.65721500076634, 18.098699999999997]]}}, {"type": "Feature", "properties": {"id": "CTR-01257", "elevation_m": 25.0}, "geometry": {"type": "LineString", "coordinates": [[121.54047272750917, 18.0978], [121.54101272750917, 18.0978]]}}, {"type": "Feature", "properties": {"id": "CTR-01258", "elevation_m": 25.0}, "geometry": {"type": "LineString", "coordinates": [[121.65688392818825, 18.0978], [121.65742392818825, 18.0978]]}}, {"type": "Feature", "properties": {"id": "CTR-01259", "elevation_m": 25.0}, "geometry": {"type": "LineString", "coordinates": [[121.54044545415137, 18.096899999999998], [121.54098545415137, 18.096899999999998]]}}, {"type": "Feature", "properties": {"id": "CTR-01260", "elevation_m": 25.0}, "geometry": {"type": "LineString", "coordinates": [[121.65691406283527, 18.096899999999998], [121.65745406283527, 18.096899999999998]]}}, {"type": "Feature", "properties": {"id": "CTR-01261", "elevation_m": 25.0}, "geometry": {"type": "LineString", "coordinates": [[121.54055454498165, 18.096], [121.54109454498165, 18.096]]}}, {"type": "Feature", "properties": {"id": "CTR-01262", "elevation_m": 25.0}, "geometry": {"type": "LineString", "coordinates": [[121.65678750038317, 18.096], [121.65732750038318, 18.096]]}}, {"type": "Feature", "properties": {"id": "CTR-01263", "elevation_m": 25.0}, "geometry": {"type": "LineString", "coordinates": [[121.54079999999999, 18.0951], [121.54133999999999, 18.0951]]}}, {"type": "Feature", "properties": {"id": "CTR-01264", "elevation_m": 25.0}, "geometry": {"type": "LineString", "coordinates": [[121.54079999999999, 18.0951], [121.54133999999999, 18.0951]]}}, {"type": "Feature", "properties": {"id": "CTR-01265", "elevation_m": 25.0}, "geometry": {"type": "LineString", "coordinates": [[121.65650526294655, 18.0951], [121.65704526294655, 18.0951]]}}, {"type": "Feature", "properties": {"id": "CTR-01266", "elevation_m": 25.0}, "geometry": {"type": "LineString", "coordinates": [[121.54115156283527, 18.094199999999997], [121.54169156283527, 18.094199999999997]]}}, {"type": "Feature", "properties": {"id": "CTR-01267", "elevation_m": 25.0}, "geometry": {"type": "LineString", "coordinates": [[121.6561105258931, 18.094199999999997], [121.6566505258931, 18.094199999999997]]}}, {"type": "Feature", "properties": {"id": "CTR-01268", "elevation_m": 25.0}, "geometry": {"type": "LineString", "coordinates": [[121.54157142857142, 18.0933], [121.54211142857142, 18.0933]]}}, {"type": "Feature", "properties": {"id": "CTR-01269", "elevation_m": 25.0}, "geometry": {"type": "LineString", "coordinates": [[121.64717999999999, 18.0933], [121.64771999999999, 18.0933]]}}, {"type": "Feature", "properties": {"id": "CTR-01270", "elevation_m": 25.0}, "geometry": {"type": "LineString", "coordinates": [[121.64841428571428, 18.0933], [121.64895428571428, 18.0933]]}}, {"type": "Feature", "properties": {"id": "CTR-01271", "elevation_m": 25.0}, "geometry": {"type": "LineString", "coordinates": [[121.65554999999999, 18.0933], [121.65608999999999, 18.0933]]}}, {"type": "Feature", "properties": {"id": "CTR-01272", "elevation_m": 25.0}, "geometry": {"type": "LineString", "coordinates": [[121.54203749885048, 18.092399999999998], [121.54257749885048, 18.092399999999998]]}}, {"type": "Feature", "properties": {"id": "CTR-01273", "elevation_m": 25.0}, "geometry": {"type": "LineString", "coordinates": [[121.6459000005298, 18.092399999999998], [121.64644000052981, 18.092399999999998]]}}, {"type": "Feature", "properties": {"id": "CTR-01274", "elevation_m": 25.0}, "geometry": {"type": "LineString", "coordinates": [[121.6501950008583, 18.092399999999998], [121.6507350008583, 18.092399999999998]]}}, {"type": "Feature", "properties": {"id": "CTR-01275", "elevation_m": 25.0}, "geometry": {"type": "LineString", "coordinates": [[121.65486774175685, 18.092399999999998], [121.65540774175685, 18.092399999999998]]}}, {"type": "Feature", "properties": {"id": "CTR-01276", "elevation_m": 25.0}, "geometry": {"type": "LineString", "coordinates": [[121.54247142857142, 18.0915], [121.54301142857142, 18.0915]]}}, {"type": "Feature", "properties": {"id": "CTR-01277", "elevation_m": 25.0}, "geometry": {"type": "LineString", "coordinates": [[121.6452250005298, 18.0915], [121.6457650005298, 18.0915]]}}, {"type": "Feature", "properties": {"id": "CTR-01278", "elevation_m": 25.0}, "geometry": {"type": "LineString", "coordinates": [[121.6515, 18.0915], [121.65204, 18.0915]]}}, {"type": "Feature", "properties": {"id": "CTR-01279", "elevation_m": 25.0}, "geometry": {"type": "LineString", "coordinates": [[121.6515, 18.0915], [121.65204, 18.0915]]}}, {"type": "Feature", "properties": {"id": "CTR-01280", "elevation_m": 25.0}, "geometry": {"type": "LineString", "coordinates": [[121.6539000038147, 18.0915], [121.6544400038147, 18.0915]]}}, {"type": "Feature", "properties": {"id": "CTR-01281", "elevation_m": 25.0}, "geometry": {"type": "LineString", "coordinates": [[121.54288636328168, 18.0906], [121.54342636328168, 18.0906]]}}, {"type": "Feature", "properties": {"id": "CTR-01282", "elevation_m": 25.0}, "geometry": {"type": "LineString", "coordinates": [[121.64483265291823, 18.0906], [121.64537265291823, 18.0906]]}}, {"type": "Feature", "properties": {"id": "CTR-01283", "elevation_m": 25.0}, "geometry": {"type": "LineString", "coordinates": [[121.54315227299327, 18.089699999999997], [121.54369227299327, 18.089699999999997]]}}, {"type": "Feature", "properties": {"id": "CTR-01284", "elevation_m": 25.0}, "geometry": {"type": "LineString", "coordinates": [[121.54955999694826, 18.089699999999997], [121.55009999694826, 18.089699999999997]]}}, {"type": "Feature", "properties": {"id": "CTR-01285", "elevation_m": 25.0}, "geometry": {"type": "LineString", "coordinates": [[121.551763639201, 18.089699999999997], [121.552303639201, 18.089699999999997]]}}, {"type": "Feature", "properties": {"id": "CTR-01286", "elevation_m": 25.0}, "geometry": {"type": "LineString", "coordinates": [[121.64460600013733, 18.089699999999997], [121.64514600013733, 18.089699999999997]]}}, {"type": "Feature", "properties": {"id": "CTR-01287", "elevation_m": 25.0}, "geometry": {"type": "LineString", "coordinates": [[121.54323409179577, 18.0888], [121.54377409179577, 18.0888]]}}, {"type": "Feature", "properties": {"id": "CTR-01288", "elevation_m": 25.0}, "geometry": {"type": "LineString", "coordinates": [[121.54938000076294, 18.0888], [121.54992000076294, 18.0888]]}}, {"type": "Feature", "properties": {"id": "CTR-01289", "elevation_m": 25.0}, "geometry": {"type": "LineString", "coordinates": [[121.55188636328168, 18.0888], [121.55242636328168, 18.0888]]}}, {"type": "Feature", "properties": {"id": "CTR-01290", "elevation_m": 25.0}, "geometry": {"type": "LineString", "coordinates": [[121.6445571418562, 18.0888], [121.6450971418562, 18.0888]]}}, {"type": "Feature", "properties": {"id": "CTR-01291", "elevation_m": 25.0}, "geometry": {"type": "LineString", "coordinates": [[121.54309090802688, 18.087899999999998], [121.54363090802688, 18.087899999999998]]}}, {"type": "Feature", "properties": {"id": "CTR-01292", "elevation_m": 25.0}, "geometry": {"type": "LineString", "coordinates": [[121.54979999999999, 18.087899999999998], [121.55033999999999, 18.087899999999998]]}}, {"type": "Feature", "properties": {"id": "CTR-01293", "elevation_m": 25.0}, "geometry": {"type": "LineString", "coordinates": [[121.54979999999999, 18.087899999999998], [121.55033999999999, 18.087899999999998]]}}, {"type": "Feature", "properties": {"id": "CTR-01294", "elevation_m": 25.0}, "geometry": {"type": "LineString", "coordinates": [[121.55147142506812, 18.087899999999998], [121.55201142506812, 18.087899999999998]]}}, {"type": "Feature", "properties": {"id": "CTR-01295", "elevation_m": 25.0}, "geometry": {"type": "LineString", "coordinates": [[121.64469599876404, 18.087899999999998], [121.64523599876404, 18.087899999999998]]}}, {"type": "Feature", "properties": {"id": "CTR-01296", "elevation_m": 25.0}, "geometry": {"type": "LineString", "coordinates": [[121.54274318102017, 18.087], [121.54328318102017, 18.087]]}}, {"type": "Feature", "properties": {"id": "CTR-01297", "elevation_m": 25.0}, "geometry": {"type": "LineString", "coordinates": [[121.64500199890136, 18.087], [121.64554199890136, 18.087]]}}, {"type": "Feature", "properties": {"id": "CTR-01298", "elevation_m": 25.0}, "geometry": {"type": "LineString", "coordinates": [[121.54232678533111, 18.0861], [121.54286678533111, 18.0861]]}}, {"type": "Feature", "properties": {"id": "CTR-01299", "elevation_m": 25.0}, "geometry": {"type": "LineString", "coordinates": [[121.64554999973508, 18.0861], [121.64608999973508, 18.0861]]}}, {"type": "Feature", "properties": {"id": "CTR-01300", "elevation_m": 25.0}, "geometry": {"type": "LineString", "coordinates": [[121.65091764408889, 18.0861], [121.6514576440889, 18.0861]]}}, {"type": "Feature", "properties": {"id": "CTR-01301", "elevation_m": 25.0}, "geometry": {"type": "LineString", "coordinates": [[121.65437999885559, 18.0861], [121.65491999885559, 18.0861]]}}, {"type": "Feature", "properties": {"id": "CTR-01302", "elevation_m": 25.0}, "geometry": {"type": "LineString", "coordinates": [[121.54186071505205, 18.085199999999997], [121.54240071505205, 18.085199999999997]]}}, {"type": "Feature", "properties": {"id": "CTR-01303", "elevation_m": 25.0}, "geometry": {"type": "LineString", "coordinates": [[121.64644285831062, 18.085199999999997], [121.64698285831062, 18.085199999999997]]}}, {"type": "Feature", "properties": {"id": "CTR-01304", "elevation_m": 25.0}, "geometry": {"type": "LineString", "coordinates": [[121.6495199977112, 18.085199999999997], [121.6500599977112, 18.085199999999997]]}}, {"type": "Feature", "properties": {"id": "CTR-01305", "elevation_m": 25.0}, "geometry": {"type": "LineString", "coordinates": [[121.65519999872842, 18.085199999999997], [121.65573999872842, 18.085199999999997]]}}, {"type": "Feature", "properties": {"id": "CTR-01306", "elevation_m": 25.0}, "geometry": {"type": "LineString", "coordinates": [[121.54141874949708, 18.0843], [121.54195874949708, 18.0843]]}}, {"type": "Feature", "properties": {"id": "CTR-01307", "elevation_m": 25.0}, "geometry": {"type": "LineString", "coordinates": [[121.65579999957615, 18.0843], [121.65633999957615, 18.0843]]}}, {"type": "Feature", "properties": {"id": "CTR-01308", "elevation_m": 25.0}, "geometry": {"type": "LineString", "coordinates": [[121.54102499999999, 18.083399999999997], [121.54156499999999, 18.083399999999997]]}}, {"type": "Feature", "properties": {"id": "CTR-01309", "elevation_m": 25.0}, "geometry": {"type": "LineString", "coordinates": [[121.65630000100386, 18.083399999999997], [121.65684000100386, 18.083399999999997]]}}, {"type": "Feature", "properties": {"id": "CTR-01310", "elevation_m": 25.0}, "geometry": {"type": "LineString", "coordinates": [[121.54070597056989, 18.0825], [121.54124597056989, 18.0825]]}}, {"type": "Feature", "properties": {"id": "CTR-01311", "elevation_m": 25.0}, "geometry": {"type": "LineString", "coordinates": [[121.65666315837025, 18.0825], [121.65720315837025, 18.0825]]}}, {"type": "Feature", "properties": {"id": "CTR-01312", "elevation_m": 25.0}, "geometry": {"type": "LineString", "coordinates": [[121.54050447856794, 18.081599999999998], [121.54104447856794, 18.081599999999998]]}}, {"type": "Feature", "properties": {"id": "CTR-01313", "elevation_m": 25.0}, "geometry": {"type": "LineString", "coordinates": [[121.65688421015646, 18.081599999999998], [121.65742421015646, 18.081599999999998]]}}, {"type": "Feature", "properties": {"id": "CTR-01314", "elevation_m": 25.0}, "geometry": {"type": "LineString", "coordinates": [[121.54045074600097, 18.0807], [121.54099074600097, 18.0807]]}}, {"type": "Feature", "properties": {"id": "CTR-01315", "elevation_m": 25.0}, "geometry": {"type": "LineString", "coordinates": [[121.65695625117345, 18.0807], [121.65749625117346, 18.0807]]}}, {"type": "Feature", "properties": {"id": "CTR-01316", "elevation_m": 25.0}, "geometry": {"type": "LineString", "coordinates": [[121.54052727162384, 18.0798], [121.54106727162385, 18.0798]]}}, {"type": "Feature", "properties": {"id": "CTR-01317", "elevation_m": 25.0}, "geometry": {"type": "LineString", "coordinates": [[121.65686842031293, 18.0798], [121.65740842031293, 18.0798]]}}, {"type": "Feature", "properties": {"id": "CTR-01318", "elevation_m": 25.0}, "geometry": {"type": "LineString", "coordinates": [[121.54073283685338, 18.078899999999997], [121.54127283685338, 18.078899999999997]]}}, {"type": "Feature", "properties": {"id": "CTR-01319", "elevation_m": 25.0}, "geometry": {"type": "LineString", "coordinates": [[121.65663157868319, 18.078899999999997], [121.65717157868319, 18.078899999999997]]}}, {"type": "Feature", "properties": {"id": "CTR-01320", "elevation_m": 25.0}, "geometry": {"type": "LineString", "coordinates": [[121.54106718770954, 18.078], [121.54160718770954, 18.078]]}}, {"type": "Feature", "properties": {"id": "CTR-01321", "elevation_m": 25.0}, "geometry": {"type": "LineString", "coordinates": [[121.65625263147327, 18.078], [121.65679263147327, 18.078]]}}, {"type": "Feature", "properties": {"id": "CTR-01322", "elevation_m": 25.0}, "geometry": {"type": "LineString", "coordinates": [[121.54148906283527, 18.077099999999998], [121.54202906283527, 18.077099999999998]]}}, {"type": "Feature", "properties": {"id": "CTR-01323", "elevation_m": 25.0}, "geometry": {"type": "LineString", "coordinates": [[121.65574000101725, 18.077099999999998], [121.65628000101725, 18.077099999999998]]}}, {"type": "Feature", "properties": {"id": "CTR-01324", "elevation_m": 25.0}, "geometry": {"type": "LineString", "coordinates": [[121.54195714285714, 18.0762], [121.54249714285714, 18.0762]]}}, {"type": "Feature", "properties": {"id": "CTR-01325", "elevation_m": 25.0}, "geometry": {"type": "LineString", "coordinates": [[121.64635714168936, 18.0762], [121.64689714168937, 18.0762]]}}, {"type": "Feature", "properties": {"id": "CTR-01326", "elevation_m": 25.0}, "geometry": {"type": "LineString", "coordinates": [[121.6497, 18.0762], [121.65024, 18.0762]]}}, {"type": "Feature", "properties": {"id": "CTR-01327", "elevation_m": 25.0}, "geometry": {"type": "LineString", "coordinates": [[121.6497, 18.0762], [121.65024, 18.0762]]}}, {"type": "Feature", "properties": {"id": "CTR-01328", "elevation_m": 25.0}, "geometry": {"type": "LineString", "coordinates": [[121.65509999999999, 18.0762], [121.65563999999999, 18.0762]]}}, {"type": "Feature", "properties": {"id": "CTR-01329", "elevation_m": 25.0}, "geometry": {"type": "LineString", "coordinates": [[121.65509999999999, 18.0762], [121.65563999999999, 18.0762]]}}, {"type": "Feature", "properties": {"id": "CTR-01330", "elevation_m": 25.0}, "geometry": {"type": "LineString", "coordinates": [[121.5424421045763, 18.0753], [121.5429821045763, 18.0753]]}}, {"type": "Feature", "properties": {"id": "CTR-01331", "elevation_m": 25.0}, "geometry": {"type": "LineString", "coordinates": [[121.64550000158945, 18.0753], [121.64604000158945, 18.0753]]}}, {"type": "Feature", "properties": {"id": "CTR-01332", "elevation_m": 25.0}, "geometry": {"type": "LineString", "coordinates": [[121.65115000211927, 18.0753], [121.65169000211927, 18.0753]]}}, {"type": "Feature", "properties": {"id": "CTR-01333", "elevation_m": 25.0}, "geometry": {"type": "LineString", "coordinates": [[121.65422903297257, 18.0753], [121.65476903297257, 18.0753]]}}, {"type": "Feature", "properties": {"id": "CTR-01334", "elevation_m": 25.0}, "geometry": {"type": "LineString", "coordinates": [[121.54292727201792, 18.074399999999997], [121.54346727201792, 18.074399999999997]]}}, {"type": "Feature", "properties": {"id": "CTR-01335", "elevation_m": 25.0}, "geometry": {"type": "LineString", "coordinates": [[121.64496600151061, 18.074399999999997], [121.64550600151061, 18.074399999999997]]}}, {"type": "Feature", "properties": {"id": "CTR-01336", "elevation_m": 25.0}, "geometry": {"type": "LineString", "coordinates": [[121.54329545401345, 18.0735], [121.54383545401345, 18.0735]]}}, {"type": "Feature", "properties": {"id": "CTR-01337", "elevation_m": 25.0}, "geometry": {"type": "LineString", "coordinates": [[121.54934999999999, 18.0735], [121.54988999999999, 18.0735]]}}, {"type": "Feature", "properties": {"id": "CTR-01338", "elevation_m": 25.0}, "geometry": {"type": "LineString", "coordinates": [[121.55184545312676, 18.0735], [121.55238545312676, 18.0735]]}}, {"type": "Feature", "properties": {"id": "CTR-01339", "elevation_m": 25.0}, "geometry": {"type": "LineString", "coordinates": [[121.64465294236443, 18.0735], [121.64519294236443, 18.0735]]}}, {"type": "Feature", "properties": {"id": "CTR-01340", "elevation_m": 25.0}, "geometry": {"type": "LineString", "coordinates": [[121.54345999915229, 18.072599999999998], [121.54399999915229, 18.072599999999998]]}}, {"type": "Feature", "properties": {"id": "CTR-01341", "elevation_m": 25.0}, "geometry": {"type": "LineString", "coordinates": [[121.5488526306279, 18.072599999999998], [121.5493926306279, 18.072599999999998]]}}, {"type": "Feature", "properties": {"id": "CTR-01342", "elevation_m": 25.0}, "geometry": {"type": "LineString", "coordinates": [[121.55217272656337, 18.072599999999998], [121.55271272656337, 18.072599999999998]]}}, {"type": "Feature", "properties": {"id": "CTR-01343", "elevation_m": 25.0}, "geometry": {"type": "LineString", "coordinates": [[121.64449800109863, 18.072599999999998], [121.64503800109863, 18.072599999999998]]}}, {"type": "Feature", "properties": {"id": "CTR-01344", "elevation_m": 25.0}, "geometry": {"type": "LineString", "coordinates": [[121.54343863503361, 18.0717], [121.54397863503361, 18.0717]]}}, {"type": "Feature", "properties": {"id": "CTR-01345", "elevation_m": 25.0}, "geometry": {"type": "LineString", "coordinates": [[121.54896000152587, 18.0717], [121.54950000152587, 18.0717]]}}, {"type": "Feature", "properties": {"id": "CTR-01346", "elevation_m": 25.0}, "geometry": {"type": "LineString", "coordinates": [[121.55209090980024, 18.0717], [121.55263090980024, 18.0717]]}}, {"type": "Feature", "properties": {"id": "CTR-01347", "elevation_m": 25.0}, "geometry": {"type": "LineString", "coordinates": [[121.64453399848938, 18.0717], [121.64507399848938, 18.0717]]}}, {"type": "Feature", "properties": {"id": "CTR-01348", "elevation_m": 25.0}, "geometry": {"type": "LineString", "coordinates": [[121.54319318297085, 18.0708], [121.54373318297085, 18.0708]]}}, {"type": "Feature", "properties": {"id": "CTR-01349", "elevation_m": 25.0}, "geometry": {"type": "LineString", "coordinates": [[121.54967999694823, 18.0708], [121.55021999694823, 18.0708]]}}, {"type": "Feature", "properties": {"id": "CTR-01350", "elevation_m": 25.0}, "geometry": {"type": "LineString", "coordinates": [[121.55163913140828, 18.0708], [121.55217913140828, 18.0708]]}}, {"type": "Feature", "properties": {"id": "CTR-01351", "elevation_m": 25.0}, "geometry": {"type": "LineString", "coordinates": [[121.64474999999999, 18.0708], [121.64528999999999, 18.0708]]}}, {"type": "Feature", "properties": {"id": "CTR-01352", "elevation_m": 25.0}, "geometry": {"type": "LineString", "coordinates": [[121.54278409099776, 18.069899999999997], [121.54332409099776, 18.069899999999997]]}}, {"type": "Feature", "properties": {"id": "CTR-01353", "elevation_m": 25.0}, "geometry": {"type": "LineString", "coordinates": [[121.64511000137328, 18.069899999999997], [121.64565000137328, 18.069899999999997]]}}, {"type": "Feature", "properties": {"id": "CTR-01354", "elevation_m": 25.0}, "geometry": {"type": "LineString", "coordinates": [[121.54233157868319, 18.069], [121.54287157868319, 18.069]]}}, {"type": "Feature", "properties": {"id": "CTR-01355", "elevation_m": 25.0}, "geometry": {"type": "LineString", "coordinates": [[121.64572499960263, 18.069], [121.64626499960264, 18.069]]}}, {"type": "Feature", "properties": {"id": "CTR-01356", "elevation_m": 25.0}, "geometry": {"type": "LineString", "coordinates": [[121.65070588472886, 18.069], [121.65124588472887, 18.069]]}}, {"type": "Feature", "properties": {"id": "CTR-01357", "elevation_m": 25.0}, "geometry": {"type": "LineString", "coordinates": [[121.65444000038147, 18.069], [121.65498000038147, 18.069]]}}, {"type": "Feature", "properties": {"id": "CTR-01358", "elevation_m": 25.0}, "geometry": {"type": "LineString", "coordinates": [[121.54187678626167, 18.068099999999998], [121.54241678626167, 18.068099999999998]]}}, {"type": "Feature", "properties": {"id": "CTR-01359", "elevation_m": 25.0}, "geometry": {"type": "LineString", "coordinates": [[121.64667272656338, 18.068099999999998], [121.64721272656338, 18.068099999999998]]}}, {"type": "Feature", "properties": {"id": "CTR-01360", "elevation_m": 25.0}, "geometry": {"type": "LineString", "coordinates": [[121.64928000076294, 18.068099999999998], [121.64982000076294, 18.068099999999998]]}}, {"type": "Feature", "properties": {"id": "CTR-01361", "elevation_m": 25.0}, "geometry": {"type": "LineString", "coordinates": [[121.65521999923705, 18.068099999999998], [121.65575999923705, 18.068099999999998]]}}, {"type": "Feature", "properties": {"id": "CTR-01362", "elevation_m": 25.0}, "geometry": {"type": "LineString", "coordinates": [[121.54146461514082, 18.0672], [121.54200461514083, 18.0672]]}}, {"type": "Feature", "properties": {"id": "CTR-01363", "elevation_m": 25.0}, "geometry": {"type": "LineString", "coordinates": [[121.65577999915229, 18.0672], [121.65631999915229, 18.0672]]}}, {"type": "Feature", "properties": {"id": "CTR-01364", "elevation_m": 25.0}, "geometry": {"type": "LineString", "coordinates": [[121.54113749999999, 18.0663], [121.54167749999999, 18.0663]]}}, {"type": "Feature", "properties": {"id": "CTR-01365", "elevation_m": 25.0}, "geometry": {"type": "LineString", "coordinates": [[121.65618947447673, 18.0663], [121.65672947447673, 18.0663]]}}, {"type": "Feature", "properties": {"id": "CTR-01366", "elevation_m": 25.0}, "geometry": {"type": "LineString", "coordinates": [[121.54091249999999, 18.0654], [121.54145249999999, 18.0654]]}}, {"type": "Feature", "properties": {"id": "CTR-01367", "elevation_m": 25.0}, "geometry": {"type": "LineString", "coordinates": [[121.65644999999999, 18.0654], [121.65699, 18.0654]]}}, {"type": "Feature", "properties": {"id": "CTR-01368", "elevation_m": 25.0}, "geometry": {"type": "LineString", "coordinates": [[121.54081406283527, 18.0645], [121.54135406283527, 18.0645]]}}, {"type": "Feature", "properties": {"id": "CTR-01369", "elevation_m": 25.0}, "geometry": {"type": "LineString", "coordinates": [[121.65655263247714, 18.0645], [121.65709263247714, 18.0645]]}}, {"type": "Feature", "properties": {"id": "CTR-01370", "elevation_m": 25.0}, "geometry": {"type": "LineString", "coordinates": [[121.54085625117345, 18.063599999999997], [121.54139625117345, 18.063599999999997]]}}, {"type": "Feature", "properties": {"id": "CTR-01371", "elevation_m": 25.0}, "geometry": {"type": "LineString", "coordinates": [[121.65650526294655, 18.063599999999997], [121.65704526294655, 18.063599999999997]]}}, {"type": "Feature", "properties": {"id": "CTR-01372", "elevation_m": 25.0}, "geometry": {"type": "LineString", "coordinates": [[121.54105312567054, 18.0627], [121.54159312567054, 18.0627]]}}, {"type": "Feature", "properties": {"id": "CTR-01373", "elevation_m": 25.0}, "geometry": {"type": "LineString", "coordinates": [[121.65628421116033, 18.0627], [121.65682421116033, 18.0627]]}}, {"type": "Feature", "properties": {"id": "CTR-01374", "elevation_m": 25.0}, "geometry": {"type": "LineString", "coordinates": [[121.54137656283527, 18.061799999999998], [121.54191656283527, 18.061799999999998]]}}, {"type": "Feature", "properties": {"id": "CTR-01375", "elevation_m": 25.0}, "geometry": {"type": "LineString", "coordinates": [[121.65590217521105, 18.061799999999998], [121.65644217521105, 18.061799999999998]]}}, {"type": "Feature", "properties": {"id": "CTR-01376", "elevation_m": 25.0}, "geometry": {"type": "LineString", "coordinates": [[121.54179642780508, 18.0609], [121.54233642780508, 18.0609]]}}, {"type": "Feature", "properties": {"id": "CTR-01377", "elevation_m": 25.0}, "geometry": {"type": "LineString", "coordinates": [[121.6468714262359, 18.0609], [121.6474114262359, 18.0609]]}}, {"type": "Feature", "properties": {"id": "CTR-01378", "elevation_m": 25.0}, "geometry": {"type": "LineString", "coordinates": [[121.6489800022888, 18.0609], [121.6495200022888, 18.0609]]}}, {"type": "Feature", "properties": {"id": "CTR-01379", "elevation_m": 25.0}, "geometry": {"type": "LineString", "coordinates": [[121.65532000084771, 18.0609], [121.65586000084771, 18.0609]]}}, {"type": "Feature", "properties": {"id": "CTR-01380", "elevation_m": 25.0}, "geometry": {"type": "LineString", "coordinates": [[121.54232678533111, 18.06], [121.54286678533111, 18.06]]}}, {"type": "Feature", "properties": {"id": "CTR-01381", "elevation_m": 25.0}, "geometry": {"type": "LineString", "coordinates": [[121.64573513500974, 18.06], [121.64627513500974, 18.06]]}}, {"type": "Feature", "properties": {"id": "CTR-01382", "elevation_m": 25.0}, "geometry": {"type": "LineString", "coordinates": [[121.65070588472886, 18.06], [121.65124588472887, 18.06]]}}, {"type": "Feature", "properties": {"id": "CTR-01383", "elevation_m": 25.0}, "geometry": {"type": "LineString", "coordinates": [[121.65446129121571, 18.06], [121.65500129121571, 18.06]]}}, {"type": "Feature", "properties": {"id": "CTR-01384", "elevation_m": 25.0}, "geometry": {"type": "LineString", "coordinates": [[121.54291999915229, 18.059099999999997], [121.54345999915229, 18.059099999999997]]}}, {"type": "Feature", "properties": {"id": "CTR-01385", "elevation_m": 25.0}, "geometry": {"type": "LineString", "coordinates": [[121.64500199890136, 18.059099999999997], [121.64554199890136, 18.059099999999997]]}}, {"type": "Feature", "properties": {"id": "CTR-01386", "elevation_m": 25.0}, "geometry": {"type": "LineString", "coordinates": [[121.5435, 18.0582], [121.54404, 18.0582]]}}, {"type": "Feature", "properties": {"id": "CTR-01387", "elevation_m": 25.0}, "geometry": {"type": "LineString", "coordinates": [[121.5435, 18.0582], [121.54404, 18.0582]]}}, {"type": "Feature", "properties": {"id": "CTR-01388", "elevation_m": 25.0}, "geometry": {"type": "LineString", "coordinates": [[121.54875789188375, 18.0582], [121.54929789188375, 18.0582]]}}, {"type": "Feature", "properties": {"id": "CTR-01389", "elevation_m": 25.0}, "geometry": {"type": "LineString", "coordinates": [[121.55225454687323, 18.0582], [121.55279454687323, 18.0582]]}}, {"type": "Feature", "properties": {"id": "CTR-01390", "elevation_m": 25.0}, "geometry": {"type": "LineString", "coordinates": [[121.64447647118222, 18.0582], [121.64501647118222, 18.0582]]}}, {"type": "Feature", "properties": {"id": "CTR-01391", "elevation_m": 25.0}, "geometry": {"type": "LineString", "coordinates": [[121.54421379412402, 18.057299999999998], [121.54475379412402, 18.057299999999998]]}}, {"type": "Feature", "properties": {"id": "CTR-01392", "elevation_m": 25.0}, "geometry": {"type": "LineString", "coordinates": [[121.54762941354664, 18.057299999999998], [121.54816941354665, 18.057299999999998]]}}, {"type": "Feature", "properties": {"id": "CTR-01393", "elevation_m": 25.0}, "geometry": {"type": "LineString", "coordinates": [[121.55290263264885, 18.057299999999998], [121.55344263264885, 18.057299999999998]]}}, {"type": "Feature", "properties": {"id": "CTR-01394", "elevation_m": 25.0}, "geometry": {"type": "LineString", "coordinates": [[121.64409344308427, 18.057299999999998], [121.64463344308427, 18.057299999999998]]}}, {"type": "Feature", "properties": {"id": "CTR-01395", "elevation_m": 25.0}, "geometry": {"type": "LineString", "coordinates": [[121.54485, 18.0564], [121.54539, 18.0564]]}}, {"type": "Feature", "properties": {"id": "CTR-01396", "elevation_m": 25.0}, "geometry": {"type": "LineString", "coordinates": [[121.546772721598, 18.0564], [121.547312721598, 18.0564]]}}, {"type": "Feature", "properties": {"id": "CTR-01397", "elevation_m": 25.0}, "geometry": {"type": "LineString", "coordinates": [[121.5532540549318, 18.0564], [121.5537940549318, 18.0564]]}}, {"type": "Feature", "properties": {"id": "CTR-01398", "elevation_m": 25.0}, "geometry": {"type": "LineString", "coordinates": [[121.64388688464616, 18.0564], [121.64442688464617, 18.0564]]}}, {"type": "Feature", "properties": {"id": "CTR-01399", "elevation_m": 25.0}, "geometry": {"type": "LineString", "coordinates": [[121.54510714022969, 18.0555], [121.54564714022969, 18.0555]]}}, {"type": "Feature", "properties": {"id": "CTR-01400", "elevation_m": 25.0}, "geometry": {"type": "LineString", "coordinates": [[121.54644545880149, 18.0555], [121.54698545880149, 18.0555]]}}, {"type": "Feature", "properties": {"id": "CTR-01401", "elevation_m": 25.0}, "geometry": {"type": "LineString", "coordinates": [[121.55335135034821, 18.0555], [121.55389135034821, 18.0555]]}}, {"type": "Feature", "properties": {"id": "CTR-01402", "elevation_m": 25.0}, "geometry": {"type": "LineString", "coordinates": [[121.64382786977511, 18.0555], [121.64436786977511, 18.0555]]}}, {"type": "Feature", "properties": {"id": "CTR-01403", "elevation_m": 25.0}, "geometry": {"type": "LineString", "coordinates": [[121.54472142506812, 18.054599999999997], [121.54526142506812, 18.054599999999997]]}}, {"type": "Feature", "properties": {"id": "CTR-01404", "elevation_m": 25.0}, "geometry": {"type": "LineString", "coordinates": [[121.54701818039949, 18.054599999999997], [121.54755818039949, 18.054599999999997]]}}, {"type": "Feature", "properties": {"id": "CTR-01405", "elevation_m": 25.0}, "geometry": {"type": "LineString", "coordinates": [[121.55318684234301, 18.054599999999997], [121.55372684234301, 18.054599999999997]]}}, {"type": "Feature", "properties": {"id": "CTR-01406", "elevation_m": 25.0}, "geometry": {"type": "LineString", "coordinates": [[121.64391639348875, 18.054599999999997], [121.64445639348875, 18.054599999999997]]}}, {"type": "Feature", "properties": {"id": "CTR-01407", "elevation_m": 25.0}, "geometry": {"type": "LineString", "coordinates": [[121.54406999942779, 18.0537], [121.54460999942779, 18.0537]]}}, {"type": "Feature", "properties": {"id": "CTR-01408", "elevation_m": 25.0}, "geometry": {"type": "LineString", "coordinates": [[121.54784117290669, 18.0537], [121.54838117290669, 18.0537]]}}, {"type": "Feature", "properties": {"id": "CTR-01409", "elevation_m": 25.0}, "geometry": {"type": "LineString", "coordinates": [[121.55281621508769, 18.0537], [121.55335621508769, 18.0537]]}}, {"type": "Feature", "properties": {"id": "CTR-01410", "elevation_m": 25.0}, "geometry": {"type": "LineString", "coordinates": [[121.6441377041799, 18.0537], [121.6446777041799, 18.0537]]}}, {"type": "Feature", "properties": {"id": "CTR-01411", "elevation_m": 25.0}, "geometry": {"type": "LineString", "coordinates": [[121.54343863503361, 18.052799999999998], [121.54397863503361, 18.052799999999998]]}}, {"type": "Feature", "properties": {"id": "CTR-01412", "elevation_m": 25.0}, "geometry": {"type": "LineString", "coordinates": [[121.54889999999999, 18.052799999999998], [121.54943999999999, 18.052799999999998]]}}, {"type": "Feature", "properties": {"id": "CTR-01413", "elevation_m": 25.0}, "geometry": {"type": "LineString", "coordinates": [[121.54889999999999, 18.052799999999998], [121.54943999999999, 18.052799999999998]]}}, {"type": "Feature", "properties": {"id": "CTR-01414", "elevation_m": 25.0}, "geometry": {"type": "LineString", "coordinates": [[121.55213181640845, 18.052799999999998], [121.55267181640845, 18.052799999999998]]}}, {"type": "Feature", "properties": {"id": "CTR-01415", "elevation_m": 25.0}, "geometry": {"type": "LineString", "coordinates": [[121.64449800109863, 18.052799999999998], [121.64503800109863, 18.052799999999998]]}}, {"type": "Feature", "properties": {"id": "CTR-01416", "elevation_m": 25.0}, "geometry": {"type": "LineString", "coordinates": [[121.54289999999999, 18.0519], [121.54343999999999, 18.0519]]}}, {"type": "Feature", "properties": {"id": "CTR-01417", "elevation_m": 25.0}, "geometry": {"type": "LineString", "coordinates": [[121.64496600151061, 18.0519], [121.64550600151061, 18.0519]]}}, {"type": "Feature", "properties": {"id": "CTR-01418", "elevation_m": 25.0}, "geometry": {"type": "LineString", "coordinates": [[121.54240714198131, 18.051], [121.54294714198132, 18.051]]}}, {"type": "Feature", "properties": {"id": "CTR-01419", "elevation_m": 25.0}, "geometry": {"type": "LineString", "coordinates": [[121.64554999973508, 18.051], [121.64608999973508, 18.051]]}}, {"type": "Feature", "properties": {"id": "CTR-01420", "elevation_m": 25.0}, "geometry": {"type": "LineString", "coordinates": [[121.65105, 18.051], [121.65159, 18.051]]}}, {"type": "Feature", "properties": {"id": "CTR-01421", "elevation_m": 25.0}, "geometry": {"type": "LineString", "coordinates": [[121.65428709838183, 18.051], [121.65482709838183, 18.051]]}}, {"type": "Feature", "properties": {"id": "CTR-01422", "elevation_m": 25.0}, "geometry": {"type": "LineString", "coordinates": [[121.54202142900934, 18.050099999999997], [121.54256142900934, 18.050099999999997]]}}, {"type": "Feature", "properties": {"id": "CTR-01423", "elevation_m": 25.0}, "geometry": {"type": "LineString", "coordinates": [[121.64614285792136, 18.050099999999997], [121.64668285792136, 18.050099999999997]]}}, {"type": "Feature", "properties": {"id": "CTR-01424", "elevation_m": 25.0}, "geometry": {"type": "LineString", "coordinates": [[121.64988947748833, 18.050099999999997], [121.65042947748833, 18.050099999999997]]}}, {"type": "Feature", "properties": {"id": "CTR-01425", "elevation_m": 25.0}, "geometry": {"type": "LineString", "coordinates": [[121.65498386882422, 18.050099999999997], [121.65552386882422, 18.050099999999997]]}}, {"type": "Feature", "properties": {"id": "CTR-01426", "elevation_m": 25.0}, "geometry": {"type": "LineString", "coordinates": [[121.54174736937208, 18.0492], [121.54228736937208, 18.0492]]}}, {"type": "Feature", "properties": {"id": "CTR-01427", "elevation_m": 25.0}, "geometry": {"type": "LineString", "coordinates": [[121.6468714262359, 18.0492], [121.6474114262359, 18.0492]]}}, {"type": "Feature", "properties": {"id": "CTR-01428", "elevation_m": 25.0}, "geometry": {"type": "LineString", "coordinates": [[121.64892000305176, 18.0492], [121.64946000305176, 18.0492]]}}, {"type": "Feature", "properties": {"id": "CTR-01429", "elevation_m": 25.0}, "geometry": {"type": "LineString", "coordinates": [[121.65535999898275, 18.0492], [121.65589999898275, 18.0492]]}}, {"type": "Feature", "properties": {"id": "CTR-01430", "elevation_m": 25.0}, "geometry": {"type": "LineString", "coordinates": [[121.54161562567054, 18.048299999999998], [121.54215562567055, 18.048299999999998]]}}, {"type": "Feature", "properties": {"id": "CTR-01431", "elevation_m": 25.0}, "geometry": {"type": "LineString", "coordinates": [[121.64789999999999, 18.048299999999998], [121.64844, 18.048299999999998]]}}, {"type": "Feature", "properties": {"id": "CTR-01432", "elevation_m": 25.0}, "geometry": {"type": "LineString", "coordinates": [[121.64789999999999, 18.048299999999998], [121.64844, 18.048299999999998]]}}, {"type": "Feature", "properties": {"id": "CTR-01433", "elevation_m": 25.0}, "geometry": {"type": "LineString", "coordinates": [[121.65553999974568, 18.048299999999998], [121.65607999974569, 18.048299999999998]]}}, {"type": "Feature", "properties": {"id": "CTR-01434", "elevation_m": 25.0}, "geometry": {"type": "LineString", "coordinates": [[121.54162968850582, 18.0474], [121.54216968850582, 18.0474]]}}, {"type": "Feature", "properties": {"id": "CTR-01435", "elevation_m": 25.0}, "geometry": {"type": "LineString", "coordinates": [[121.6476, 18.0474], [121.64814, 18.0474]]}}, {"type": "Feature", "properties": {"id": "CTR-01436", "elevation_m": 25.0}, "geometry": {"type": "LineString", "coordinates": [[121.64815714986375, 18.0474], [121.64869714986375, 18.0474]]}}, {"type": "Feature", "properties": {"id": "CTR-01437", "elevation_m": 25.0}, "geometry": {"type": "LineString", "coordinates": [[121.65551999923706, 18.0474], [121.65605999923706, 18.0474]]}}, {"type": "Feature", "properties": {"id": "CTR-01438", "elevation_m": 25.0}, "geometry": {"type": "LineString", "coordinates": [[121.5418105258931, 18.046499999999998], [121.5423505258931, 18.046499999999998]]}}, {"type": "Feature", "properties": {"id": "CTR-01439", "elevation_m": 25.0}, "geometry": {"type": "LineString", "coordinates": [[121.64665714168937, 18.046499999999998], [121.64719714168938, 18.046499999999998]]}}, {"type": "Feature", "properties": {"id": "CTR-01440", "elevation_m": 25.0}, "geometry": {"type": "LineString", "coordinates": [[121.64921999923705, 18.046499999999998], [121.64975999923705, 18.046499999999998]]}}, {"type": "Feature", "properties": {"id": "CTR-01441", "elevation_m": 25.0}, "geometry": {"type": "LineString", "coordinates": [[121.65527999999999, 18.046499999999998], [121.65581999999999, 18.046499999999998]]}}, {"type": "Feature", "properties": {"id": "CTR-01442", "elevation_m": 25.0}, "geometry": {"type": "LineString", "coordinates": [[121.54214999999999, 18.0456], [121.54269, 18.0456]]}}, {"type": "Feature", "properties": {"id": "CTR-01443", "elevation_m": 25.0}, "geometry": {"type": "LineString", "coordinates": [[121.64587499999999, 18.0456], [121.64641499999999, 18.0456]]}}, {"type": "Feature", "properties": {"id": "CTR-01444", "elevation_m": 25.0}, "geometry": {"type": "LineString", "coordinates": [[121.6503300008583, 18.0456], [121.6508700008583, 18.0456]]}}, {"type": "Feature", "properties": {"id": "CTR-01445", "elevation_m": 25.0}, "geometry": {"type": "LineString", "coordinates": [[121.65472258243143, 18.0456], [121.65526258243143, 18.0456]]}}, {"type": "Feature", "properties": {"id": "CTR-01446", "elevation_m": 25.0}, "geometry": {"type": "LineString", "coordinates": [[121.54262000042385, 18.0447], [121.54316000042385, 18.0447]]}}, {"type": "Feature", "properties": {"id": "CTR-01447", "elevation_m": 25.0}, "geometry": {"type": "LineString", "coordinates": [[121.64516326444817, 18.0447], [121.64570326444817, 18.0447]]}}, {"type": "Feature", "properties": {"id": "CTR-01448", "elevation_m": 25.0}, "geometry": {"type": "LineString", "coordinates": [[121.65199091050961, 18.0447], [121.65253091050961, 18.0447]]}}, {"type": "Feature", "properties": {"id": "CTR-01449", "elevation_m": 25.0}, "geometry": {"type": "LineString", "coordinates": [[121.65354000305172, 18.0447], [121.65408000305172, 18.0447]]}}, {"type": "Feature", "properties": {"id": "CTR-01450", "elevation_m": 25.0}, "geometry": {"type": "LineString", "coordinates": [[121.54329545401345, 18.043799999999997], [121.54383545401345, 18.043799999999997]]}}, {"type": "Feature", "properties": {"id": "CTR-01451", "elevation_m": 25.0}, "geometry": {"type": "LineString", "coordinates": [[121.5491999961853, 18.043799999999997], [121.5497399961853, 18.043799999999997]]}}, {"type": "Feature", "properties": {"id": "CTR-01452", "elevation_m": 25.0}, "geometry": {"type": "LineString", "coordinates": [[121.55196818359154, 18.043799999999997], [121.55250818359154, 18.043799999999997]]}}, {"type": "Feature", "properties": {"id": "CTR-01453", "elevation_m": 25.0}, "geometry": {"type": "LineString", "coordinates": [[121.64453399848938, 18.043799999999997], [121.64507399848938, 18.043799999999997]]}}, {"type": "Feature", "properties": {"id": "CTR-01454", "elevation_m": 25.0}, "geometry": {"type": "LineString", "coordinates": [[121.54425000190734, 18.0429], [121.54479000190734, 18.0429]]}}, {"type": "Feature", "properties": {"id": "CTR-01455", "elevation_m": 25.0}, "geometry": {"type": "LineString", "coordinates": [[121.54747058645334, 18.0429], [121.54801058645334, 18.0429]]}}, {"type": "Feature", "properties": {"id": "CTR-01456", "elevation_m": 25.0}, "geometry": {"type": "LineString", "coordinates": [[121.55303513500974, 18.0429], [121.55357513500974, 18.0429]]}}, {"type": "Feature", "properties": {"id": "CTR-01457", "elevation_m": 25.0}, "geometry": {"type": "LineString", "coordinates": [[121.64397000019073, 18.0429], [121.64451000019073, 18.0429]]}}, {"type": "Feature", "properties": {"id": "CTR-01458", "elevation_m": 25.0}, "geometry": {"type": "LineString", "coordinates": [[121.55372400054931, 18.041999999999998], [121.55426400054931, 18.041999999999998]]}}, {"type": "Feature", "properties": {"id": "CTR-01459", "elevation_m": 25.0}, "geometry": {"type": "LineString", "coordinates": [[121.64346000133514, 18.041999999999998], [121.64400000133514, 18.041999999999998]]}}, {"type": "Feature", "properties": {"id": "CTR-01460", "elevation_m": 25.0}, "geometry": {"type": "LineString", "coordinates": [[121.55421176576185, 18.0411], [121.55475176576185, 18.0411]]}}, {"type": "Feature", "properties": {"id": "CTR-01461", "elevation_m": 25.0}, "geometry": {"type": "LineString", "coordinates": [[121.64307272750916, 18.0411], [121.64361272750916, 18.0411]]}}, {"type": "Feature", "properties": {"id": "CTR-01462", "elevation_m": 25.0}, "geometry": {"type": "LineString", "coordinates": [[121.55452131138314, 18.0402], [121.55506131138314, 18.0402]]}}, {"type": "Feature", "properties": {"id": "CTR-01463", "elevation_m": 25.0}, "geometry": {"type": "LineString", "coordinates": [[121.64280461461264, 18.0402], [121.64334461461264, 18.0402]]}}, {"type": "Feature", "properties": {"id": "CTR-01464", "elevation_m": 25.0}, "geometry": {"type": "LineString", "coordinates": [[121.55465999942778, 18.039299999999997], [121.55519999942778, 18.039299999999997]]}}, {"type": "Feature", "properties": {"id": "CTR-01465", "elevation_m": 25.0}, "geometry": {"type": "LineString", "coordinates": [[121.64266615461811, 18.039299999999997], [121.64320615461811, 18.039299999999997]]}}, {"type": "Feature", "properties": {"id": "CTR-01466", "elevation_m": 25.0}, "geometry": {"type": "LineString", "coordinates": [[121.55465409766866, 18.0384], [121.55519409766866, 18.0384]]}}, {"type": "Feature", "properties": {"id": "CTR-01467", "elevation_m": 25.0}, "geometry": {"type": "LineString", "coordinates": [[121.64267727162384, 18.0384], [121.64321727162384, 18.0384]]}}, {"type": "Feature", "properties": {"id": "CTR-01468", "elevation_m": 25.0}, "geometry": {"type": "LineString", "coordinates": [[121.55449499923705, 18.037499999999998], [121.55503499923705, 18.037499999999998]]}}, {"type": "Feature", "properties": {"id": "CTR-01469", "elevation_m": 25.0}, "geometry": {"type": "LineString", "coordinates": [[121.64281363581192, 18.037499999999998], [121.64335363581192, 18.037499999999998]]}}, {"type": "Feature", "properties": {"id": "CTR-01470", "elevation_m": 25.0}, "geometry": {"type": "LineString", "coordinates": [[121.55421000137329, 18.0366], [121.55475000137329, 18.0366]]}}, {"type": "Feature", "properties": {"id": "CTR-01471", "elevation_m": 25.0}, "geometry": {"type": "LineString", "coordinates": [[121.64305909083026, 18.0366], [121.64359909083026, 18.0366]]}}, {"type": "Feature", "properties": {"id": "CTR-01472", "elevation_m": 25.0}, "geometry": {"type": "LineString", "coordinates": [[121.55379599876403, 18.0357], [121.55433599876403, 18.0357]]}}, {"type": "Feature", "properties": {"id": "CTR-01473", "elevation_m": 25.0}, "geometry": {"type": "LineString", "coordinates": [[121.6433861535211, 18.0357], [121.64392615352111, 18.0357]]}}, {"type": "Feature", "properties": {"id": "CTR-01474", "elevation_m": 25.0}, "geometry": {"type": "LineString", "coordinates": [[121.5446076953549, 18.034799999999997], [121.5451476953549, 18.034799999999997]]}}, {"type": "Feature", "properties": {"id": "CTR-01475", "elevation_m": 25.0}, "geometry": {"type": "LineString", "coordinates": [[121.54701818039949, 18.034799999999997], [121.54755818039949, 18.034799999999997]]}}, {"type": "Feature", "properties": {"id": "CTR-01476", "elevation_m": 25.0}, "geometry": {"type": "LineString", "coordinates": [[121.55330270069643, 18.034799999999997], [121.55384270069644, 18.034799999999997]]}}, {"type": "Feature", "properties": {"id": "CTR-01477", "elevation_m": 25.0}, "geometry": {"type": "LineString", "coordinates": [[121.64375999942779, 18.034799999999997], [121.64429999942779, 18.034799999999997]]}}, {"type": "Feature", "properties": {"id": "CTR-01478", "elevation_m": 25.0}, "geometry": {"type": "LineString", "coordinates": [[121.54377000114441, 18.0339], [121.54431000114441, 18.0339]]}}, {"type": "Feature", "properties": {"id": "CTR-01479", "elevation_m": 25.0}, "geometry": {"type": "LineString", "coordinates": [[121.54818947748832, 18.0339], [121.54872947748832, 18.0339]]}}, {"type": "Feature", "properties": {"id": "CTR-01480", "elevation_m": 25.0}, "geometry": {"type": "LineString", "coordinates": [[121.55274324361942, 18.0339], [121.55328324361942, 18.0339]]}}, {"type": "Feature", "properties": {"id": "CTR-01481", "elevation_m": 25.0}, "geometry": {"type": "LineString", "coordinates": [[121.64410500076293, 18.0339], [121.64464500076294, 18.0339]]}}, {"type": "Feature", "properties": {"id": "CTR-01482", "elevation_m": 25.0}, "geometry": {"type": "LineString", "coordinates": [[121.54329069702453, 18.032999999999998], [121.54383069702453, 18.032999999999998]]}}, {"type": "Feature", "properties": {"id": "CTR-01483", "elevation_m": 25.0}, "geometry": {"type": "LineString", "coordinates": [[121.54908000228879, 18.032999999999998], [121.54962000228879, 18.032999999999998]]}}, {"type": "Feature", "properties": {"id": "CTR-01484", "elevation_m": 25.0}, "geometry": {"type": "LineString", "coordinates": [[121.55211428688204, 18.032999999999998], [121.55265428688205, 18.032999999999998]]}}, {"type": "Feature", "properties": {"id": "CTR-01485", "elevation_m": 25.0}, "geometry": {"type": "LineString", "coordinates": [[121.64440799903869, 18.032999999999998], [121.64494799903869, 18.032999999999998]]}}, {"type": "Feature", "properties": {"id": "CTR-01486", "elevation_m": 25.0}, "geometry": {"type": "LineString", "coordinates": [[121.54306046539479, 18.0321], [121.54360046539479, 18.0321]]}}, {"type": "Feature", "properties": {"id": "CTR-01487", "elevation_m": 25.0}, "geometry": {"type": "LineString", "coordinates": [[121.54968749731778, 18.0321], [121.55022749731778, 18.0321]]}}, {"type": "Feature", "properties": {"id": "CTR-01488", "elevation_m": 25.0}, "geometry": {"type": "LineString", "coordinates": [[121.55168181960049, 18.0321], [121.55222181960049, 18.0321]]}}, {"type": "Feature", "properties": {"id": "CTR-01489", "elevation_m": 25.0}, "geometry": {"type": "LineString", "coordinates": [[121.64459387740803, 18.0321], [121.64513387740803, 18.0321]]}}, {"type": "Feature", "properties": {"id": "CTR-01490", "elevation_m": 25.0}, "geometry": {"type": "LineString", "coordinates": [[121.54302954492253, 18.0312], [121.54356954492253, 18.0312]]}}, {"type": "Feature", "properties": {"id": "CTR-01491", "elevation_m": 25.0}, "geometry": {"type": "LineString", "coordinates": [[121.54974374865888, 18.0312], [121.55028374865888, 18.0312]]}}, {"type": "Feature", "properties": {"id": "CTR-01492", "elevation_m": 25.0}, "geometry": {"type": "LineString", "coordinates": [[121.55164285792135, 18.0312], [121.55218285792135, 18.0312]]}}, {"type": "Feature", "properties": {"id": "CTR-01493", "elevation_m": 25.0}, "geometry": {"type": "LineString", "coordinates": [[121.64459387740803, 18.0312], [121.64513387740803, 18.0312]]}}, {"type": "Feature", "properties": {"id": "CTR-01494", "elevation_m": 25.0}, "geometry": {"type": "LineString", "coordinates": [[121.54322790771947, 18.030299999999997], [121.54376790771947, 18.030299999999997]]}}, {"type": "Feature", "properties": {"id": "CTR-01495", "elevation_m": 25.0}, "geometry": {"type": "LineString", "coordinates": [[121.54923749731778, 18.030299999999997], [121.54977749731778, 18.030299999999997]]}}, {"type": "Feature", "properties": {"id": "CTR-01496", "elevation_m": 25.0}, "geometry": {"type": "LineString", "coordinates": [[121.55202857103932, 18.030299999999997], [121.55256857103932, 18.030299999999997]]}}, {"type": "Feature", "properties": {"id": "CTR-01497", "elevation_m": 25.0}, "geometry": {"type": "LineString", "coordinates": [[121.6444285709281, 18.030299999999997], [121.6449685709281, 18.030299999999997]]}}, {"type": "Feature", "properties": {"id": "CTR-01498", "elevation_m": 25.0}, "geometry": {"type": "LineString", "coordinates": [[121.54368620587596, 18.0294], [121.54422620587596, 18.0294]]}}, {"type": "Feature", "properties": {"id": "CTR-01499", "elevation_m": 25.0}, "geometry": {"type": "LineString", "coordinates": [[121.54826999914168, 18.0294], [121.54880999914168, 18.0294]]}}, {"type": "Feature", "properties": {"id": "CTR-01500", "elevation_m": 25.0}, "geometry": {"type": "LineString", "coordinates": [[121.55271891879352, 18.0294], [121.55325891879352, 18.0294]]}}, {"type": "Feature", "properties": {"id": "CTR-01501", "elevation_m": 25.0}, "geometry": {"type": "LineString", "coordinates": [[121.64410169560564, 18.0294], [121.64464169560564, 18.0294]]}}, {"type": "Feature", "properties": {"id": "CTR-01502", "elevation_m": 25.0}, "geometry": {"type": "LineString", "coordinates": [[121.54472142506812, 18.028499999999998], [121.54526142506812, 18.028499999999998]]}}, {"type": "Feature", "properties": {"id": "CTR-01503", "elevation_m": 25.0}, "geometry": {"type": "LineString", "coordinates": [[121.5468545411985, 18.028499999999998], [121.5473945411985, 18.028499999999998]]}}, {"type": "Feature", "properties": {"id": "CTR-01504", "elevation_m": 25.0}, "geometry": {"type": "LineString", "coordinates": [[121.5534, 18.028499999999998], [121.55394, 18.028499999999998]]}}, {"type": "Feature", "properties": {"id": "CTR-01505", "elevation_m": 25.0}, "geometry": {"type": "LineString", "coordinates": [[121.5534, 18.028499999999998], [121.55394, 18.028499999999998]]}}, {"type": "Feature", "properties": {"id": "CTR-01506", "elevation_m": 25.0}, "geometry": {"type": "LineString", "coordinates": [[121.64365932208321, 18.028499999999998], [121.64419932208321, 18.028499999999998]]}}, {"type": "Feature", "properties": {"id": "CTR-01507", "elevation_m": 25.0}, "geometry": {"type": "LineString", "coordinates": [[121.55401200027465, 18.0276], [121.55455200027465, 18.0276]]}}, {"type": "Feature", "properties": {"id": "CTR-01508", "elevation_m": 25.0}, "geometry": {"type": "LineString", "coordinates": [[121.64316461514083, 18.0276], [121.64370461514083, 18.0276]]}}, {"type": "Feature", "properties": {"id": "CTR-01509", "elevation_m": 25.0}, "geometry": {"type": "LineString", "coordinates": [[121.55461499942778, 18.026699999999998], [121.55515499942778, 18.026699999999998]]}}, {"type": "Feature", "properties": {"id": "CTR-01510", "elevation_m": 25.0}, "geometry": {"type": "LineString", "coordinates": [[121.64265230817986, 18.026699999999998], [121.64319230817986, 18.026699999999998]]}}, {"type": "Feature", "properties": {"id": "CTR-01511", "elevation_m": 25.0}, "geometry": {"type": "LineString", "coordinates": [[121.55515499899863, 18.0258], [121.55569499899863, 18.0258]]}}, {"type": "Feature", "properties": {"id": "CTR-01512", "elevation_m": 25.0}, "geometry": {"type": "LineString", "coordinates": [[121.64215384595069, 18.0258], [121.64269384595069, 18.0258]]}}, {"type": "Feature", "properties": {"id": "CTR-01513", "elevation_m": 25.0}, "geometry": {"type": "LineString", "coordinates": [[121.55558769234831, 18.0249], [121.55612769234831, 18.0249]]}}, {"type": "Feature", "properties": {"id": "CTR-01514", "elevation_m": 25.0}, "geometry": {"type": "LineString", "coordinates": [[121.6417125, 18.0249], [121.6422525, 18.0249]]}}, {"type": "Feature", "properties": {"id": "CTR-01515", "elevation_m": 25.0}, "geometry": {"type": "LineString", "coordinates": [[121.55592000105638, 18.023999999999997], [121.55646000105638, 18.023999999999997]]}}, {"type": "Feature", "properties": {"id": "CTR-01516", "elevation_m": 25.0}, "geometry": {"type": "LineString", "coordinates": [[121.64135593249927, 18.023999999999997], [121.64189593249927, 18.023999999999997]]}}, {"type": "Feature", "properties": {"id": "CTR-01517", "elevation_m": 25.0}, "geometry": {"type": "LineString", "coordinates": [[121.55612769295776, 18.0231], [121.55666769295776, 18.0231]]}}, {"type": "Feature", "properties": {"id": "CTR-01518", "elevation_m": 25.0}, "geometry": {"type": "LineString", "coordinates": [[121.64112711958103, 18.0231], [121.64166711958103, 18.0231]]}}, {"type": "Feature", "properties": {"id": "CTR-01519", "elevation_m": 25.0}, "geometry": {"type": "LineString", "coordinates": [[121.55618437432945, 18.022199999999998], [121.55672437432945, 18.022199999999998]]}}, {"type": "Feature", "properties": {"id": "CTR-01520", "elevation_m": 25.0}, "geometry": {"type": "LineString", "coordinates": [[121.64106610125108, 18.022199999999998], [121.64160610125109, 18.022199999999998]]}}, {"type": "Feature", "properties": {"id": "CTR-01521", "elevation_m": 25.0}, "geometry": {"type": "LineString", "coordinates": [[121.5561, 18.0213], [121.55664, 18.0213]]}}, {"type": "Feature", "properties": {"id": "CTR-01522", "elevation_m": 25.0}, "geometry": {"type": "LineString", "coordinates": [[121.5561, 18.0213], [121.55664, 18.0213]]}}, {"type": "Feature", "properties": {"id": "CTR-01523", "elevation_m": 25.0}, "geometry": {"type": "LineString", "coordinates": [[121.64114237416351, 18.0213], [121.64168237416351, 18.0213]]}}, {"type": "Feature", "properties": {"id": "CTR-01524", "elevation_m": 25.0}, "geometry": {"type": "LineString", "coordinates": [[121.55590615457749, 18.0204], [121.55644615457749, 18.0204]]}}, {"type": "Feature", "properties": {"id": "CTR-01525", "elevation_m": 25.0}, "geometry": {"type": "LineString", "coordinates": [[121.64135593249927, 18.0204], [121.64189593249927, 18.0204]]}}, {"type": "Feature", "properties": {"id": "CTR-01526", "elevation_m": 25.0}, "geometry": {"type": "LineString", "coordinates": [[121.55561538380277, 18.019499999999997], [121.55615538380277, 18.019499999999997]]}}, {"type": "Feature", "properties": {"id": "CTR-01527", "elevation_m": 25.0}, "geometry": {"type": "LineString", "coordinates": [[121.64166922975348, 18.019499999999997], [121.64220922975348, 18.019499999999997]]}}, {"type": "Feature", "properties": {"id": "CTR-01528", "elevation_m": 25.0}, "geometry": {"type": "LineString", "coordinates": [[121.55528307623236, 18.0186], [121.55582307623236, 18.0186]]}}, {"type": "Feature", "properties": {"id": "CTR-01529", "elevation_m": 25.0}, "geometry": {"type": "LineString", "coordinates": [[121.64199375016763, 18.0186], [121.64253375016763, 18.0186]]}}, {"type": "Feature", "properties": {"id": "CTR-01530", "elevation_m": 25.0}, "geometry": {"type": "LineString", "coordinates": [[121.55492999971389, 18.017699999999998], [121.55546999971389, 18.017699999999998]]}}, {"type": "Feature", "properties": {"id": "CTR-01531", "elevation_m": 25.0}, "geometry": {"type": "LineString", "coordinates": [[121.64231718850583, 18.017699999999998], [121.64285718850583, 18.017699999999998]]}}, {"type": "Feature", "properties": {"id": "CTR-01532", "elevation_m": 25.0}, "geometry": {"type": "LineString", "coordinates": [[121.55463559208611, 18.0168], [121.55517559208612, 18.0168]]}}, {"type": "Feature", "properties": {"id": "CTR-01533", "elevation_m": 25.0}, "geometry": {"type": "LineString", "coordinates": [[121.64259843716472, 18.0168], [121.64313843716472, 18.0168]]}}, {"type": "Feature", "properties": {"id": "CTR-01534", "elevation_m": 25.0}, "geometry": {"type": "LineString", "coordinates": [[121.55443728833285, 18.0159], [121.55497728833285, 18.0159]]}}, {"type": "Feature", "properties": {"id": "CTR-01535", "elevation_m": 25.0}, "geometry": {"type": "LineString", "coordinates": [[121.64276718770954, 18.0159], [121.64330718770954, 18.0159]]}}, {"type": "Feature", "properties": {"id": "CTR-01536", "elevation_m": 25.0}, "geometry": {"type": "LineString", "coordinates": [[121.55438999914169, 18.014999999999997], [121.55492999914169, 18.014999999999997]]}}, {"type": "Feature", "properties": {"id": "CTR-01537", "elevation_m": 25.0}, "geometry": {"type": "LineString", "coordinates": [[121.64282343716472, 18.014999999999997], [121.64336343716472, 18.014999999999997]]}}, {"type": "Feature", "properties": {"id": "CTR-01538", "elevation_m": 25.0}, "geometry": {"type": "LineString", "coordinates": [[121.5544830520803, 18.0141], [121.5550230520803, 18.0141]]}}, {"type": "Feature", "properties": {"id": "CTR-01539", "elevation_m": 25.0}, "geometry": {"type": "LineString", "coordinates": [[121.642725, 18.0141], [121.643265, 18.0141]]}}, {"type": "Feature", "properties": {"id": "CTR-01540", "elevation_m": 25.0}, "geometry": {"type": "LineString", "coordinates": [[121.55474237416351, 18.013199999999998], [121.55528237416351, 18.013199999999998]]}}, {"type": "Feature", "properties": {"id": "CTR-01541", "elevation_m": 25.0}, "geometry": {"type": "LineString", "coordinates": [[121.64247187441326, 18.013199999999998], [121.64301187441326, 18.013199999999998]]}}, {"type": "Feature", "properties": {"id": "CTR-01542", "elevation_m": 25.0}, "geometry": {"type": "LineString", "coordinates": [[121.55513898167005, 18.0123], [121.55567898167006, 18.0123]]}}, {"type": "Feature", "properties": {"id": "CTR-01543", "elevation_m": 25.0}, "geometry": {"type": "LineString", "coordinates": [[121.64210624983235, 18.0123], [121.64264624983235, 18.0123]]}}, {"type": "Feature", "properties": {"id": "CTR-01544", "elevation_m": 25.0}, "geometry": {"type": "LineString", "coordinates": [[121.555607812961, 18.0114], [121.556147812961, 18.0114]]}}, {"type": "Feature", "properties": {"id": "CTR-01545", "elevation_m": 25.0}, "geometry": {"type": "LineString", "coordinates": [[121.64164218838009, 18.0114], [121.64218218838009, 18.0114]]}}, {"type": "Feature", "properties": {"id": "CTR-01546", "elevation_m": 25.0}, "geometry": {"type": "LineString", "coordinates": [[121.55612812558672, 18.010499999999997], [121.55666812558673, 18.010499999999997]]}}, {"type": "Feature", "properties": {"id": "CTR-01547", "elevation_m": 25.0}, "geometry": {"type": "LineString", "coordinates": [[121.64107241348692, 18.010499999999997], [121.64161241348692, 18.010499999999997]]}}, {"type": "Feature", "properties": {"id": "CTR-01548", "elevation_m": 25.0}, "geometry": {"type": "LineString", "coordinates": [[121.55664843716472, 18.0096], [121.55718843716473, 18.0096]]}}, {"type": "Feature", "properties": {"id": "CTR-01549", "elevation_m": 25.0}, "geometry": {"type": "LineString", "coordinates": [[121.64046122591971, 18.0096], [121.64100122591971, 18.0096]]}}, {"type": "Feature", "properties": {"id": "CTR-01550", "elevation_m": 25.0}, "geometry": {"type": "LineString", "coordinates": [[121.55713965542755, 18.008699999999997], [121.55767965542755, 18.008699999999997]]}}, {"type": "Feature", "properties": {"id": "CTR-01551", "elevation_m": 25.0}, "geometry": {"type": "LineString", "coordinates": [[121.63036666713761, 18.008699999999997], [121.63090666713761, 18.008699999999997]]}}, {"type": "Feature", "properties": {"id": "CTR-01552", "elevation_m": 25.0}, "geometry": {"type": "LineString", "coordinates": [[121.63381500042915, 18.008699999999997], [121.63435500042915, 18.008699999999997]]}}, {"type": "Feature", "properties": {"id": "CTR-01553", "elevation_m": 25.0}, "geometry": {"type": "LineString", "coordinates": [[121.63981875044703, 18.008699999999997], [121.64035875044704, 18.008699999999997]]}}, {"type": "Feature", "properties": {"id": "CTR-01554", "elevation_m": 25.0}, "geometry": {"type": "LineString", "coordinates": [[121.55757413930881, 18.0078], [121.55811413930881, 18.0078]]}}, {"type": "Feature", "properties": {"id": "CTR-01555", "elevation_m": 25.0}, "geometry": {"type": "LineString", "coordinates": [[121.62957073242214, 18.0078], [121.63011073242214, 18.0078]]}}, {"type": "Feature", "properties": {"id": "CTR-01556", "elevation_m": 25.0}, "geometry": {"type": "LineString", "coordinates": [[121.6350136367183, 18.0078], [121.6355536367183, 18.0078]]}}, {"type": "Feature", "properties": {"id": "CTR-01557", "elevation_m": 25.0}, "geometry": {"type": "LineString", "coordinates": [[121.63910571386532, 18.0078], [121.63964571386532, 18.0078]]}}, {"type": "Feature", "properties": {"id": "CTR-01558", "elevation_m": 25.0}, "geometry": {"type": "LineString", "coordinates": [[121.55786896480284, 18.006899999999998], [121.55840896480284, 18.006899999999998]]}}, {"type": "Feature", "properties": {"id": "CTR-01559", "elevation_m": 25.0}, "geometry": {"type": "LineString", "coordinates": [[121.62915365792387, 18.006899999999998], [121.62969365792387, 18.006899999999998]]}}, {"type": "Feature", "properties": {"id": "CTR-01560", "elevation_m": 25.0}, "geometry": {"type": "LineString", "coordinates": [[121.63595000158946, 18.006899999999998], [121.63649000158946, 18.006899999999998]]}}, {"type": "Feature", "properties": {"id": "CTR-01561", "elevation_m": 25.0}, "geometry": {"type": "LineString", "coordinates": [[121.63840499914168, 18.006899999999998], [121.63894499914169, 18.006899999999998]]}}, {"type": "Feature", "properties": {"id": "CTR-01562", "elevation_m": 25.0}, "geometry": {"type": "LineString", "coordinates": [[121.55803124955295, 18.006], [121.55857124955295, 18.006]]}}, {"type": "Feature", "properties": {"id": "CTR-01563", "elevation_m": 25.0}, "geometry": {"type": "LineString", "coordinates": [[121.62894905550377, 18.006], [121.62948905550377, 18.006]]}}, {"type": "Feature", "properties": {"id": "CTR-01564", "elevation_m": 25.0}, "geometry": {"type": "LineString", "coordinates": [[121.6366999915229, 18.006], [121.6372399915229, 18.006]]}}, {"type": "Feature", "properties": {"id": "CTR-01565", "elevation_m": 25.0}, "geometry": {"type": "LineString", "coordinates": [[121.63781999999999, 18.006], [121.63835999999999, 18.006]]}}, {"type": "Feature", "properties": {"id": "CTR-01566", "elevation_m": 25.0}, "geometry": {"type": "LineString", "coordinates": [[121.55799374865889, 18.0051], [121.55853374865889, 18.0051]]}}, {"type": "Feature", "properties": {"id": "CTR-01567", "elevation_m": 25.0}, "geometry": {"type": "LineString", "coordinates": [[121.62896603700251, 18.0051], [121.62950603700251, 18.0051]]}}, {"type": "Feature", "properties": {"id": "CTR-01568", "elevation_m": 25.0}, "geometry": {"type": "LineString", "coordinates": [[121.63653750804663, 18.0051], [121.63707750804663, 18.0051]]}}, {"type": "Feature", "properties": {"id": "CTR-01569", "elevation_m": 25.0}, "geometry": {"type": "LineString", "coordinates": [[121.63799999999999, 18.0051], [121.63853999999999, 18.0051]]}}, {"type": "Feature", "properties": {"id": "CTR-01570", "elevation_m": 25.0}, "geometry": {"type": "LineString", "coordinates": [[121.63799999999999, 18.0051], [121.63853999999999, 18.0051]]}}, {"type": "Feature", "properties": {"id": "CTR-01571", "elevation_m": 25.0}, "geometry": {"type": "LineString", "coordinates": [[121.5578084754146, 18.004199999999997], [121.5583484754146, 18.004199999999997]]}}, {"type": "Feature", "properties": {"id": "CTR-01572", "elevation_m": 25.0}, "geometry": {"type": "LineString", "coordinates": [[121.62917560965397, 18.004199999999997], [121.62971560965397, 18.004199999999997]]}}, {"type": "Feature", "properties": {"id": "CTR-01573", "elevation_m": 25.0}, "geometry": {"type": "LineString", "coordinates": [[121.63585000211927, 18.004199999999997], [121.63639000211927, 18.004199999999997]]}}, {"type": "Feature", "properties": {"id": "CTR-01574", "elevation_m": 25.0}, "geometry": {"type": "LineString", "coordinates": [[121.6384950008583, 18.004199999999997], [121.6390350008583, 18.004199999999997]]}}, {"type": "Feature", "properties": {"id": "CTR-01575", "elevation_m": 25.0}, "geometry": {"type": "LineString", "coordinates": [[121.55752758651306, 18.0033], [121.55806758651306, 18.0033]]}}, {"type": "Feature", "properties": {"id": "CTR-01576", "elevation_m": 25.0}, "geometry": {"type": "LineString", "coordinates": [[121.62954878069203, 18.0033], [121.63008878069203, 18.0033]]}}, {"type": "Feature", "properties": {"id": "CTR-01577", "elevation_m": 25.0}, "geometry": {"type": "LineString", "coordinates": [[121.6350136367183, 18.0033], [121.6355536367183, 18.0033]]}}, {"type": "Feature", "properties": {"id": "CTR-01578", "elevation_m": 25.0}, "geometry": {"type": "LineString", "coordinates": [[121.63913142871155, 18.0033], [121.63967142871155, 18.0033]]}}, {"type": "Feature", "properties": {"id": "CTR-01579", "elevation_m": 25.0}, "geometry": {"type": "LineString", "coordinates": [[121.5571862082233, 18.002399999999998], [121.5577262082233, 18.002399999999998]]}}, {"type": "Feature", "properties": {"id": "CTR-01580", "elevation_m": 25.0}, "geometry": {"type": "LineString", "coordinates": [[121.63010769027619, 18.002399999999998], [121.63064769027619, 18.002399999999998]]}}, {"type": "Feature", "properties": {"id": "CTR-01581", "elevation_m": 25.0}, "geometry": {"type": "LineString", "coordinates": [[121.63409999999999, 18.002399999999998], [121.63463999999999, 18.002399999999998]]}}, {"type": "Feature", "properties": {"id": "CTR-01582", "elevation_m": 25.0}, "geometry": {"type": "LineString", "coordinates": [[121.63972058645334, 18.002399999999998], [121.64026058645334, 18.002399999999998]]}}, {"type": "Feature", "properties": {"id": "CTR-01583", "elevation_m": 25.0}, "geometry": {"type": "LineString", "coordinates": [[121.55684285653734, 18.0015], [121.55738285653734, 18.0015]]}}, {"type": "Feature", "properties": {"id": "CTR-01584", "elevation_m": 25.0}, "geometry": {"type": "LineString", "coordinates": [[121.6310454588015, 18.0015], [121.6315854588015, 18.0015]]}}, {"type": "Feature", "properties": {"id": "CTR-01585", "elevation_m": 25.0}, "geometry": {"type": "LineString", "coordinates": [[121.63292142506812, 18.0015], [121.63346142506812, 18.0015]]}}, {"type": "Feature", "properties": {"id": "CTR-01586", "elevation_m": 25.0}, "geometry": {"type": "LineString", "coordinates": [[121.64017500029802, 18.0015], [121.64071500029802, 18.0015]]}}, {"type": "Feature", "properties": {"id": "CTR-01587", "elevation_m": 25.0}, "geometry": {"type": "LineString", "coordinates": [[121.55654285696986, 18.0006], [121.55708285696986, 18.0006]]}}, {"type": "Feature", "properties": {"id": "CTR-01588", "elevation_m": 25.0}, "geometry": {"type": "LineString", "coordinates": [[121.64054999999999, 18.0006], [121.64108999999999, 18.0006]]}}, {"type": "Feature", "properties": {"id": "CTR-01589", "elevation_m": 25.0}, "geometry": {"type": "LineString", "coordinates": [[121.55632857151507, 17.999699999999997], [121.55686857151507, 17.999699999999997]]}}, {"type": "Feature", "properties": {"id": "CTR-01590", "elevation_m": 25.0}, "geometry": {"type": "LineString", "coordinates": [[121.64080862023039, 17.999699999999997], [121.64134862023039, 17.999699999999997]]}}, {"type": "Feature", "properties": {"id": "CTR-01591", "elevation_m": 25.0}, "geometry": {"type": "LineString", "coordinates": [[121.55624062525145, 17.9988], [121.55678062525145, 17.9988]]}}, {"type": "Feature", "properties": {"id": "CTR-01592", "elevation_m": 25.0}, "geometry": {"type": "LineString", "coordinates": [[121.6409017228622, 17.9988], [121.6414417228622, 17.9988]]}}, {"type": "Feature", "properties": {"id": "CTR-01593", "elevation_m": 25.0}, "geometry": {"type": "LineString", "coordinates": [[121.55628571333419, 17.997899999999998], [121.55682571333419, 17.997899999999998]]}}, {"type": "Feature", "properties": {"id": "CTR-01594", "elevation_m": 25.0}, "geometry": {"type": "LineString", "coordinates": [[121.64085517302614, 17.997899999999998], [121.64139517302614, 17.997899999999998]]}}, {"type": "Feature", "properties": {"id": "CTR-01595", "elevation_m": 25.0}, "geometry": {"type": "LineString", "coordinates": [[121.55647968737426, 17.997], [121.55701968737426, 17.997]]}}, {"type": "Feature", "properties": {"id": "CTR-01596", "elevation_m": 25.0}, "geometry": {"type": "LineString", "coordinates": [[121.64062499850988, 17.997], [121.64116499850988, 17.997]]}}, {"type": "Feature", "properties": {"id": "CTR-01597", "elevation_m": 25.0}, "geometry": {"type": "LineString", "coordinates": [[121.5568142866658, 17.9961], [121.5573542866658, 17.9961]]}}, {"type": "Feature", "properties": {"id": "CTR-01598", "elevation_m": 25.0}, "geometry": {"type": "LineString", "coordinates": [[121.630963639201, 17.9961], [121.631503639201, 17.9961]]}}, {"type": "Feature", "properties": {"id": "CTR-01599", "elevation_m": 25.0}, "geometry": {"type": "LineString", "coordinates": [[121.63298571253405, 17.9961], [121.63352571253405, 17.9961]]}}, {"type": "Feature", "properties": {"id": "CTR-01600", "elevation_m": 25.0}, "geometry": {"type": "LineString", "coordinates": [[121.64017500029802, 17.9961], [121.64071500029802, 17.9961]]}}, {"type": "Feature", "properties": {"id": "CTR-01601", "elevation_m": 25.0}, "geometry": {"type": "LineString", "coordinates": [[121.55727931085511, 17.995199999999997], [121.55781931085511, 17.995199999999997]]}}, {"type": "Feature", "properties": {"id": "CTR-01602", "elevation_m": 25.0}, "geometry": {"type": "LineString", "coordinates": [[121.62981219348805, 17.995199999999997], [121.63035219348805, 17.995199999999997]]}}, {"type": "Feature", "properties": {"id": "CTR-01603", "elevation_m": 25.0}, "geometry": {"type": "LineString", "coordinates": [[121.6344818196005, 17.995199999999997], [121.6350218196005, 17.995199999999997]]}}, {"type": "Feature", "properties": {"id": "CTR-01604", "elevation_m": 25.0}, "geometry": {"type": "LineString", "coordinates": [[121.63950882204445, 17.995199999999997], [121.64004882204445, 17.995199999999997]]}}, {"type": "Feature", "properties": {"id": "CTR-01605", "elevation_m": 25.0}, "geometry": {"type": "LineString", "coordinates": [[121.5578526306279, 17.9943], [121.5583926306279, 17.9943]]}}, {"type": "Feature", "properties": {"id": "CTR-01606", "elevation_m": 25.0}, "geometry": {"type": "LineString", "coordinates": [[121.62899999999999, 17.9943], [121.62953999999999, 17.9943]]}}, {"type": "Feature", "properties": {"id": "CTR-01607", "elevation_m": 25.0}, "geometry": {"type": "LineString", "coordinates": [[121.62899999999999, 17.9943], [121.62953999999999, 17.9943]]}}, {"type": "Feature", "properties": {"id": "CTR-01608", "elevation_m": 25.0}, "geometry": {"type": "LineString", "coordinates": [[121.63614999894035, 17.9943], [121.63668999894035, 17.9943]]}}, {"type": "Feature", "properties": {"id": "CTR-01609", "elevation_m": 25.0}, "geometry": {"type": "LineString", "coordinates": [[121.63828421005078, 17.9943], [121.63882421005079, 17.9943]]}}, {"type": "Feature", "properties": {"id": "CTR-01610", "elevation_m": 25.0}, "geometry": {"type": "LineString", "coordinates": [[121.5585562513411, 17.993399999999998], [121.5590962513411, 17.993399999999998]]}}, {"type": "Feature", "properties": {"id": "CTR-01611", "elevation_m": 25.0}, "geometry": {"type": "LineString", "coordinates": [[121.56501428415727, 17.993399999999998], [121.56555428415727, 17.993399999999998]]}}, {"type": "Feature", "properties": {"id": "CTR-01612", "elevation_m": 25.0}, "geometry": {"type": "LineString", "coordinates": [[121.56796666501833, 17.993399999999998], [121.56850666501833, 17.993399999999998]]}}, {"type": "Feature", "properties": {"id": "CTR-01613", "elevation_m": 25.0}, "geometry": {"type": "LineString", "coordinates": [[121.62833773536016, 17.993399999999998], [121.62887773536016, 17.993399999999998]]}}, {"type": "Feature", "properties": {"id": "CTR-01614", "elevation_m": 25.0}, "geometry": {"type": "LineString", "coordinates": [[121.55942727162385, 17.9925], [121.55996727162385, 17.9925]]}}, {"type": "Feature", "properties": {"id": "CTR-01615", "elevation_m": 25.0}, "geometry": {"type": "LineString", "coordinates": [[121.56350454297183, 17.9925], [121.56404454297183, 17.9925]]}}, {"type": "Feature", "properties": {"id": "CTR-01616", "elevation_m": 25.0}, "geometry": {"type": "LineString", "coordinates": [[121.5690214276956, 17.9925], [121.5695614276956, 17.9925]]}}, {"type": "Feature", "properties": {"id": "CTR-01617", "elevation_m": 25.0}, "geometry": {"type": "LineString", "coordinates": [[121.62775500090598, 17.9925], [121.62829500090598, 17.9925]]}}, {"type": "Feature", "properties": {"id": "CTR-01618", "elevation_m": 25.0}, "geometry": {"type": "LineString", "coordinates": [[121.5612, 17.9916], [121.56174, 17.9916]]}}, {"type": "Feature", "properties": {"id": "CTR-01619", "elevation_m": 25.0}, "geometry": {"type": "LineString", "coordinates": [[121.56160000211926, 17.9916], [121.56214000211926, 17.9916]]}}, {"type": "Feature", "properties": {"id": "CTR-01620", "elevation_m": 25.0}, "geometry": {"type": "LineString", "coordinates": [[121.56966792599496, 17.9916], [121.57020792599496, 17.9916]]}}, {"type": "Feature", "properties": {"id": "CTR-01621", "elevation_m": 25.0}, "geometry": {"type": "LineString", "coordinates": [[121.6272899991417, 17.9916], [121.6278299991417, 17.9916]]}}, {"type": "Feature", "properties": {"id": "CTR-01622", "elevation_m": 25.0}, "geometry": {"type": "LineString", "coordinates": [[121.57005849074936, 17.990699999999997], [121.57059849074936, 17.990699999999997]]}}, {"type": "Feature", "properties": {"id": "CTR-01623", "elevation_m": 25.0}, "geometry": {"type": "LineString", "coordinates": [[121.62695714242463, 17.990699999999997], [121.62749714242463, 17.990699999999997]]}}, {"type": "Feature", "properties": {"id": "CTR-01624", "elevation_m": 25.0}, "geometry": {"type": "LineString", "coordinates": [[121.57028333433409, 17.9898], [121.5708233343341, 17.9898]]}}, {"type": "Feature", "properties": {"id": "CTR-01625", "elevation_m": 25.0}, "geometry": {"type": "LineString", "coordinates": [[121.62675714303013, 17.9898], [121.62729714303013, 17.9898]]}}, {"type": "Feature", "properties": {"id": "CTR-01626", "elevation_m": 25.0}, "geometry": {"type": "LineString", "coordinates": [[121.5703471697502, 17.988899999999997], [121.57088716975021, 17.988899999999997]]}}, {"type": "Feature", "properties": {"id": "CTR-01627", "elevation_m": 25.0}, "geometry": {"type": "LineString", "coordinates": [[121.62671428631978, 17.988899999999997], [121.62725428631978, 17.988899999999997]]}}, {"type": "Feature", "properties": {"id": "CTR-01628", "elevation_m": 25.0}, "geometry": {"type": "LineString", "coordinates": [[121.5702283024979, 17.988], [121.5707683024979, 17.988]]}}, {"type": "Feature", "properties": {"id": "CTR-01629", "elevation_m": 25.0}, "geometry": {"type": "LineString", "coordinates": [[121.62679999969724, 17.988], [121.62733999969724, 17.988]]}}, {"type": "Feature", "properties": {"id": "CTR-01630", "elevation_m": 25.0}, "geometry": {"type": "LineString", "coordinates": [[121.56997358460009, 17.987099999999998], [121.57051358460009, 17.987099999999998]]}}, {"type": "Feature", "properties": {"id": "CTR-01631", "elevation_m": 25.0}, "geometry": {"type": "LineString", "coordinates": [[121.6270142866658, 17.987099999999998], [121.6275542866658, 17.987099999999998]]}}, {"type": "Feature", "properties": {"id": "CTR-01632", "elevation_m": 25.0}, "geometry": {"type": "LineString", "coordinates": [[121.56050526125583, 17.9862], [121.56104526125583, 17.9862]]}}, {"type": "Feature", "properties": {"id": "CTR-01633", "elevation_m": 25.0}, "geometry": {"type": "LineString", "coordinates": [[121.56195, 17.9862], [121.56249, 17.9862]]}}, {"type": "Feature", "properties": {"id": "CTR-01634", "elevation_m": 25.0}, "geometry": {"type": "LineString", "coordinates": [[121.56963333403975, 17.9862], [121.57017333403975, 17.9862]]}}, {"type": "Feature", "properties": {"id": "CTR-01635", "elevation_m": 25.0}, "geometry": {"type": "LineString", "coordinates": [[121.62730499947547, 17.9862], [121.62784499947547, 17.9862]]}}, {"type": "Feature", "properties": {"id": "CTR-01636", "elevation_m": 25.0}, "geometry": {"type": "LineString", "coordinates": [[121.55951470677333, 17.9853], [121.56005470677333, 17.9853]]}}, {"type": "Feature", "properties": {"id": "CTR-01637", "elevation_m": 25.0}, "geometry": {"type": "LineString", "coordinates": [[121.5633, 17.9853], [121.56384, 17.9853]]}}, {"type": "Feature", "properties": {"id": "CTR-01638", "elevation_m": 25.0}, "geometry": {"type": "LineString", "coordinates": [[121.5633, 17.9853], [121.56384, 17.9853]]}}, {"type": "Feature", "properties": {"id": "CTR-01639", "elevation_m": 25.0}, "geometry": {"type": "LineString", "coordinates": [[121.56913902622837, 17.9853], [121.56967902622837, 17.9853]]}}, {"type": "Feature", "properties": {"id": "CTR-01640", "elevation_m": 25.0}, "geometry": {"type": "LineString", "coordinates": [[121.62764999999999, 17.9853], [121.62818999999999, 17.9853]]}}, {"type": "Feature", "properties": {"id": "CTR-01641", "elevation_m": 25.0}, "geometry": {"type": "LineString", "coordinates": [[121.55893636158714, 17.984399999999997], [121.55947636158714, 17.984399999999997]]}}, {"type": "Feature", "properties": {"id": "CTR-01642", "elevation_m": 25.0}, "geometry": {"type": "LineString", "coordinates": [[121.5641608685917, 17.984399999999997], [121.5647008685917, 17.984399999999997]]}}, {"type": "Feature", "properties": {"id": "CTR-01643", "elevation_m": 25.0}, "geometry": {"type": "LineString", "coordinates": [[121.56866666596024, 17.984399999999997], [121.56920666596024, 17.984399999999997]]}}, {"type": "Feature", "properties": {"id": "CTR-01644", "elevation_m": 25.0}, "geometry": {"type": "LineString", "coordinates": [[121.62796721302249, 17.984399999999997], [121.62850721302249, 17.984399999999997]]}}, {"type": "Feature", "properties": {"id": "CTR-01645", "elevation_m": 25.0}, "geometry": {"type": "LineString", "coordinates": [[121.55857021175572, 17.9835], [121.55911021175572, 17.9835]]}}, {"type": "Feature", "properties": {"id": "CTR-01646", "elevation_m": 25.0}, "geometry": {"type": "LineString", "coordinates": [[121.56491999656679, 17.9835], [121.56545999656679, 17.9835]]}}, {"type": "Feature", "properties": {"id": "CTR-01647", "elevation_m": 25.0}, "geometry": {"type": "LineString", "coordinates": [[121.5681, 17.9835], [121.56864, 17.9835]]}}, {"type": "Feature", "properties": {"id": "CTR-01648", "elevation_m": 25.0}, "geometry": {"type": "LineString", "coordinates": [[121.62823846128452, 17.9835], [121.62877846128453, 17.9835]]}}, {"type": "Feature", "properties": {"id": "CTR-01649", "elevation_m": 25.0}, "geometry": {"type": "LineString", "coordinates": [[121.55838750089407, 17.982599999999998], [121.55892750089407, 17.982599999999998]]}}, {"type": "Feature", "properties": {"id": "CTR-01650", "elevation_m": 25.0}, "geometry": {"type": "LineString", "coordinates": [[121.56542142506811, 17.982599999999998], [121.56596142506811, 17.982599999999998]]}}, {"type": "Feature", "properties": {"id": "CTR-01651", "elevation_m": 25.0}, "geometry": {"type": "LineString", "coordinates": [[121.56779999999999, 17.982599999999998], [121.56833999999999, 17.982599999999998]]}}, {"type": "Feature", "properties": {"id": "CTR-01652", "elevation_m": 25.0}, "geometry": {"type": "LineString", "coordinates": [[121.56779999999999, 17.982599999999998], [121.56833999999999, 17.982599999999998]]}}, {"type": "Feature", "properties": {"id": "CTR-01653", "elevation_m": 25.0}, "geometry": {"type": "LineString", "coordinates": [[121.62839423064226, 17.982599999999998], [121.62893423064226, 17.982599999999998]]}}, {"type": "Feature", "properties": {"id": "CTR-01654", "elevation_m": 25.0}, "geometry": {"type": "LineString", "coordinates": [[121.55837872410365, 17.9817], [121.55891872410365, 17.9817]]}}, {"type": "Feature", "properties": {"id": "CTR-01655", "elevation_m": 25.0}, "geometry": {"type": "LineString", "coordinates": [[121.56542142506811, 17.9817], [121.56596142506811, 17.9817]]}}, {"type": "Feature", "properties": {"id": "CTR-01656", "elevation_m": 25.0}, "geometry": {"type": "LineString", "coordinates": [[121.56779999999999, 17.9817], [121.56833999999999, 17.9817]]}}, {"type": "Feature", "properties": {"id": "CTR-01657", "elevation_m": 25.0}, "geometry": {"type": "LineString", "coordinates": [[121.56779999999999, 17.9817], [121.56833999999999, 17.9817]]}}, {"type": "Feature", "properties": {"id": "CTR-01658", "elevation_m": 25.0}, "geometry": {"type": "LineString", "coordinates": [[121.62839423064226, 17.9817], [121.62893423064226, 17.9817]]}}, {"type": "Feature", "properties": {"id": "CTR-01659", "elevation_m": 25.0}, "geometry": {"type": "LineString", "coordinates": [[121.55858936108045, 17.9808], [121.55912936108045, 17.9808]]}}, {"type": "Feature", "properties": {"id": "CTR-01660", "elevation_m": 25.0}, "geometry": {"type": "LineString", "coordinates": [[121.56484285831063, 17.9808], [121.56538285831063, 17.9808]]}}, {"type": "Feature", "properties": {"id": "CTR-01661", "elevation_m": 25.0}, "geometry": {"type": "LineString", "coordinates": [[121.56813333403976, 17.9808], [121.56867333403976, 17.9808]]}}, {"type": "Feature", "properties": {"id": "CTR-01662", "elevation_m": 25.0}, "geometry": {"type": "LineString", "coordinates": [[121.628203845519, 17.9808], [121.628743845519, 17.9808]]}}, {"type": "Feature", "properties": {"id": "CTR-01663", "elevation_m": 25.0}, "geometry": {"type": "LineString", "coordinates": [[121.55904545501835, 17.979899999999997], [121.55958545501835, 17.979899999999997]]}}, {"type": "Feature", "properties": {"id": "CTR-01664", "elevation_m": 25.0}, "geometry": {"type": "LineString", "coordinates": [[121.56399545702816, 17.979899999999997], [121.56453545702816, 17.979899999999997]]}}, {"type": "Feature", "properties": {"id": "CTR-01665", "elevation_m": 25.0}, "geometry": {"type": "LineString", "coordinates": [[121.56878780651193, 17.979899999999997], [121.56932780651194, 17.979899999999997]]}}, {"type": "Feature", "properties": {"id": "CTR-01666", "elevation_m": 25.0}, "geometry": {"type": "LineString", "coordinates": [[121.62789000038147, 17.979899999999997], [121.62843000038147, 17.979899999999997]]}}, {"type": "Feature", "properties": {"id": "CTR-01667", "elevation_m": 25.0}, "geometry": {"type": "LineString", "coordinates": [[121.55994999841052, 17.979], [121.56048999841052, 17.979]]}}, {"type": "Feature", "properties": {"id": "CTR-01668", "elevation_m": 25.0}, "geometry": {"type": "LineString", "coordinates": [[121.56273157656979, 17.979], [121.56327157656979, 17.979]]}}, {"type": "Feature", "properties": {"id": "CTR-01669", "elevation_m": 25.0}, "geometry": {"type": "LineString", "coordinates": [[121.56942439034601, 17.979], [121.56996439034602, 17.979]]}}, {"type": "Feature", "properties": {"id": "CTR-01670", "elevation_m": 25.0}, "geometry": {"type": "LineString", "coordinates": [[121.62743999961853, 17.979], [121.62797999961853, 17.979]]}}, {"type": "Feature", "properties": {"id": "CTR-01671", "elevation_m": 25.0}, "geometry": {"type": "LineString", "coordinates": [[121.57005849074936, 17.978099999999998], [121.57059849074936, 17.978099999999998]]}}, {"type": "Feature", "properties": {"id": "CTR-01672", "elevation_m": 25.0}, "geometry": {"type": "LineString", "coordinates": [[121.62692419314646, 17.978099999999998], [121.62746419314647, 17.978099999999998]]}}, {"type": "Feature", "properties": {"id": "CTR-01673", "elevation_m": 25.0}, "geometry": {"type": "LineString", "coordinates": [[121.5706800011444, 17.9772], [121.5712200011444, 17.9772]]}}, {"type": "Feature", "properties": {"id": "CTR-01674", "elevation_m": 25.0}, "geometry": {"type": "LineString", "coordinates": [[121.62637142757666, 17.9772], [121.62691142757666, 17.9772]]}}, {"type": "Feature", "properties": {"id": "CTR-01675", "elevation_m": 25.0}, "geometry": {"type": "LineString", "coordinates": [[121.57124999952316, 17.9763], [121.57178999952316, 17.9763]]}}, {"type": "Feature", "properties": {"id": "CTR-01676", "elevation_m": 25.0}, "geometry": {"type": "LineString", "coordinates": [[121.62580500042915, 17.9763], [121.62634500042915, 17.9763]]}}, {"type": "Feature", "properties": {"id": "CTR-01677", "elevation_m": 25.0}, "geometry": {"type": "LineString", "coordinates": [[121.57173387087842, 17.975399999999997], [121.57227387087842, 17.975399999999997]]}}, {"type": "Feature", "properties": {"id": "CTR-01678", "elevation_m": 25.0}, "geometry": {"type": "LineString", "coordinates": [[121.62527884678869, 17.975399999999997], [121.62581884678869, 17.975399999999997]]}}, {"type": "Feature", "properties": {"id": "CTR-01679", "elevation_m": 25.0}, "geometry": {"type": "LineString", "coordinates": [[121.5721142866658, 17.9745], [121.5726542866658, 17.9745]]}}, {"type": "Feature", "properties": {"id": "CTR-01680", "elevation_m": 25.0}, "geometry": {"type": "LineString", "coordinates": [[121.61539999788071, 17.9745], [121.61593999788072, 17.9745]]}}, {"type": "Feature", "properties": {"id": "CTR-01681", "elevation_m": 25.0}, "geometry": {"type": "LineString", "coordinates": [[121.61680908949037, 17.9745], [121.61734908949038, 17.9745]]}}, {"type": "Feature", "properties": {"id": "CTR-01682", "elevation_m": 25.0}, "geometry": {"type": "LineString", "coordinates": [[121.62481153871546, 17.9745], [121.62535153871546, 17.9745]]}}, {"type": "Feature", "properties": {"id": "CTR-01683", "elevation_m": 25.0}, "geometry": {"type": "LineString", "coordinates": [[121.57237499904632, 17.973599999999998], [121.57291499904632, 17.973599999999998]]}}, {"type": "Feature", "properties": {"id": "CTR-01684", "elevation_m": 25.0}, "geometry": {"type": "LineString", "coordinates": [[121.61454545328439, 17.973599999999998], [121.6150854532844, 17.973599999999998]]}}, {"type": "Feature", "properties": {"id": "CTR-01685", "elevation_m": 25.0}, "geometry": {"type": "LineString", "coordinates": [[121.6178684234302, 17.973599999999998], [121.6184084234302, 17.973599999999998]]}}, {"type": "Feature", "properties": {"id": "CTR-01686", "elevation_m": 25.0}, "geometry": {"type": "LineString", "coordinates": [[121.6245, 17.973599999999998], [121.62504, 17.973599999999998]]}}, {"type": "Feature", "properties": {"id": "CTR-01687", "elevation_m": 25.0}, "geometry": {"type": "LineString", "coordinates": [[121.6245, 17.973599999999998], [121.62504, 17.973599999999998]]}}, {"type": "Feature", "properties": {"id": "CTR-01688", "elevation_m": 25.0}, "geometry": {"type": "LineString", "coordinates": [[121.5724800011444, 17.9727], [121.5730200011444, 17.9727]]}}, {"type": "Feature", "properties": {"id": "CTR-01689", "elevation_m": 25.0}, "geometry": {"type": "LineString", "coordinates": [[121.61434687432944, 17.9727], [121.61488687432944, 17.9727]]}}, {"type": "Feature", "properties": {"id": "CTR-01690", "elevation_m": 25.0}, "geometry": {"type": "LineString", "coordinates": [[121.61819999999999, 17.9727], [121.61873999999999, 17.9727]]}}, {"type": "Feature", "properties": {"id": "CTR-01691", "elevation_m": 25.0}, "geometry": {"type": "LineString", "coordinates": [[121.61819999999999, 17.9727], [121.61873999999999, 17.9727]]}}, {"type": "Feature", "properties": {"id": "CTR-01692", "elevation_m": 25.0}, "geometry": {"type": "LineString", "coordinates": [[121.62434250053644, 17.9727], [121.62488250053644, 17.9727]]}}, {"type": "Feature", "properties": {"id": "CTR-01693", "elevation_m": 25.0}, "geometry": {"type": "LineString", "coordinates": [[121.57243500014305, 17.971799999999998], [121.57297500014305, 17.971799999999998]]}}, {"type": "Feature", "properties": {"id": "CTR-01694", "elevation_m": 25.0}, "geometry": {"type": "LineString", "coordinates": [[121.61440909169724, 17.971799999999998], [121.61494909169724, 17.971799999999998]]}}, {"type": "Feature", "properties": {"id": "CTR-01695", "elevation_m": 25.0}, "geometry": {"type": "LineString", "coordinates": [[121.61806499742508, 17.971799999999998], [121.61860499742508, 17.971799999999998]]}}, {"type": "Feature", "properties": {"id": "CTR-01696", "elevation_m": 25.0}, "geometry": {"type": "LineString", "coordinates": [[121.62440769050193, 17.971799999999998], [121.62494769050193, 17.971799999999998]]}}, {"type": "Feature", "properties": {"id": "CTR-01697", "elevation_m": 25.0}, "geometry": {"type": "LineString", "coordinates": [[121.57225714194888, 17.9709], [121.57279714194888, 17.9709]]}}, {"type": "Feature", "properties": {"id": "CTR-01698", "elevation_m": 25.0}, "geometry": {"type": "LineString", "coordinates": [[121.61486470172446, 17.9709], [121.61540470172446, 17.9709]]}}, {"type": "Feature", "properties": {"id": "CTR-01699", "elevation_m": 25.0}, "geometry": {"type": "LineString", "coordinates": [[121.61752499785422, 17.9709], [121.61806499785422, 17.9709]]}}, {"type": "Feature", "properties": {"id": "CTR-01700", "elevation_m": 25.0}, "geometry": {"type": "LineString", "coordinates": [[121.62463846128452, 17.9709], [121.62517846128452, 17.9709]]}}, {"type": "Feature", "properties": {"id": "CTR-01701", "elevation_m": 30.0}, "geometry": {"type": "LineString", "coordinates": [[121.52534531195518, 18.15], [121.52588531195518, 18.15]]}}, {"type": "Feature", "properties": {"id": "CTR-01702", "elevation_m": 30.0}, "geometry": {"type": "LineString", "coordinates": [[121.67176800041199, 18.15], [121.67230800041199, 18.15]]}}, {"type": "Feature", "properties": {"id": "CTR-01703", "elevation_m": 30.0}, "geometry": {"type": "LineString", "coordinates": [[121.5249375, 18.149099999999997], [121.5254775, 18.149099999999997]]}}, {"type": "Feature", "properties": {"id": "CTR-01704", "elevation_m": 30.0}, "geometry": {"type": "LineString", "coordinates": [[121.67226101832993, 18.149099999999997], [121.67280101832993, 18.149099999999997]]}}, {"type": "Feature", "properties": {"id": "CTR-01705", "elevation_m": 30.0}, "geometry": {"type": "LineString", "coordinates": [[121.52464153931476, 18.1482], [121.52518153931476, 18.1482]]}}, {"type": "Feature", "properties": {"id": "CTR-01706", "elevation_m": 30.0}, "geometry": {"type": "LineString", "coordinates": [[121.67259661041605, 18.1482], [121.67313661041605, 18.1482]]}}, {"type": "Feature", "properties": {"id": "CTR-01707", "elevation_m": 30.0}, "geometry": {"type": "LineString", "coordinates": [[121.52445937474853, 18.147299999999998], [121.52499937474853, 18.147299999999998]]}}, {"type": "Feature", "properties": {"id": "CTR-01708", "elevation_m": 30.0}, "geometry": {"type": "LineString", "coordinates": [[121.6727850005722, 18.147299999999998], [121.6733250005722, 18.147299999999998]]}}, {"type": "Feature", "properties": {"id": "CTR-01709", "elevation_m": 30.0}, "geometry": {"type": "LineString", "coordinates": [[121.52443124916181, 18.1464], [121.52497124916181, 18.1464]]}}, {"type": "Feature", "properties": {"id": "CTR-01710", "elevation_m": 30.0}, "geometry": {"type": "LineString", "coordinates": [[121.6728299997139, 18.1464], [121.6733699997139, 18.1464]]}}, {"type": "Feature", "properties": {"id": "CTR-01711", "elevation_m": 30.0}, "geometry": {"type": "LineString", "coordinates": [[121.52454374882653, 18.1455], [121.52508374882653, 18.1455]]}}, {"type": "Feature", "properties": {"id": "CTR-01712", "elevation_m": 30.0}, "geometry": {"type": "LineString", "coordinates": [[121.67270999990463, 18.1455], [121.67324999990463, 18.1455]]}}, {"type": "Feature", "properties": {"id": "CTR-01713", "elevation_m": 30.0}, "geometry": {"type": "LineString", "coordinates": [[121.52477999894361, 18.144599999999997], [121.52531999894362, 18.144599999999997]]}}, {"type": "Feature", "properties": {"id": "CTR-01714", "elevation_m": 30.0}, "geometry": {"type": "LineString", "coordinates": [[121.67245499995231, 18.144599999999997], [121.67299499995231, 18.144599999999997]]}}, {"type": "Feature", "properties": {"id": "CTR-01715", "elevation_m": 30.0}, "geometry": {"type": "LineString", "coordinates": [[121.52511230765167, 18.1437], [121.52565230765167, 18.1437]]}}, {"type": "Feature", "properties": {"id": "CTR-01716", "elevation_m": 30.0}, "geometry": {"type": "LineString", "coordinates": [[121.67207400054932, 18.1437], [121.67261400054932, 18.1437]]}}, {"type": "Feature", "properties": {"id": "CTR-01717", "elevation_m": 30.0}, "geometry": {"type": "LineString", "coordinates": [[121.5255, 18.142799999999998], [121.52604, 18.142799999999998]]}}, {"type": "Feature", "properties": {"id": "CTR-01718", "elevation_m": 30.0}, "geometry": {"type": "LineString", "coordinates": [[121.5255, 18.142799999999998], [121.52604, 18.142799999999998]]}}, {"type": "Feature", "properties": {"id": "CTR-01719", "elevation_m": 30.0}, "geometry": {"type": "LineString", "coordinates": [[121.66319999999999, 18.142799999999998], [121.66373999999999, 18.142799999999998]]}}, {"type": "Feature", "properties": {"id": "CTR-01720", "elevation_m": 30.0}, "geometry": {"type": "LineString", "coordinates": [[121.66319999999999, 18.142799999999998], [121.66373999999999, 18.142799999999998]]}}, {"type": "Feature", "properties": {"id": "CTR-01721", "elevation_m": 30.0}, "geometry": {"type": "LineString", "coordinates": [[121.67156999931335, 18.142799999999998], [121.67210999931335, 18.142799999999998]]}}, {"type": "Feature", "properties": {"id": "CTR-01722", "elevation_m": 30.0}, "geometry": {"type": "LineString", "coordinates": [[121.52592711958103, 18.1419], [121.52646711958103, 18.1419]]}}, {"type": "Feature", "properties": {"id": "CTR-01723", "elevation_m": 30.0}, "geometry": {"type": "LineString", "coordinates": [[121.66171153871547, 18.1419], [121.66225153871547, 18.1419]]}}, {"type": "Feature", "properties": {"id": "CTR-01724", "elevation_m": 30.0}, "geometry": {"type": "LineString", "coordinates": [[121.6654950008583, 18.1419], [121.6660350008583, 18.1419]]}}, {"type": "Feature", "properties": {"id": "CTR-01725", "elevation_m": 30.0}, "geometry": {"type": "LineString", "coordinates": [[121.67098378491231, 18.1419], [121.67152378491231, 18.1419]]}}, {"type": "Feature", "properties": {"id": "CTR-01726", "elevation_m": 30.0}, "geometry": {"type": "LineString", "coordinates": [[121.5263100008583, 18.141], [121.5268500008583, 18.141]]}}, {"type": "Feature", "properties": {"id": "CTR-01727", "elevation_m": 30.0}, "geometry": {"type": "LineString", "coordinates": [[121.66104878069204, 18.141], [121.66158878069204, 18.141]]}}, {"type": "Feature", "properties": {"id": "CTR-01728", "elevation_m": 30.0}, "geometry": {"type": "LineString", "coordinates": [[121.66657500214578, 18.141], [121.66711500214578, 18.141]]}}, {"type": "Feature", "properties": {"id": "CTR-01729", "elevation_m": 30.0}, "geometry": {"type": "LineString", "coordinates": [[121.67035908984506, 18.141], [121.67089908984507, 18.141]]}}, {"type": "Feature", "properties": {"id": "CTR-01730", "elevation_m": 30.0}, "geometry": {"type": "LineString", "coordinates": [[121.52663399848937, 18.1401], [121.52717399848937, 18.1401]]}}, {"type": "Feature", "properties": {"id": "CTR-01731", "elevation_m": 30.0}, "geometry": {"type": "LineString", "coordinates": [[121.66065365792387, 18.1401], [121.66119365792387, 18.1401]]}}, {"type": "Feature", "properties": {"id": "CTR-01732", "elevation_m": 30.0}, "geometry": {"type": "LineString", "coordinates": [[121.66753124597668, 18.1401], [121.66807124597668, 18.1401]]}}, {"type": "Feature", "properties": {"id": "CTR-01733", "elevation_m": 30.0}, "geometry": {"type": "LineString", "coordinates": [[121.66958571584271, 18.1401], [121.67012571584272, 18.1401]]}}, {"type": "Feature", "properties": {"id": "CTR-01734", "elevation_m": 30.0}, "geometry": {"type": "LineString", "coordinates": [[121.52682244833612, 18.1392], [121.52736244833612, 18.1392]]}}, {"type": "Feature", "properties": {"id": "CTR-01735", "elevation_m": 30.0}, "geometry": {"type": "LineString", "coordinates": [[121.66044905550376, 18.1392], [121.66098905550376, 18.1392]]}}, {"type": "Feature", "properties": {"id": "CTR-01736", "elevation_m": 30.0}, "geometry": {"type": "LineString", "coordinates": [[121.52683199958801, 18.138299999999997], [121.52737199958801, 18.138299999999997]]}}, {"type": "Feature", "properties": {"id": "CTR-01737", "elevation_m": 30.0}, "geometry": {"type": "LineString", "coordinates": [[121.66044905550376, 18.138299999999997], [121.66098905550376, 18.138299999999997]]}}, {"type": "Feature", "properties": {"id": "CTR-01738", "elevation_m": 30.0}, "geometry": {"type": "LineString", "coordinates": [[121.52663877408028, 18.1374], [121.52717877408028, 18.1374]]}}, {"type": "Feature", "properties": {"id": "CTR-01739", "elevation_m": 30.0}, "geometry": {"type": "LineString", "coordinates": [[121.66067560965398, 18.1374], [121.66121560965398, 18.1374]]}}, {"type": "Feature", "properties": {"id": "CTR-01740", "elevation_m": 30.0}, "geometry": {"type": "LineString", "coordinates": [[121.66753124597668, 18.1374], [121.66807124597668, 18.1374]]}}, {"type": "Feature", "properties": {"id": "CTR-01741", "elevation_m": 30.0}, "geometry": {"type": "LineString", "coordinates": [[121.66962272940074, 18.1374], [121.67016272940074, 18.1374]]}}, {"type": "Feature", "properties": {"id": "CTR-01742", "elevation_m": 30.0}, "geometry": {"type": "LineString", "coordinates": [[121.5263100008583, 18.136499999999998], [121.5268500008583, 18.136499999999998]]}}, {"type": "Feature", "properties": {"id": "CTR-01743", "elevation_m": 30.0}, "geometry": {"type": "LineString", "coordinates": [[121.66111463588236, 18.136499999999998], [121.66165463588236, 18.136499999999998]]}}, {"type": "Feature", "properties": {"id": "CTR-01744", "elevation_m": 30.0}, "geometry": {"type": "LineString", "coordinates": [[121.6665, 18.136499999999998], [121.66704, 18.136499999999998]]}}, {"type": "Feature", "properties": {"id": "CTR-01745", "elevation_m": 30.0}, "geometry": {"type": "LineString", "coordinates": [[121.6704, 18.136499999999998], [121.67094, 18.136499999999998]]}}, {"type": "Feature", "properties": {"id": "CTR-01746", "elevation_m": 30.0}, "geometry": {"type": "LineString", "coordinates": [[121.6704, 18.136499999999998], [121.67094, 18.136499999999998]]}}, {"type": "Feature", "properties": {"id": "CTR-01747", "elevation_m": 30.0}, "geometry": {"type": "LineString", "coordinates": [[121.52590500042915, 18.1356], [121.52644500042915, 18.1356]]}}, {"type": "Feature", "properties": {"id": "CTR-01748", "elevation_m": 30.0}, "geometry": {"type": "LineString", "coordinates": [[121.66188461284524, 18.1356], [121.66242461284524, 18.1356]]}}, {"type": "Feature", "properties": {"id": "CTR-01749", "elevation_m": 30.0}, "geometry": {"type": "LineString", "coordinates": [[121.66526999914169, 18.1356], [121.66580999914169, 18.1356]]}}, {"type": "Feature", "properties": {"id": "CTR-01750", "elevation_m": 30.0}, "geometry": {"type": "LineString", "coordinates": [[121.67106315765697, 18.1356], [121.67160315765697, 18.1356]]}}, {"type": "Feature", "properties": {"id": "CTR-01751", "elevation_m": 30.0}, "geometry": {"type": "LineString", "coordinates": [[121.52543077024652, 18.1347], [121.52597077024652, 18.1347]]}}, {"type": "Feature", "properties": {"id": "CTR-01752", "elevation_m": 30.0}, "geometry": {"type": "LineString", "coordinates": [[121.67168823390816, 18.1347], [121.67222823390816, 18.1347]]}}, {"type": "Feature", "properties": {"id": "CTR-01753", "elevation_m": 30.0}, "geometry": {"type": "LineString", "coordinates": [[121.52498769234832, 18.133799999999997], [121.52552769234832, 18.133799999999997]]}}, {"type": "Feature", "properties": {"id": "CTR-01754", "elevation_m": 30.0}, "geometry": {"type": "LineString", "coordinates": [[121.67226000133513, 18.133799999999997], [121.67280000133513, 18.133799999999997]]}}, {"type": "Feature", "properties": {"id": "CTR-01755", "elevation_m": 30.0}, "geometry": {"type": "LineString", "coordinates": [[121.52457230704222, 18.1329], [121.52511230704222, 18.1329]]}}, {"type": "Feature", "properties": {"id": "CTR-01756", "elevation_m": 30.0}, "geometry": {"type": "LineString", "coordinates": [[121.67270999990463, 18.1329], [121.67324999990463, 18.1329]]}}, {"type": "Feature", "properties": {"id": "CTR-01757", "elevation_m": 30.0}, "geometry": {"type": "LineString", "coordinates": [[121.5242399994718, 18.131999999999998], [121.5247799994718, 18.131999999999998]]}}, {"type": "Feature", "properties": {"id": "CTR-01758", "elevation_m": 30.0}, "geometry": {"type": "LineString", "coordinates": [[121.67306999933243, 18.131999999999998], [121.67360999933243, 18.131999999999998]]}}, {"type": "Feature", "properties": {"id": "CTR-01759", "elevation_m": 30.0}, "geometry": {"type": "LineString", "coordinates": [[121.52401846109153, 18.1311], [121.52455846109153, 18.1311]]}}, {"type": "Feature", "properties": {"id": "CTR-01760", "elevation_m": 30.0}, "geometry": {"type": "LineString", "coordinates": [[121.6732938454225, 18.1311], [121.67383384542251, 18.1311]]}}, {"type": "Feature", "properties": {"id": "CTR-01761", "elevation_m": 30.0}, "geometry": {"type": "LineString", "coordinates": [[121.52393906283527, 18.1302], [121.52447906283527, 18.1302]]}}, {"type": "Feature", "properties": {"id": "CTR-01762", "elevation_m": 30.0}, "geometry": {"type": "LineString", "coordinates": [[121.67337692348322, 18.1302], [121.67391692348322, 18.1302]]}}, {"type": "Feature", "properties": {"id": "CTR-01763", "elevation_m": 30.0}, "geometry": {"type": "LineString", "coordinates": [[121.52400461461264, 18.129299999999997], [121.52454461461264, 18.129299999999997]]}}, {"type": "Feature", "properties": {"id": "CTR-01764", "elevation_m": 30.0}, "geometry": {"type": "LineString", "coordinates": [[121.67330769190139, 18.129299999999997], [121.67384769190139, 18.129299999999997]]}}, {"type": "Feature", "properties": {"id": "CTR-01765", "elevation_m": 30.0}, "geometry": {"type": "LineString", "coordinates": [[121.52420624983236, 18.1284], [121.52474624983236, 18.1284]]}}, {"type": "Feature", "properties": {"id": "CTR-01766", "elevation_m": 30.0}, "geometry": {"type": "LineString", "coordinates": [[121.67311384647888, 18.1284], [121.67365384647889, 18.1284]]}}, {"type": "Feature", "properties": {"id": "CTR-01767", "elevation_m": 30.0}, "geometry": {"type": "LineString", "coordinates": [[121.52451692376762, 18.127499999999998], [121.52505692376762, 18.127499999999998]]}}, {"type": "Feature", "properties": {"id": "CTR-01768", "elevation_m": 30.0}, "geometry": {"type": "LineString", "coordinates": [[121.6727850005722, 18.127499999999998], [121.6733250005722, 18.127499999999998]]}}, {"type": "Feature", "properties": {"id": "CTR-01769", "elevation_m": 30.0}, "geometry": {"type": "LineString", "coordinates": [[121.52489076813376, 18.1266], [121.52543076813376, 18.1266]]}}, {"type": "Feature", "properties": {"id": "CTR-01770", "elevation_m": 30.0}, "geometry": {"type": "LineString", "coordinates": [[121.6723800011444, 18.1266], [121.6729200011444, 18.1266]]}}, {"type": "Feature", "properties": {"id": "CTR-01771", "elevation_m": 30.0}, "geometry": {"type": "LineString", "coordinates": [[121.5252923080986, 18.1257], [121.5258323080986, 18.1257]]}}, {"type": "Feature", "properties": {"id": "CTR-01772", "elevation_m": 30.0}, "geometry": {"type": "LineString", "coordinates": [[121.6719, 18.1257], [121.67244, 18.1257]]}}, {"type": "Feature", "properties": {"id": "CTR-01773", "elevation_m": 30.0}, "geometry": {"type": "LineString", "coordinates": [[121.52569499923705, 18.124799999999997], [121.52623499923705, 18.124799999999997]]}}, {"type": "Feature", "properties": {"id": "CTR-01774", "elevation_m": 30.0}, "geometry": {"type": "LineString", "coordinates": [[121.6629545411985, 18.124799999999997], [121.6634945411985, 18.124799999999997]]}}, {"type": "Feature", "properties": {"id": "CTR-01775", "elevation_m": 30.0}, "geometry": {"type": "LineString", "coordinates": [[121.66416428746594, 18.124799999999997], [121.66470428746594, 18.124799999999997]]}}, {"type": "Feature", "properties": {"id": "CTR-01776", "elevation_m": 30.0}, "geometry": {"type": "LineString", "coordinates": [[121.67142352881777, 18.124799999999997], [121.67196352881777, 18.124799999999997]]}}, {"type": "Feature", "properties": {"id": "CTR-01777", "elevation_m": 30.0}, "geometry": {"type": "LineString", "coordinates": [[121.52602500023842, 18.1239], [121.52656500023842, 18.1239]]}}, {"type": "Feature", "properties": {"id": "CTR-01778", "elevation_m": 30.0}, "geometry": {"type": "LineString", "coordinates": [[121.66183333286237, 18.1239], [121.66237333286237, 18.1239]]}}, {"type": "Feature", "properties": {"id": "CTR-01779", "elevation_m": 30.0}, "geometry": {"type": "LineString", "coordinates": [[121.66542631531395, 18.1239], [121.66596631531395, 18.1239]]}}, {"type": "Feature", "properties": {"id": "CTR-01780", "elevation_m": 30.0}, "geometry": {"type": "LineString", "coordinates": [[121.67093513500974, 18.1239], [121.67147513500974, 18.1239]]}}, {"type": "Feature", "properties": {"id": "CTR-01781", "elevation_m": 30.0}, "geometry": {"type": "LineString", "coordinates": [[121.52623499918937, 18.122999999999998], [121.52677499918937, 18.122999999999998]]}}, {"type": "Feature", "properties": {"id": "CTR-01782", "elevation_m": 30.0}, "geometry": {"type": "LineString", "coordinates": [[121.6613780482699, 18.122999999999998], [121.6619180482699, 18.122999999999998]]}}, {"type": "Feature", "properties": {"id": "CTR-01783", "elevation_m": 30.0}, "geometry": {"type": "LineString", "coordinates": [[121.66608000343321, 18.122999999999998], [121.66662000343321, 18.122999999999998]]}}, {"type": "Feature", "properties": {"id": "CTR-01784", "elevation_m": 30.0}, "geometry": {"type": "LineString", "coordinates": [[121.67059459396764, 18.122999999999998], [121.67113459396764, 18.122999999999998]]}}, {"type": "Feature", "properties": {"id": "CTR-01785", "elevation_m": 30.0}, "geometry": {"type": "LineString", "coordinates": [[121.5263100008583, 18.1221], [121.5268500008583, 18.1221]]}}, {"type": "Feature", "properties": {"id": "CTR-01786", "elevation_m": 30.0}, "geometry": {"type": "LineString", "coordinates": [[121.66129024553634, 18.1221], [121.66183024553634, 18.1221]]}}, {"type": "Feature", "properties": {"id": "CTR-01787", "elevation_m": 30.0}, "geometry": {"type": "LineString", "coordinates": [[121.6662599982834, 18.1221], [121.6667999982834, 18.1221]]}}, {"type": "Feature", "properties": {"id": "CTR-01788", "elevation_m": 30.0}, "geometry": {"type": "LineString", "coordinates": [[121.67049473874415, 18.1221], [121.67103473874415, 18.1221]]}}, {"type": "Feature", "properties": {"id": "CTR-01789", "elevation_m": 30.0}, "geometry": {"type": "LineString", "coordinates": [[121.52621999885558, 18.121199999999998], [121.52675999885558, 18.121199999999998]]}}, {"type": "Feature", "properties": {"id": "CTR-01790", "elevation_m": 30.0}, "geometry": {"type": "LineString", "coordinates": [[121.66143333403976, 18.121199999999998], [121.66197333403976, 18.121199999999998]]}}, {"type": "Feature", "properties": {"id": "CTR-01791", "elevation_m": 30.0}, "geometry": {"type": "LineString", "coordinates": [[121.66599000171661, 18.121199999999998], [121.66653000171661, 18.121199999999998]]}}, {"type": "Feature", "properties": {"id": "CTR-01792", "elevation_m": 30.0}, "geometry": {"type": "LineString", "coordinates": [[121.67063684234301, 18.121199999999998], [121.67117684234302, 18.121199999999998]]}}, {"type": "Feature", "properties": {"id": "CTR-01793", "elevation_m": 30.0}, "geometry": {"type": "LineString", "coordinates": [[121.52597999923705, 18.1203], [121.52651999923705, 18.1203]]}}, {"type": "Feature", "properties": {"id": "CTR-01794", "elevation_m": 30.0}, "geometry": {"type": "LineString", "coordinates": [[121.66198846128452, 18.1203], [121.66252846128452, 18.1203]]}}, {"type": "Feature", "properties": {"id": "CTR-01795", "elevation_m": 30.0}, "geometry": {"type": "LineString", "coordinates": [[121.66523684020318, 18.1203], [121.66577684020318, 18.1203]]}}, {"type": "Feature", "properties": {"id": "CTR-01796", "elevation_m": 30.0}, "geometry": {"type": "LineString", "coordinates": [[121.67101578828489, 18.1203], [121.67155578828489, 18.1203]]}}, {"type": "Feature", "properties": {"id": "CTR-01797", "elevation_m": 30.0}, "geometry": {"type": "LineString", "coordinates": [[121.52563278697751, 18.1194], [121.52617278697751, 18.1194]]}}, {"type": "Feature", "properties": {"id": "CTR-01798", "elevation_m": 30.0}, "geometry": {"type": "LineString", "coordinates": [[121.67151176609184, 18.1194], [121.67205176609184, 18.1194]]}}, {"type": "Feature", "properties": {"id": "CTR-01799", "elevation_m": 30.0}, "geometry": {"type": "LineString", "coordinates": [[121.52520923186623, 18.118499999999997], [121.52574923186623, 18.118499999999997]]}}, {"type": "Feature", "properties": {"id": "CTR-01800", "elevation_m": 30.0}, "geometry": {"type": "LineString", "coordinates": [[121.67204117627259, 18.118499999999997], [121.67258117627259, 18.118499999999997]]}}, {"type": "Feature", "properties": {"id": "CTR-01801", "elevation_m": 30.0}, "geometry": {"type": "LineString", "coordinates": [[121.52477727162385, 18.1176], [121.52531727162385, 18.1176]]}}, {"type": "Feature", "properties": {"id": "CTR-01802", "elevation_m": 30.0}, "geometry": {"type": "LineString", "coordinates": [[121.67253934430842, 18.1176], [121.67307934430842, 18.1176]]}}, {"type": "Feature", "properties": {"id": "CTR-01803", "elevation_m": 30.0}, "geometry": {"type": "LineString", "coordinates": [[121.52435076866195, 18.116699999999998], [121.52489076866195, 18.116699999999998]]}}, {"type": "Feature", "properties": {"id": "CTR-01804", "elevation_m": 30.0}, "geometry": {"type": "LineString", "coordinates": [[121.67299500052451, 18.116699999999998], [121.67353500052451, 18.116699999999998]]}}, {"type": "Feature", "properties": {"id": "CTR-01805", "elevation_m": 30.0}, "geometry": {"type": "LineString", "coordinates": [[121.52399076813376, 18.1158], [121.52453076813376, 18.1158]]}}, {"type": "Feature", "properties": {"id": "CTR-01806", "elevation_m": 30.0}, "geometry": {"type": "LineString", "coordinates": [[121.67335909169725, 18.1158], [121.67389909169725, 18.1158]]}}, {"type": "Feature", "properties": {"id": "CTR-01807", "elevation_m": 30.0}, "geometry": {"type": "LineString", "coordinates": [[121.52374153931476, 18.1149], [121.52428153931476, 18.1149]]}}, {"type": "Feature", "properties": {"id": "CTR-01808", "elevation_m": 30.0}, "geometry": {"type": "LineString", "coordinates": [[121.67361230765167, 18.1149], [121.67415230765167, 18.1149]]}}, {"type": "Feature", "properties": {"id": "CTR-01809", "elevation_m": 30.0}, "geometry": {"type": "LineString", "coordinates": [[121.5236084754146, 18.113999999999997], [121.5241484754146, 18.113999999999997]]}}, {"type": "Feature", "properties": {"id": "CTR-01810", "elevation_m": 30.0}, "geometry": {"type": "LineString", "coordinates": [[121.67373692218305, 18.113999999999997], [121.67427692218305, 18.113999999999997]]}}, {"type": "Feature", "properties": {"id": "CTR-01811", "elevation_m": 30.0}, "geometry": {"type": "LineString", "coordinates": [[121.52362500095367, 18.1131], [121.52416500095367, 18.1131]]}}, {"type": "Feature", "properties": {"id": "CTR-01812", "elevation_m": 30.0}, "geometry": {"type": "LineString", "coordinates": [[121.67372307651678, 18.1131], [121.67426307651678, 18.1131]]}}, {"type": "Feature", "properties": {"id": "CTR-01813", "elevation_m": 30.0}, "geometry": {"type": "LineString", "coordinates": [[121.52379692271124, 18.112199999999998], [121.52433692271124, 18.112199999999998]]}}, {"type": "Feature", "properties": {"id": "CTR-01814", "elevation_m": 30.0}, "geometry": {"type": "LineString", "coordinates": [[121.67356363667889, 18.112199999999998], [121.6741036366789, 18.112199999999998]]}}, {"type": "Feature", "properties": {"id": "CTR-01815", "elevation_m": 30.0}, "geometry": {"type": "LineString", "coordinates": [[121.52407384700707, 18.1113], [121.52461384700707, 18.1113]]}}, {"type": "Feature", "properties": {"id": "CTR-01816", "elevation_m": 30.0}, "geometry": {"type": "LineString", "coordinates": [[121.67327999894361, 18.1113], [121.67381999894361, 18.1113]]}}, {"type": "Feature", "properties": {"id": "CTR-01817", "elevation_m": 30.0}, "geometry": {"type": "LineString", "coordinates": [[121.52444769182013, 18.1104], [121.52498769182013, 18.1104]]}}, {"type": "Feature", "properties": {"id": "CTR-01818", "elevation_m": 30.0}, "geometry": {"type": "LineString", "coordinates": [[121.6729081975517, 18.1104], [121.6734481975517, 18.1104]]}}, {"type": "Feature", "properties": {"id": "CTR-01819", "elevation_m": 30.0}, "geometry": {"type": "LineString", "coordinates": [[121.52484923133804, 18.109499999999997], [121.52538923133804, 18.109499999999997]]}}, {"type": "Feature", "properties": {"id": "CTR-01820", "elevation_m": 30.0}, "geometry": {"type": "LineString", "coordinates": [[121.67248032837631, 18.109499999999997], [121.67302032837631, 18.109499999999997]]}}, {"type": "Feature", "properties": {"id": "CTR-01821", "elevation_m": 30.0}, "geometry": {"type": "LineString", "coordinates": [[121.52525454498165, 18.1086], [121.52579454498165, 18.1086]]}}, {"type": "Feature", "properties": {"id": "CTR-01822", "elevation_m": 30.0}, "geometry": {"type": "LineString", "coordinates": [[121.67202352881777, 18.1086], [121.67256352881778, 18.1086]]}}, {"type": "Feature", "properties": {"id": "CTR-01823", "elevation_m": 30.0}, "geometry": {"type": "LineString", "coordinates": [[121.52560499947548, 18.107699999999998], [121.52614499947548, 18.107699999999998]]}}, {"type": "Feature", "properties": {"id": "CTR-01824", "elevation_m": 30.0}, "geometry": {"type": "LineString", "coordinates": [[121.67158235254519, 18.107699999999998], [121.67212235254519, 18.107699999999998]]}}, {"type": "Feature", "properties": {"id": "CTR-01825", "elevation_m": 30.0}, "geometry": {"type": "LineString", "coordinates": [[121.52587499976157, 18.1068], [121.52641499976157, 18.1068]]}}, {"type": "Feature", "properties": {"id": "CTR-01826", "elevation_m": 30.0}, "geometry": {"type": "LineString", "coordinates": [[121.66267499761578, 18.1068], [121.66321499761578, 18.1068]]}}, {"type": "Feature", "properties": {"id": "CTR-01827", "elevation_m": 30.0}, "geometry": {"type": "LineString", "coordinates": [[121.66444615079888, 18.1068], [121.66498615079888, 18.1068]]}}, {"type": "Feature", "properties": {"id": "CTR-01828", "elevation_m": 30.0}, "geometry": {"type": "LineString", "coordinates": [[121.67125263062792, 18.1068], [121.67179263062792, 18.1068]]}}, {"type": "Feature", "properties": {"id": "CTR-01829", "elevation_m": 30.0}, "geometry": {"type": "LineString", "coordinates": [[121.52600999990463, 18.1059], [121.52654999990463, 18.1059]]}}, {"type": "Feature", "properties": {"id": "CTR-01830", "elevation_m": 30.0}, "geometry": {"type": "LineString", "coordinates": [[121.66219999788072, 18.1059], [121.66273999788072, 18.1059]]}}, {"type": "Feature", "properties": {"id": "CTR-01831", "elevation_m": 30.0}, "geometry": {"type": "LineString", "coordinates": [[121.66504736937208, 18.1059], [121.66558736937208, 18.1059]]}}, {"type": "Feature", "properties": {"id": "CTR-01832", "elevation_m": 30.0}, "geometry": {"type": "LineString", "coordinates": [[121.67103947297093, 18.1059], [121.67157947297093, 18.1059]]}}, {"type": "Feature", "properties": {"id": "CTR-01833", "elevation_m": 30.0}, "geometry": {"type": "LineString", "coordinates": [[121.52599499957084, 18.104999999999997], [121.52653499957084, 18.104999999999997]]}}, {"type": "Feature", "properties": {"id": "CTR-01834", "elevation_m": 30.0}, "geometry": {"type": "LineString", "coordinates": [[121.66223571297198, 18.104999999999997], [121.66277571297198, 18.104999999999997]]}}, {"type": "Feature", "properties": {"id": "CTR-01835", "elevation_m": 30.0}, "geometry": {"type": "LineString", "coordinates": [[121.66493076821503, 18.104999999999997], [121.66547076821503, 18.104999999999997]]}}, {"type": "Feature", "properties": {"id": "CTR-01836", "elevation_m": 30.0}, "geometry": {"type": "LineString", "coordinates": [[121.67106315765697, 18.104999999999997], [121.67160315765697, 18.104999999999997]]}}, {"type": "Feature", "properties": {"id": "CTR-01837", "elevation_m": 30.0}, "geometry": {"type": "LineString", "coordinates": [[121.525824589841, 18.1041], [121.526364589841, 18.1041]]}}, {"type": "Feature", "properties": {"id": "CTR-01838", "elevation_m": 30.0}, "geometry": {"type": "LineString", "coordinates": [[121.66304999761583, 18.1041], [121.66358999761583, 18.1041]]}}, {"type": "Feature", "properties": {"id": "CTR-01839", "elevation_m": 30.0}, "geometry": {"type": "LineString", "coordinates": [[121.66409999999999, 18.1041], [121.66463999999999, 18.1041]]}}, {"type": "Feature", "properties": {"id": "CTR-01840", "elevation_m": 30.0}, "geometry": {"type": "LineString", "coordinates": [[121.66409999999999, 18.1041], [121.66463999999999, 18.1041]]}}, {"type": "Feature", "properties": {"id": "CTR-01841", "elevation_m": 30.0}, "geometry": {"type": "LineString", "coordinates": [[121.67133461614642, 18.1041], [121.67187461614643, 18.1041]]}}, {"type": "Feature", "properties": {"id": "CTR-01842", "elevation_m": 30.0}, "geometry": {"type": "LineString", "coordinates": [[121.52552950884258, 18.103199999999998], [121.52606950884258, 18.103199999999998]]}}, {"type": "Feature", "properties": {"id": "CTR-01843", "elevation_m": 30.0}, "geometry": {"type": "LineString", "coordinates": [[121.67168823390816, 18.103199999999998], [121.67222823390816, 18.103199999999998]]}}, {"type": "Feature", "properties": {"id": "CTR-01844", "elevation_m": 30.0}, "geometry": {"type": "LineString", "coordinates": [[121.52515909083027, 18.1023], [121.52569909083027, 18.1023]]}}, {"type": "Feature", "properties": {"id": "CTR-01845", "elevation_m": 30.0}, "geometry": {"type": "LineString", "coordinates": [[121.67216470509037, 18.1023], [121.67270470509037, 18.1023]]}}, {"type": "Feature", "properties": {"id": "CTR-01846", "elevation_m": 30.0}, "geometry": {"type": "LineString", "coordinates": [[121.52473636418807, 18.101399999999998], [121.52527636418807, 18.101399999999998]]}}, {"type": "Feature", "properties": {"id": "CTR-01847", "elevation_m": 30.0}, "geometry": {"type": "LineString", "coordinates": [[121.67261311535383, 18.101399999999998], [121.67315311535383, 18.101399999999998]]}}, {"type": "Feature", "properties": {"id": "CTR-01848", "elevation_m": 30.0}, "geometry": {"type": "LineString", "coordinates": [[121.52432307651678, 18.1005], [121.52486307651678, 18.1005]]}}, {"type": "Feature", "properties": {"id": "CTR-01849", "elevation_m": 30.0}, "geometry": {"type": "LineString", "coordinates": [[121.6730704911574, 18.1005], [121.6736104911574, 18.1005]]}}, {"type": "Feature", "properties": {"id": "CTR-01850", "elevation_m": 30.0}, "geometry": {"type": "LineString", "coordinates": [[121.52394545501835, 18.0996], [121.52448545501835, 18.0996]]}}, {"type": "Feature", "properties": {"id": "CTR-01851", "elevation_m": 30.0}, "geometry": {"type": "LineString", "coordinates": [[121.67344090916971, 18.0996], [121.67398090916971, 18.0996]]}}, {"type": "Feature", "properties": {"id": "CTR-01852", "elevation_m": 30.0}, "geometry": {"type": "LineString", "coordinates": [[121.52365499899864, 18.098699999999997], [121.52419499899864, 18.098699999999997]]}}, {"type": "Feature", "properties": {"id": "CTR-01853", "elevation_m": 30.0}, "geometry": {"type": "LineString", "coordinates": [[121.67372727162385, 18.098699999999997], [121.67426727162385, 18.098699999999997]]}}, {"type": "Feature", "properties": {"id": "CTR-01854", "elevation_m": 30.0}, "geometry": {"type": "LineString", "coordinates": [[121.52348644166423, 18.0978], [121.52402644166423, 18.0978]]}}, {"type": "Feature", "properties": {"id": "CTR-01855", "elevation_m": 30.0}, "geometry": {"type": "LineString", "coordinates": [[121.67389090916971, 18.0978], [121.67443090916971, 18.0978]]}}, {"type": "Feature", "properties": {"id": "CTR-01856", "elevation_m": 30.0}, "geometry": {"type": "LineString", "coordinates": [[121.52346000038146, 18.096899999999998], [121.52400000038146, 18.096899999999998]]}}, {"type": "Feature", "properties": {"id": "CTR-01857", "elevation_m": 30.0}, "geometry": {"type": "LineString", "coordinates": [[121.67391818252752, 18.096899999999998], [121.67445818252752, 18.096899999999998]]}}, {"type": "Feature", "properties": {"id": "CTR-01858", "elevation_m": 30.0}, "geometry": {"type": "LineString", "coordinates": [[121.52359500052451, 18.096], [121.52413500052451, 18.096]]}}, {"type": "Feature", "properties": {"id": "CTR-01859", "elevation_m": 30.0}, "geometry": {"type": "LineString", "coordinates": [[121.67379545501835, 18.096], [121.67433545501835, 18.096]]}}, {"type": "Feature", "properties": {"id": "CTR-01860", "elevation_m": 30.0}, "geometry": {"type": "LineString", "coordinates": [[121.52385230817985, 18.0951], [121.52439230817986, 18.0951]]}}, {"type": "Feature", "properties": {"id": "CTR-01861", "elevation_m": 30.0}, "geometry": {"type": "LineString", "coordinates": [[121.67354999999999, 18.0951], [121.67408999999999, 18.0951]]}}, {"type": "Feature", "properties": {"id": "CTR-01862", "elevation_m": 30.0}, "geometry": {"type": "LineString", "coordinates": [[121.5242045452575, 18.094199999999997], [121.5247445452575, 18.094199999999997]]}}, {"type": "Feature", "properties": {"id": "CTR-01863", "elevation_m": 30.0}, "geometry": {"type": "LineString", "coordinates": [[121.67320746257184, 18.094199999999997], [121.67374746257184, 18.094199999999997]]}}, {"type": "Feature", "properties": {"id": "CTR-01864", "elevation_m": 30.0}, "geometry": {"type": "LineString", "coordinates": [[121.5246136366789, 18.0933], [121.5251536366789, 18.0933]]}}, {"type": "Feature", "properties": {"id": "CTR-01865", "elevation_m": 30.0}, "geometry": {"type": "LineString", "coordinates": [[121.67277541015899, 18.0933], [121.67331541015899, 18.0933]]}}, {"type": "Feature", "properties": {"id": "CTR-01866", "elevation_m": 30.0}, "geometry": {"type": "LineString", "coordinates": [[121.52503636332109, 18.092399999999998], [121.5255763633211, 18.092399999999998]]}}, {"type": "Feature", "properties": {"id": "CTR-01867", "elevation_m": 30.0}, "geometry": {"type": "LineString", "coordinates": [[121.67233064520595, 18.092399999999998], [121.67287064520595, 18.092399999999998]]}}, {"type": "Feature", "properties": {"id": "CTR-01868", "elevation_m": 30.0}, "geometry": {"type": "LineString", "coordinates": [[121.52541818252752, 18.0915], [121.52595818252752, 18.0915]]}}, {"type": "Feature", "properties": {"id": "CTR-01869", "elevation_m": 30.0}, "geometry": {"type": "LineString", "coordinates": [[121.67187115321131, 18.0915], [121.67241115321131, 18.0915]]}}, {"type": "Feature", "properties": {"id": "CTR-01870", "elevation_m": 30.0}, "geometry": {"type": "LineString", "coordinates": [[121.52573606511244, 18.0906], [121.52627606511244, 18.0906]]}}, {"type": "Feature", "properties": {"id": "CTR-01871", "elevation_m": 30.0}, "geometry": {"type": "LineString", "coordinates": [[121.67149038550416, 18.0906], [121.67203038550416, 18.0906]]}}, {"type": "Feature", "properties": {"id": "CTR-01872", "elevation_m": 30.0}, "geometry": {"type": "LineString", "coordinates": [[121.52592786977512, 18.089699999999997], [121.52646786977512, 18.089699999999997]]}}, {"type": "Feature", "properties": {"id": "CTR-01873", "elevation_m": 30.0}, "geometry": {"type": "LineString", "coordinates": [[121.66304999761583, 18.089699999999997], [121.66358999761583, 18.089699999999997]]}}, {"type": "Feature", "properties": {"id": "CTR-01874", "elevation_m": 30.0}, "geometry": {"type": "LineString", "coordinates": [[121.66417500119208, 18.089699999999997], [121.66471500119208, 18.089699999999997]]}}, {"type": "Feature", "properties": {"id": "CTR-01875", "elevation_m": 30.0}, "geometry": {"type": "LineString", "coordinates": [[121.67123076787644, 18.089699999999997], [121.67177076787644, 18.089699999999997]]}}, {"type": "Feature", "properties": {"id": "CTR-01876", "elevation_m": 30.0}, "geometry": {"type": "LineString", "coordinates": [[121.52598688464617, 18.0888], [121.52652688464617, 18.0888]]}}, {"type": "Feature", "properties": {"id": "CTR-01877", "elevation_m": 30.0}, "geometry": {"type": "LineString", "coordinates": [[121.66278461640036, 18.0888], [121.66332461640036, 18.0888]]}}, {"type": "Feature", "properties": {"id": "CTR-01878", "elevation_m": 30.0}, "geometry": {"type": "LineString", "coordinates": [[121.66440000476834, 18.0888], [121.66494000476834, 18.0888]]}}, {"type": "Feature", "properties": {"id": "CTR-01879", "elevation_m": 30.0}, "geometry": {"type": "LineString", "coordinates": [[121.67115789568787, 18.0888], [121.67169789568787, 18.0888]]}}, {"type": "Feature", "properties": {"id": "CTR-01880", "elevation_m": 30.0}, "geometry": {"type": "LineString", "coordinates": [[121.52589836093253, 18.087899999999998], [121.52643836093253, 18.087899999999998]]}}, {"type": "Feature", "properties": {"id": "CTR-01881", "elevation_m": 30.0}, "geometry": {"type": "LineString", "coordinates": [[121.67129999999999, 18.087899999999998], [121.67183999999999, 18.087899999999998]]}}, {"type": "Feature", "properties": {"id": "CTR-01882", "elevation_m": 30.0}, "geometry": {"type": "LineString", "coordinates": [[121.67129999999999, 18.087899999999998], [121.67183999999999, 18.087899999999998]]}}, {"type": "Feature", "properties": {"id": "CTR-01883", "elevation_m": 30.0}, "geometry": {"type": "LineString", "coordinates": [[121.5256475413988, 18.087], [121.5261875413988, 18.087]]}}, {"type": "Feature", "properties": {"id": "CTR-01884", "elevation_m": 30.0}, "geometry": {"type": "LineString", "coordinates": [[121.67158235254519, 18.087], [121.67212235254519, 18.087]]}}, {"type": "Feature", "properties": {"id": "CTR-01885", "elevation_m": 30.0}, "geometry": {"type": "LineString", "coordinates": [[121.52532272837615, 18.0861], [121.52586272837615, 18.0861]]}}, {"type": "Feature", "properties": {"id": "CTR-01886", "elevation_m": 30.0}, "geometry": {"type": "LineString", "coordinates": [[121.67199230642262, 18.0861], [121.67253230642262, 18.0861]]}}, {"type": "Feature", "properties": {"id": "CTR-01887", "elevation_m": 30.0}, "geometry": {"type": "LineString", "coordinates": [[121.52492727249081, 18.085199999999997], [121.52546727249081, 18.085199999999997]]}}, {"type": "Feature", "properties": {"id": "CTR-01888", "elevation_m": 30.0}, "geometry": {"type": "LineString", "coordinates": [[121.67244677397026, 18.085199999999997], [121.67298677397027, 18.085199999999997]]}}, {"type": "Feature", "properties": {"id": "CTR-01889", "elevation_m": 30.0}, "geometry": {"type": "LineString", "coordinates": [[121.52453077024651, 18.0843], [121.52507077024651, 18.0843]]}}, {"type": "Feature", "properties": {"id": "CTR-01890", "elevation_m": 30.0}, "geometry": {"type": "LineString", "coordinates": [[121.67288225824313, 18.0843], [121.67342225824314, 18.0843]]}}, {"type": "Feature", "properties": {"id": "CTR-01891", "elevation_m": 30.0}, "geometry": {"type": "LineString", "coordinates": [[121.52414999999999, 18.083399999999997], [121.52468999999999, 18.083399999999997]]}}, {"type": "Feature", "properties": {"id": "CTR-01892", "elevation_m": 30.0}, "geometry": {"type": "LineString", "coordinates": [[121.67327727162385, 18.083399999999997], [121.67381727162385, 18.083399999999997]]}}, {"type": "Feature", "properties": {"id": "CTR-01893", "elevation_m": 30.0}, "geometry": {"type": "LineString", "coordinates": [[121.52383636418807, 18.0825], [121.52437636418807, 18.0825]]}}, {"type": "Feature", "properties": {"id": "CTR-01894", "elevation_m": 30.0}, "geometry": {"type": "LineString", "coordinates": [[121.67358358285435, 18.0825], [121.67412358285435, 18.0825]]}}, {"type": "Feature", "properties": {"id": "CTR-01895", "elevation_m": 30.0}, "geometry": {"type": "LineString", "coordinates": [[121.52363999866485, 18.081599999999998], [121.52417999866485, 18.081599999999998]]}}, {"type": "Feature", "properties": {"id": "CTR-01896", "elevation_m": 30.0}, "geometry": {"type": "LineString", "coordinates": [[121.67378181833945, 18.081599999999998], [121.67432181833945, 18.081599999999998]]}}, {"type": "Feature", "properties": {"id": "CTR-01897", "elevation_m": 30.0}, "geometry": {"type": "LineString", "coordinates": [[121.52358000019073, 18.0807], [121.52412000019073, 18.0807]]}}, {"type": "Feature", "properties": {"id": "CTR-01898", "elevation_m": 30.0}, "geometry": {"type": "LineString", "coordinates": [[121.67383636292702, 18.0807], [121.67437636292702, 18.0807]]}}, {"type": "Feature", "properties": {"id": "CTR-01899", "elevation_m": 30.0}, "geometry": {"type": "LineString", "coordinates": [[121.52366999933243, 18.0798], [121.52420999933243, 18.0798]]}}, {"type": "Feature", "properties": {"id": "CTR-01900", "elevation_m": 30.0}, "geometry": {"type": "LineString", "coordinates": [[121.67375454498165, 18.0798], [121.67429454498165, 18.0798]]}}, {"type": "Feature", "properties": {"id": "CTR-01901", "elevation_m": 30.0}, "geometry": {"type": "LineString", "coordinates": [[121.52389090830275, 18.078899999999997], [121.52443090830275, 18.078899999999997]]}}, {"type": "Feature", "properties": {"id": "CTR-01902", "elevation_m": 30.0}, "geometry": {"type": "LineString", "coordinates": [[121.67353636332109, 18.078899999999997], [121.67407636332109, 18.078899999999997]]}}, {"type": "Feature", "properties": {"id": "CTR-01903", "elevation_m": 30.0}, "geometry": {"type": "LineString", "coordinates": [[121.52421818079357, 18.078], [121.52475818079357, 18.078]]}}, {"type": "Feature", "properties": {"id": "CTR-01904", "elevation_m": 30.0}, "geometry": {"type": "LineString", "coordinates": [[121.67320909083027, 18.078], [121.67374909083027, 18.078]]}}, {"type": "Feature", "properties": {"id": "CTR-01905", "elevation_m": 30.0}, "geometry": {"type": "LineString", "coordinates": [[121.5246272733578, 18.077099999999998], [121.5251672733578, 18.077099999999998]]}}, {"type": "Feature", "properties": {"id": "CTR-01906", "elevation_m": 30.0}, "geometry": {"type": "LineString", "coordinates": [[121.67278064560786, 18.077099999999998], [121.67332064560786, 18.077099999999998]]}}, {"type": "Feature", "properties": {"id": "CTR-01907", "elevation_m": 30.0}, "geometry": {"type": "LineString", "coordinates": [[121.5250636366789, 18.0762], [121.5256036366789, 18.0762]]}}, {"type": "Feature", "properties": {"id": "CTR-01908", "elevation_m": 30.0}, "geometry": {"type": "LineString", "coordinates": [[121.67231803255622, 18.0762], [121.67285803255622, 18.0762]]}}, {"type": "Feature", "properties": {"id": "CTR-01909", "elevation_m": 30.0}, "geometry": {"type": "LineString", "coordinates": [[121.5254731337165, 18.0753], [121.5260131337165, 18.0753]]}}, {"type": "Feature", "properties": {"id": "CTR-01910", "elevation_m": 30.0}, "geometry": {"type": "LineString", "coordinates": [[121.67181923089619, 18.0753], [121.67235923089619, 18.0753]]}}, {"type": "Feature", "properties": {"id": "CTR-01911", "elevation_m": 30.0}, "geometry": {"type": "LineString", "coordinates": [[121.52585409766866, 18.074399999999997], [121.52639409766866, 18.074399999999997]]}}, {"type": "Feature", "properties": {"id": "CTR-01912", "elevation_m": 30.0}, "geometry": {"type": "LineString", "coordinates": [[121.67136923229285, 18.074399999999997], [121.67190923229285, 18.074399999999997]]}}, {"type": "Feature", "properties": {"id": "CTR-01913", "elevation_m": 30.0}, "geometry": {"type": "LineString", "coordinates": [[121.52611967162368, 18.0735], [121.52665967162368, 18.0735]]}}, {"type": "Feature", "properties": {"id": "CTR-01914", "elevation_m": 30.0}, "geometry": {"type": "LineString", "coordinates": [[121.6625076953549, 18.0735], [121.6630476953549, 18.0735]]}}, {"type": "Feature", "properties": {"id": "CTR-01915", "elevation_m": 30.0}, "geometry": {"type": "LineString", "coordinates": [[121.664836360799, 18.0735], [121.665376360799, 18.0735]]}}, {"type": "Feature", "properties": {"id": "CTR-01916", "elevation_m": 30.0}, "geometry": {"type": "LineString", "coordinates": [[121.67097692397981, 18.0735], [121.67151692397981, 18.0735]]}}, {"type": "Feature", "properties": {"id": "CTR-01917", "elevation_m": 30.0}, "geometry": {"type": "LineString", "coordinates": [[121.52625245860119, 18.072599999999998], [121.5267924586012, 18.072599999999998]]}}, {"type": "Feature", "properties": {"id": "CTR-01918", "elevation_m": 30.0}, "geometry": {"type": "LineString", "coordinates": [[121.66210714373297, 18.072599999999998], [121.66264714373297, 18.072599999999998]]}}, {"type": "Feature", "properties": {"id": "CTR-01919", "elevation_m": 30.0}, "geometry": {"type": "LineString", "coordinates": [[121.66529999682109, 18.072599999999998], [121.66583999682109, 18.072599999999998]]}}, {"type": "Feature", "properties": {"id": "CTR-01920", "elevation_m": 30.0}, "geometry": {"type": "LineString", "coordinates": [[121.67076923099495, 18.072599999999998], [121.67130923099495, 18.072599999999998]]}}, {"type": "Feature", "properties": {"id": "CTR-01921", "elevation_m": 30.0}, "geometry": {"type": "LineString", "coordinates": [[121.52622580546915, 18.0717], [121.52676580546915, 18.0717]]}}, {"type": "Feature", "properties": {"id": "CTR-01922", "elevation_m": 30.0}, "geometry": {"type": "LineString", "coordinates": [[121.66217142594395, 18.0717], [121.66271142594395, 18.0717]]}}, {"type": "Feature", "properties": {"id": "CTR-01923", "elevation_m": 30.0}, "geometry": {"type": "LineString", "coordinates": [[121.66524999841052, 18.0717], [121.66578999841052, 18.0717]]}}, {"type": "Feature", "properties": {"id": "CTR-01924", "elevation_m": 30.0}, "geometry": {"type": "LineString", "coordinates": [[121.67081538596972, 18.0717], [121.67135538596972, 18.0717]]}}, {"type": "Feature", "properties": {"id": "CTR-01925", "elevation_m": 30.0}, "geometry": {"type": "LineString", "coordinates": [[121.52606065569157, 18.0708], [121.52660065569157, 18.0708]]}}, {"type": "Feature", "properties": {"id": "CTR-01926", "elevation_m": 30.0}, "geometry": {"type": "LineString", "coordinates": [[121.66278461640036, 18.0708], [121.66332461640036, 18.0708]]}}, {"type": "Feature", "properties": {"id": "CTR-01927", "elevation_m": 30.0}, "geometry": {"type": "LineString", "coordinates": [[121.66447499761578, 18.0708], [121.66501499761578, 18.0708]]}}, {"type": "Feature", "properties": {"id": "CTR-01928", "elevation_m": 30.0}, "geometry": {"type": "LineString", "coordinates": [[121.67106923065637, 18.0708], [121.67160923065637, 18.0708]]}}, {"type": "Feature", "properties": {"id": "CTR-01929", "elevation_m": 30.0}, "geometry": {"type": "LineString", "coordinates": [[121.52576557395501, 18.069899999999997], [121.52630557395501, 18.069899999999997]]}}, {"type": "Feature", "properties": {"id": "CTR-01930", "elevation_m": 30.0}, "geometry": {"type": "LineString", "coordinates": [[121.67147307743095, 18.069899999999997], [121.67201307743095, 18.069899999999997]]}}, {"type": "Feature", "properties": {"id": "CTR-01931", "elevation_m": 30.0}, "geometry": {"type": "LineString", "coordinates": [[121.52539253742815, 18.069], [121.52593253742815, 18.069]]}}, {"type": "Feature", "properties": {"id": "CTR-01932", "elevation_m": 30.0}, "geometry": {"type": "LineString", "coordinates": [[121.67192307743095, 18.069], [121.67246307743095, 18.069]]}}, {"type": "Feature", "properties": {"id": "CTR-01933", "elevation_m": 30.0}, "geometry": {"type": "LineString", "coordinates": [[121.52500908996329, 18.068099999999998], [121.52554908996329, 18.068099999999998]]}}, {"type": "Feature", "properties": {"id": "CTR-01934", "elevation_m": 30.0}, "geometry": {"type": "LineString", "coordinates": [[121.67238870878427, 18.068099999999998], [121.67292870878427, 18.068099999999998]]}}, {"type": "Feature", "properties": {"id": "CTR-01935", "elevation_m": 30.0}, "geometry": {"type": "LineString", "coordinates": [[121.52464029942523, 18.0672], [121.52518029942523, 18.0672]]}}, {"type": "Feature", "properties": {"id": "CTR-01936", "elevation_m": 30.0}, "geometry": {"type": "LineString", "coordinates": [[121.67279016462642, 18.0672], [121.67333016462642, 18.0672]]}}, {"type": "Feature", "properties": {"id": "CTR-01937", "elevation_m": 30.0}, "geometry": {"type": "LineString", "coordinates": [[121.52431363754587, 18.0663], [121.52485363754587, 18.0663]]}}, {"type": "Feature", "properties": {"id": "CTR-01938", "elevation_m": 30.0}, "geometry": {"type": "LineString", "coordinates": [[121.67312727335779, 18.0663], [121.6736672733578, 18.0663]]}}, {"type": "Feature", "properties": {"id": "CTR-01939", "elevation_m": 30.0}, "geometry": {"type": "LineString", "coordinates": [[121.5240954547425, 18.0654], [121.5246354547425, 18.0654]]}}, {"type": "Feature", "properties": {"id": "CTR-01940", "elevation_m": 30.0}, "geometry": {"type": "LineString", "coordinates": [[121.67334545501835, 18.0654], [121.67388545501835, 18.0654]]}}, {"type": "Feature", "properties": {"id": "CTR-01941", "elevation_m": 30.0}, "geometry": {"type": "LineString", "coordinates": [[121.52399999913301, 18.0645], [121.52453999913301, 18.0645]]}}, {"type": "Feature", "properties": {"id": "CTR-01942", "elevation_m": 30.0}, "geometry": {"type": "LineString", "coordinates": [[121.67344090916971, 18.0645], [121.67398090916971, 18.0645]]}}, {"type": "Feature", "properties": {"id": "CTR-01943", "elevation_m": 30.0}, "geometry": {"type": "LineString", "coordinates": [[121.52405454584861, 18.063599999999997], [121.52459454584861, 18.063599999999997]]}}, {"type": "Feature", "properties": {"id": "CTR-01944", "elevation_m": 30.0}, "geometry": {"type": "LineString", "coordinates": [[121.67339552143204, 18.063599999999997], [121.67393552143204, 18.063599999999997]]}}, {"type": "Feature", "properties": {"id": "CTR-01945", "elevation_m": 30.0}, "geometry": {"type": "LineString", "coordinates": [[121.52423181747247, 18.0627], [121.52477181747247, 18.0627]]}}, {"type": "Feature", "properties": {"id": "CTR-01946", "elevation_m": 30.0}, "geometry": {"type": "LineString", "coordinates": [[121.67320746257184, 18.0627], [121.67374746257184, 18.0627]]}}, {"type": "Feature", "properties": {"id": "CTR-01947", "elevation_m": 30.0}, "geometry": {"type": "LineString", "coordinates": [[121.52454545344203, 18.061799999999998], [121.52508545344203, 18.061799999999998]]}}, {"type": "Feature", "properties": {"id": "CTR-01948", "elevation_m": 30.0}, "geometry": {"type": "LineString", "coordinates": [[121.67288225824313, 18.061799999999998], [121.67342225824314, 18.061799999999998]]}}, {"type": "Feature", "properties": {"id": "CTR-01949", "elevation_m": 30.0}, "geometry": {"type": "LineString", "coordinates": [[121.52494090916971, 18.0609], [121.52548090916972, 18.0609]]}}, {"type": "Feature", "properties": {"id": "CTR-01950", "elevation_m": 30.0}, "geometry": {"type": "LineString", "coordinates": [[121.67246129041189, 18.0609], [121.67300129041189, 18.0609]]}}, {"type": "Feature", "properties": {"id": "CTR-01951", "elevation_m": 30.0}, "geometry": {"type": "LineString", "coordinates": [[121.52539090916972, 18.06], [121.52593090916972, 18.06]]}}, {"type": "Feature", "properties": {"id": "CTR-01952", "elevation_m": 30.0}, "geometry": {"type": "LineString", "coordinates": [[121.67194038550416, 18.06], [121.67248038550416, 18.06]]}}, {"type": "Feature", "properties": {"id": "CTR-01953", "elevation_m": 30.0}, "geometry": {"type": "LineString", "coordinates": [[121.52586290273457, 18.059099999999997], [121.52640290273457, 18.059099999999997]]}}, {"type": "Feature", "properties": {"id": "CTR-01954", "elevation_m": 30.0}, "geometry": {"type": "LineString", "coordinates": [[121.67136923229285, 18.059099999999997], [121.67190923229285, 18.059099999999997]]}}, {"type": "Feature", "properties": {"id": "CTR-01955", "elevation_m": 30.0}, "geometry": {"type": "LineString", "coordinates": [[121.52629672186507, 18.0582], [121.52683672186507, 18.0582]]}}, {"type": "Feature", "properties": {"id": "CTR-01956", "elevation_m": 30.0}, "geometry": {"type": "LineString", "coordinates": [[121.66204285801868, 18.0582], [121.66258285801868, 18.0582]]}}, {"type": "Feature", "properties": {"id": "CTR-01957", "elevation_m": 30.0}, "geometry": {"type": "LineString", "coordinates": [[121.66544999999999, 18.0582], [121.66599, 18.0582]]}}, {"type": "Feature", "properties": {"id": "CTR-01958", "elevation_m": 30.0}, "geometry": {"type": "LineString", "coordinates": [[121.67072307602018, 18.0582], [121.67126307602018, 18.0582]]}}, {"type": "Feature", "properties": {"id": "CTR-01959", "elevation_m": 30.0}, "geometry": {"type": "LineString", "coordinates": [[121.52666470509037, 18.057299999999998], [121.52720470509037, 18.057299999999998]]}}, {"type": "Feature", "properties": {"id": "CTR-01960", "elevation_m": 30.0}, "geometry": {"type": "LineString", "coordinates": [[121.66133720790972, 18.057299999999998], [121.66187720790973, 18.057299999999998]]}}, {"type": "Feature", "properties": {"id": "CTR-01961", "elevation_m": 30.0}, "geometry": {"type": "LineString", "coordinates": [[121.66656315979681, 18.057299999999998], [121.66710315979681, 18.057299999999998]]}}, {"type": "Feature", "properties": {"id": "CTR-01962", "elevation_m": 30.0}, "geometry": {"type": "LineString", "coordinates": [[121.67006249910592, 18.057299999999998], [121.67060249910593, 18.057299999999998]]}}, {"type": "Feature", "properties": {"id": "CTR-01963", "elevation_m": 30.0}, "geometry": {"type": "LineString", "coordinates": [[121.52691176609184, 18.0564], [121.52745176609184, 18.0564]]}}, {"type": "Feature", "properties": {"id": "CTR-01964", "elevation_m": 30.0}, "geometry": {"type": "LineString", "coordinates": [[121.66104418613935, 18.0564], [121.66158418613935, 18.0564]]}}, {"type": "Feature", "properties": {"id": "CTR-01965", "elevation_m": 30.0}, "geometry": {"type": "LineString", "coordinates": [[121.66737857493187, 18.0564], [121.66791857493187, 18.0564]]}}, {"type": "Feature", "properties": {"id": "CTR-01966", "elevation_m": 30.0}, "geometry": {"type": "LineString", "coordinates": [[121.66953750089407, 18.0564], [121.67007750089407, 18.0564]]}}, {"type": "Feature", "properties": {"id": "CTR-01967", "elevation_m": 30.0}, "geometry": {"type": "LineString", "coordinates": [[121.5269711532113, 18.0555], [121.52751115321131, 18.0555]]}}, {"type": "Feature", "properties": {"id": "CTR-01968", "elevation_m": 30.0}, "geometry": {"type": "LineString", "coordinates": [[121.6609604653948, 18.0555], [121.6615004653948, 18.0555]]}}, {"type": "Feature", "properties": {"id": "CTR-01969", "elevation_m": 30.0}, "geometry": {"type": "LineString", "coordinates": [[121.66757142681979, 18.0555], [121.66811142681979, 18.0555]]}}, {"type": "Feature", "properties": {"id": "CTR-01970", "elevation_m": 30.0}, "geometry": {"type": "LineString", "coordinates": [[121.66919999364218, 18.0555], [121.66973999364218, 18.0555]]}}, {"type": "Feature", "properties": {"id": "CTR-01971", "elevation_m": 30.0}, "geometry": {"type": "LineString", "coordinates": [[121.5268588237274, 18.054599999999997], [121.5273988237274, 18.054599999999997]]}}, {"type": "Feature", "properties": {"id": "CTR-01972", "elevation_m": 30.0}, "geometry": {"type": "LineString", "coordinates": [[121.66110697822963, 18.054599999999997], [121.66164697822963, 18.054599999999997]]}}, {"type": "Feature", "properties": {"id": "CTR-01973", "elevation_m": 30.0}, "geometry": {"type": "LineString", "coordinates": [[121.66718571253405, 18.054599999999997], [121.66772571253405, 18.054599999999997]]}}, {"type": "Feature", "properties": {"id": "CTR-01974", "elevation_m": 30.0}, "geometry": {"type": "LineString", "coordinates": [[121.66965000238416, 18.054599999999997], [121.67019000238416, 18.054599999999997]]}}, {"type": "Feature", "properties": {"id": "CTR-01975", "elevation_m": 30.0}, "geometry": {"type": "LineString", "coordinates": [[121.52657647118221, 18.0537], [121.52711647118221, 18.0537]]}}, {"type": "Feature", "properties": {"id": "CTR-01976", "elevation_m": 30.0}, "geometry": {"type": "LineString", "coordinates": [[121.661432143514, 18.0537], [121.661972143514, 18.0537]]}}, {"type": "Feature", "properties": {"id": "CTR-01977", "elevation_m": 30.0}, "geometry": {"type": "LineString", "coordinates": [[121.66632631531395, 18.0537], [121.66686631531395, 18.0537]]}}, {"type": "Feature", "properties": {"id": "CTR-01978", "elevation_m": 30.0}, "geometry": {"type": "LineString", "coordinates": [[121.67024999761583, 18.0537], [121.67078999761583, 18.0537]]}}, {"type": "Feature", "properties": {"id": "CTR-01979", "elevation_m": 30.0}, "geometry": {"type": "LineString", "coordinates": [[121.5262229497586, 18.052799999999998], [121.5267629497586, 18.052799999999998]]}}, {"type": "Feature", "properties": {"id": "CTR-01980", "elevation_m": 30.0}, "geometry": {"type": "LineString", "coordinates": [[121.66217142594395, 18.052799999999998], [121.66271142594395, 18.052799999999998]]}}, {"type": "Feature", "properties": {"id": "CTR-01981", "elevation_m": 30.0}, "geometry": {"type": "LineString", "coordinates": [[121.66521176945774, 18.052799999999998], [121.66575176945774, 18.052799999999998]]}}, {"type": "Feature", "properties": {"id": "CTR-01982", "elevation_m": 30.0}, "geometry": {"type": "LineString", "coordinates": [[121.67081538596972, 18.052799999999998], [121.67135538596972, 18.052799999999998]]}}, {"type": "Feature", "properties": {"id": "CTR-01983", "elevation_m": 30.0}, "geometry": {"type": "LineString", "coordinates": [[121.525824589841, 18.0519], [121.526364589841, 18.0519]]}}, {"type": "Feature", "properties": {"id": "CTR-01984", "elevation_m": 30.0}, "geometry": {"type": "LineString", "coordinates": [[121.671403845519, 18.0519], [121.671943845519, 18.0519]]}}, {"type": "Feature", "properties": {"id": "CTR-01985", "elevation_m": 30.0}, "geometry": {"type": "LineString", "coordinates": [[121.52543181920642, 18.051], [121.52597181920642, 18.051]]}}, {"type": "Feature", "properties": {"id": "CTR-01986", "elevation_m": 30.0}, "geometry": {"type": "LineString", "coordinates": [[121.67187115321131, 18.051], [121.67241115321131, 18.051]]}}, {"type": "Feature", "properties": {"id": "CTR-01987", "elevation_m": 30.0}, "geometry": {"type": "LineString", "coordinates": [[121.5251045452575, 18.050099999999997], [121.5256445452575, 18.050099999999997]]}}, {"type": "Feature", "properties": {"id": "CTR-01988", "elevation_m": 30.0}, "geometry": {"type": "LineString", "coordinates": [[121.6722725796627, 18.050099999999997], [121.6728125796627, 18.050099999999997]]}}, {"type": "Feature", "properties": {"id": "CTR-01989", "elevation_m": 30.0}, "geometry": {"type": "LineString", "coordinates": [[121.52485909169725, 18.0492], [121.52539909169725, 18.0492]]}}, {"type": "Feature", "properties": {"id": "CTR-01990", "elevation_m": 30.0}, "geometry": {"type": "LineString", "coordinates": [[121.67253387087842, 18.0492], [121.67307387087843, 18.0492]]}}, {"type": "Feature", "properties": {"id": "CTR-01991", "elevation_m": 30.0}, "geometry": {"type": "LineString", "coordinates": [[121.52473636418807, 18.048299999999998], [121.52527636418807, 18.048299999999998]]}}, {"type": "Feature", "properties": {"id": "CTR-01992", "elevation_m": 30.0}, "geometry": {"type": "LineString", "coordinates": [[121.67266451648628, 18.048299999999998], [121.67320451648628, 18.048299999999998]]}}, {"type": "Feature", "properties": {"id": "CTR-01993", "elevation_m": 30.0}, "geometry": {"type": "LineString", "coordinates": [[121.52475000086697, 18.0474], [121.52529000086697, 18.0474]]}}, {"type": "Feature", "properties": {"id": "CTR-01994", "elevation_m": 30.0}, "geometry": {"type": "LineString", "coordinates": [[121.67264999999999, 18.0474], [121.67318999999999, 18.0474]]}}, {"type": "Feature", "properties": {"id": "CTR-01995", "elevation_m": 30.0}, "geometry": {"type": "LineString", "coordinates": [[121.52489999913301, 18.046499999999998], [121.52543999913301, 18.046499999999998]]}}, {"type": "Feature", "properties": {"id": "CTR-01996", "elevation_m": 30.0}, "geometry": {"type": "LineString", "coordinates": [[121.67249032329515, 18.046499999999998], [121.67303032329515, 18.046499999999998]]}}, {"type": "Feature", "properties": {"id": "CTR-01997", "elevation_m": 30.0}, "geometry": {"type": "LineString", "coordinates": [[121.52518636418807, 18.0456], [121.52572636418807, 18.0456]]}}, {"type": "Feature", "properties": {"id": "CTR-01998", "elevation_m": 30.0}, "geometry": {"type": "LineString", "coordinates": [[121.67218269192678, 18.0456], [121.67272269192678, 18.0456]]}}, {"type": "Feature", "properties": {"id": "CTR-01999", "elevation_m": 30.0}, "geometry": {"type": "LineString", "coordinates": [[121.525573769523, 18.0447], [121.52611376952301, 18.0447]]}}, {"type": "Feature", "properties": {"id": "CTR-02000", "elevation_m": 30.0}, "geometry": {"type": "LineString", "coordinates": [[121.6716807691038, 18.0447], [121.6722207691038, 18.0447]]}}, {"type": "Feature", "properties": {"id": "CTR-02001", "elevation_m": 30.0}, "geometry": {"type": "LineString", "coordinates": [[121.52606065569157, 18.043799999999997], [121.52660065569157, 18.043799999999997]]}}, {"type": "Feature", "properties": {"id": "CTR-02002", "elevation_m": 30.0}, "geometry": {"type": "LineString", "coordinates": [[121.6625076953549, 18.043799999999997], [121.6630476953549, 18.043799999999997]]}}, {"type": "Feature", "properties": {"id": "CTR-02003", "elevation_m": 30.0}, "geometry": {"type": "LineString", "coordinates": [[121.66469999523166, 18.043799999999997], [121.66523999523166, 18.043799999999997]]}}, {"type": "Feature", "properties": {"id": "CTR-02004", "elevation_m": 30.0}, "geometry": {"type": "LineString", "coordinates": [[121.67104615328185, 18.043799999999997], [121.67158615328185, 18.043799999999997]]}}, {"type": "Feature", "properties": {"id": "CTR-02005", "elevation_m": 30.0}, "geometry": {"type": "LineString", "coordinates": [[121.52661176609183, 18.0429], [121.52715176609183, 18.0429]]}}, {"type": "Feature", "properties": {"id": "CTR-02006", "elevation_m": 30.0}, "geometry": {"type": "LineString", "coordinates": [[121.66131627721296, 18.0429], [121.66185627721296, 18.0429]]}}, {"type": "Feature", "properties": {"id": "CTR-02007", "elevation_m": 30.0}, "geometry": {"type": "LineString", "coordinates": [[121.6665157899492, 18.0429], [121.6670557899492, 18.0429]]}}, {"type": "Feature", "properties": {"id": "CTR-02008", "elevation_m": 30.0}, "geometry": {"type": "LineString", "coordinates": [[121.67013750089407, 18.0429], [121.67067750089407, 18.0429]]}}, {"type": "Feature", "properties": {"id": "CTR-02009", "elevation_m": 30.0}, "geometry": {"type": "LineString", "coordinates": [[121.52717647118222, 18.041999999999998], [121.52771647118222, 18.041999999999998]]}}, {"type": "Feature", "properties": {"id": "CTR-02010", "elevation_m": 30.0}, "geometry": {"type": "LineString", "coordinates": [[121.6606285702608, 18.041999999999998], [121.6611685702608, 18.041999999999998]]}}, {"type": "Feature", "properties": {"id": "CTR-02011", "elevation_m": 30.0}, "geometry": {"type": "LineString", "coordinates": [[121.52776216241294, 18.0411], [121.52830216241294, 18.0411]]}}, {"type": "Feature", "properties": {"id": "CTR-02012", "elevation_m": 30.0}, "geometry": {"type": "LineString", "coordinates": [[121.53314999999999, 18.0411], [121.53368999999999, 18.0411]]}}, {"type": "Feature", "properties": {"id": "CTR-02013", "elevation_m": 30.0}, "geometry": {"type": "LineString", "coordinates": [[121.53651724117519, 18.0411], [121.53705724117519, 18.0411]]}}, {"type": "Feature", "properties": {"id": "CTR-02014", "elevation_m": 30.0}, "geometry": {"type": "LineString", "coordinates": [[121.66015636465781, 18.0411], [121.66069636465781, 18.0411]]}}, {"type": "Feature", "properties": {"id": "CTR-02015", "elevation_m": 30.0}, "geometry": {"type": "LineString", "coordinates": [[121.5282, 18.0402], [121.52874, 18.0402]]}}, {"type": "Feature", "properties": {"id": "CTR-02016", "elevation_m": 30.0}, "geometry": {"type": "LineString", "coordinates": [[121.5282, 18.0402], [121.52874, 18.0402]]}}, {"type": "Feature", "properties": {"id": "CTR-02017", "elevation_m": 30.0}, "geometry": {"type": "LineString", "coordinates": [[121.53222631531395, 18.0402], [121.53276631531395, 18.0402]]}}, {"type": "Feature", "properties": {"id": "CTR-02018", "elevation_m": 30.0}, "geometry": {"type": "LineString", "coordinates": [[121.53710689471468, 18.0402], [121.53764689471468, 18.0402]]}}, {"type": "Feature", "properties": {"id": "CTR-02019", "elevation_m": 30.0}, "geometry": {"type": "LineString", "coordinates": [[121.65984545426171, 18.0402], [121.66038545426171, 18.0402]]}}, {"type": "Feature", "properties": {"id": "CTR-02020", "elevation_m": 30.0}, "geometry": {"type": "LineString", "coordinates": [[121.52855217521105, 18.039299999999997], [121.52909217521105, 18.039299999999997]]}}, {"type": "Feature", "properties": {"id": "CTR-02021", "elevation_m": 30.0}, "geometry": {"type": "LineString", "coordinates": [[121.53184736937207, 18.039299999999997], [121.53238736937207, 18.039299999999997]]}}, {"type": "Feature", "properties": {"id": "CTR-02022", "elevation_m": 30.0}, "geometry": {"type": "LineString", "coordinates": [[121.53732272656337, 18.039299999999997], [121.53786272656338, 18.039299999999997]]}}, {"type": "Feature", "properties": {"id": "CTR-02023", "elevation_m": 30.0}, "geometry": {"type": "LineString", "coordinates": [[121.65969818108046, 18.039299999999997], [121.66023818108046, 18.039299999999997]]}}, {"type": "Feature", "properties": {"id": "CTR-02024", "elevation_m": 30.0}, "geometry": {"type": "LineString", "coordinates": [[121.52848636328169, 18.0384], [121.52902636328169, 18.0384]]}}, {"type": "Feature", "properties": {"id": "CTR-02025", "elevation_m": 30.0}, "geometry": {"type": "LineString", "coordinates": [[121.53189473874416, 18.0384], [121.53243473874416, 18.0384]]}}, {"type": "Feature", "properties": {"id": "CTR-02026", "elevation_m": 30.0}, "geometry": {"type": "LineString", "coordinates": [[121.53730227148591, 18.0384], [121.53784227148591, 18.0384]]}}, {"type": "Feature", "properties": {"id": "CTR-02027", "elevation_m": 30.0}, "geometry": {"type": "LineString", "coordinates": [[121.65971454511406, 18.0384], [121.66025454511406, 18.0384]]}}, {"type": "Feature", "properties": {"id": "CTR-02028", "elevation_m": 30.0}, "geometry": {"type": "LineString", "coordinates": [[121.52810526125583, 18.037499999999998], [121.52864526125583, 18.037499999999998]]}}, {"type": "Feature", "properties": {"id": "CTR-02029", "elevation_m": 30.0}, "geometry": {"type": "LineString", "coordinates": [[121.5324157899492, 18.037499999999998], [121.5329557899492, 18.037499999999998]]}}, {"type": "Feature", "properties": {"id": "CTR-02030", "elevation_m": 30.0}, "geometry": {"type": "LineString", "coordinates": [[121.53700714373296, 18.037499999999998], [121.53754714373297, 18.037499999999998]]}}, {"type": "Feature", "properties": {"id": "CTR-02031", "elevation_m": 30.0}, "geometry": {"type": "LineString", "coordinates": [[121.65989454534105, 18.037499999999998], [121.66043454534105, 18.037499999999998]]}}, {"type": "Feature", "properties": {"id": "CTR-02032", "elevation_m": 30.0}, "geometry": {"type": "LineString", "coordinates": [[121.52765526303901, 18.0366], [121.52819526303901, 18.0366]]}}, {"type": "Feature", "properties": {"id": "CTR-02033", "elevation_m": 30.0}, "geometry": {"type": "LineString", "coordinates": [[121.53335000158947, 18.0366], [121.53389000158947, 18.0366]]}}, {"type": "Feature", "properties": {"id": "CTR-02034", "elevation_m": 30.0}, "geometry": {"type": "LineString", "coordinates": [[121.53639643054203, 18.0366], [121.53693643054203, 18.0366]]}}, {"type": "Feature", "properties": {"id": "CTR-02035", "elevation_m": 30.0}, "geometry": {"type": "LineString", "coordinates": [[121.66020545465895, 18.0366], [121.66074545465895, 18.0366]]}}, {"type": "Feature", "properties": {"id": "CTR-02036", "elevation_m": 30.0}, "geometry": {"type": "LineString", "coordinates": [[121.52712352881778, 18.0357], [121.52766352881778, 18.0357]]}}, {"type": "Feature", "properties": {"id": "CTR-02037", "elevation_m": 30.0}, "geometry": {"type": "LineString", "coordinates": [[121.66062558018842, 18.0357], [121.66116558018842, 18.0357]]}}, {"type": "Feature", "properties": {"id": "CTR-02038", "elevation_m": 30.0}, "geometry": {"type": "LineString", "coordinates": [[121.52666470509037, 18.034799999999997], [121.52720470509037, 18.034799999999997]]}}, {"type": "Feature", "properties": {"id": "CTR-02039", "elevation_m": 30.0}, "geometry": {"type": "LineString", "coordinates": [[121.66116976632777, 18.034799999999997], [121.66170976632777, 18.034799999999997]]}}, {"type": "Feature", "properties": {"id": "CTR-02040", "elevation_m": 30.0}, "geometry": {"type": "LineString", "coordinates": [[121.6668, 18.034799999999997], [121.66734, 18.034799999999997]]}}, {"type": "Feature", "properties": {"id": "CTR-02041", "elevation_m": 30.0}, "geometry": {"type": "LineString", "coordinates": [[121.6668, 18.034799999999997], [121.66734, 18.034799999999997]]}}, {"type": "Feature", "properties": {"id": "CTR-02042", "elevation_m": 30.0}, "geometry": {"type": "LineString", "coordinates": [[121.66995, 18.034799999999997], [121.67049, 18.034799999999997]]}}, {"type": "Feature", "properties": {"id": "CTR-02043", "elevation_m": 30.0}, "geometry": {"type": "LineString", "coordinates": [[121.52626499985695, 18.0339], [121.52680499985695, 18.0339]]}}, {"type": "Feature", "properties": {"id": "CTR-02044", "elevation_m": 30.0}, "geometry": {"type": "LineString", "coordinates": [[121.66181785626702, 18.0339], [121.66235785626702, 18.0339]]}}, {"type": "Feature", "properties": {"id": "CTR-02045", "elevation_m": 30.0}, "geometry": {"type": "LineString", "coordinates": [[121.66565000158947, 18.0339], [121.66619000158947, 18.0339]]}}, {"type": "Feature", "properties": {"id": "CTR-02046", "elevation_m": 30.0}, "geometry": {"type": "LineString", "coordinates": [[121.6706999985328, 18.0339], [121.6712399985328, 18.0339]]}}, {"type": "Feature", "properties": {"id": "CTR-02047", "elevation_m": 30.0}, "geometry": {"type": "LineString", "coordinates": [[121.52597213022487, 18.032999999999998], [121.52651213022487, 18.032999999999998]]}}, {"type": "Feature", "properties": {"id": "CTR-02048", "elevation_m": 30.0}, "geometry": {"type": "LineString", "coordinates": [[121.66260000476834, 18.032999999999998], [121.66314000476834, 18.032999999999998]]}}, {"type": "Feature", "properties": {"id": "CTR-02049", "elevation_m": 30.0}, "geometry": {"type": "LineString", "coordinates": [[121.66454999999999, 18.032999999999998], [121.66508999999999, 18.032999999999998]]}}, {"type": "Feature", "properties": {"id": "CTR-02050", "elevation_m": 30.0}, "geometry": {"type": "LineString", "coordinates": [[121.6711384619899, 18.032999999999998], [121.6716784619899, 18.032999999999998]]}}, {"type": "Feature", "properties": {"id": "CTR-02051", "elevation_m": 30.0}, "geometry": {"type": "LineString", "coordinates": [[121.52580000095367, 18.0321], [121.52634000095367, 18.0321]]}}, {"type": "Feature", "properties": {"id": "CTR-02052", "elevation_m": 30.0}, "geometry": {"type": "LineString", "coordinates": [[121.6713865373823, 18.0321], [121.6719265373823, 18.0321]]}}, {"type": "Feature", "properties": {"id": "CTR-02053", "elevation_m": 30.0}, "geometry": {"type": "LineString", "coordinates": [[121.52578032837631, 18.0312], [121.52632032837631, 18.0312]]}}, {"type": "Feature", "properties": {"id": "CTR-02054", "elevation_m": 30.0}, "geometry": {"type": "LineString", "coordinates": [[121.67140588136296, 18.0312], [121.67194588136296, 18.0312]]}}, {"type": "Feature", "properties": {"id": "CTR-02055", "elevation_m": 30.0}, "geometry": {"type": "LineString", "coordinates": [[121.52589836093253, 18.030299999999997], [121.52643836093253, 18.030299999999997]]}}, {"type": "Feature", "properties": {"id": "CTR-02056", "elevation_m": 30.0}, "geometry": {"type": "LineString", "coordinates": [[121.66289999523165, 18.030299999999997], [121.66343999523166, 18.030299999999997]]}}, {"type": "Feature", "properties": {"id": "CTR-02057", "elevation_m": 30.0}, "geometry": {"type": "LineString", "coordinates": [[121.6643076953549, 18.030299999999997], [121.66484769535491, 18.030299999999997]]}}, {"type": "Feature", "properties": {"id": "CTR-02058", "elevation_m": 30.0}, "geometry": {"type": "LineString", "coordinates": [[121.67125263062792, 18.030299999999997], [121.67179263062792, 18.030299999999997]]}}, {"type": "Feature", "properties": {"id": "CTR-02059", "elevation_m": 30.0}, "geometry": {"type": "LineString", "coordinates": [[121.52617868861685, 18.0294], [121.52671868861685, 18.0294]]}}, {"type": "Feature", "properties": {"id": "CTR-02060", "elevation_m": 30.0}, "geometry": {"type": "LineString", "coordinates": [[121.66193333192048, 18.0294], [121.66247333192048, 18.0294]]}}, {"type": "Feature", "properties": {"id": "CTR-02061", "elevation_m": 30.0}, "geometry": {"type": "LineString", "coordinates": [[121.66544999999999, 18.0294], [121.66599, 18.0294]]}}, {"type": "Feature", "properties": {"id": "CTR-02062", "elevation_m": 30.0}, "geometry": {"type": "LineString", "coordinates": [[121.67080263264886, 18.0294], [121.67134263264886, 18.0294]]}}, {"type": "Feature", "properties": {"id": "CTR-02063", "elevation_m": 30.0}, "geometry": {"type": "LineString", "coordinates": [[121.52661176609183, 18.028499999999998], [121.52715176609183, 18.028499999999998]]}}, {"type": "Feature", "properties": {"id": "CTR-02064", "elevation_m": 30.0}, "geometry": {"type": "LineString", "coordinates": [[121.6611642844492, 18.028499999999998], [121.6617042844492, 18.028499999999998]]}}, {"type": "Feature", "properties": {"id": "CTR-02065", "elevation_m": 30.0}, "geometry": {"type": "LineString", "coordinates": [[121.66675263062791, 18.028499999999998], [121.66729263062791, 18.028499999999998]]}}, {"type": "Feature", "properties": {"id": "CTR-02066", "elevation_m": 30.0}, "geometry": {"type": "LineString", "coordinates": [[121.67000869338065, 18.028499999999998], [121.67054869338065, 18.028499999999998]]}}, {"type": "Feature", "properties": {"id": "CTR-02067", "elevation_m": 30.0}, "geometry": {"type": "LineString", "coordinates": [[121.52719411863703, 18.0276], [121.52773411863703, 18.0276]]}}, {"type": "Feature", "properties": {"id": "CTR-02068", "elevation_m": 30.0}, "geometry": {"type": "LineString", "coordinates": [[121.66045090806945, 18.0276], [121.66099090806945, 18.0276]]}}, {"type": "Feature", "properties": {"id": "CTR-02069", "elevation_m": 30.0}, "geometry": {"type": "LineString", "coordinates": [[121.52801052607802, 18.026699999999998], [121.52855052607802, 18.026699999999998]]}}, {"type": "Feature", "properties": {"id": "CTR-02070", "elevation_m": 30.0}, "geometry": {"type": "LineString", "coordinates": [[121.53251999656678, 18.026699999999998], [121.53305999656678, 18.026699999999998]]}}, {"type": "Feature", "properties": {"id": "CTR-02071", "elevation_m": 30.0}, "geometry": {"type": "LineString", "coordinates": [[121.536975, 18.026699999999998], [121.537515, 18.026699999999998]]}}, {"type": "Feature", "properties": {"id": "CTR-02072", "elevation_m": 30.0}, "geometry": {"type": "LineString", "coordinates": [[121.65986181829531, 18.026699999999998], [121.66040181829531, 18.026699999999998]]}}, {"type": "Feature", "properties": {"id": "CTR-02073", "elevation_m": 30.0}, "geometry": {"type": "LineString", "coordinates": [[121.52974285013623, 18.0258], [121.53028285013623, 18.0258]]}}, {"type": "Feature", "properties": {"id": "CTR-02074", "elevation_m": 30.0}, "geometry": {"type": "LineString", "coordinates": [[121.5303, 18.0258], [121.53084, 18.0258]]}}, {"type": "Feature", "properties": {"id": "CTR-02075", "elevation_m": 30.0}, "geometry": {"type": "LineString", "coordinates": [[121.53778604753286, 18.0258], [121.53832604753286, 18.0258]]}}, {"type": "Feature", "properties": {"id": "CTR-02076", "elevation_m": 30.0}, "geometry": {"type": "LineString", "coordinates": [[121.65932857112581, 18.0258], [121.65986857112581, 18.0258]]}}, {"type": "Feature", "properties": {"id": "CTR-02077", "elevation_m": 30.0}, "geometry": {"type": "LineString", "coordinates": [[121.53834545426172, 18.0249], [121.53888545426172, 18.0249]]}}, {"type": "Feature", "properties": {"id": "CTR-02078", "elevation_m": 30.0}, "geometry": {"type": "LineString", "coordinates": [[121.6588857133342, 18.0249], [121.6594257133342, 18.0249]]}}, {"type": "Feature", "properties": {"id": "CTR-02079", "elevation_m": 30.0}, "geometry": {"type": "LineString", "coordinates": [[121.53872181767109, 18.023999999999997], [121.53926181767109, 18.023999999999997]]}}, {"type": "Feature", "properties": {"id": "CTR-02080", "elevation_m": 30.0}, "geometry": {"type": "LineString", "coordinates": [[121.65854999913302, 18.023999999999997], [121.65908999913302, 18.023999999999997]]}}, {"type": "Feature", "properties": {"id": "CTR-02081", "elevation_m": 30.0}, "geometry": {"type": "LineString", "coordinates": [[121.53895090806945, 18.0231], [121.53949090806945, 18.0231]]}}, {"type": "Feature", "properties": {"id": "CTR-02082", "elevation_m": 30.0}, "geometry": {"type": "LineString", "coordinates": [[121.65835909083027, 18.0231], [121.65889909083027, 18.0231]]}}, {"type": "Feature", "properties": {"id": "CTR-02083", "elevation_m": 30.0}, "geometry": {"type": "LineString", "coordinates": [[121.53901428601704, 18.022199999999998], [121.53955428601704, 18.022199999999998]]}}, {"type": "Feature", "properties": {"id": "CTR-02084", "elevation_m": 30.0}, "geometry": {"type": "LineString", "coordinates": [[121.6583045452575, 18.022199999999998], [121.6588445452575, 18.022199999999998]]}}, {"type": "Feature", "properties": {"id": "CTR-02085", "elevation_m": 30.0}, "geometry": {"type": "LineString", "coordinates": [[121.53890181891953, 18.0213], [121.53944181891953, 18.0213]]}}, {"type": "Feature", "properties": {"id": "CTR-02086", "elevation_m": 30.0}, "geometry": {"type": "LineString", "coordinates": [[121.65839538538735, 18.0213], [121.65893538538735, 18.0213]]}}, {"type": "Feature", "properties": {"id": "CTR-02087", "elevation_m": 30.0}, "geometry": {"type": "LineString", "coordinates": [[121.53865636465781, 18.0204], [121.53919636465781, 18.0204]]}}, {"type": "Feature", "properties": {"id": "CTR-02088", "elevation_m": 30.0}, "geometry": {"type": "LineString", "coordinates": [[121.65860307728875, 18.0204], [121.65914307728875, 18.0204]]}}, {"type": "Feature", "properties": {"id": "CTR-02089", "elevation_m": 30.0}, "geometry": {"type": "LineString", "coordinates": [[121.53831272619452, 18.019499999999997], [121.53885272619452, 18.019499999999997]]}}, {"type": "Feature", "properties": {"id": "CTR-02090", "elevation_m": 30.0}, "geometry": {"type": "LineString", "coordinates": [[121.65889999939449, 18.019499999999997], [121.6594399993945, 18.019499999999997]]}}, {"type": "Feature", "properties": {"id": "CTR-02091", "elevation_m": 30.0}, "geometry": {"type": "LineString", "coordinates": [[121.52987142506811, 18.0186], [121.53041142506811, 18.0186]]}}, {"type": "Feature", "properties": {"id": "CTR-02092", "elevation_m": 30.0}, "geometry": {"type": "LineString", "coordinates": [[121.5301500047684, 18.0186], [121.5306900047684, 18.0186]]}}, {"type": "Feature", "properties": {"id": "CTR-02093", "elevation_m": 30.0}, "geometry": {"type": "LineString", "coordinates": [[121.53784883563101, 18.0186], [121.53838883563101, 18.0186]]}}, {"type": "Feature", "properties": {"id": "CTR-02094", "elevation_m": 30.0}, "geometry": {"type": "LineString", "coordinates": [[121.65925161263527, 18.0186], [121.65979161263527, 18.0186]]}}, {"type": "Feature", "properties": {"id": "CTR-02095", "elevation_m": 30.0}, "geometry": {"type": "LineString", "coordinates": [[121.52832272940074, 18.017699999999998], [121.52886272940074, 18.017699999999998]]}}, {"type": "Feature", "properties": {"id": "CTR-02096", "elevation_m": 30.0}, "geometry": {"type": "LineString", "coordinates": [[121.5319800034332, 18.017699999999998], [121.5325200034332, 18.017699999999998]]}}, {"type": "Feature", "properties": {"id": "CTR-02097", "elevation_m": 30.0}, "geometry": {"type": "LineString", "coordinates": [[121.53734651088519, 18.017699999999998], [121.53788651088519, 18.017699999999998]]}}, {"type": "Feature", "properties": {"id": "CTR-02098", "elevation_m": 30.0}, "geometry": {"type": "LineString", "coordinates": [[121.6596, 18.017699999999998], [121.66014, 18.017699999999998]]}}, {"type": "Feature", "properties": {"id": "CTR-02099", "elevation_m": 30.0}, "geometry": {"type": "LineString", "coordinates": [[121.6596, 18.017699999999998], [121.66014, 18.017699999999998]]}}, {"type": "Feature", "properties": {"id": "CTR-02100", "elevation_m": 30.0}, "geometry": {"type": "LineString", "coordinates": [[121.52776216241294, 18.0168], [121.52830216241294, 18.0168]]}}, {"type": "Feature", "properties": {"id": "CTR-02101", "elevation_m": 30.0}, "geometry": {"type": "LineString", "coordinates": [[121.53293684020318, 18.0168], [121.53347684020318, 18.0168]]}}, {"type": "Feature", "properties": {"id": "CTR-02102", "elevation_m": 30.0}, "geometry": {"type": "LineString", "coordinates": [[121.53675, 18.0168], [121.53729, 18.0168]]}}, {"type": "Feature", "properties": {"id": "CTR-02103", "elevation_m": 30.0}, "geometry": {"type": "LineString", "coordinates": [[121.65993333403975, 18.0168], [121.66047333403975, 18.0168]]}}, {"type": "Feature", "properties": {"id": "CTR-02104", "elevation_m": 30.0}, "geometry": {"type": "LineString", "coordinates": [[121.5274459450682, 18.0159], [121.5279859450682, 18.0159]]}}, {"type": "Feature", "properties": {"id": "CTR-02105", "elevation_m": 30.0}, "geometry": {"type": "LineString", "coordinates": [[121.53359999999999, 18.0159], [121.53414, 18.0159]]}}, {"type": "Feature", "properties": {"id": "CTR-02106", "elevation_m": 30.0}, "geometry": {"type": "LineString", "coordinates": [[121.53359999999999, 18.0159], [121.53414, 18.0159]]}}, {"type": "Feature", "properties": {"id": "CTR-02107", "elevation_m": 30.0}, "geometry": {"type": "LineString", "coordinates": [[121.536332143514, 18.0159], [121.536872143514, 18.0159]]}}, {"type": "Feature", "properties": {"id": "CTR-02108", "elevation_m": 30.0}, "geometry": {"type": "LineString", "coordinates": [[121.66015000088302, 18.0159], [121.66069000088302, 18.0159]]}}, {"type": "Feature", "properties": {"id": "CTR-02109", "elevation_m": 30.0}, "geometry": {"type": "LineString", "coordinates": [[121.52732432482588, 18.014999999999997], [121.52786432482588, 18.014999999999997]]}}, {"type": "Feature", "properties": {"id": "CTR-02110", "elevation_m": 30.0}, "geometry": {"type": "LineString", "coordinates": [[121.53390000476833, 18.014999999999997], [121.53444000476833, 18.014999999999997]]}}, {"type": "Feature", "properties": {"id": "CTR-02111", "elevation_m": 30.0}, "geometry": {"type": "LineString", "coordinates": [[121.53607499642374, 18.014999999999997], [121.53661499642374, 18.014999999999997]]}}, {"type": "Feature", "properties": {"id": "CTR-02112", "elevation_m": 30.0}, "geometry": {"type": "LineString", "coordinates": [[121.66021666701987, 18.014999999999997], [121.66075666701987, 18.014999999999997]]}}, {"type": "Feature", "properties": {"id": "CTR-02113", "elevation_m": 30.0}, "geometry": {"type": "LineString", "coordinates": [[121.52747027001948, 18.0141], [121.52801027001948, 18.0141]]}}, {"type": "Feature", "properties": {"id": "CTR-02114", "elevation_m": 30.0}, "geometry": {"type": "LineString", "coordinates": [[121.53350526125583, 18.0141], [121.53404526125583, 18.0141]]}}, {"type": "Feature", "properties": {"id": "CTR-02115", "elevation_m": 30.0}, "geometry": {"type": "LineString", "coordinates": [[121.53639310528531, 18.0141], [121.53693310528531, 18.0141]]}}, {"type": "Feature", "properties": {"id": "CTR-02116", "elevation_m": 30.0}, "geometry": {"type": "LineString", "coordinates": [[121.66011666672553, 18.0141], [121.66065666672553, 18.0141]]}}, {"type": "Feature", "properties": {"id": "CTR-02117", "elevation_m": 30.0}, "geometry": {"type": "LineString", "coordinates": [[121.52785945996102, 18.013199999999998], [121.52839945996102, 18.013199999999998]]}}, {"type": "Feature", "properties": {"id": "CTR-02118", "elevation_m": 30.0}, "geometry": {"type": "LineString", "coordinates": [[121.53274736937207, 18.013199999999998], [121.53328736937208, 18.013199999999998]]}}, {"type": "Feature", "properties": {"id": "CTR-02119", "elevation_m": 30.0}, "geometry": {"type": "LineString", "coordinates": [[121.53691071450466, 18.013199999999998], [121.53745071450466, 18.013199999999998]]}}, {"type": "Feature", "properties": {"id": "CTR-02120", "elevation_m": 30.0}, "geometry": {"type": "LineString", "coordinates": [[121.6598499998234, 18.013199999999998], [121.6603899998234, 18.013199999999998]]}}, {"type": "Feature", "properties": {"id": "CTR-02121", "elevation_m": 30.0}, "geometry": {"type": "LineString", "coordinates": [[121.52865, 18.0123], [121.52919, 18.0123]]}}, {"type": "Feature", "properties": {"id": "CTR-02122", "elevation_m": 30.0}, "geometry": {"type": "LineString", "coordinates": [[121.53155999694826, 18.0123], [121.53209999694826, 18.0123]]}}, {"type": "Feature", "properties": {"id": "CTR-02123", "elevation_m": 30.0}, "geometry": {"type": "LineString", "coordinates": [[121.5375428567536, 18.0123], [121.5380828567536, 18.0123]]}}, {"type": "Feature", "properties": {"id": "CTR-02124", "elevation_m": 30.0}, "geometry": {"type": "LineString", "coordinates": [[121.65944032191078, 18.0123], [121.65998032191078, 18.0123]]}}, {"type": "Feature", "properties": {"id": "CTR-02125", "elevation_m": 30.0}, "geometry": {"type": "LineString", "coordinates": [[121.53819818108046, 18.0114], [121.53873818108046, 18.0114]]}}, {"type": "Feature", "properties": {"id": "CTR-02126", "elevation_m": 30.0}, "geometry": {"type": "LineString", "coordinates": [[121.65897580685352, 18.0114], [121.65951580685352, 18.0114]]}}, {"type": "Feature", "properties": {"id": "CTR-02127", "elevation_m": 30.0}, "geometry": {"type": "LineString", "coordinates": [[121.53878727380547, 18.010499999999997], [121.53932727380547, 18.010499999999997]]}}, {"type": "Feature", "properties": {"id": "CTR-02128", "elevation_m": 30.0}, "geometry": {"type": "LineString", "coordinates": [[121.65845454498164, 18.010499999999997], [121.65899454498164, 18.010499999999997]]}}, {"type": "Feature", "properties": {"id": "CTR-02129", "elevation_m": 30.0}, "geometry": {"type": "LineString", "coordinates": [[121.5393428572726, 18.0096], [121.5398828572726, 18.0096]]}}, {"type": "Feature", "properties": {"id": "CTR-02130", "elevation_m": 30.0}, "geometry": {"type": "LineString", "coordinates": [[121.65795230817986, 18.0096], [121.65849230817986, 18.0096]]}}, {"type": "Feature", "properties": {"id": "CTR-02131", "elevation_m": 30.0}, "geometry": {"type": "LineString", "coordinates": [[121.53982742033729, 18.008699999999997], [121.54036742033729, 18.008699999999997]]}}, {"type": "Feature", "properties": {"id": "CTR-02132", "elevation_m": 30.0}, "geometry": {"type": "LineString", "coordinates": [[121.65747142878767, 18.008699999999997], [121.65801142878767, 18.008699999999997]]}}, {"type": "Feature", "properties": {"id": "CTR-02133", "elevation_m": 30.0}, "geometry": {"type": "LineString", "coordinates": [[121.54019999913302, 18.0078], [121.54073999913302, 18.0078]]}}, {"type": "Feature", "properties": {"id": "CTR-02134", "elevation_m": 30.0}, "geometry": {"type": "LineString", "coordinates": [[121.6570857133342, 18.0078], [121.6576257133342, 18.0078]]}}, {"type": "Feature", "properties": {"id": "CTR-02135", "elevation_m": 30.0}, "geometry": {"type": "LineString", "coordinates": [[121.5404538459507, 18.006899999999998], [121.5409938459507, 18.006899999999998]]}}, {"type": "Feature", "properties": {"id": "CTR-02136", "elevation_m": 30.0}, "geometry": {"type": "LineString", "coordinates": [[121.65680181891953, 18.006899999999998], [121.65734181891953, 18.006899999999998]]}}, {"type": "Feature", "properties": {"id": "CTR-02137", "elevation_m": 30.0}, "geometry": {"type": "LineString", "coordinates": [[121.54056461514082, 18.006], [121.54110461514082, 18.006]]}}, {"type": "Feature", "properties": {"id": "CTR-02138", "elevation_m": 30.0}, "geometry": {"type": "LineString", "coordinates": [[121.65667090977188, 18.006], [121.65721090977188, 18.006]]}}, {"type": "Feature", "properties": {"id": "CTR-02139", "elevation_m": 30.0}, "geometry": {"type": "LineString", "coordinates": [[121.54053692218307, 18.0051], [121.54107692218307, 18.0051]]}}, {"type": "Feature", "properties": {"id": "CTR-02140", "elevation_m": 30.0}, "geometry": {"type": "LineString", "coordinates": [[121.65670363539893, 18.0051], [121.65724363539893, 18.0051]]}}, {"type": "Feature", "properties": {"id": "CTR-02141", "elevation_m": 30.0}, "geometry": {"type": "LineString", "coordinates": [[121.54038461619722, 18.004199999999997], [121.54092461619722, 18.004199999999997]]}}, {"type": "Feature", "properties": {"id": "CTR-02142", "elevation_m": 30.0}, "geometry": {"type": "LineString", "coordinates": [[121.65688363602315, 18.004199999999997], [121.65742363602315, 18.004199999999997]]}}, {"type": "Feature", "properties": {"id": "CTR-02143", "elevation_m": 30.0}, "geometry": {"type": "LineString", "coordinates": [[121.54012153838028, 18.0033], [121.54066153838028, 18.0033]]}}, {"type": "Feature", "properties": {"id": "CTR-02144", "elevation_m": 30.0}, "geometry": {"type": "LineString", "coordinates": [[121.65714677397025, 18.0033], [121.65768677397025, 18.0033]]}}, {"type": "Feature", "properties": {"id": "CTR-02145", "elevation_m": 30.0}, "geometry": {"type": "LineString", "coordinates": [[121.53979838736471, 18.002399999999998], [121.54033838736471, 18.002399999999998]]}}, {"type": "Feature", "properties": {"id": "CTR-02146", "elevation_m": 30.0}, "geometry": {"type": "LineString", "coordinates": [[121.65747142878767, 18.002399999999998], [121.65801142878767, 18.002399999999998]]}}, {"type": "Feature", "properties": {"id": "CTR-02147", "elevation_m": 30.0}, "geometry": {"type": "LineString", "coordinates": [[121.53944999999999, 18.0015], [121.53998999999999, 18.0015]]}}, {"type": "Feature", "properties": {"id": "CTR-02148", "elevation_m": 30.0}, "geometry": {"type": "LineString", "coordinates": [[121.65781384647887, 18.0015], [121.65835384647887, 18.0015]]}}, {"type": "Feature", "properties": {"id": "CTR-02149", "elevation_m": 30.0}, "geometry": {"type": "LineString", "coordinates": [[121.53914516164757, 18.0006], [121.53968516164757, 18.0006]]}}, {"type": "Feature", "properties": {"id": "CTR-02150", "elevation_m": 30.0}, "geometry": {"type": "LineString", "coordinates": [[121.65811846109153, 18.0006], [121.65865846109153, 18.0006]]}}, {"type": "Feature", "properties": {"id": "CTR-02151", "elevation_m": 30.0}, "geometry": {"type": "LineString", "coordinates": [[121.53890181891953, 17.999699999999997], [121.53944181891953, 17.999699999999997]]}}, {"type": "Feature", "properties": {"id": "CTR-02152", "elevation_m": 30.0}, "geometry": {"type": "LineString", "coordinates": [[121.65832615299291, 17.999699999999997], [121.65886615299291, 17.999699999999997]]}}, {"type": "Feature", "properties": {"id": "CTR-02153", "elevation_m": 30.0}, "geometry": {"type": "LineString", "coordinates": [[121.5387833343341, 17.9988], [121.5393233343341, 17.9988]]}}, {"type": "Feature", "properties": {"id": "CTR-02154", "elevation_m": 30.0}, "geometry": {"type": "LineString", "coordinates": [[121.65842307651677, 17.9988], [121.65896307651677, 17.9988]]}}, {"type": "Feature", "properties": {"id": "CTR-02155", "elevation_m": 30.0}, "geometry": {"type": "LineString", "coordinates": [[121.53883333298012, 17.997899999999998], [121.53937333298012, 17.997899999999998]]}}, {"type": "Feature", "properties": {"id": "CTR-02156", "elevation_m": 30.0}, "geometry": {"type": "LineString", "coordinates": [[121.65838153890846, 17.997899999999998], [121.65892153890846, 17.997899999999998]]}}, {"type": "Feature", "properties": {"id": "CTR-02157", "elevation_m": 30.0}, "geometry": {"type": "LineString", "coordinates": [[121.53904354932489, 17.997], [121.53958354932489, 17.997]]}}, {"type": "Feature", "properties": {"id": "CTR-02158", "elevation_m": 30.0}, "geometry": {"type": "LineString", "coordinates": [[121.65820153878657, 17.997], [121.65874153878657, 17.997]]}}, {"type": "Feature", "properties": {"id": "CTR-02159", "elevation_m": 30.0}, "geometry": {"type": "LineString", "coordinates": [[121.5393774191762, 17.9961], [121.5399174191762, 17.9961]]}}, {"type": "Feature", "properties": {"id": "CTR-02160", "elevation_m": 30.0}, "geometry": {"type": "LineString", "coordinates": [[121.65788307623237, 17.9961], [121.65842307623237, 17.9961]]}}, {"type": "Feature", "properties": {"id": "CTR-02161", "elevation_m": 30.0}, "geometry": {"type": "LineString", "coordinates": [[121.53981428636304, 17.995199999999997], [121.54035428636304, 17.995199999999997]]}}, {"type": "Feature", "properties": {"id": "CTR-02162", "elevation_m": 30.0}, "geometry": {"type": "LineString", "coordinates": [[121.65743709726542, 17.995199999999997], [121.65797709726542, 17.995199999999997]]}}, {"type": "Feature", "properties": {"id": "CTR-02163", "elevation_m": 30.0}, "geometry": {"type": "LineString", "coordinates": [[121.54031538380278, 17.9943], [121.54085538380278, 17.9943]]}}, {"type": "Feature", "properties": {"id": "CTR-02164", "elevation_m": 30.0}, "geometry": {"type": "LineString", "coordinates": [[121.65691451644163, 17.9943], [121.65745451644163, 17.9943]]}}, {"type": "Feature", "properties": {"id": "CTR-02165", "elevation_m": 30.0}, "geometry": {"type": "LineString", "coordinates": [[121.54084354932489, 17.993399999999998], [121.54138354932489, 17.993399999999998]]}}, {"type": "Feature", "properties": {"id": "CTR-02166", "elevation_m": 30.0}, "geometry": {"type": "LineString", "coordinates": [[121.65629999999999, 17.993399999999998], [121.65683999999999, 17.993399999999998]]}}, {"type": "Feature", "properties": {"id": "CTR-02167", "elevation_m": 30.0}, "geometry": {"type": "LineString", "coordinates": [[121.54135161263528, 17.9925], [121.54189161263528, 17.9925]]}}, {"type": "Feature", "properties": {"id": "CTR-02168", "elevation_m": 30.0}, "geometry": {"type": "LineString", "coordinates": [[121.64643157656978, 17.9925], [121.64697157656978, 17.9925]]}}, {"type": "Feature", "properties": {"id": "CTR-02169", "elevation_m": 30.0}, "geometry": {"type": "LineString", "coordinates": [[121.64909999682108, 17.9925], [121.64963999682108, 17.9925]]}}, {"type": "Feature", "properties": {"id": "CTR-02170", "elevation_m": 30.0}, "geometry": {"type": "LineString", "coordinates": [[121.65564418613934, 17.9925], [121.65618418613934, 17.9925]]}}, {"type": "Feature", "properties": {"id": "CTR-02171", "elevation_m": 30.0}, "geometry": {"type": "LineString", "coordinates": [[121.54181454511405, 17.9916], [121.54235454511405, 17.9916]]}}, {"type": "Feature", "properties": {"id": "CTR-02172", "elevation_m": 30.0}, "geometry": {"type": "LineString", "coordinates": [[121.64546470677332, 17.9916], [121.64600470677333, 17.9916]]}}, {"type": "Feature", "properties": {"id": "CTR-02173", "elevation_m": 30.0}, "geometry": {"type": "LineString", "coordinates": [[121.65051428415727, 17.9916], [121.65105428415727, 17.9916]]}}, {"type": "Feature", "properties": {"id": "CTR-02174", "elevation_m": 30.0}, "geometry": {"type": "LineString", "coordinates": [[121.65493928746594, 17.9916], [121.65547928746594, 17.9916]]}}, {"type": "Feature", "properties": {"id": "CTR-02175", "elevation_m": 30.0}, "geometry": {"type": "LineString", "coordinates": [[121.54218333403975, 17.990699999999997], [121.54272333403975, 17.990699999999997]]}}, {"type": "Feature", "properties": {"id": "CTR-02176", "elevation_m": 30.0}, "geometry": {"type": "LineString", "coordinates": [[121.64495106507314, 17.990699999999997], [121.64549106507314, 17.990699999999997]]}}, {"type": "Feature", "properties": {"id": "CTR-02177", "elevation_m": 30.0}, "geometry": {"type": "LineString", "coordinates": [[121.65156923178496, 17.990699999999997], [121.65210923178496, 17.990699999999997]]}}, {"type": "Feature", "properties": {"id": "CTR-02178", "elevation_m": 30.0}, "geometry": {"type": "LineString", "coordinates": [[121.6542310350951, 17.990699999999997], [121.6547710350951, 17.990699999999997]]}}, {"type": "Feature", "properties": {"id": "CTR-02179", "elevation_m": 30.0}, "geometry": {"type": "LineString", "coordinates": [[121.54238727380547, 17.9898], [121.54292727380547, 17.9898]]}}, {"type": "Feature", "properties": {"id": "CTR-02180", "elevation_m": 30.0}, "geometry": {"type": "LineString", "coordinates": [[121.64470212649391, 17.9898], [121.64524212649391, 17.9898]]}}, {"type": "Feature", "properties": {"id": "CTR-02181", "elevation_m": 30.0}, "geometry": {"type": "LineString", "coordinates": [[121.65285, 17.9898], [121.65339, 17.9898]]}}, {"type": "Feature", "properties": {"id": "CTR-02182", "elevation_m": 30.0}, "geometry": {"type": "LineString", "coordinates": [[121.65336923178496, 17.9898], [121.65390923178497, 17.9898]]}}, {"type": "Feature", "properties": {"id": "CTR-02183", "elevation_m": 30.0}, "geometry": {"type": "LineString", "coordinates": [[121.54243333298011, 17.988899999999997], [121.54297333298011, 17.988899999999997]]}}, {"type": "Feature", "properties": {"id": "CTR-02184", "elevation_m": 30.0}, "geometry": {"type": "LineString", "coordinates": [[121.64464468054022, 17.988899999999997], [121.64518468054023, 17.988899999999997]]}}, {"type": "Feature", "properties": {"id": "CTR-02185", "elevation_m": 30.0}, "geometry": {"type": "LineString", "coordinates": [[121.5423, 17.988], [121.54284, 17.988]]}}, {"type": "Feature", "properties": {"id": "CTR-02186", "elevation_m": 30.0}, "geometry": {"type": "LineString", "coordinates": [[121.64477872410365, 17.988], [121.64531872410365, 17.988]]}}, {"type": "Feature", "properties": {"id": "CTR-02187", "elevation_m": 30.0}, "geometry": {"type": "LineString", "coordinates": [[121.6521230728601, 17.988], [121.65266307286011, 17.988]]}}, {"type": "Feature", "properties": {"id": "CTR-02188", "elevation_m": 30.0}, "geometry": {"type": "LineString", "coordinates": [[121.65371538359962, 17.988], [121.65425538359962, 17.988]]}}, {"type": "Feature", "properties": {"id": "CTR-02189", "elevation_m": 30.0}, "geometry": {"type": "LineString", "coordinates": [[121.54204363534217, 17.987099999999998], [121.54258363534217, 17.987099999999998]]}}, {"type": "Feature", "properties": {"id": "CTR-02190", "elevation_m": 30.0}, "geometry": {"type": "LineString", "coordinates": [[121.64506595783536, 17.987099999999998], [121.64560595783536, 17.987099999999998]]}}, {"type": "Feature", "properties": {"id": "CTR-02191", "elevation_m": 30.0}, "geometry": {"type": "LineString", "coordinates": [[121.65118499957084, 17.987099999999998], [121.65172499957085, 17.987099999999998]]}}, {"type": "Feature", "properties": {"id": "CTR-02192", "elevation_m": 30.0}, "geometry": {"type": "LineString", "coordinates": [[121.65445714198131, 17.987099999999998], [121.65499714198131, 17.987099999999998]]}}, {"type": "Feature", "properties": {"id": "CTR-02193", "elevation_m": 30.0}, "geometry": {"type": "LineString", "coordinates": [[121.54168548355837, 17.9862], [121.54222548355837, 17.9862]]}}, {"type": "Feature", "properties": {"id": "CTR-02194", "elevation_m": 30.0}, "geometry": {"type": "LineString", "coordinates": [[121.64557058645333, 17.9862], [121.64611058645333, 17.9862]]}}, {"type": "Feature", "properties": {"id": "CTR-02195", "elevation_m": 30.0}, "geometry": {"type": "LineString", "coordinates": [[121.65027272656337, 17.9862], [121.65081272656337, 17.9862]]}}, {"type": "Feature", "properties": {"id": "CTR-02196", "elevation_m": 30.0}, "geometry": {"type": "LineString", "coordinates": [[121.65512093069675, 17.9862], [121.65566093069675, 17.9862]]}}, {"type": "Feature", "properties": {"id": "CTR-02197", "elevation_m": 30.0}, "geometry": {"type": "LineString", "coordinates": [[121.54135161263528, 17.9853], [121.54189161263528, 17.9853]]}}, {"type": "Feature", "properties": {"id": "CTR-02198", "elevation_m": 30.0}, "geometry": {"type": "LineString", "coordinates": [[121.64628947748832, 17.9853], [121.64682947748832, 17.9853]]}}, {"type": "Feature", "properties": {"id": "CTR-02199", "elevation_m": 30.0}, "geometry": {"type": "LineString", "coordinates": [[121.64925, 17.9853], [121.64979, 17.9853]]}}, {"type": "Feature", "properties": {"id": "CTR-02200", "elevation_m": 30.0}, "geometry": {"type": "LineString", "coordinates": [[121.6556142851304, 17.9853], [121.6561542851304, 17.9853]]}}, {"type": "Feature", "properties": {"id": "CTR-02201", "elevation_m": 30.0}, "geometry": {"type": "LineString", "coordinates": [[121.54101774175685, 17.984399999999997], [121.54155774175685, 17.984399999999997]]}}, {"type": "Feature", "properties": {"id": "CTR-02202", "elevation_m": 30.0}, "geometry": {"type": "LineString", "coordinates": [[121.65606545590738, 17.984399999999997], [121.65660545590738, 17.984399999999997]]}}, {"type": "Feature", "properties": {"id": "CTR-02203", "elevation_m": 30.0}, "geometry": {"type": "LineString", "coordinates": [[121.54077187441327, 17.9835], [121.54131187441327, 17.9835]]}}, {"type": "Feature", "properties": {"id": "CTR-02204", "elevation_m": 30.0}, "geometry": {"type": "LineString", "coordinates": [[121.65634999911696, 17.9835], [121.65688999911696, 17.9835]]}}, {"type": "Feature", "properties": {"id": "CTR-02205", "elevation_m": 30.0}, "geometry": {"type": "LineString", "coordinates": [[121.5406312491618, 17.982599999999998], [121.5411712491618, 17.982599999999998]]}}, {"type": "Feature", "properties": {"id": "CTR-02206", "elevation_m": 30.0}, "geometry": {"type": "LineString", "coordinates": [[121.65651666672554, 17.982599999999998], [121.65705666672554, 17.982599999999998]]}}, {"type": "Feature", "properties": {"id": "CTR-02207", "elevation_m": 30.0}, "geometry": {"type": "LineString", "coordinates": [[121.54061718850582, 17.9817], [121.54115718850582, 17.9817]]}}, {"type": "Feature", "properties": {"id": "CTR-02208", "elevation_m": 30.0}, "geometry": {"type": "LineString", "coordinates": [[121.65652363659062, 17.9817], [121.65706363659062, 17.9817]]}}, {"type": "Feature", "properties": {"id": "CTR-02209", "elevation_m": 30.0}, "geometry": {"type": "LineString", "coordinates": [[121.5407578116199, 17.9808], [121.5412978116199, 17.9808]]}}, {"type": "Feature", "properties": {"id": "CTR-02210", "elevation_m": 30.0}, "geometry": {"type": "LineString", "coordinates": [[121.65635999937577, 17.9808], [121.65689999937577, 17.9808]]}}, {"type": "Feature", "properties": {"id": "CTR-02211", "elevation_m": 30.0}, "geometry": {"type": "LineString", "coordinates": [[121.54104677397025, 17.979899999999997], [121.54158677397025, 17.979899999999997]]}}, {"type": "Feature", "properties": {"id": "CTR-02212", "elevation_m": 30.0}, "geometry": {"type": "LineString", "coordinates": [[121.64789999999999, 17.979899999999997], [121.64844, 17.979899999999997]]}}, {"type": "Feature", "properties": {"id": "CTR-02213", "elevation_m": 30.0}, "geometry": {"type": "LineString", "coordinates": [[121.64789999999999, 17.979899999999997], [121.64844, 17.979899999999997]]}}, {"type": "Feature", "properties": {"id": "CTR-02214", "elevation_m": 30.0}, "geometry": {"type": "LineString", "coordinates": [[121.65603272795369, 17.979899999999997], [121.65657272795369, 17.979899999999997]]}}, {"type": "Feature", "properties": {"id": "CTR-02215", "elevation_m": 30.0}, "geometry": {"type": "LineString", "coordinates": [[121.54145322602973, 17.979], [121.54199322602973, 17.979]]}}, {"type": "Feature", "properties": {"id": "CTR-02216", "elevation_m": 30.0}, "geometry": {"type": "LineString", "coordinates": [[121.64590909169725, 17.979], [121.64644909169725, 17.979]]}}, {"type": "Feature", "properties": {"id": "CTR-02217", "elevation_m": 30.0}, "geometry": {"type": "LineString", "coordinates": [[121.64974091015492, 17.979], [121.65028091015492, 17.979]]}}, {"type": "Feature", "properties": {"id": "CTR-02218", "elevation_m": 30.0}, "geometry": {"type": "LineString", "coordinates": [[121.6554214276956, 17.979], [121.6559614276956, 17.979]]}}, {"type": "Feature", "properties": {"id": "CTR-02219", "elevation_m": 30.0}, "geometry": {"type": "LineString", "coordinates": [[121.54199999999999, 17.978099999999998], [121.54253999999999, 17.978099999999998]]}}, {"type": "Feature", "properties": {"id": "CTR-02220", "elevation_m": 30.0}, "geometry": {"type": "LineString", "coordinates": [[121.64502765903049, 17.978099999999998], [121.64556765903049, 17.978099999999998]]}}, {"type": "Feature", "properties": {"id": "CTR-02221", "elevation_m": 30.0}, "geometry": {"type": "LineString", "coordinates": [[121.6512300008583, 17.978099999999998], [121.6517700008583, 17.978099999999998]]}}, {"type": "Feature", "properties": {"id": "CTR-02222", "elevation_m": 30.0}, "geometry": {"type": "LineString", "coordinates": [[121.65448928549533, 17.978099999999998], [121.65502928549533, 17.978099999999998]]}}, {"type": "Feature", "properties": {"id": "CTR-02223", "elevation_m": 30.0}, "geometry": {"type": "LineString", "coordinates": [[121.54264285811598, 17.9772], [121.54318285811598, 17.9772]]}}, {"type": "Feature", "properties": {"id": "CTR-02224", "elevation_m": 30.0}, "geometry": {"type": "LineString", "coordinates": [[121.55013750804663, 17.9772], [121.55067750804663, 17.9772]]}}, {"type": "Feature", "properties": {"id": "CTR-02225", "elevation_m": 30.0}, "geometry": {"type": "LineString", "coordinates": [[121.55164736937208, 17.9772], [121.55218736937208, 17.9772]]}}, {"type": "Feature", "properties": {"id": "CTR-02226", "elevation_m": 30.0}, "geometry": {"type": "LineString", "coordinates": [[121.6443, 17.9772], [121.64484, 17.9772]]}}, {"type": "Feature", "properties": {"id": "CTR-02227", "elevation_m": 30.0}, "geometry": {"type": "LineString", "coordinates": [[121.6443, 17.9772], [121.64484, 17.9772]]}}, {"type": "Feature", "properties": {"id": "CTR-02228", "elevation_m": 30.0}, "geometry": {"type": "LineString", "coordinates": [[121.54343571282601, 17.9763], [121.54397571282601, 17.9763]]}}, {"type": "Feature", "properties": {"id": "CTR-02229", "elevation_m": 30.0}, "geometry": {"type": "LineString", "coordinates": [[121.54821428337874, 17.9763], [121.54875428337874, 17.9763]]}}, {"type": "Feature", "properties": {"id": "CTR-02230", "elevation_m": 30.0}, "geometry": {"type": "LineString", "coordinates": [[121.55300294236443, 17.9763], [121.55354294236443, 17.9763]]}}, {"type": "Feature", "properties": {"id": "CTR-02231", "elevation_m": 30.0}, "geometry": {"type": "LineString", "coordinates": [[121.64371578979069, 17.9763], [121.64425578979069, 17.9763]]}}, {"type": "Feature", "properties": {"id": "CTR-02232", "elevation_m": 30.0}, "geometry": {"type": "LineString", "coordinates": [[121.54462500357624, 17.975399999999997], [121.54516500357624, 17.975399999999997]]}}, {"type": "Feature", "properties": {"id": "CTR-02233", "elevation_m": 30.0}, "geometry": {"type": "LineString", "coordinates": [[121.54658571253405, 17.975399999999997], [121.54712571253405, 17.975399999999997]]}}, {"type": "Feature", "properties": {"id": "CTR-02234", "elevation_m": 30.0}, "geometry": {"type": "LineString", "coordinates": [[121.55373750089406, 17.975399999999997], [121.55427750089406, 17.975399999999997]]}}, {"type": "Feature", "properties": {"id": "CTR-02235", "elevation_m": 30.0}, "geometry": {"type": "LineString", "coordinates": [[121.6432000006055, 17.975399999999997], [121.6437400006055, 17.975399999999997]]}}, {"type": "Feature", "properties": {"id": "CTR-02236", "elevation_m": 30.0}, "geometry": {"type": "LineString", "coordinates": [[121.55422499850988, 17.9745], [121.55476499850988, 17.9745]]}}, {"type": "Feature", "properties": {"id": "CTR-02237", "elevation_m": 30.0}, "geometry": {"type": "LineString", "coordinates": [[121.64281935439213, 17.9745], [121.64335935439213, 17.9745]]}}, {"type": "Feature", "properties": {"id": "CTR-02238", "elevation_m": 30.0}, "geometry": {"type": "LineString", "coordinates": [[121.55451724046078, 17.973599999999998], [121.55505724046078, 17.973599999999998]]}}, {"type": "Feature", "properties": {"id": "CTR-02239", "elevation_m": 30.0}, "geometry": {"type": "LineString", "coordinates": [[121.6425725796627, 17.973599999999998], [121.6431125796627, 17.973599999999998]]}}, {"type": "Feature", "properties": {"id": "CTR-02240", "elevation_m": 30.0}, "geometry": {"type": "LineString", "coordinates": [[121.55461578979069, 17.9727], [121.55515578979069, 17.9727]]}}, {"type": "Feature", "properties": {"id": "CTR-02241", "elevation_m": 30.0}, "geometry": {"type": "LineString", "coordinates": [[121.64247142796592, 17.9727], [121.64301142796592, 17.9727]]}}, {"type": "Feature", "properties": {"id": "CTR-02242", "elevation_m": 30.0}, "geometry": {"type": "LineString", "coordinates": [[121.55456379325653, 17.971799999999998], [121.55510379325654, 17.971799999999998]]}}, {"type": "Feature", "properties": {"id": "CTR-02243", "elevation_m": 30.0}, "geometry": {"type": "LineString", "coordinates": [[121.64252857203407, 17.971799999999998], [121.64306857203407, 17.971799999999998]]}}, {"type": "Feature", "properties": {"id": "CTR-02244", "elevation_m": 30.0}, "geometry": {"type": "LineString", "coordinates": [[121.55437758503322, 17.9709], [121.55491758503322, 17.9709]]}}, {"type": "Feature", "properties": {"id": "CTR-02245", "elevation_m": 30.0}, "geometry": {"type": "LineString", "coordinates": [[121.64269999939448, 17.9709], [121.64323999939448, 17.9709]]}}, {"type": "Feature", "properties": {"id": "CTR-02246", "elevation_m": 35.0}, "geometry": {"type": "LineString", "coordinates": [[121.50805161201008, 18.15], [121.50859161201008, 18.15]]}}, {"type": "Feature", "properties": {"id": "CTR-02247", "elevation_m": 35.0}, "geometry": {"type": "LineString", "coordinates": [[121.5076451593254, 18.149099999999997], [121.50818515932541, 18.149099999999997]]}}, {"type": "Feature", "properties": {"id": "CTR-02248", "elevation_m": 35.0}, "geometry": {"type": "LineString", "coordinates": [[121.5073132060805, 18.1482], [121.5078532060805, 18.1482]]}}, {"type": "Feature", "properties": {"id": "CTR-02249", "elevation_m": 35.0}, "geometry": {"type": "LineString", "coordinates": [[121.50709999788072, 18.147299999999998], [121.50763999788072, 18.147299999999998]]}}, {"type": "Feature", "properties": {"id": "CTR-02250", "elevation_m": 35.0}, "geometry": {"type": "LineString", "coordinates": [[121.50707547072032, 18.1464], [121.50761547072032, 18.1464]]}}, {"type": "Feature", "properties": {"id": "CTR-02251", "elevation_m": 35.0}, "geometry": {"type": "LineString", "coordinates": [[121.50721666819726, 18.1455], [121.50775666819726, 18.1455]]}}, {"type": "Feature", "properties": {"id": "CTR-02252", "elevation_m": 35.0}, "geometry": {"type": "LineString", "coordinates": [[121.5075, 18.144599999999997], [121.50804, 18.144599999999997]]}}, {"type": "Feature", "properties": {"id": "CTR-02253", "elevation_m": 35.0}, "geometry": {"type": "LineString", "coordinates": [[121.5075, 18.144599999999997], [121.50804, 18.144599999999997]]}}, {"type": "Feature", "properties": {"id": "CTR-02254", "elevation_m": 35.0}, "geometry": {"type": "LineString", "coordinates": [[121.507862903851, 18.1437], [121.508402903851, 18.1437]]}}, {"type": "Feature", "properties": {"id": "CTR-02255", "elevation_m": 35.0}, "geometry": {"type": "LineString", "coordinates": [[121.50826935439213, 18.142799999999998], [121.50880935439213, 18.142799999999998]]}}, {"type": "Feature", "properties": {"id": "CTR-02256", "elevation_m": 35.0}, "geometry": {"type": "LineString", "coordinates": [[121.50867272837614, 18.1419], [121.50921272837614, 18.1419]]}}, {"type": "Feature", "properties": {"id": "CTR-02257", "elevation_m": 35.0}, "geometry": {"type": "LineString", "coordinates": [[121.50902727162384, 18.141], [121.50956727162384, 18.141]]}}, {"type": "Feature", "properties": {"id": "CTR-02258", "elevation_m": 35.0}, "geometry": {"type": "LineString", "coordinates": [[121.50928636592202, 18.1401], [121.50982636592202, 18.1401]]}}, {"type": "Feature", "properties": {"id": "CTR-02259", "elevation_m": 35.0}, "geometry": {"type": "LineString", "coordinates": [[121.50944285558583, 18.1392], [121.50998285558583, 18.1392]]}}, {"type": "Feature", "properties": {"id": "CTR-02260", "elevation_m": 35.0}, "geometry": {"type": "LineString", "coordinates": [[121.50945468850583, 18.138299999999997], [121.50999468850583, 18.138299999999997]]}}, {"type": "Feature", "properties": {"id": "CTR-02261", "elevation_m": 35.0}, "geometry": {"type": "LineString", "coordinates": [[121.50931428337874, 18.1374], [121.50985428337874, 18.1374]]}}, {"type": "Feature", "properties": {"id": "CTR-02262", "elevation_m": 35.0}, "geometry": {"type": "LineString", "coordinates": [[121.50905454498164, 18.136499999999998], [121.50959454498164, 18.136499999999998]]}}, {"type": "Feature", "properties": {"id": "CTR-02263", "elevation_m": 35.0}, "geometry": {"type": "LineString", "coordinates": [[121.50869076898698, 18.1356], [121.50923076898698, 18.1356]]}}, {"type": "Feature", "properties": {"id": "CTR-02264", "elevation_m": 35.0}, "geometry": {"type": "LineString", "coordinates": [[121.50825714441416, 18.1347], [121.50879714441416, 18.1347]]}}, {"type": "Feature", "properties": {"id": "CTR-02265", "elevation_m": 35.0}, "geometry": {"type": "LineString", "coordinates": [[121.50780483790585, 18.133799999999997], [121.50834483790585, 18.133799999999997]]}}, {"type": "Feature", "properties": {"id": "CTR-02266", "elevation_m": 35.0}, "geometry": {"type": "LineString", "coordinates": [[121.50736666384097, 18.1329], [121.50790666384097, 18.1329]]}}, {"type": "Feature", "properties": {"id": "CTR-02267", "elevation_m": 35.0}, "geometry": {"type": "LineString", "coordinates": [[121.50696666807951, 18.131999999999998], [121.50750666807951, 18.131999999999998]]}}, {"type": "Feature", "properties": {"id": "CTR-02268", "elevation_m": 35.0}, "geometry": {"type": "LineString", "coordinates": [[121.50671666596024, 18.1311], [121.50725666596024, 18.1311]]}}, {"type": "Feature", "properties": {"id": "CTR-02269", "elevation_m": 35.0}, "geometry": {"type": "LineString", "coordinates": [[121.50661666395868, 18.1302], [121.50715666395868, 18.1302]]}}, {"type": "Feature", "properties": {"id": "CTR-02270", "elevation_m": 35.0}, "geometry": {"type": "LineString", "coordinates": [[121.50671454511405, 18.129299999999997], [121.50725454511405, 18.129299999999997]]}}, {"type": "Feature", "properties": {"id": "CTR-02271", "elevation_m": 35.0}, "geometry": {"type": "LineString", "coordinates": [[121.50694999788072, 18.1284], [121.50748999788073, 18.1284]]}}, {"type": "Feature", "properties": {"id": "CTR-02272", "elevation_m": 35.0}, "geometry": {"type": "LineString", "coordinates": [[121.50733333498167, 18.127499999999998], [121.50787333498167, 18.127499999999998]]}}, {"type": "Feature", "properties": {"id": "CTR-02273", "elevation_m": 35.0}, "geometry": {"type": "LineString", "coordinates": [[121.50775714285713, 18.1266], [121.50829714285713, 18.1266]]}}, {"type": "Feature", "properties": {"id": "CTR-02274", "elevation_m": 35.0}, "geometry": {"type": "LineString", "coordinates": [[121.50818571246919, 18.1257], [121.50872571246919, 18.1257]]}}, {"type": "Feature", "properties": {"id": "CTR-02275", "elevation_m": 35.0}, "geometry": {"type": "LineString", "coordinates": [[121.50857727422478, 18.124799999999997], [121.50911727422478, 18.124799999999997]]}}, {"type": "Feature", "properties": {"id": "CTR-02276", "elevation_m": 35.0}, "geometry": {"type": "LineString", "coordinates": [[121.50887727075687, 18.1239], [121.50941727075687, 18.1239]]}}, {"type": "Feature", "properties": {"id": "CTR-02277", "elevation_m": 35.0}, "geometry": {"type": "LineString", "coordinates": [[121.50908181833944, 18.122999999999998], [121.50962181833944, 18.122999999999998]]}}, {"type": "Feature", "properties": {"id": "CTR-02278", "elevation_m": 35.0}, "geometry": {"type": "LineString", "coordinates": [[121.50914999913302, 18.1221], [121.50968999913302, 18.1221]]}}, {"type": "Feature", "properties": {"id": "CTR-02279", "elevation_m": 35.0}, "geometry": {"type": "LineString", "coordinates": [[121.50908181833944, 18.121199999999998], [121.50962181833944, 18.121199999999998]]}}, {"type": "Feature", "properties": {"id": "CTR-02280", "elevation_m": 35.0}, "geometry": {"type": "LineString", "coordinates": [[121.50887727075687, 18.1203], [121.50941727075687, 18.1203]]}}, {"type": "Feature", "properties": {"id": "CTR-02281", "elevation_m": 35.0}, "geometry": {"type": "LineString", "coordinates": [[121.50855000086698, 18.1194], [121.50909000086698, 18.1194]]}}, {"type": "Feature", "properties": {"id": "CTR-02282", "elevation_m": 35.0}, "geometry": {"type": "LineString", "coordinates": [[121.50814285714286, 18.118499999999997], [121.50868285714286, 18.118499999999997]]}}, {"type": "Feature", "properties": {"id": "CTR-02283", "elevation_m": 35.0}, "geometry": {"type": "LineString", "coordinates": [[121.50769999878898, 18.1176], [121.50823999878898, 18.1176]]}}, {"type": "Feature", "properties": {"id": "CTR-02284", "elevation_m": 35.0}, "geometry": {"type": "LineString", "coordinates": [[121.50723333403975, 18.116699999999998], [121.50777333403975, 18.116699999999998]]}}, {"type": "Feature", "properties": {"id": "CTR-02285", "elevation_m": 35.0}, "geometry": {"type": "LineString", "coordinates": [[121.50681272931564, 18.1158], [121.50735272931564, 18.1158]]}}, {"type": "Feature", "properties": {"id": "CTR-02286", "elevation_m": 35.0}, "geometry": {"type": "LineString", "coordinates": [[121.50649285831062, 18.1149], [121.50703285831062, 18.1149]]}}, {"type": "Feature", "properties": {"id": "CTR-02287", "elevation_m": 35.0}, "geometry": {"type": "LineString", "coordinates": [[121.4980999915229, 18.113999999999997], [121.49863999152291, 18.113999999999997]]}}, {"type": "Feature", "properties": {"id": "CTR-02288", "elevation_m": 35.0}, "geometry": {"type": "LineString", "coordinates": [[121.49922002746624, 18.113999999999997], [121.49976002746624, 18.113999999999997]]}}, {"type": "Feature", "properties": {"id": "CTR-02289", "elevation_m": 35.0}, "geometry": {"type": "LineString", "coordinates": [[121.5063, 18.113999999999997], [121.50684, 18.113999999999997]]}}, {"type": "Feature", "properties": {"id": "CTR-02290", "elevation_m": 35.0}, "geometry": {"type": "LineString", "coordinates": [[121.49829999576144, 18.1131], [121.49883999576144, 18.1131]]}}, {"type": "Feature", "properties": {"id": "CTR-02291", "elevation_m": 35.0}, "geometry": {"type": "LineString", "coordinates": [[121.49886001373311, 18.1131], [121.49940001373311, 18.1131]]}}, {"type": "Feature", "properties": {"id": "CTR-02292", "elevation_m": 35.0}, "geometry": {"type": "LineString", "coordinates": [[121.50634285831062, 18.1131], [121.50688285831062, 18.1131]]}}, {"type": "Feature", "properties": {"id": "CTR-02293", "elevation_m": 35.0}, "geometry": {"type": "LineString", "coordinates": [[121.50659999999999, 18.112199999999998], [121.50713999999999, 18.112199999999998]]}}, {"type": "Feature", "properties": {"id": "CTR-02294", "elevation_m": 35.0}, "geometry": {"type": "LineString", "coordinates": [[121.50659999999999, 18.112199999999998], [121.50713999999999, 18.112199999999998]]}}, {"type": "Feature", "properties": {"id": "CTR-02295", "elevation_m": 35.0}, "geometry": {"type": "LineString", "coordinates": [[121.50694999788072, 18.1113], [121.50748999788073, 18.1113]]}}, {"type": "Feature", "properties": {"id": "CTR-02296", "elevation_m": 35.0}, "geometry": {"type": "LineString", "coordinates": [[121.50739999788073, 18.1104], [121.50793999788073, 18.1104]]}}, {"type": "Feature", "properties": {"id": "CTR-02297", "elevation_m": 35.0}, "geometry": {"type": "LineString", "coordinates": [[121.50784285895936, 18.109499999999997], [121.50838285895937, 18.109499999999997]]}}, {"type": "Feature", "properties": {"id": "CTR-02298", "elevation_m": 35.0}, "geometry": {"type": "LineString", "coordinates": [[121.50825714441416, 18.1086], [121.50879714441416, 18.1086]]}}, {"type": "Feature", "properties": {"id": "CTR-02299", "elevation_m": 35.0}, "geometry": {"type": "LineString", "coordinates": [[121.50861818166054, 18.107699999999998], [121.50915818166054, 18.107699999999998]]}}, {"type": "Feature", "properties": {"id": "CTR-02300", "elevation_m": 35.0}, "geometry": {"type": "LineString", "coordinates": [[121.50887014848891, 18.1068], [121.50941014848891, 18.1068]]}}, {"type": "Feature", "properties": {"id": "CTR-02301", "elevation_m": 35.0}, "geometry": {"type": "LineString", "coordinates": [[121.50899999826603, 18.1059], [121.50953999826604, 18.1059]]}}, {"type": "Feature", "properties": {"id": "CTR-02302", "elevation_m": 35.0}, "geometry": {"type": "LineString", "coordinates": [[121.50899104454668, 18.104999999999997], [121.50953104454668, 18.104999999999997]]}}, {"type": "Feature", "properties": {"id": "CTR-02303", "elevation_m": 35.0}, "geometry": {"type": "LineString", "coordinates": [[121.5088432847293, 18.1041], [121.5093832847293, 18.1041]]}}, {"type": "Feature", "properties": {"id": "CTR-02304", "elevation_m": 35.0}, "geometry": {"type": "LineString", "coordinates": [[121.50857462778343, 18.103199999999998], [121.50911462778343, 18.103199999999998]]}}, {"type": "Feature", "properties": {"id": "CTR-02305", "elevation_m": 35.0}, "geometry": {"type": "LineString", "coordinates": [[121.50820000121101, 18.1023], [121.50874000121101, 18.1023]]}}, {"type": "Feature", "properties": {"id": "CTR-02306", "elevation_m": 35.0}, "geometry": {"type": "LineString", "coordinates": [[121.5077714277929, 18.101399999999998], [121.5083114277929, 18.101399999999998]]}}, {"type": "Feature", "properties": {"id": "CTR-02307", "elevation_m": 35.0}, "geometry": {"type": "LineString", "coordinates": [[121.50731999875154, 18.1005], [121.50785999875154, 18.1005]]}}, {"type": "Feature", "properties": {"id": "CTR-02308", "elevation_m": 35.0}, "geometry": {"type": "LineString", "coordinates": [[121.50687817920779, 18.0996], [121.50741817920779, 18.0996]]}}, {"type": "Feature", "properties": {"id": "CTR-02309", "elevation_m": 35.0}, "geometry": {"type": "LineString", "coordinates": [[121.50653571662124, 18.098699999999997], [121.50707571662124, 18.098699999999997]]}}, {"type": "Feature", "properties": {"id": "CTR-02310", "elevation_m": 35.0}, "geometry": {"type": "LineString", "coordinates": [[121.49829999576144, 18.0978], [121.49883999576144, 18.0978]]}}, {"type": "Feature", "properties": {"id": "CTR-02311", "elevation_m": 35.0}, "geometry": {"type": "LineString", "coordinates": [[121.49886001373311, 18.0978], [121.49940001373311, 18.0978]]}}, {"type": "Feature", "properties": {"id": "CTR-02312", "elevation_m": 35.0}, "geometry": {"type": "LineString", "coordinates": [[121.5063, 18.0978], [121.50684, 18.0978]]}}, {"type": "Feature", "properties": {"id": "CTR-02313", "elevation_m": 35.0}, "geometry": {"type": "LineString", "coordinates": [[121.49820001271563, 18.096899999999998], [121.49874001271563, 18.096899999999998]]}}, {"type": "Feature", "properties": {"id": "CTR-02314", "elevation_m": 35.0}, "geometry": {"type": "LineString", "coordinates": [[121.49903998626688, 18.096899999999998], [121.49957998626688, 18.096899999999998]]}}, {"type": "Feature", "properties": {"id": "CTR-02315", "elevation_m": 35.0}, "geometry": {"type": "LineString", "coordinates": [[121.5062651168361, 18.096899999999998], [121.5068051168361, 18.096899999999998]]}}, {"type": "Feature", "properties": {"id": "CTR-02316", "elevation_m": 35.0}, "geometry": {"type": "LineString", "coordinates": [[121.5064714262359, 18.096], [121.5070114262359, 18.096]]}}, {"type": "Feature", "properties": {"id": "CTR-02317", "elevation_m": 35.0}, "geometry": {"type": "LineString", "coordinates": [[121.50679636216091, 18.0951], [121.50733636216091, 18.0951]]}}, {"type": "Feature", "properties": {"id": "CTR-02318", "elevation_m": 35.0}, "geometry": {"type": "LineString", "coordinates": [[121.50722182079221, 18.094199999999997], [121.50776182079221, 18.094199999999997]]}}, {"type": "Feature", "properties": {"id": "CTR-02319", "elevation_m": 35.0}, "geometry": {"type": "LineString", "coordinates": [[121.50768571549672, 18.0933], [121.50822571549672, 18.0933]]}}, {"type": "Feature", "properties": {"id": "CTR-02320", "elevation_m": 35.0}, "geometry": {"type": "LineString", "coordinates": [[121.50812857220708, 18.092399999999998], [121.50866857220709, 18.092399999999998]]}}, {"type": "Feature", "properties": {"id": "CTR-02321", "elevation_m": 35.0}, "geometry": {"type": "LineString", "coordinates": [[121.50852272750917, 18.0915], [121.50906272750917, 18.0915]]}}, {"type": "Feature", "properties": {"id": "CTR-02322", "elevation_m": 35.0}, "geometry": {"type": "LineString", "coordinates": [[121.50882985151108, 18.0906], [121.50936985151108, 18.0906]]}}, {"type": "Feature", "properties": {"id": "CTR-02323", "elevation_m": 35.0}, "geometry": {"type": "LineString", "coordinates": [[121.50901791090664, 18.089699999999997], [121.50955791090664, 18.089699999999997]]}}, {"type": "Feature", "properties": {"id": "CTR-02324", "elevation_m": 35.0}, "geometry": {"type": "LineString", "coordinates": [[121.50907164362658, 18.0888], [121.50961164362658, 18.0888]]}}, {"type": "Feature", "properties": {"id": "CTR-02325", "elevation_m": 35.0}, "geometry": {"type": "LineString", "coordinates": [[121.50899104454668, 18.087899999999998], [121.50953104454668, 18.087899999999998]]}}, {"type": "Feature", "properties": {"id": "CTR-02326", "elevation_m": 35.0}, "geometry": {"type": "LineString", "coordinates": [[121.50877611879113, 18.087], [121.50931611879113, 18.087]]}}, {"type": "Feature", "properties": {"id": "CTR-02327", "elevation_m": 35.0}, "geometry": {"type": "LineString", "coordinates": [[121.50846716333781, 18.0861], [121.50900716333781, 18.0861]]}}, {"type": "Feature", "properties": {"id": "CTR-02328", "elevation_m": 35.0}, "geometry": {"type": "LineString", "coordinates": [[121.50806249932944, 18.085199999999997], [121.50860249932944, 18.085199999999997]]}}, {"type": "Feature", "properties": {"id": "CTR-02329", "elevation_m": 35.0}, "geometry": {"type": "LineString", "coordinates": [[121.50764285558583, 18.0843], [121.50818285558583, 18.0843]]}}, {"type": "Feature", "properties": {"id": "CTR-02330", "elevation_m": 35.0}, "geometry": {"type": "LineString", "coordinates": [[121.50722182079221, 18.083399999999997], [121.50776182079221, 18.083399999999997]]}}, {"type": "Feature", "properties": {"id": "CTR-02331", "elevation_m": 35.0}, "geometry": {"type": "LineString", "coordinates": [[121.5068618182953, 18.0825], [121.5074018182953, 18.0825]]}}, {"type": "Feature", "properties": {"id": "CTR-02332", "elevation_m": 35.0}, "geometry": {"type": "LineString", "coordinates": [[121.50663272806719, 18.081599999999998], [121.50717272806719, 18.081599999999998]]}}, {"type": "Feature", "properties": {"id": "CTR-02333", "elevation_m": 35.0}, "geometry": {"type": "LineString", "coordinates": [[121.50655714207863, 18.0807], [121.50709714207863, 18.0807]]}}, {"type": "Feature", "properties": {"id": "CTR-02334", "elevation_m": 35.0}, "geometry": {"type": "LineString", "coordinates": [[121.50666545613439, 18.0798], [121.50720545613439, 18.0798]]}}, {"type": "Feature", "properties": {"id": "CTR-02335", "elevation_m": 35.0}, "geometry": {"type": "LineString", "coordinates": [[121.5069272744297, 18.078899999999997], [121.5074672744297, 18.078899999999997]]}}, {"type": "Feature", "properties": {"id": "CTR-02336", "elevation_m": 35.0}, "geometry": {"type": "LineString", "coordinates": [[121.50733636590627, 18.078], [121.50787636590627, 18.078]]}}, {"type": "Feature", "properties": {"id": "CTR-02337", "elevation_m": 35.0}, "geometry": {"type": "LineString", "coordinates": [[121.5077714277929, 18.077099999999998], [121.5083114277929, 18.077099999999998]]}}, {"type": "Feature", "properties": {"id": "CTR-02338", "elevation_m": 35.0}, "geometry": {"type": "LineString", "coordinates": [[121.5082312513411, 18.0762], [121.5087712513411, 18.0762]]}}, {"type": "Feature", "properties": {"id": "CTR-02339", "elevation_m": 35.0}, "geometry": {"type": "LineString", "coordinates": [[121.50865522273338, 18.0753], [121.50919522273338, 18.0753]]}}, {"type": "Feature", "properties": {"id": "CTR-02340", "elevation_m": 35.0}, "geometry": {"type": "LineString", "coordinates": [[121.50900447684712, 18.074399999999997], [121.50954447684713, 18.074399999999997]]}}, {"type": "Feature", "properties": {"id": "CTR-02341", "elevation_m": 35.0}, "geometry": {"type": "LineString", "coordinates": [[121.50924626758598, 18.0735], [121.50978626758598, 18.0735]]}}, {"type": "Feature", "properties": {"id": "CTR-02342", "elevation_m": 35.0}, "geometry": {"type": "LineString", "coordinates": [[121.50936922995662, 18.072599999999998], [121.50990922995662, 18.072599999999998]]}}, {"type": "Feature", "properties": {"id": "CTR-02343", "elevation_m": 35.0}, "geometry": {"type": "LineString", "coordinates": [[121.50935538575301, 18.0717], [121.50989538575301, 18.0717]]}}, {"type": "Feature", "properties": {"id": "CTR-02344", "elevation_m": 35.0}, "geometry": {"type": "LineString", "coordinates": [[121.50919253517196, 18.0708], [121.50973253517196, 18.0708]]}}, {"type": "Feature", "properties": {"id": "CTR-02345", "elevation_m": 35.0}, "geometry": {"type": "LineString", "coordinates": [[121.50893181747247, 18.069899999999997], [121.50947181747247, 18.069899999999997]]}}, {"type": "Feature", "properties": {"id": "CTR-02346", "elevation_m": 35.0}, "geometry": {"type": "LineString", "coordinates": [[121.50858805939556, 18.069], [121.50912805939556, 18.069]]}}, {"type": "Feature", "properties": {"id": "CTR-02347", "elevation_m": 35.0}, "geometry": {"type": "LineString", "coordinates": [[121.50818906141035, 18.068099999999998], [121.50872906141035, 18.068099999999998]]}}, {"type": "Feature", "properties": {"id": "CTR-02348", "elevation_m": 35.0}, "geometry": {"type": "LineString", "coordinates": [[121.50779531149416, 18.0672], [121.50833531149416, 18.0672]]}}, {"type": "Feature", "properties": {"id": "CTR-02349", "elevation_m": 35.0}, "geometry": {"type": "LineString", "coordinates": [[121.5074672719328, 18.0663], [121.5080072719328, 18.0663]]}}, {"type": "Feature", "properties": {"id": "CTR-02350", "elevation_m": 35.0}, "geometry": {"type": "LineString", "coordinates": [[121.50719464373296, 18.0654], [121.50773464373296, 18.0654]]}}, {"type": "Feature", "properties": {"id": "CTR-02351", "elevation_m": 35.0}, "geometry": {"type": "LineString", "coordinates": [[121.50709090852342, 18.0645], [121.50763090852342, 18.0645]]}}, {"type": "Feature", "properties": {"id": "CTR-02352", "elevation_m": 35.0}, "geometry": {"type": "LineString", "coordinates": [[121.50713999999999, 18.063599999999997], [121.50768, 18.063599999999997]]}}, {"type": "Feature", "properties": {"id": "CTR-02353", "elevation_m": 35.0}, "geometry": {"type": "LineString", "coordinates": [[121.5073690886392, 18.0627], [121.5079090886392, 18.0627]]}}, {"type": "Feature", "properties": {"id": "CTR-02354", "elevation_m": 35.0}, "geometry": {"type": "LineString", "coordinates": [[121.50771093858964, 18.061799999999998], [121.50825093858964, 18.061799999999998]]}}, {"type": "Feature", "properties": {"id": "CTR-02355", "elevation_m": 35.0}, "geometry": {"type": "LineString", "coordinates": [[121.50811874865889, 18.0609], [121.50865874865889, 18.0609]]}}, {"type": "Feature", "properties": {"id": "CTR-02356", "elevation_m": 35.0}, "geometry": {"type": "LineString", "coordinates": [[121.50857462778343, 18.06], [121.50911462778343, 18.06]]}}, {"type": "Feature", "properties": {"id": "CTR-02357", "elevation_m": 35.0}, "geometry": {"type": "LineString", "coordinates": [[121.50901791090664, 18.059099999999997], [121.50955791090664, 18.059099999999997]]}}, {"type": "Feature", "properties": {"id": "CTR-02358", "elevation_m": 35.0}, "geometry": {"type": "LineString", "coordinates": [[121.50941077150604, 18.0582], [121.50995077150604, 18.0582]]}}, {"type": "Feature", "properties": {"id": "CTR-02359", "elevation_m": 35.0}, "geometry": {"type": "LineString", "coordinates": [[121.50972923166309, 18.057299999999998], [121.51026923166309, 18.057299999999998]]}}, {"type": "Feature", "properties": {"id": "CTR-02360", "elevation_m": 35.0}, "geometry": {"type": "LineString", "coordinates": [[121.50991874865889, 18.0564], [121.51045874865889, 18.0564]]}}, {"type": "Feature", "properties": {"id": "CTR-02361", "elevation_m": 35.0}, "geometry": {"type": "LineString", "coordinates": [[121.50996461709107, 18.0555], [121.51050461709107, 18.0555]]}}, {"type": "Feature", "properties": {"id": "CTR-02362", "elevation_m": 35.0}, "geometry": {"type": "LineString", "coordinates": [[121.50986769076376, 18.054599999999997], [121.51040769076376, 18.054599999999997]]}}, {"type": "Feature", "properties": {"id": "CTR-02363", "elevation_m": 35.0}, "geometry": {"type": "LineString", "coordinates": [[121.50964615303356, 18.0537], [121.51018615303356, 18.0537]]}}, {"type": "Feature", "properties": {"id": "CTR-02364", "elevation_m": 35.0}, "geometry": {"type": "LineString", "coordinates": [[121.50932812567055, 18.052799999999998], [121.50986812567055, 18.052799999999998]]}}, {"type": "Feature", "properties": {"id": "CTR-02365", "elevation_m": 35.0}, "geometry": {"type": "LineString", "coordinates": [[121.5089641781867, 18.0519], [121.5095041781867, 18.0519]]}}, {"type": "Feature", "properties": {"id": "CTR-02366", "elevation_m": 35.0}, "geometry": {"type": "LineString", "coordinates": [[121.50860149399044, 18.051], [121.50914149399044, 18.051]]}}, {"type": "Feature", "properties": {"id": "CTR-02367", "elevation_m": 35.0}, "geometry": {"type": "LineString", "coordinates": [[121.50827142857142, 18.050099999999997], [121.50881142857142, 18.050099999999997]]}}, {"type": "Feature", "properties": {"id": "CTR-02368", "elevation_m": 35.0}, "geometry": {"type": "LineString", "coordinates": [[121.5080062513411, 18.0492], [121.5085462513411, 18.0492]]}}, {"type": "Feature", "properties": {"id": "CTR-02369", "elevation_m": 35.0}, "geometry": {"type": "LineString", "coordinates": [[121.5078714277929, 18.048299999999998], [121.50841142779291, 18.048299999999998]]}}, {"type": "Feature", "properties": {"id": "CTR-02370", "elevation_m": 35.0}, "geometry": {"type": "LineString", "coordinates": [[121.5078857142857, 18.0474], [121.5084257142857, 18.0474]]}}, {"type": "Feature", "properties": {"id": "CTR-02371", "elevation_m": 35.0}, "geometry": {"type": "LineString", "coordinates": [[121.50804285774836, 18.046499999999998], [121.50858285774837, 18.046499999999998]]}}, {"type": "Feature", "properties": {"id": "CTR-02372", "elevation_m": 35.0}, "geometry": {"type": "LineString", "coordinates": [[121.50832968850582, 18.0456], [121.50886968850583, 18.0456]]}}, {"type": "Feature", "properties": {"id": "CTR-02373", "elevation_m": 35.0}, "geometry": {"type": "LineString", "coordinates": [[121.50872238935986, 18.0447], [121.50926238935986, 18.0447]]}}, {"type": "Feature", "properties": {"id": "CTR-02374", "elevation_m": 35.0}, "geometry": {"type": "LineString", "coordinates": [[121.50916567332438, 18.043799999999997], [121.50970567332438, 18.043799999999997]]}}, {"type": "Feature", "properties": {"id": "CTR-02375", "elevation_m": 35.0}, "geometry": {"type": "LineString", "coordinates": [[121.50963230923624, 18.0429], [121.51017230923624, 18.0429]]}}, {"type": "Feature", "properties": {"id": "CTR-02376", "elevation_m": 35.0}, "geometry": {"type": "LineString", "coordinates": [[121.51007538469663, 18.041999999999998], [121.51061538469664, 18.041999999999998]]}}, {"type": "Feature", "properties": {"id": "CTR-02377", "elevation_m": 35.0}, "geometry": {"type": "LineString", "coordinates": [[121.51047930993658, 18.0411], [121.51101930993659, 18.0411]]}}, {"type": "Feature", "properties": {"id": "CTR-02378", "elevation_m": 35.0}, "geometry": {"type": "LineString", "coordinates": [[121.67791499742508, 18.0411], [121.67845499742508, 18.0411]]}}, {"type": "Feature", "properties": {"id": "CTR-02379", "elevation_m": 35.0}, "geometry": {"type": "LineString", "coordinates": [[121.51076842232067, 18.0402], [121.51130842232067, 18.0402]]}}, {"type": "Feature", "properties": {"id": "CTR-02380", "elevation_m": 35.0}, "geometry": {"type": "LineString", "coordinates": [[121.67729142997274, 18.0402], [121.67783142997274, 18.0402]]}}, {"type": "Feature", "properties": {"id": "CTR-02381", "elevation_m": 35.0}, "geometry": {"type": "LineString", "coordinates": [[121.51089473504571, 18.039299999999997], [121.51143473504571, 18.039299999999997]]}}, {"type": "Feature", "properties": {"id": "CTR-02382", "elevation_m": 35.0}, "geometry": {"type": "LineString", "coordinates": [[121.67706, 18.039299999999997], [121.6776, 18.039299999999997]]}}, {"type": "Feature", "properties": {"id": "CTR-02383", "elevation_m": 35.0}, "geometry": {"type": "LineString", "coordinates": [[121.51086315535865, 18.0384], [121.51140315535865, 18.0384]]}}, {"type": "Feature", "properties": {"id": "CTR-02384", "elevation_m": 35.0}, "geometry": {"type": "LineString", "coordinates": [[121.67711142997274, 18.0384], [121.67765142997274, 18.0384]]}}, {"type": "Feature", "properties": {"id": "CTR-02385", "elevation_m": 35.0}, "geometry": {"type": "LineString", "coordinates": [[121.5106810350951, 18.037499999999998], [121.5112210350951, 18.037499999999998]]}}, {"type": "Feature", "properties": {"id": "CTR-02386", "elevation_m": 35.0}, "geometry": {"type": "LineString", "coordinates": [[121.67739428235114, 18.037499999999998], [121.67793428235115, 18.037499999999998]]}}, {"type": "Feature", "properties": {"id": "CTR-02387", "elevation_m": 35.0}, "geometry": {"type": "LineString", "coordinates": [[121.51037368526723, 18.0366], [121.51091368526723, 18.0366]]}}, {"type": "Feature", "properties": {"id": "CTR-02388", "elevation_m": 35.0}, "geometry": {"type": "LineString", "coordinates": [[121.67813999313357, 18.0366], [121.67867999313357, 18.0366]]}}, {"type": "Feature", "properties": {"id": "CTR-02389", "elevation_m": 35.0}, "geometry": {"type": "LineString", "coordinates": [[121.51000615400866, 18.0357], [121.51054615400867, 18.0357]]}}, {"type": "Feature", "properties": {"id": "CTR-02390", "elevation_m": 35.0}, "geometry": {"type": "LineString", "coordinates": [[121.50963750067055, 18.034799999999997], [121.51017750067055, 18.034799999999997]]}}, {"type": "Feature", "properties": {"id": "CTR-02391", "elevation_m": 35.0}, "geometry": {"type": "LineString", "coordinates": [[121.50928656938213, 18.0339], [121.50982656938213, 18.0339]]}}, {"type": "Feature", "properties": {"id": "CTR-02392", "elevation_m": 35.0}, "geometry": {"type": "LineString", "coordinates": [[121.50902727162384, 18.032999999999998], [121.50956727162384, 18.032999999999998]]}}, {"type": "Feature", "properties": {"id": "CTR-02393", "elevation_m": 35.0}, "geometry": {"type": "LineString", "coordinates": [[121.5088636366789, 18.0321], [121.5094036366789, 18.0321]]}}, {"type": "Feature", "properties": {"id": "CTR-02394", "elevation_m": 35.0}, "geometry": {"type": "LineString", "coordinates": [[121.50882985151108, 18.0312], [121.50936985151108, 18.0312]]}}, {"type": "Feature", "properties": {"id": "CTR-02395", "elevation_m": 35.0}, "geometry": {"type": "LineString", "coordinates": [[121.5089454567523, 18.030299999999997], [121.5094854567523, 18.030299999999997]]}}, {"type": "Feature", "properties": {"id": "CTR-02396", "elevation_m": 35.0}, "geometry": {"type": "LineString", "coordinates": [[121.50919090719933, 18.0294], [121.50973090719933, 18.0294]]}}, {"type": "Feature", "properties": {"id": "CTR-02397", "elevation_m": 35.0}, "geometry": {"type": "LineString", "coordinates": [[121.50956307594795, 18.028499999999998], [121.51010307594795, 18.028499999999998]]}}, {"type": "Feature", "properties": {"id": "CTR-02398", "elevation_m": 35.0}, "geometry": {"type": "LineString", "coordinates": [[121.51001718582361, 18.0276], [121.51055718582361, 18.0276]]}}, {"type": "Feature", "properties": {"id": "CTR-02399", "elevation_m": 35.0}, "geometry": {"type": "LineString", "coordinates": [[121.51054737053445, 18.026699999999998], [121.51108737053445, 18.026699999999998]]}}, {"type": "Feature", "properties": {"id": "CTR-02400", "elevation_m": 35.0}, "geometry": {"type": "LineString", "coordinates": [[121.6775228599455, 18.026699999999998], [121.6780628599455, 18.026699999999998]]}}, {"type": "Feature", "properties": {"id": "CTR-02401", "elevation_m": 35.0}, "geometry": {"type": "LineString", "coordinates": [[121.51108421316808, 18.0258], [121.51162421316808, 18.0258]]}}, {"type": "Feature", "properties": {"id": "CTR-02402", "elevation_m": 35.0}, "geometry": {"type": "LineString", "coordinates": [[121.67664489996106, 18.0258], [121.67718489996106, 18.0258]]}}, {"type": "Feature", "properties": {"id": "CTR-02403", "elevation_m": 35.0}, "geometry": {"type": "LineString", "coordinates": [[121.5116800008477, 18.0249], [121.5122200008477, 18.0249]]}}, {"type": "Feature", "properties": {"id": "CTR-02404", "elevation_m": 35.0}, "geometry": {"type": "LineString", "coordinates": [[121.5183, 18.0249], [121.51884, 18.0249]]}}, {"type": "Feature", "properties": {"id": "CTR-02405", "elevation_m": 35.0}, "geometry": {"type": "LineString", "coordinates": [[121.5183, 18.0249], [121.51884, 18.0249]]}}, {"type": "Feature", "properties": {"id": "CTR-02406", "elevation_m": 35.0}, "geometry": {"type": "LineString", "coordinates": [[121.52018571662124, 18.0249], [121.52072571662124, 18.0249]]}}, {"type": "Feature", "properties": {"id": "CTR-02407", "elevation_m": 35.0}, "geometry": {"type": "LineString", "coordinates": [[121.67609387626409, 18.0249], [121.67663387626409, 18.0249]]}}, {"type": "Feature", "properties": {"id": "CTR-02408", "elevation_m": 35.0}, "geometry": {"type": "LineString", "coordinates": [[121.51217419676367, 18.023999999999997], [121.51271419676367, 18.023999999999997]]}}, {"type": "Feature", "properties": {"id": "CTR-02409", "elevation_m": 35.0}, "geometry": {"type": "LineString", "coordinates": [[121.5170850025749, 18.023999999999997], [121.5176250025749, 18.023999999999997]]}}, {"type": "Feature", "properties": {"id": "CTR-02410", "elevation_m": 35.0}, "geometry": {"type": "LineString", "coordinates": [[121.52110285882442, 18.023999999999997], [121.52164285882442, 18.023999999999997]]}}, {"type": "Feature", "properties": {"id": "CTR-02411", "elevation_m": 35.0}, "geometry": {"type": "LineString", "coordinates": [[121.67569322083212, 18.023999999999997], [121.67623322083212, 18.023999999999997]]}}, {"type": "Feature", "properties": {"id": "CTR-02412", "elevation_m": 35.0}, "geometry": {"type": "LineString", "coordinates": [[121.51255161326048, 18.0231], [121.51309161326049, 18.0231]]}}, {"type": "Feature", "properties": {"id": "CTR-02413", "elevation_m": 35.0}, "geometry": {"type": "LineString", "coordinates": [[121.5165, 18.0231], [121.51704, 18.0231]]}}, {"type": "Feature", "properties": {"id": "CTR-02414", "elevation_m": 35.0}, "geometry": {"type": "LineString", "coordinates": [[121.5165, 18.0231], [121.51704, 18.0231]]}}, {"type": "Feature", "properties": {"id": "CTR-02415", "elevation_m": 35.0}, "geometry": {"type": "LineString", "coordinates": [[121.52143714005449, 18.0231], [121.52197714005449, 18.0231]]}}, {"type": "Feature", "properties": {"id": "CTR-02416", "elevation_m": 35.0}, "geometry": {"type": "LineString", "coordinates": [[121.67547966249636, 18.0231], [121.67601966249636, 18.0231]]}}, {"type": "Feature", "properties": {"id": "CTR-02417", "elevation_m": 35.0}, "geometry": {"type": "LineString", "coordinates": [[121.51263871039193, 18.022199999999998], [121.51317871039193, 18.022199999999998]]}}, {"type": "Feature", "properties": {"id": "CTR-02418", "elevation_m": 35.0}, "geometry": {"type": "LineString", "coordinates": [[121.5163411812225, 18.022199999999998], [121.5168811812225, 18.022199999999998]]}}, {"type": "Feature", "properties": {"id": "CTR-02419", "elevation_m": 35.0}, "geometry": {"type": "LineString", "coordinates": [[121.52151428431297, 18.022199999999998], [121.52205428431297, 18.022199999999998]]}}, {"type": "Feature", "properties": {"id": "CTR-02420", "elevation_m": 35.0}, "geometry": {"type": "LineString", "coordinates": [[121.67543389583939, 18.022199999999998], [121.67597389583939, 18.022199999999998]]}}, {"type": "Feature", "properties": {"id": "CTR-02421", "elevation_m": 35.0}, "geometry": {"type": "LineString", "coordinates": [[121.51243548637174, 18.0213], [121.51297548637174, 18.0213]]}}, {"type": "Feature", "properties": {"id": "CTR-02422", "elevation_m": 35.0}, "geometry": {"type": "LineString", "coordinates": [[121.51668000343321, 18.0213], [121.51722000343321, 18.0213]]}}, {"type": "Feature", "properties": {"id": "CTR-02423", "elevation_m": 35.0}, "geometry": {"type": "LineString", "coordinates": [[121.52133428627481, 18.0213], [121.52187428627481, 18.0213]]}}, {"type": "Feature", "properties": {"id": "CTR-02424", "elevation_m": 35.0}, "geometry": {"type": "LineString", "coordinates": [[121.67554067914963, 18.0213], [121.67608067914963, 18.0213]]}}, {"type": "Feature", "properties": {"id": "CTR-02425", "elevation_m": 35.0}, "geometry": {"type": "LineString", "coordinates": [[121.51198000322131, 18.0204], [121.51252000322131, 18.0204]]}}, {"type": "Feature", "properties": {"id": "CTR-02426", "elevation_m": 35.0}, "geometry": {"type": "LineString", "coordinates": [[121.5174, 18.0204], [121.51794, 18.0204]]}}, {"type": "Feature", "properties": {"id": "CTR-02427", "elevation_m": 35.0}, "geometry": {"type": "LineString", "coordinates": [[121.5174, 18.0204], [121.51794, 18.0204]]}}, {"type": "Feature", "properties": {"id": "CTR-02428", "elevation_m": 35.0}, "geometry": {"type": "LineString", "coordinates": [[121.52090999828339, 18.0204], [121.52144999828339, 18.0204]]}}, {"type": "Feature", "properties": {"id": "CTR-02429", "elevation_m": 35.0}, "geometry": {"type": "LineString", "coordinates": [[121.67576949083502, 18.0204], [121.67630949083502, 18.0204]]}}, {"type": "Feature", "properties": {"id": "CTR-02430", "elevation_m": 35.0}, "geometry": {"type": "LineString", "coordinates": [[121.51151999745687, 18.019499999999997], [121.51205999745687, 18.019499999999997]]}}, {"type": "Feature", "properties": {"id": "CTR-02431", "elevation_m": 35.0}, "geometry": {"type": "LineString", "coordinates": [[121.51907144959128, 18.019499999999997], [121.51961144959128, 18.019499999999997]]}}, {"type": "Feature", "properties": {"id": "CTR-02432", "elevation_m": 35.0}, "geometry": {"type": "LineString", "coordinates": [[121.51937997253376, 18.019499999999997], [121.51991997253376, 18.019499999999997]]}}, {"type": "Feature", "properties": {"id": "CTR-02433", "elevation_m": 35.0}, "geometry": {"type": "LineString", "coordinates": [[121.67617500178814, 18.019499999999997], [121.67671500178814, 18.019499999999997]]}}, {"type": "Feature", "properties": {"id": "CTR-02434", "elevation_m": 35.0}, "geometry": {"type": "LineString", "coordinates": [[121.51103684062588, 18.0186], [121.51157684062588, 18.0186]]}}, {"type": "Feature", "properties": {"id": "CTR-02435", "elevation_m": 35.0}, "geometry": {"type": "LineString", "coordinates": [[121.67664375223517, 18.0186], [121.67718375223517, 18.0186]]}}, {"type": "Feature", "properties": {"id": "CTR-02436", "elevation_m": 35.0}, "geometry": {"type": "LineString", "coordinates": [[121.51064210357242, 18.017699999999998], [121.51118210357242, 18.017699999999998]]}}, {"type": "Feature", "properties": {"id": "CTR-02437", "elevation_m": 35.0}, "geometry": {"type": "LineString", "coordinates": [[121.67726571372519, 18.017699999999998], [121.67780571372519, 18.017699999999998]]}}, {"type": "Feature", "properties": {"id": "CTR-02438", "elevation_m": 35.0}, "geometry": {"type": "LineString", "coordinates": [[121.5103105258931, 18.0168], [121.5108505258931, 18.0168]]}}, {"type": "Feature", "properties": {"id": "CTR-02439", "elevation_m": 35.0}, "geometry": {"type": "LineString", "coordinates": [[121.67797895117249, 18.0168], [121.67851895117249, 18.0168]]}}, {"type": "Feature", "properties": {"id": "CTR-02440", "elevation_m": 35.0}, "geometry": {"type": "LineString", "coordinates": [[121.51008749798835, 18.0159], [121.51062749798835, 18.0159]]}}, {"type": "Feature", "properties": {"id": "CTR-02441", "elevation_m": 35.0}, "geometry": {"type": "LineString", "coordinates": [[121.67917502145922, 18.0159], [121.67971502145922, 18.0159]]}}, {"type": "Feature", "properties": {"id": "CTR-02442", "elevation_m": 35.0}, "geometry": {"type": "LineString", "coordinates": [[121.67951248390634, 18.0159], [121.68005248390634, 18.0159]]}}, {"type": "Feature", "properties": {"id": "CTR-02443", "elevation_m": 35.0}, "geometry": {"type": "LineString", "coordinates": [[121.51001718582361, 18.014999999999997], [121.51055718582361, 18.014999999999997]]}}, {"type": "Feature", "properties": {"id": "CTR-02444", "elevation_m": 35.0}, "geometry": {"type": "LineString", "coordinates": [[121.51008749798835, 18.0141], [121.51062749798835, 18.0141]]}}, {"type": "Feature", "properties": {"id": "CTR-02445", "elevation_m": 35.0}, "geometry": {"type": "LineString", "coordinates": [[121.67895, 18.0141], [121.67949, 18.0141]]}}, {"type": "Feature", "properties": {"id": "CTR-02446", "elevation_m": 35.0}, "geometry": {"type": "LineString", "coordinates": [[121.67962499999999, 18.0141], [121.68016499999999, 18.0141]]}}, {"type": "Feature", "properties": {"id": "CTR-02447", "elevation_m": 35.0}, "geometry": {"type": "LineString", "coordinates": [[121.51032631790287, 18.013199999999998], [121.51086631790287, 18.013199999999998]]}}, {"type": "Feature", "properties": {"id": "CTR-02448", "elevation_m": 35.0}, "geometry": {"type": "LineString", "coordinates": [[121.67783684020318, 18.013199999999998], [121.67837684020319, 18.013199999999998]]}}, {"type": "Feature", "properties": {"id": "CTR-02449", "elevation_m": 35.0}, "geometry": {"type": "LineString", "coordinates": [[121.51071428396264, 18.0123], [121.51125428396264, 18.0123]]}}, {"type": "Feature", "properties": {"id": "CTR-02450", "elevation_m": 35.0}, "geometry": {"type": "LineString", "coordinates": [[121.67707058645334, 18.0123], [121.67761058645334, 18.0123]]}}, {"type": "Feature", "properties": {"id": "CTR-02451", "elevation_m": 35.0}, "geometry": {"type": "LineString", "coordinates": [[121.51123999915228, 18.0114], [121.51177999915228, 18.0114]]}}, {"type": "Feature", "properties": {"id": "CTR-02452", "elevation_m": 35.0}, "geometry": {"type": "LineString", "coordinates": [[121.67636249910592, 18.0114], [121.67690249910592, 18.0114]]}}, {"type": "Feature", "properties": {"id": "CTR-02453", "elevation_m": 35.0}, "geometry": {"type": "LineString", "coordinates": [[121.51195999915228, 18.010499999999997], [121.51249999915228, 18.010499999999997]]}}, {"type": "Feature", "properties": {"id": "CTR-02454", "elevation_m": 35.0}, "geometry": {"type": "LineString", "coordinates": [[121.5174, 18.010499999999997], [121.51794, 18.010499999999997]]}}, {"type": "Feature", "properties": {"id": "CTR-02455", "elevation_m": 35.0}, "geometry": {"type": "LineString", "coordinates": [[121.5174, 18.010499999999997], [121.51794, 18.010499999999997]]}}, {"type": "Feature", "properties": {"id": "CTR-02456", "elevation_m": 35.0}, "geometry": {"type": "LineString", "coordinates": [[121.52095500686656, 18.010499999999997], [121.52149500686656, 18.010499999999997]]}}, {"type": "Feature", "properties": {"id": "CTR-02457", "elevation_m": 35.0}, "geometry": {"type": "LineString", "coordinates": [[121.67572241471163, 18.010499999999997], [121.67626241471163, 18.010499999999997]]}}, {"type": "Feature", "properties": {"id": "CTR-02458", "elevation_m": 35.0}, "geometry": {"type": "LineString", "coordinates": [[121.51307999542229, 18.0096], [121.51361999542229, 18.0096]]}}, {"type": "Feature", "properties": {"id": "CTR-02459", "elevation_m": 35.0}, "geometry": {"type": "LineString", "coordinates": [[121.51570000211926, 18.0096], [121.51624000211926, 18.0096]]}}, {"type": "Feature", "properties": {"id": "CTR-02460", "elevation_m": 35.0}, "geometry": {"type": "LineString", "coordinates": [[121.52189999999999, 18.0096], [121.52243999999999, 18.0096]]}}, {"type": "Feature", "properties": {"id": "CTR-02461", "elevation_m": 35.0}, "geometry": {"type": "LineString", "coordinates": [[121.52189999999999, 18.0096], [121.52243999999999, 18.0096]]}}, {"type": "Feature", "properties": {"id": "CTR-02462", "elevation_m": 35.0}, "geometry": {"type": "LineString", "coordinates": [[121.67515932085036, 18.0096], [121.67569932085036, 18.0096]]}}, {"type": "Feature", "properties": {"id": "CTR-02463", "elevation_m": 35.0}, "geometry": {"type": "LineString", "coordinates": [[121.5225061237359, 18.008699999999997], [121.5230461237359, 18.008699999999997]]}}, {"type": "Feature", "properties": {"id": "CTR-02464", "elevation_m": 35.0}, "geometry": {"type": "LineString", "coordinates": [[121.6746784622698, 18.008699999999997], [121.6752184622698, 18.008699999999997]]}}, {"type": "Feature", "properties": {"id": "CTR-02465", "elevation_m": 35.0}, "geometry": {"type": "LineString", "coordinates": [[121.52296779749781, 18.0078], [121.52350779749781, 18.0078]]}}, {"type": "Feature", "properties": {"id": "CTR-02466", "elevation_m": 35.0}, "geometry": {"type": "LineString", "coordinates": [[121.67430461635972, 18.0078], [121.67484461635972, 18.0078]]}}, {"type": "Feature", "properties": {"id": "CTR-02467", "elevation_m": 35.0}, "geometry": {"type": "LineString", "coordinates": [[121.52323499971389, 18.006899999999998], [121.5237749997139, 18.006899999999998]]}}, {"type": "Feature", "properties": {"id": "CTR-02468", "elevation_m": 35.0}, "geometry": {"type": "LineString", "coordinates": [[121.67405538575301, 18.006899999999998], [121.67459538575301, 18.006899999999998]]}}, {"type": "Feature", "properties": {"id": "CTR-02469", "elevation_m": 35.0}, "geometry": {"type": "LineString", "coordinates": [[121.52334915333138, 18.006], [121.52388915333138, 18.006]]}}, {"type": "Feature", "properties": {"id": "CTR-02470", "elevation_m": 35.0}, "geometry": {"type": "LineString", "coordinates": [[121.67394461424698, 18.006], [121.67448461424698, 18.006]]}}, {"type": "Feature", "properties": {"id": "CTR-02471", "elevation_m": 35.0}, "geometry": {"type": "LineString", "coordinates": [[121.52331864416642, 18.0051], [121.52385864416642, 18.0051]]}}, {"type": "Feature", "properties": {"id": "CTR-02472", "elevation_m": 35.0}, "geometry": {"type": "LineString", "coordinates": [[121.67397272664219, 18.0051], [121.67451272664219, 18.0051]]}}, {"type": "Feature", "properties": {"id": "CTR-02473", "elevation_m": 35.0}, "geometry": {"type": "LineString", "coordinates": [[121.52313559499564, 18.004199999999997], [121.52367559499564, 18.004199999999997]]}}, {"type": "Feature", "properties": {"id": "CTR-02474", "elevation_m": 35.0}, "geometry": {"type": "LineString", "coordinates": [[121.67414062298833, 18.004199999999997], [121.67468062298833, 18.004199999999997]]}}, {"type": "Feature", "properties": {"id": "CTR-02475", "elevation_m": 35.0}, "geometry": {"type": "LineString", "coordinates": [[121.52283050916496, 18.0033], [121.52337050916496, 18.0033]]}}, {"type": "Feature", "properties": {"id": "CTR-02476", "elevation_m": 35.0}, "geometry": {"type": "LineString", "coordinates": [[121.67440781417638, 18.0033], [121.67494781417638, 18.0033]]}}, {"type": "Feature", "properties": {"id": "CTR-02477", "elevation_m": 35.0}, "geometry": {"type": "LineString", "coordinates": [[121.5224062513411, 18.002399999999998], [121.5229462513411, 18.002399999999998]]}}, {"type": "Feature", "properties": {"id": "CTR-02478", "elevation_m": 35.0}, "geometry": {"type": "LineString", "coordinates": [[121.6747338470477, 18.002399999999998], [121.6752738470477, 18.002399999999998]]}}, {"type": "Feature", "properties": {"id": "CTR-02479", "elevation_m": 35.0}, "geometry": {"type": "LineString", "coordinates": [[121.51314000305172, 18.0015], [121.51368000305172, 18.0015]]}}, {"type": "Feature", "properties": {"id": "CTR-02480", "elevation_m": 35.0}, "geometry": {"type": "LineString", "coordinates": [[121.51564736081274, 18.0015], [121.51618736081274, 18.0015]]}}, {"type": "Feature", "properties": {"id": "CTR-02481", "elevation_m": 35.0}, "geometry": {"type": "LineString", "coordinates": [[121.52195510003892, 18.0015], [121.52249510003892, 18.0015]]}}, {"type": "Feature", "properties": {"id": "CTR-02482", "elevation_m": 35.0}, "geometry": {"type": "LineString", "coordinates": [[121.67509830666278, 18.0015], [121.67563830666278, 18.0015]]}}, {"type": "Feature", "properties": {"id": "CTR-02483", "elevation_m": 35.0}, "geometry": {"type": "LineString", "coordinates": [[121.51233000267028, 18.0006], [121.51287000267028, 18.0006]]}}, {"type": "Feature", "properties": {"id": "CTR-02484", "elevation_m": 35.0}, "geometry": {"type": "LineString", "coordinates": [[121.51668000343321, 18.0006], [121.51722000343321, 18.0006]]}}, {"type": "Feature", "properties": {"id": "CTR-02485", "elevation_m": 35.0}, "geometry": {"type": "LineString", "coordinates": [[121.52141142997274, 18.0006], [121.52195142997275, 18.0006]]}}, {"type": "Feature", "properties": {"id": "CTR-02486", "elevation_m": 35.0}, "geometry": {"type": "LineString", "coordinates": [[121.67543389583939, 18.0006], [121.67597389583939, 18.0006]]}}, {"type": "Feature", "properties": {"id": "CTR-02487", "elevation_m": 35.0}, "geometry": {"type": "LineString", "coordinates": [[121.51190000169541, 17.999699999999997], [121.51244000169541, 17.999699999999997]]}}, {"type": "Feature", "properties": {"id": "CTR-02488", "elevation_m": 35.0}, "geometry": {"type": "LineString", "coordinates": [[121.51745293286059, 17.999699999999997], [121.5179929328606, 17.999699999999997]]}}, {"type": "Feature", "properties": {"id": "CTR-02489", "elevation_m": 35.0}, "geometry": {"type": "LineString", "coordinates": [[121.521, 17.999699999999997], [121.52154, 17.999699999999997]]}}, {"type": "Feature", "properties": {"id": "CTR-02490", "elevation_m": 35.0}, "geometry": {"type": "LineString", "coordinates": [[121.521, 17.999699999999997], [121.52154, 17.999699999999997]]}}, {"type": "Feature", "properties": {"id": "CTR-02491", "elevation_m": 35.0}, "geometry": {"type": "LineString", "coordinates": [[121.67567796334012, 17.999699999999997], [121.67621796334012, 17.999699999999997]]}}, {"type": "Feature", "properties": {"id": "CTR-02492", "elevation_m": 35.0}, "geometry": {"type": "LineString", "coordinates": [[121.51173999830458, 17.9988], [121.51227999830458, 17.9988]]}}, {"type": "Feature", "properties": {"id": "CTR-02493", "elevation_m": 35.0}, "geometry": {"type": "LineString", "coordinates": [[121.51787646583641, 17.9988], [121.51841646583641, 17.9988]]}}, {"type": "Feature", "properties": {"id": "CTR-02494", "elevation_m": 35.0}, "geometry": {"type": "LineString", "coordinates": [[121.5206210488275, 17.9988], [121.5211610488275, 17.9988]]}}, {"type": "Feature", "properties": {"id": "CTR-02495", "elevation_m": 35.0}, "geometry": {"type": "LineString", "coordinates": [[121.6758, 17.9988], [121.67634, 17.9988]]}}, {"type": "Feature", "properties": {"id": "CTR-02496", "elevation_m": 35.0}, "geometry": {"type": "LineString", "coordinates": [[121.6758, 17.9988], [121.67634, 17.9988]]}}, {"type": "Feature", "properties": {"id": "CTR-02497", "elevation_m": 35.0}, "geometry": {"type": "LineString", "coordinates": [[121.51177999915228, 17.997899999999998], [121.51231999915228, 17.997899999999998]]}}, {"type": "Feature", "properties": {"id": "CTR-02498", "elevation_m": 35.0}, "geometry": {"type": "LineString", "coordinates": [[121.51773750804662, 17.997899999999998], [121.51827750804662, 17.997899999999998]]}}, {"type": "Feature", "properties": {"id": "CTR-02499", "elevation_m": 35.0}, "geometry": {"type": "LineString", "coordinates": [[121.52071578662061, 17.997899999999998], [121.52125578662061, 17.997899999999998]]}}, {"type": "Feature", "properties": {"id": "CTR-02500", "elevation_m": 35.0}, "geometry": {"type": "LineString", "coordinates": [[121.67575423916206, 17.997899999999998], [121.67629423916206, 17.997899999999998]]}}, {"type": "Feature", "properties": {"id": "CTR-02501", "elevation_m": 35.0}, "geometry": {"type": "LineString", "coordinates": [[121.51202999504088, 17.997], [121.51256999504088, 17.997]]}}, {"type": "Feature", "properties": {"id": "CTR-02502", "elevation_m": 35.0}, "geometry": {"type": "LineString", "coordinates": [[121.51712999485017, 17.997], [121.51766999485017, 17.997]]}}, {"type": "Feature", "properties": {"id": "CTR-02503", "elevation_m": 35.0}, "geometry": {"type": "LineString", "coordinates": [[121.52118, 17.997], [121.52172, 17.997]]}}, {"type": "Feature", "properties": {"id": "CTR-02504", "elevation_m": 35.0}, "geometry": {"type": "LineString", "coordinates": [[121.67556723974639, 17.997], [121.67610723974639, 17.997]]}}, {"type": "Feature", "properties": {"id": "CTR-02505", "elevation_m": 35.0}, "geometry": {"type": "LineString", "coordinates": [[121.51269000038147, 17.9961], [121.51323000038147, 17.9961]]}}, {"type": "Feature", "properties": {"id": "CTR-02506", "elevation_m": 35.0}, "geometry": {"type": "LineString", "coordinates": [[121.5160999915229, 17.9961], [121.51663999152291, 17.9961]]}}, {"type": "Feature", "properties": {"id": "CTR-02507", "elevation_m": 35.0}, "geometry": {"type": "LineString", "coordinates": [[121.52174571176336, 17.9961], [121.52228571176336, 17.9961]]}}, {"type": "Feature", "properties": {"id": "CTR-02508", "elevation_m": 35.0}, "geometry": {"type": "LineString", "coordinates": [[121.6752103450317, 17.9961], [121.6757503450317, 17.9961]]}}, {"type": "Feature", "properties": {"id": "CTR-02509", "elevation_m": 35.0}, "geometry": {"type": "LineString", "coordinates": [[121.52234999999999, 17.995199999999997], [121.52288999999999, 17.995199999999997]]}}, {"type": "Feature", "properties": {"id": "CTR-02510", "elevation_m": 35.0}, "geometry": {"type": "LineString", "coordinates": [[121.67475937701165, 17.995199999999997], [121.67529937701165, 17.995199999999997]]}}, {"type": "Feature", "properties": {"id": "CTR-02511", "elevation_m": 35.0}, "geometry": {"type": "LineString", "coordinates": [[121.52296779749781, 17.9943], [121.52350779749781, 17.9943]]}}, {"type": "Feature", "properties": {"id": "CTR-02512", "elevation_m": 35.0}, "geometry": {"type": "LineString", "coordinates": [[121.67426718582361, 17.9943], [121.67480718582361, 17.9943]]}}, {"type": "Feature", "properties": {"id": "CTR-02513", "elevation_m": 35.0}, "geometry": {"type": "LineString", "coordinates": [[121.52353220250218, 17.993399999999998], [121.52407220250218, 17.993399999999998]]}}, {"type": "Feature", "properties": {"id": "CTR-02514", "elevation_m": 35.0}, "geometry": {"type": "LineString", "coordinates": [[121.67374687432944, 17.993399999999998], [121.67428687432944, 17.993399999999998]]}}, {"type": "Feature", "properties": {"id": "CTR-02515", "elevation_m": 35.0}, "geometry": {"type": "LineString", "coordinates": [[121.52403750067054, 17.9925], [121.52457750067055, 17.9925]]}}, {"type": "Feature", "properties": {"id": "CTR-02516", "elevation_m": 35.0}, "geometry": {"type": "LineString", "coordinates": [[121.67325230817985, 17.9925], [121.67379230817986, 17.9925]]}}, {"type": "Feature", "properties": {"id": "CTR-02517", "elevation_m": 35.0}, "geometry": {"type": "LineString", "coordinates": [[121.52445937701165, 17.9916], [121.52499937701165, 17.9916]]}}, {"type": "Feature", "properties": {"id": "CTR-02518", "elevation_m": 35.0}, "geometry": {"type": "LineString", "coordinates": [[121.67281500133514, 17.9916], [121.67335500133514, 17.9916]]}}, {"type": "Feature", "properties": {"id": "CTR-02519", "elevation_m": 35.0}, "geometry": {"type": "LineString", "coordinates": [[121.52476615295228, 17.990699999999997], [121.52530615295228, 17.990699999999997]]}}, {"type": "Feature", "properties": {"id": "CTR-02520", "elevation_m": 35.0}, "geometry": {"type": "LineString", "coordinates": [[121.67248499866484, 17.990699999999997], [121.67302499866484, 17.990699999999997]]}}, {"type": "Feature", "properties": {"id": "CTR-02521", "elevation_m": 35.0}, "geometry": {"type": "LineString", "coordinates": [[121.52493230923623, 17.9898], [121.52547230923624, 17.9898]]}}, {"type": "Feature", "properties": {"id": "CTR-02522", "elevation_m": 35.0}, "geometry": {"type": "LineString", "coordinates": [[121.67230499980926, 17.9898], [121.67284499980926, 17.9898]]}}, {"type": "Feature", "properties": {"id": "CTR-02523", "elevation_m": 35.0}, "geometry": {"type": "LineString", "coordinates": [[121.52495999894361, 17.988899999999997], [121.52549999894362, 17.988899999999997]]}}, {"type": "Feature", "properties": {"id": "CTR-02524", "elevation_m": 35.0}, "geometry": {"type": "LineString", "coordinates": [[121.67227499904632, 17.988899999999997], [121.67281499904632, 17.988899999999997]]}}, {"type": "Feature", "properties": {"id": "CTR-02525", "elevation_m": 35.0}, "geometry": {"type": "LineString", "coordinates": [[121.5248492306067, 17.988], [121.5253892306067, 17.988]]}}, {"type": "Feature", "properties": {"id": "CTR-02526", "elevation_m": 35.0}, "geometry": {"type": "LineString", "coordinates": [[121.6723950008583, 17.988], [121.6729350008583, 17.988]]}}, {"type": "Feature", "properties": {"id": "CTR-02527", "elevation_m": 35.0}, "geometry": {"type": "LineString", "coordinates": [[121.52461406015306, 17.987099999999998], [121.52515406015306, 17.987099999999998]]}}, {"type": "Feature", "properties": {"id": "CTR-02528", "elevation_m": 35.0}, "geometry": {"type": "LineString", "coordinates": [[121.67263499971389, 17.987099999999998], [121.6731749997139, 17.987099999999998]]}}, {"type": "Feature", "properties": {"id": "CTR-02529", "elevation_m": 35.0}, "geometry": {"type": "LineString", "coordinates": [[121.524309231013, 17.9862], [121.52484923101301, 17.9862]]}}, {"type": "Feature", "properties": {"id": "CTR-02530", "elevation_m": 35.0}, "geometry": {"type": "LineString", "coordinates": [[121.67296499942779, 17.9862], [121.67350499942779, 17.9862]]}}, {"type": "Feature", "properties": {"id": "CTR-02531", "elevation_m": 35.0}, "geometry": {"type": "LineString", "coordinates": [[121.52397692348322, 17.9853], [121.52451692348322, 17.9853]]}}, {"type": "Feature", "properties": {"id": "CTR-02532", "elevation_m": 35.0}, "geometry": {"type": "LineString", "coordinates": [[121.67330769393288, 17.9853], [121.67384769393288, 17.9853]]}}, {"type": "Feature", "properties": {"id": "CTR-02533", "elevation_m": 35.0}, "geometry": {"type": "LineString", "coordinates": [[121.52365345001084, 17.984399999999997], [121.52419345001084, 17.984399999999997]]}}, {"type": "Feature", "properties": {"id": "CTR-02534", "elevation_m": 35.0}, "geometry": {"type": "LineString", "coordinates": [[121.67362031149416, 17.984399999999997], [121.67416031149416, 17.984399999999997]]}}, {"type": "Feature", "properties": {"id": "CTR-02535", "elevation_m": 35.0}, "geometry": {"type": "LineString", "coordinates": [[121.5233741382372, 17.9835], [121.5239141382372, 17.9835]]}}, {"type": "Feature", "properties": {"id": "CTR-02536", "elevation_m": 35.0}, "geometry": {"type": "LineString", "coordinates": [[121.67387343716472, 17.9835], [121.67441343716472, 17.9835]]}}, {"type": "Feature", "properties": {"id": "CTR-02537", "elevation_m": 35.0}, "geometry": {"type": "LineString", "coordinates": [[121.52321186499854, 17.982599999999998], [121.52375186499854, 17.982599999999998]]}}, {"type": "Feature", "properties": {"id": "CTR-02538", "elevation_m": 35.0}, "geometry": {"type": "LineString", "coordinates": [[121.67401406015306, 17.982599999999998], [121.67455406015306, 17.982599999999998]]}}, {"type": "Feature", "properties": {"id": "CTR-02539", "elevation_m": 35.0}, "geometry": {"type": "LineString", "coordinates": [[121.52319660750653, 17.9817], [121.52373660750654, 17.9817]]}}, {"type": "Feature", "properties": {"id": "CTR-02540", "elevation_m": 35.0}, "geometry": {"type": "LineString", "coordinates": [[121.67402812567055, 17.9817], [121.67456812567055, 17.9817]]}}, {"type": "Feature", "properties": {"id": "CTR-02541", "elevation_m": 35.0}, "geometry": {"type": "LineString", "coordinates": [[121.52333389583939, 17.9808], [121.52387389583939, 17.9808]]}}, {"type": "Feature", "properties": {"id": "CTR-02542", "elevation_m": 35.0}, "geometry": {"type": "LineString", "coordinates": [[121.67388922849396, 17.9808], [121.67442922849396, 17.9808]]}}, {"type": "Feature", "properties": {"id": "CTR-02543", "elevation_m": 35.0}, "geometry": {"type": "LineString", "coordinates": [[121.52363792980978, 17.979899999999997], [121.52417792980978, 17.979899999999997]]}}, {"type": "Feature", "properties": {"id": "CTR-02544", "elevation_m": 35.0}, "geometry": {"type": "LineString", "coordinates": [[121.67362031149416, 17.979899999999997], [121.67416031149416, 17.979899999999997]]}}, {"type": "Feature", "properties": {"id": "CTR-02545", "elevation_m": 35.0}, "geometry": {"type": "LineString", "coordinates": [[121.52403750067054, 17.979], [121.52457750067055, 17.979]]}}, {"type": "Feature", "properties": {"id": "CTR-02546", "elevation_m": 35.0}, "geometry": {"type": "LineString", "coordinates": [[121.67322656283527, 17.979], [121.67376656283527, 17.979]]}}, {"type": "Feature", "properties": {"id": "CTR-02547", "elevation_m": 35.0}, "geometry": {"type": "LineString", "coordinates": [[121.52451562349125, 17.978099999999998], [121.52505562349126, 17.978099999999998]]}}, {"type": "Feature", "properties": {"id": "CTR-02548", "elevation_m": 35.0}, "geometry": {"type": "LineString", "coordinates": [[121.67271864416642, 17.978099999999998], [121.67325864416642, 17.978099999999998]]}}, {"type": "Feature", "properties": {"id": "CTR-02549", "elevation_m": 35.0}, "geometry": {"type": "LineString", "coordinates": [[121.52503593724853, 17.9772], [121.52557593724853, 17.9772]]}}, {"type": "Feature", "properties": {"id": "CTR-02550", "elevation_m": 35.0}, "geometry": {"type": "LineString", "coordinates": [[121.67214600219727, 17.9772], [121.67268600219727, 17.9772]]}}, {"type": "Feature", "properties": {"id": "CTR-02551", "elevation_m": 35.0}, "geometry": {"type": "LineString", "coordinates": [[121.5255600011444, 17.9763], [121.5261000011444, 17.9763]]}}, {"type": "Feature", "properties": {"id": "CTR-02552", "elevation_m": 35.0}, "geometry": {"type": "LineString", "coordinates": [[121.66256999313343, 17.9763], [121.66310999313343, 17.9763]]}}, {"type": "Feature", "properties": {"id": "CTR-02553", "elevation_m": 35.0}, "geometry": {"type": "LineString", "coordinates": [[121.66435714986376, 17.9763], [121.66489714986376, 17.9763]]}}, {"type": "Feature", "properties": {"id": "CTR-02554", "elevation_m": 35.0}, "geometry": {"type": "LineString", "coordinates": [[121.67147999725341, 17.9763], [121.67201999725341, 17.9763]]}}, {"type": "Feature", "properties": {"id": "CTR-02555", "elevation_m": 35.0}, "geometry": {"type": "LineString", "coordinates": [[121.52604915333139, 17.975399999999997], [121.52658915333139, 17.975399999999997]]}}, {"type": "Feature", "properties": {"id": "CTR-02556", "elevation_m": 35.0}, "geometry": {"type": "LineString", "coordinates": [[121.66130999828339, 17.975399999999997], [121.66184999828339, 17.975399999999997]]}}, {"type": "Feature", "properties": {"id": "CTR-02557", "elevation_m": 35.0}, "geometry": {"type": "LineString", "coordinates": [[121.66598571662125, 17.975399999999997], [121.66652571662125, 17.975399999999997]]}}, {"type": "Feature", "properties": {"id": "CTR-02558", "elevation_m": 35.0}, "geometry": {"type": "LineString", "coordinates": [[121.67074999788072, 17.975399999999997], [121.67128999788072, 17.975399999999997]]}}, {"type": "Feature", "properties": {"id": "CTR-02559", "elevation_m": 35.0}, "geometry": {"type": "LineString", "coordinates": [[121.52645399780273, 17.9745], [121.52699399780273, 17.9745]]}}, {"type": "Feature", "properties": {"id": "CTR-02560", "elevation_m": 35.0}, "geometry": {"type": "LineString", "coordinates": [[121.66072499785422, 17.9745], [121.66126499785422, 17.9745]]}}, {"type": "Feature", "properties": {"id": "CTR-02561", "elevation_m": 35.0}, "geometry": {"type": "LineString", "coordinates": [[121.66719374865889, 17.9745], [121.66773374865889, 17.9745]]}}, {"type": "Feature", "properties": {"id": "CTR-02562", "elevation_m": 35.0}, "geometry": {"type": "LineString", "coordinates": [[121.66990908949037, 17.9745], [121.67044908949038, 17.9745]]}}, {"type": "Feature", "properties": {"id": "CTR-02563", "elevation_m": 35.0}, "geometry": {"type": "LineString", "coordinates": [[121.52674897859089, 17.973599999999998], [121.52728897859089, 17.973599999999998]]}}, {"type": "Feature", "properties": {"id": "CTR-02564", "elevation_m": 35.0}, "geometry": {"type": "LineString", "coordinates": [[121.66038113231991, 17.973599999999998], [121.66092113231991, 17.973599999999998]]}}, {"type": "Feature", "properties": {"id": "CTR-02565", "elevation_m": 35.0}, "geometry": {"type": "LineString", "coordinates": [[121.6686, 17.973599999999998], [121.66914, 17.973599999999998]]}}, {"type": "Feature", "properties": {"id": "CTR-02566", "elevation_m": 35.0}, "geometry": {"type": "LineString", "coordinates": [[121.6686, 17.973599999999998], [121.66914, 17.973599999999998]]}}, {"type": "Feature", "properties": {"id": "CTR-02567", "elevation_m": 35.0}, "geometry": {"type": "LineString", "coordinates": [[121.52685918210057, 17.9727], [121.52739918210057, 17.9727]]}}, {"type": "Feature", "properties": {"id": "CTR-02568", "elevation_m": 35.0}, "geometry": {"type": "LineString", "coordinates": [[121.66027499834941, 17.9727], [121.66081499834941, 17.9727]]}}, {"type": "Feature", "properties": {"id": "CTR-02569", "elevation_m": 35.0}, "geometry": {"type": "LineString", "coordinates": [[121.52678571428571, 17.971799999999998], [121.52732571428571, 17.971799999999998]]}}, {"type": "Feature", "properties": {"id": "CTR-02570", "elevation_m": 35.0}, "geometry": {"type": "LineString", "coordinates": [[121.66034423064225, 17.971799999999998], [121.66088423064225, 17.971799999999998]]}}, {"type": "Feature", "properties": {"id": "CTR-02571", "elevation_m": 35.0}, "geometry": {"type": "LineString", "coordinates": [[121.52654694163533, 17.9709], [121.52708694163533, 17.9709]]}}, {"type": "Feature", "properties": {"id": "CTR-02572", "elevation_m": 35.0}, "geometry": {"type": "LineString", "coordinates": [[121.66056749763963, 17.9709], [121.66110749763963, 17.9709]]}}, {"type": "Feature", "properties": {"id": "CTR-02573", "elevation_m": 35.0}, "geometry": {"type": "LineString", "coordinates": [[121.66753125670553, 17.9709], [121.66807125670553, 17.9709]]}}, {"type": "Feature", "properties": {"id": "CTR-02574", "elevation_m": 35.0}, "geometry": {"type": "LineString", "coordinates": [[121.66966363920099, 17.9709], [121.67020363920099, 17.9709]]}}, {"type": "Feature", "properties": {"id": "CTR-02575", "elevation_m": 40.0}, "geometry": {"type": "LineString", "coordinates": [[121.4819062513411, 18.15], [121.4824462513411, 18.15]]}}, {"type": "Feature", "properties": {"id": "CTR-02576", "elevation_m": 40.0}, "geometry": {"type": "LineString", "coordinates": [[121.48393636079899, 18.15], [121.484476360799, 18.15]]}}, {"type": "Feature", "properties": {"id": "CTR-02577", "elevation_m": 40.0}, "geometry": {"type": "LineString", "coordinates": [[121.49059148749664, 18.15], [121.49113148749665, 18.15]]}}, {"type": "Feature", "properties": {"id": "CTR-02578", "elevation_m": 40.0}, "geometry": {"type": "LineString", "coordinates": [[121.48087742078386, 18.149099999999997], [121.48141742078386, 18.149099999999997]]}}, {"type": "Feature", "properties": {"id": "CTR-02579", "elevation_m": 40.0}, "geometry": {"type": "LineString", "coordinates": [[121.48536000686643, 18.149099999999997], [121.48590000686643, 18.149099999999997]]}}, {"type": "Feature", "properties": {"id": "CTR-02580", "elevation_m": 40.0}, "geometry": {"type": "LineString", "coordinates": [[121.48992352881777, 18.149099999999997], [121.49046352881777, 18.149099999999997]]}}, {"type": "Feature", "properties": {"id": "CTR-02581", "elevation_m": 40.0}, "geometry": {"type": "LineString", "coordinates": [[121.48036304380275, 18.1482], [121.48090304380275, 18.1482]]}}, {"type": "Feature", "properties": {"id": "CTR-02582", "elevation_m": 40.0}, "geometry": {"type": "LineString", "coordinates": [[121.48637646583641, 18.1482], [121.48691646583642, 18.1482]]}}, {"type": "Feature", "properties": {"id": "CTR-02583", "elevation_m": 40.0}, "geometry": {"type": "LineString", "coordinates": [[121.48925000423854, 18.1482], [121.48979000423854, 18.1482]]}}, {"type": "Feature", "properties": {"id": "CTR-02584", "elevation_m": 40.0}, "geometry": {"type": "LineString", "coordinates": [[121.48012826281658, 18.147299999999998], [121.48066826281658, 18.147299999999998]]}}, {"type": "Feature", "properties": {"id": "CTR-02585", "elevation_m": 40.0}, "geometry": {"type": "LineString", "coordinates": [[121.48720000847709, 18.147299999999998], [121.48774000847709, 18.147299999999998]]}}, {"type": "Feature", "properties": {"id": "CTR-02586", "elevation_m": 40.0}, "geometry": {"type": "LineString", "coordinates": [[121.48869473969522, 18.147299999999998], [121.48923473969522, 18.147299999999998]]}}, {"type": "Feature", "properties": {"id": "CTR-02587", "elevation_m": 40.0}, "geometry": {"type": "LineString", "coordinates": [[121.48010869338066, 18.1464], [121.48064869338066, 18.1464]]}}, {"type": "Feature", "properties": {"id": "CTR-02588", "elevation_m": 40.0}, "geometry": {"type": "LineString", "coordinates": [[121.4872999915229, 18.1464], [121.4878399915229, 18.1464]]}}, {"type": "Feature", "properties": {"id": "CTR-02589", "elevation_m": 40.0}, "geometry": {"type": "LineString", "coordinates": [[121.48859999999999, 18.1464], [121.48913999999999, 18.1464]]}}, {"type": "Feature", "properties": {"id": "CTR-02590", "elevation_m": 40.0}, "geometry": {"type": "LineString", "coordinates": [[121.48859999999999, 18.1464], [121.48913999999999, 18.1464]]}}, {"type": "Feature", "properties": {"id": "CTR-02591", "elevation_m": 40.0}, "geometry": {"type": "LineString", "coordinates": [[121.48028478098618, 18.1455], [121.48082478098618, 18.1455]]}}, {"type": "Feature", "properties": {"id": "CTR-02592", "elevation_m": 40.0}, "geometry": {"type": "LineString", "coordinates": [[121.48658823291821, 18.1455], [121.48712823291821, 18.1455]]}}, {"type": "Feature", "properties": {"id": "CTR-02593", "elevation_m": 40.0}, "geometry": {"type": "LineString", "coordinates": [[121.48904999999999, 18.1455], [121.48958999999999, 18.1455]]}}, {"type": "Feature", "properties": {"id": "CTR-02594", "elevation_m": 40.0}, "geometry": {"type": "LineString", "coordinates": [[121.48069687432944, 18.144599999999997], [121.48123687432944, 18.144599999999997]]}}, {"type": "Feature", "properties": {"id": "CTR-02595", "elevation_m": 40.0}, "geometry": {"type": "LineString", "coordinates": [[121.48567500429151, 18.144599999999997], [121.48621500429151, 18.144599999999997]]}}, {"type": "Feature", "properties": {"id": "CTR-02596", "elevation_m": 40.0}, "geometry": {"type": "LineString", "coordinates": [[121.4897382355911, 18.144599999999997], [121.4902782355911, 18.144599999999997]]}}, {"type": "Feature", "properties": {"id": "CTR-02597", "elevation_m": 40.0}, "geometry": {"type": "LineString", "coordinates": [[121.4814, 18.1437], [121.48194, 18.1437]]}}, {"type": "Feature", "properties": {"id": "CTR-02598", "elevation_m": 40.0}, "geometry": {"type": "LineString", "coordinates": [[121.4814, 18.1437], [121.48194, 18.1437]]}}, {"type": "Feature", "properties": {"id": "CTR-02599", "elevation_m": 40.0}, "geometry": {"type": "LineString", "coordinates": [[121.48450000847708, 18.1437], [121.48504000847709, 18.1437]]}}, {"type": "Feature", "properties": {"id": "CTR-02600", "elevation_m": 40.0}, "geometry": {"type": "LineString", "coordinates": [[121.4904, 18.1437], [121.49094, 18.1437]]}}, {"type": "Feature", "properties": {"id": "CTR-02601", "elevation_m": 40.0}, "geometry": {"type": "LineString", "coordinates": [[121.4904, 18.1437], [121.49094, 18.1437]]}}, {"type": "Feature", "properties": {"id": "CTR-02602", "elevation_m": 40.0}, "geometry": {"type": "LineString", "coordinates": [[121.49093617083444, 18.142799999999998], [121.49147617083445, 18.142799999999998]]}}, {"type": "Feature", "properties": {"id": "CTR-02603", "elevation_m": 40.0}, "geometry": {"type": "LineString", "coordinates": [[121.49145517057674, 18.1419], [121.49199517057674, 18.1419]]}}, {"type": "Feature", "properties": {"id": "CTR-02604", "elevation_m": 40.0}, "geometry": {"type": "LineString", "coordinates": [[121.49185861987318, 18.141], [121.49239861987319, 18.141]]}}, {"type": "Feature", "properties": {"id": "CTR-02605", "elevation_m": 40.0}, "geometry": {"type": "LineString", "coordinates": [[121.49215423916205, 18.1401], [121.49269423916205, 18.1401]]}}, {"type": "Feature", "properties": {"id": "CTR-02606", "elevation_m": 40.0}, "geometry": {"type": "LineString", "coordinates": [[121.49232461530335, 18.1392], [121.49286461530335, 18.1392]]}}, {"type": "Feature", "properties": {"id": "CTR-02607", "elevation_m": 40.0}, "geometry": {"type": "LineString", "coordinates": [[121.49233845991326, 18.138299999999997], [121.49287845991326, 18.138299999999997]]}}, {"type": "Feature", "properties": {"id": "CTR-02608", "elevation_m": 40.0}, "geometry": {"type": "LineString", "coordinates": [[121.4922, 18.1374], [121.49274, 18.1374]]}}, {"type": "Feature", "properties": {"id": "CTR-02609", "elevation_m": 40.0}, "geometry": {"type": "LineString", "coordinates": [[121.4922, 18.1374], [121.49274, 18.1374]]}}, {"type": "Feature", "properties": {"id": "CTR-02610", "elevation_m": 40.0}, "geometry": {"type": "LineString", "coordinates": [[121.4919206900634, 18.136499999999998], [121.4924606900634, 18.136499999999998]]}}, {"type": "Feature", "properties": {"id": "CTR-02611", "elevation_m": 40.0}, "geometry": {"type": "LineString", "coordinates": [[121.49151724117519, 18.1356], [121.49205724117519, 18.1356]]}}, {"type": "Feature", "properties": {"id": "CTR-02612", "elevation_m": 40.0}, "geometry": {"type": "LineString", "coordinates": [[121.49099361810921, 18.1347], [121.49153361810922, 18.1347]]}}, {"type": "Feature", "properties": {"id": "CTR-02613", "elevation_m": 40.0}, "geometry": {"type": "LineString", "coordinates": [[121.48151250268221, 18.133799999999997], [121.48205250268221, 18.133799999999997]]}}, {"type": "Feature", "properties": {"id": "CTR-02614", "elevation_m": 40.0}, "geometry": {"type": "LineString", "coordinates": [[121.48441765062267, 18.133799999999997], [121.48495765062268, 18.133799999999997]]}}, {"type": "Feature", "properties": {"id": "CTR-02615", "elevation_m": 40.0}, "geometry": {"type": "LineString", "coordinates": [[121.4904, 18.133799999999997], [121.49094, 18.133799999999997]]}}, {"type": "Feature", "properties": {"id": "CTR-02616", "elevation_m": 40.0}, "geometry": {"type": "LineString", "coordinates": [[121.4904, 18.133799999999997], [121.49094, 18.133799999999997]]}}, {"type": "Feature", "properties": {"id": "CTR-02617", "elevation_m": 40.0}, "geometry": {"type": "LineString", "coordinates": [[121.48064516021854, 18.1329], [121.48118516021854, 18.1329]]}}, {"type": "Feature", "properties": {"id": "CTR-02618", "elevation_m": 40.0}, "geometry": {"type": "LineString", "coordinates": [[121.48580999828339, 18.1329], [121.48634999828339, 18.1329]]}}, {"type": "Feature", "properties": {"id": "CTR-02619", "elevation_m": 40.0}, "geometry": {"type": "LineString", "coordinates": [[121.48963235086222, 18.1329], [121.49017235086222, 18.1329]]}}, {"type": "Feature", "properties": {"id": "CTR-02620", "elevation_m": 40.0}, "geometry": {"type": "LineString", "coordinates": [[121.48015531945977, 18.131999999999998], [121.48069531945977, 18.131999999999998]]}}, {"type": "Feature", "properties": {"id": "CTR-02621", "elevation_m": 40.0}, "geometry": {"type": "LineString", "coordinates": [[121.48724999999999, 18.131999999999998], [121.48778999999999, 18.131999999999998]]}}, {"type": "Feature", "properties": {"id": "CTR-02622", "elevation_m": 40.0}, "geometry": {"type": "LineString", "coordinates": [[121.48859999999999, 18.131999999999998], [121.48913999999999, 18.131999999999998]]}}, {"type": "Feature", "properties": {"id": "CTR-02623", "elevation_m": 40.0}, "geometry": {"type": "LineString", "coordinates": [[121.48859999999999, 18.131999999999998], [121.48913999999999, 18.131999999999998]]}}, {"type": "Feature", "properties": {"id": "CTR-02624", "elevation_m": 40.0}, "geometry": {"type": "LineString", "coordinates": [[121.47987391239447, 18.1311], [121.48041391239447, 18.1311]]}}, {"type": "Feature", "properties": {"id": "CTR-02625", "elevation_m": 40.0}, "geometry": {"type": "LineString", "coordinates": [[121.47977608760552, 18.1302], [121.48031608760552, 18.1302]]}}, {"type": "Feature", "properties": {"id": "CTR-02626", "elevation_m": 40.0}, "geometry": {"type": "LineString", "coordinates": [[121.47989347939661, 18.129299999999997], [121.48043347939661, 18.129299999999997]]}}, {"type": "Feature", "properties": {"id": "CTR-02627", "elevation_m": 40.0}, "geometry": {"type": "LineString", "coordinates": [[121.48018695619723, 18.1284], [121.48072695619723, 18.1284]]}}, {"type": "Feature", "properties": {"id": "CTR-02628", "elevation_m": 40.0}, "geometry": {"type": "LineString", "coordinates": [[121.48713749463545, 18.1284], [121.48767749463545, 18.1284]]}}, {"type": "Feature", "properties": {"id": "CTR-02629", "elevation_m": 40.0}, "geometry": {"type": "LineString", "coordinates": [[121.48864999258238, 18.1284], [121.48918999258238, 18.1284]]}}, {"type": "Feature", "properties": {"id": "CTR-02630", "elevation_m": 40.0}, "geometry": {"type": "LineString", "coordinates": [[121.48069687432944, 18.127499999999998], [121.48123687432944, 18.127499999999998]]}}, {"type": "Feature", "properties": {"id": "CTR-02631", "elevation_m": 40.0}, "geometry": {"type": "LineString", "coordinates": [[121.48575789949203, 18.127499999999998], [121.48629789949203, 18.127499999999998]]}}, {"type": "Feature", "properties": {"id": "CTR-02632", "elevation_m": 40.0}, "geometry": {"type": "LineString", "coordinates": [[121.48965882709331, 18.127499999999998], [121.49019882709331, 18.127499999999998]]}}, {"type": "Feature", "properties": {"id": "CTR-02633", "elevation_m": 40.0}, "geometry": {"type": "LineString", "coordinates": [[121.48161176708179, 18.1266], [121.48215176708179, 18.1266]]}}, {"type": "Feature", "properties": {"id": "CTR-02634", "elevation_m": 40.0}, "geometry": {"type": "LineString", "coordinates": [[121.48436470469437, 18.1266], [121.48490470469437, 18.1266]]}}, {"type": "Feature", "properties": {"id": "CTR-02635", "elevation_m": 40.0}, "geometry": {"type": "LineString", "coordinates": [[121.4904, 18.1266], [121.49094, 18.1266]]}}, {"type": "Feature", "properties": {"id": "CTR-02636", "elevation_m": 40.0}, "geometry": {"type": "LineString", "coordinates": [[121.4904, 18.1266], [121.49094, 18.1266]]}}, {"type": "Feature", "properties": {"id": "CTR-02637", "elevation_m": 40.0}, "geometry": {"type": "LineString", "coordinates": [[121.49096249910592, 18.1257], [121.49150249910592, 18.1257]]}}, {"type": "Feature", "properties": {"id": "CTR-02638", "elevation_m": 40.0}, "geometry": {"type": "LineString", "coordinates": [[121.49145254000581, 18.124799999999997], [121.49199254000581, 18.124799999999997]]}}, {"type": "Feature", "properties": {"id": "CTR-02639", "elevation_m": 40.0}, "geometry": {"type": "LineString", "coordinates": [[121.49180339249345, 18.1239], [121.49234339249345, 18.1239]]}}, {"type": "Feature", "properties": {"id": "CTR-02640", "elevation_m": 40.0}, "geometry": {"type": "LineString", "coordinates": [[121.49204482942325, 18.122999999999998], [121.49258482942325, 18.122999999999998]]}}, {"type": "Feature", "properties": {"id": "CTR-02641", "elevation_m": 40.0}, "geometry": {"type": "LineString", "coordinates": [[121.49212372999709, 18.1221], [121.49266372999709, 18.1221]]}}, {"type": "Feature", "properties": {"id": "CTR-02642", "elevation_m": 40.0}, "geometry": {"type": "LineString", "coordinates": [[121.49204745999417, 18.121199999999998], [121.49258745999417, 18.121199999999998]]}}, {"type": "Feature", "properties": {"id": "CTR-02643", "elevation_m": 40.0}, "geometry": {"type": "LineString", "coordinates": [[121.49181864416641, 18.1203], [121.49235864416642, 18.1203]]}}, {"type": "Feature", "properties": {"id": "CTR-02644", "elevation_m": 40.0}, "geometry": {"type": "LineString", "coordinates": [[121.49146779749782, 18.1194], [121.49200779749782, 18.1194]]}}, {"type": "Feature", "properties": {"id": "CTR-02645", "elevation_m": 40.0}, "geometry": {"type": "LineString", "coordinates": [[121.49098125312923, 18.118499999999997], [121.49152125312924, 18.118499999999997]]}}, {"type": "Feature", "properties": {"id": "CTR-02646", "elevation_m": 40.0}, "geometry": {"type": "LineString", "coordinates": [[121.48166470469437, 18.1176], [121.48220470469437, 18.1176]]}}, {"type": "Feature", "properties": {"id": "CTR-02647", "elevation_m": 40.0}, "geometry": {"type": "LineString", "coordinates": [[121.48431176708179, 18.1176], [121.48485176708179, 18.1176]]}}, {"type": "Feature", "properties": {"id": "CTR-02648", "elevation_m": 40.0}, "geometry": {"type": "LineString", "coordinates": [[121.4904, 18.1176], [121.49094, 18.1176]]}}, {"type": "Feature", "properties": {"id": "CTR-02649", "elevation_m": 40.0}, "geometry": {"type": "LineString", "coordinates": [[121.4904, 18.1176], [121.49094, 18.1176]]}}, {"type": "Feature", "properties": {"id": "CTR-02650", "elevation_m": 40.0}, "geometry": {"type": "LineString", "coordinates": [[121.48072500268218, 18.116699999999998], [121.48126500268218, 18.116699999999998]]}}, {"type": "Feature", "properties": {"id": "CTR-02651", "elevation_m": 40.0}, "geometry": {"type": "LineString", "coordinates": [[121.48576500343327, 18.116699999999998], [121.48630500343327, 18.116699999999998]]}}, {"type": "Feature", "properties": {"id": "CTR-02652", "elevation_m": 40.0}, "geometry": {"type": "LineString", "coordinates": [[121.48960588472887, 18.116699999999998], [121.49014588472888, 18.116699999999998]]}}, {"type": "Feature", "properties": {"id": "CTR-02653", "elevation_m": 40.0}, "geometry": {"type": "LineString", "coordinates": [[121.48016739422486, 18.1158], [121.48070739422486, 18.1158]]}}, {"type": "Feature", "properties": {"id": "CTR-02654", "elevation_m": 40.0}, "geometry": {"type": "LineString", "coordinates": [[121.48747499999999, 18.1158], [121.48801499999999, 18.1158]]}}, {"type": "Feature", "properties": {"id": "CTR-02655", "elevation_m": 40.0}, "geometry": {"type": "LineString", "coordinates": [[121.48814999999999, 18.1158], [121.48868999999999, 18.1158]]}}, {"type": "Feature", "properties": {"id": "CTR-02656", "elevation_m": 40.0}, "geometry": {"type": "LineString", "coordinates": [[121.47982978645693, 18.1149], [121.48036978645693, 18.1149]]}}, {"type": "Feature", "properties": {"id": "CTR-02657", "elevation_m": 40.0}, "geometry": {"type": "LineString", "coordinates": [[121.47967659729888, 18.113999999999997], [121.48021659729888, 18.113999999999997]]}}, {"type": "Feature", "properties": {"id": "CTR-02658", "elevation_m": 40.0}, "geometry": {"type": "LineString", "coordinates": [[121.47971739325133, 18.1131], [121.48025739325134, 18.1131]]}}, {"type": "Feature", "properties": {"id": "CTR-02659", "elevation_m": 40.0}, "geometry": {"type": "LineString", "coordinates": [[121.47997173718342, 18.112199999999998], [121.48051173718342, 18.112199999999998]]}}, {"type": "Feature", "properties": {"id": "CTR-02660", "elevation_m": 40.0}, "geometry": {"type": "LineString", "coordinates": [[121.48038260674865, 18.1113], [121.48092260674865, 18.1113]]}}, {"type": "Feature", "properties": {"id": "CTR-02661", "elevation_m": 40.0}, "geometry": {"type": "LineString", "coordinates": [[121.48657499463557, 18.1113], [121.48711499463558, 18.1113]]}}, {"type": "Feature", "properties": {"id": "CTR-02662", "elevation_m": 40.0}, "geometry": {"type": "LineString", "coordinates": [[121.4889789511725, 18.1113], [121.4895189511725, 18.1113]]}}, {"type": "Feature", "properties": {"id": "CTR-02663", "elevation_m": 40.0}, "geometry": {"type": "LineString", "coordinates": [[121.48109062298833, 18.1104], [121.48163062298833, 18.1104]]}}, {"type": "Feature", "properties": {"id": "CTR-02664", "elevation_m": 40.0}, "geometry": {"type": "LineString", "coordinates": [[121.48518000343321, 18.1104], [121.48572000343322, 18.1104]]}}, {"type": "Feature", "properties": {"id": "CTR-02665", "elevation_m": 40.0}, "geometry": {"type": "LineString", "coordinates": [[121.4899371400545, 18.1104], [121.4904771400545, 18.1104]]}}, {"type": "Feature", "properties": {"id": "CTR-02666", "elevation_m": 40.0}, "geometry": {"type": "LineString", "coordinates": [[121.4832, 18.109499999999997], [121.48374, 18.109499999999997]]}}, {"type": "Feature", "properties": {"id": "CTR-02667", "elevation_m": 40.0}, "geometry": {"type": "LineString", "coordinates": [[121.4832, 18.109499999999997], [121.48374, 18.109499999999997]]}}, {"type": "Feature", "properties": {"id": "CTR-02668", "elevation_m": 40.0}, "geometry": {"type": "LineString", "coordinates": [[121.49063877665412, 18.109499999999997], [121.49117877665412, 18.109499999999997]]}}, {"type": "Feature", "properties": {"id": "CTR-02669", "elevation_m": 40.0}, "geometry": {"type": "LineString", "coordinates": [[121.4911897937735, 18.1086], [121.4917297937735, 18.1086]]}}, {"type": "Feature", "properties": {"id": "CTR-02670", "elevation_m": 40.0}, "geometry": {"type": "LineString", "coordinates": [[121.49160508583066, 18.107699999999998], [121.49214508583066, 18.107699999999998]]}}, {"type": "Feature", "properties": {"id": "CTR-02671", "elevation_m": 40.0}, "geometry": {"type": "LineString", "coordinates": [[121.49189491416932, 18.1068], [121.49243491416932, 18.1068]]}}, {"type": "Feature", "properties": {"id": "CTR-02672", "elevation_m": 40.0}, "geometry": {"type": "LineString", "coordinates": [[121.49204745999417, 18.1059], [121.49258745999417, 18.1059]]}}, {"type": "Feature", "properties": {"id": "CTR-02673", "elevation_m": 40.0}, "geometry": {"type": "LineString", "coordinates": [[121.49204745999417, 18.104999999999997], [121.49258745999417, 18.104999999999997]]}}, {"type": "Feature", "properties": {"id": "CTR-02674", "elevation_m": 40.0}, "geometry": {"type": "LineString", "coordinates": [[121.49187966249636, 18.1041], [121.49241966249636, 18.1041]]}}, {"type": "Feature", "properties": {"id": "CTR-02675", "elevation_m": 40.0}, "geometry": {"type": "LineString", "coordinates": [[121.49158982833866, 18.103199999999998], [121.49212982833866, 18.103199999999998]]}}, {"type": "Feature", "properties": {"id": "CTR-02676", "elevation_m": 40.0}, "geometry": {"type": "LineString", "coordinates": [[121.49116875044703, 18.1023], [121.49170875044703, 18.1023]]}}, {"type": "Feature", "properties": {"id": "CTR-02677", "elevation_m": 40.0}, "geometry": {"type": "LineString", "coordinates": [[121.4832, 18.101399999999998], [121.48374, 18.101399999999998]]}}, {"type": "Feature", "properties": {"id": "CTR-02678", "elevation_m": 40.0}, "geometry": {"type": "LineString", "coordinates": [[121.4832, 18.101399999999998], [121.48374, 18.101399999999998]]}}, {"type": "Feature", "properties": {"id": "CTR-02679", "elevation_m": 40.0}, "geometry": {"type": "LineString", "coordinates": [[121.4906062513411, 18.101399999999998], [121.4911462513411, 18.101399999999998]]}}, {"type": "Feature", "properties": {"id": "CTR-02680", "elevation_m": 40.0}, "geometry": {"type": "LineString", "coordinates": [[121.48111875402331, 18.1005], [121.48165875402331, 18.1005]]}}, {"type": "Feature", "properties": {"id": "CTR-02681", "elevation_m": 40.0}, "geometry": {"type": "LineString", "coordinates": [[121.48518947558624, 18.1005], [121.48572947558624, 18.1005]]}}, {"type": "Feature", "properties": {"id": "CTR-02682", "elevation_m": 40.0}, "geometry": {"type": "LineString", "coordinates": [[121.48991142997275, 18.1005], [121.49045142997275, 18.1005]]}}, {"type": "Feature", "properties": {"id": "CTR-02683", "elevation_m": 40.0}, "geometry": {"type": "LineString", "coordinates": [[121.48042173718342, 18.0996], [121.48096173718342, 18.0996]]}}, {"type": "Feature", "properties": {"id": "CTR-02684", "elevation_m": 40.0}, "geometry": {"type": "LineString", "coordinates": [[121.48651875402331, 18.0996], [121.48705875402331, 18.0996]]}}, {"type": "Feature", "properties": {"id": "CTR-02685", "elevation_m": 40.0}, "geometry": {"type": "LineString", "coordinates": [[121.48900499914168, 18.0996], [121.48954499914169, 18.0996]]}}, {"type": "Feature", "properties": {"id": "CTR-02686", "elevation_m": 40.0}, "geometry": {"type": "LineString", "coordinates": [[121.48004042351145, 18.098699999999997], [121.48058042351146, 18.098699999999997]]}}, {"type": "Feature", "properties": {"id": "CTR-02687", "elevation_m": 40.0}, "geometry": {"type": "LineString", "coordinates": [[121.47982978645693, 18.0978], [121.48036978645693, 18.0978]]}}, {"type": "Feature", "properties": {"id": "CTR-02688", "elevation_m": 40.0}, "geometry": {"type": "LineString", "coordinates": [[121.47981063891955, 18.096899999999998], [121.48035063891955, 18.096899999999998]]}}, {"type": "Feature", "properties": {"id": "CTR-02689", "elevation_m": 40.0}, "geometry": {"type": "LineString", "coordinates": [[121.48000212812583, 18.096], [121.48054212812583, 18.096]]}}, {"type": "Feature", "properties": {"id": "CTR-02690", "elevation_m": 40.0}, "geometry": {"type": "LineString", "coordinates": [[121.48036595837932, 18.0951], [121.48090595837932, 18.0951]]}}, {"type": "Feature", "properties": {"id": "CTR-02691", "elevation_m": 40.0}, "geometry": {"type": "LineString", "coordinates": [[121.48668749731779, 18.0951], [121.48722749731779, 18.0951]]}}, {"type": "Feature", "properties": {"id": "CTR-02692", "elevation_m": 40.0}, "geometry": {"type": "LineString", "coordinates": [[121.48883684020318, 18.0951], [121.48937684020318, 18.0951]]}}, {"type": "Feature", "properties": {"id": "CTR-02693", "elevation_m": 40.0}, "geometry": {"type": "LineString", "coordinates": [[121.48101818118765, 18.094199999999997], [121.48155818118765, 18.094199999999997]]}}, {"type": "Feature", "properties": {"id": "CTR-02694", "elevation_m": 40.0}, "geometry": {"type": "LineString", "coordinates": [[121.4853315798984, 18.094199999999997], [121.4858715798984, 18.094199999999997]]}}, {"type": "Feature", "properties": {"id": "CTR-02695", "elevation_m": 40.0}, "geometry": {"type": "LineString", "coordinates": [[121.48980857002724, 18.094199999999997], [121.49034857002724, 18.094199999999997]]}}, {"type": "Feature", "properties": {"id": "CTR-02696", "elevation_m": 40.0}, "geometry": {"type": "LineString", "coordinates": [[121.4823, 18.0933], [121.48284, 18.0933]]}}, {"type": "Feature", "properties": {"id": "CTR-02697", "elevation_m": 40.0}, "geometry": {"type": "LineString", "coordinates": [[121.4823, 18.0933], [121.48284, 18.0933]]}}, {"type": "Feature", "properties": {"id": "CTR-02698", "elevation_m": 40.0}, "geometry": {"type": "LineString", "coordinates": [[121.48349998728436, 18.0933], [121.48403998728436, 18.0933]]}}, {"type": "Feature", "properties": {"id": "CTR-02699", "elevation_m": 40.0}, "geometry": {"type": "LineString", "coordinates": [[121.49054694163533, 18.0933], [121.49108694163533, 18.0933]]}}, {"type": "Feature", "properties": {"id": "CTR-02700", "elevation_m": 40.0}, "geometry": {"type": "LineString", "coordinates": [[121.49113124955296, 18.092399999999998], [121.49167124955297, 18.092399999999998]]}}, {"type": "Feature", "properties": {"id": "CTR-02701", "elevation_m": 40.0}, "geometry": {"type": "LineString", "coordinates": [[121.49158982833866, 18.0915], [121.49212982833866, 18.0915]]}}, {"type": "Feature", "properties": {"id": "CTR-02702", "elevation_m": 40.0}, "geometry": {"type": "LineString", "coordinates": [[121.49192999885558, 18.0906], [121.49246999885558, 18.0906]]}}, {"type": "Feature", "properties": {"id": "CTR-02703", "elevation_m": 40.0}, "geometry": {"type": "LineString", "coordinates": [[121.49215423916205, 18.089699999999997], [121.49269423916205, 18.089699999999997]]}}, {"type": "Feature", "properties": {"id": "CTR-02704", "elevation_m": 40.0}, "geometry": {"type": "LineString", "coordinates": [[121.49221363407797, 18.0888], [121.49275363407797, 18.0888]]}}, {"type": "Feature", "properties": {"id": "CTR-02705", "elevation_m": 40.0}, "geometry": {"type": "LineString", "coordinates": [[121.49212372999709, 18.087899999999998], [121.49266372999709, 18.087899999999998]]}}, {"type": "Feature", "properties": {"id": "CTR-02706", "elevation_m": 40.0}, "geometry": {"type": "LineString", "coordinates": [[121.4918850005722, 18.087], [121.4924250005722, 18.087]]}}, {"type": "Feature", "properties": {"id": "CTR-02707", "elevation_m": 40.0}, "geometry": {"type": "LineString", "coordinates": [[121.49154000038146, 18.0861], [121.49208000038146, 18.0861]]}}, {"type": "Feature", "properties": {"id": "CTR-02708", "elevation_m": 40.0}, "geometry": {"type": "LineString", "coordinates": [[121.49107500178813, 18.085199999999997], [121.49161500178813, 18.085199999999997]]}}, {"type": "Feature", "properties": {"id": "CTR-02709", "elevation_m": 40.0}, "geometry": {"type": "LineString", "coordinates": [[121.4823, 18.0843], [121.48284, 18.0843]]}}, {"type": "Feature", "properties": {"id": "CTR-02710", "elevation_m": 40.0}, "geometry": {"type": "LineString", "coordinates": [[121.4823, 18.0843], [121.48284, 18.0843]]}}, {"type": "Feature", "properties": {"id": "CTR-02711", "elevation_m": 40.0}, "geometry": {"type": "LineString", "coordinates": [[121.48349998728436, 18.0843], [121.48403998728436, 18.0843]]}}, {"type": "Feature", "properties": {"id": "CTR-02712", "elevation_m": 40.0}, "geometry": {"type": "LineString", "coordinates": [[121.49052857142857, 18.0843], [121.49106857142857, 18.0843]]}}, {"type": "Feature", "properties": {"id": "CTR-02713", "elevation_m": 40.0}, "geometry": {"type": "LineString", "coordinates": [[121.48111875402331, 18.083399999999997], [121.48165875402331, 18.083399999999997]]}}, {"type": "Feature", "properties": {"id": "CTR-02714", "elevation_m": 40.0}, "geometry": {"type": "LineString", "coordinates": [[121.48523684020319, 18.083399999999997], [121.48577684020319, 18.083399999999997]]}}, {"type": "Feature", "properties": {"id": "CTR-02715", "elevation_m": 40.0}, "geometry": {"type": "LineString", "coordinates": [[121.48986, 18.083399999999997], [121.4904, 18.083399999999997]]}}, {"type": "Feature", "properties": {"id": "CTR-02716", "elevation_m": 40.0}, "geometry": {"type": "LineString", "coordinates": [[121.48049999999999, 18.0825], [121.48104, 18.0825]]}}, {"type": "Feature", "properties": {"id": "CTR-02717", "elevation_m": 40.0}, "geometry": {"type": "LineString", "coordinates": [[121.48049999999999, 18.0825], [121.48104, 18.0825]]}}, {"type": "Feature", "properties": {"id": "CTR-02718", "elevation_m": 40.0}, "geometry": {"type": "LineString", "coordinates": [[121.48631999389654, 18.0825], [121.48685999389654, 18.0825]]}}, {"type": "Feature", "properties": {"id": "CTR-02719", "elevation_m": 40.0}, "geometry": {"type": "LineString", "coordinates": [[121.48913999313356, 18.0825], [121.48967999313356, 18.0825]]}}, {"type": "Feature", "properties": {"id": "CTR-02720", "elevation_m": 40.0}, "geometry": {"type": "LineString", "coordinates": [[121.48025106243101, 18.081599999999998], [121.48079106243101, 18.081599999999998]]}}, {"type": "Feature", "properties": {"id": "CTR-02721", "elevation_m": 40.0}, "geometry": {"type": "LineString", "coordinates": [[121.48744285013623, 18.081599999999998], [121.48798285013623, 18.081599999999998]]}}, {"type": "Feature", "properties": {"id": "CTR-02722", "elevation_m": 40.0}, "geometry": {"type": "LineString", "coordinates": [[121.48814999999999, 18.081599999999998], [121.48868999999999, 18.081599999999998]]}}, {"type": "Feature", "properties": {"id": "CTR-02723", "elevation_m": 40.0}, "geometry": {"type": "LineString", "coordinates": [[121.48017446979473, 18.0807], [121.48071446979473, 18.0807]]}}, {"type": "Feature", "properties": {"id": "CTR-02724", "elevation_m": 40.0}, "geometry": {"type": "LineString", "coordinates": [[121.48028936108044, 18.0798], [121.48082936108044, 18.0798]]}}, {"type": "Feature", "properties": {"id": "CTR-02725", "elevation_m": 40.0}, "geometry": {"type": "LineString", "coordinates": [[121.48713749463545, 18.0798], [121.48767749463545, 18.0798]]}}, {"type": "Feature", "properties": {"id": "CTR-02726", "elevation_m": 40.0}, "geometry": {"type": "LineString", "coordinates": [[121.48859999999999, 18.0798], [121.48913999999999, 18.0798]]}}, {"type": "Feature", "properties": {"id": "CTR-02727", "elevation_m": 40.0}, "geometry": {"type": "LineString", "coordinates": [[121.48859999999999, 18.0798], [121.48913999999999, 18.0798]]}}, {"type": "Feature", "properties": {"id": "CTR-02728", "elevation_m": 40.0}, "geometry": {"type": "LineString", "coordinates": [[121.480663639201, 18.078899999999997], [121.481203639201, 18.078899999999997]]}}, {"type": "Feature", "properties": {"id": "CTR-02729", "elevation_m": 40.0}, "geometry": {"type": "LineString", "coordinates": [[121.4860125026822, 18.078899999999997], [121.4865525026822, 18.078899999999997]]}}, {"type": "Feature", "properties": {"id": "CTR-02730", "elevation_m": 40.0}, "geometry": {"type": "LineString", "coordinates": [[121.48936500343328, 18.078899999999997], [121.48990500343328, 18.078899999999997]]}}, {"type": "Feature", "properties": {"id": "CTR-02731", "elevation_m": 40.0}, "geometry": {"type": "LineString", "coordinates": [[121.48134374865889, 18.078], [121.48188374865889, 18.078]]}}, {"type": "Feature", "properties": {"id": "CTR-02732", "elevation_m": 40.0}, "geometry": {"type": "LineString", "coordinates": [[121.48483125670552, 18.078], [121.48537125670552, 18.078]]}}, {"type": "Feature", "properties": {"id": "CTR-02733", "elevation_m": 40.0}, "geometry": {"type": "LineString", "coordinates": [[121.49006571372519, 18.078], [121.49060571372519, 18.078]]}}, {"type": "Feature", "properties": {"id": "CTR-02734", "elevation_m": 40.0}, "geometry": {"type": "LineString", "coordinates": [[121.49071874687074, 18.077099999999998], [121.49125874687074, 18.077099999999998]]}}, {"type": "Feature", "properties": {"id": "CTR-02735", "elevation_m": 40.0}, "geometry": {"type": "LineString", "coordinates": [[121.49131499752043, 18.0762], [121.49185499752043, 18.0762]]}}, {"type": "Feature", "properties": {"id": "CTR-02736", "elevation_m": 40.0}, "geometry": {"type": "LineString", "coordinates": [[121.49178000076293, 18.0753], [121.49232000076293, 18.0753]]}}, {"type": "Feature", "properties": {"id": "CTR-02737", "elevation_m": 40.0}, "geometry": {"type": "LineString", "coordinates": [[121.49216999942779, 18.074399999999997], [121.49270999942779, 18.074399999999997]]}}, {"type": "Feature", "properties": {"id": "CTR-02738", "elevation_m": 40.0}, "geometry": {"type": "LineString", "coordinates": [[121.49243181573851, 18.0735], [121.49297181573851, 18.0735]]}}, {"type": "Feature", "properties": {"id": "CTR-02739", "elevation_m": 40.0}, "geometry": {"type": "LineString", "coordinates": [[121.49255454324769, 18.072599999999998], [121.4930945432477, 18.072599999999998]]}}, {"type": "Feature", "properties": {"id": "CTR-02740", "elevation_m": 40.0}, "geometry": {"type": "LineString", "coordinates": [[121.49253230923624, 18.0717], [121.49307230923624, 18.0717]]}}, {"type": "Feature", "properties": {"id": "CTR-02741", "elevation_m": 40.0}, "geometry": {"type": "LineString", "coordinates": [[121.49237727422478, 18.0708], [121.49291727422478, 18.0708]]}}, {"type": "Feature", "properties": {"id": "CTR-02742", "elevation_m": 40.0}, "geometry": {"type": "LineString", "coordinates": [[121.49209500019073, 18.069899999999997], [121.49263500019073, 18.069899999999997]]}}, {"type": "Feature", "properties": {"id": "CTR-02743", "elevation_m": 40.0}, "geometry": {"type": "LineString", "coordinates": [[121.49170499914169, 18.069], [121.49224499914169, 18.069]]}}, {"type": "Feature", "properties": {"id": "CTR-02744", "elevation_m": 40.0}, "geometry": {"type": "LineString", "coordinates": [[121.49128125312924, 18.068099999999998], [121.49182125312925, 18.068099999999998]]}}, {"type": "Feature", "properties": {"id": "CTR-02745", "elevation_m": 40.0}, "geometry": {"type": "LineString", "coordinates": [[121.49076734708176, 18.0672], [121.49130734708176, 18.0672]]}}, {"type": "Feature", "properties": {"id": "CTR-02746", "elevation_m": 40.0}, "geometry": {"type": "LineString", "coordinates": [[121.48177059061125, 18.0663], [121.48231059061125, 18.0663]]}}, {"type": "Feature", "properties": {"id": "CTR-02747", "elevation_m": 40.0}, "geometry": {"type": "LineString", "coordinates": [[121.48431176708179, 18.0663], [121.48485176708179, 18.0663]]}}, {"type": "Feature", "properties": {"id": "CTR-02748", "elevation_m": 40.0}, "geometry": {"type": "LineString", "coordinates": [[121.49029714117557, 18.0663], [121.49083714117558, 18.0663]]}}, {"type": "Feature", "properties": {"id": "CTR-02749", "elevation_m": 40.0}, "geometry": {"type": "LineString", "coordinates": [[121.48115454640033, 18.0654], [121.48169454640033, 18.0654]]}}, {"type": "Feature", "properties": {"id": "CTR-02750", "elevation_m": 40.0}, "geometry": {"type": "LineString", "coordinates": [[121.48518947558624, 18.0654], [121.48572947558624, 18.0654]]}}, {"type": "Feature", "properties": {"id": "CTR-02751", "elevation_m": 40.0}, "geometry": {"type": "LineString", "coordinates": [[121.48988571568702, 18.0654], [121.49042571568702, 18.0654]]}}, {"type": "Feature", "properties": {"id": "CTR-02752", "elevation_m": 40.0}, "geometry": {"type": "LineString", "coordinates": [[121.48096363415677, 18.0645], [121.48150363415677, 18.0645]]}}, {"type": "Feature", "properties": {"id": "CTR-02753", "elevation_m": 40.0}, "geometry": {"type": "LineString", "coordinates": [[121.48547368040636, 18.0645], [121.48601368040636, 18.0645]]}}, {"type": "Feature", "properties": {"id": "CTR-02754", "elevation_m": 40.0}, "geometry": {"type": "LineString", "coordinates": [[121.48970571764885, 18.0645], [121.49024571764885, 18.0645]]}}, {"type": "Feature", "properties": {"id": "CTR-02755", "elevation_m": 40.0}, "geometry": {"type": "LineString", "coordinates": [[121.4810625026822, 18.063599999999997], [121.48160250268221, 18.063599999999997]]}}, {"type": "Feature", "properties": {"id": "CTR-02756", "elevation_m": 40.0}, "geometry": {"type": "LineString", "coordinates": [[121.4853315798984, 18.063599999999997], [121.4858715798984, 18.063599999999997]]}}, {"type": "Feature", "properties": {"id": "CTR-02757", "elevation_m": 40.0}, "geometry": {"type": "LineString", "coordinates": [[121.48979117795554, 18.063599999999997], [121.49033117795554, 18.063599999999997]]}}, {"type": "Feature", "properties": {"id": "CTR-02758", "elevation_m": 40.0}, "geometry": {"type": "LineString", "coordinates": [[121.4814529328606, 18.0627], [121.4819929328606, 18.0627]]}}, {"type": "Feature", "properties": {"id": "CTR-02759", "elevation_m": 40.0}, "geometry": {"type": "LineString", "coordinates": [[121.48462940938875, 18.0627], [121.48516940938875, 18.0627]]}}, {"type": "Feature", "properties": {"id": "CTR-02760", "elevation_m": 40.0}, "geometry": {"type": "LineString", "coordinates": [[121.4901428599455, 18.0627], [121.4906828599455, 18.0627]]}}, {"type": "Feature", "properties": {"id": "CTR-02761", "elevation_m": 40.0}, "geometry": {"type": "LineString", "coordinates": [[121.49063877665412, 18.061799999999998], [121.49117877665412, 18.061799999999998]]}}, {"type": "Feature", "properties": {"id": "CTR-02762", "elevation_m": 40.0}, "geometry": {"type": "LineString", "coordinates": [[121.49118749731778, 18.0609], [121.49172749731778, 18.0609]]}}, {"type": "Feature", "properties": {"id": "CTR-02763", "elevation_m": 40.0}, "geometry": {"type": "LineString", "coordinates": [[121.49169660750654, 18.06], [121.49223660750654, 18.06]]}}, {"type": "Feature", "properties": {"id": "CTR-02764", "elevation_m": 40.0}, "geometry": {"type": "LineString", "coordinates": [[121.4922, 18.059099999999997], [121.49274, 18.059099999999997]]}}, {"type": "Feature", "properties": {"id": "CTR-02765", "elevation_m": 40.0}, "geometry": {"type": "LineString", "coordinates": [[121.4922, 18.059099999999997], [121.49274, 18.059099999999997]]}}, {"type": "Feature", "properties": {"id": "CTR-02766", "elevation_m": 40.0}, "geometry": {"type": "LineString", "coordinates": [[121.49259545588532, 18.0582], [121.49313545588532, 18.0582]]}}, {"type": "Feature", "properties": {"id": "CTR-02767", "elevation_m": 40.0}, "geometry": {"type": "LineString", "coordinates": [[121.49289545241741, 18.057299999999998], [121.49343545241742, 18.057299999999998]]}}, {"type": "Feature", "properties": {"id": "CTR-02768", "elevation_m": 40.0}, "geometry": {"type": "LineString", "coordinates": [[121.49308636592203, 18.0564], [121.49362636592203, 18.0564]]}}, {"type": "Feature", "properties": {"id": "CTR-02769", "elevation_m": 40.0}, "geometry": {"type": "LineString", "coordinates": [[121.4931272733578, 18.0555], [121.4936672733578, 18.0555]]}}, {"type": "Feature", "properties": {"id": "CTR-02770", "elevation_m": 40.0}, "geometry": {"type": "LineString", "coordinates": [[121.49304461424697, 18.054599999999997], [121.49358461424697, 18.054599999999997]]}}, {"type": "Feature", "properties": {"id": "CTR-02771", "elevation_m": 40.0}, "geometry": {"type": "LineString", "coordinates": [[121.49282307651677, 18.0537], [121.49336307651677, 18.0537]]}}, {"type": "Feature", "properties": {"id": "CTR-02772", "elevation_m": 40.0}, "geometry": {"type": "LineString", "coordinates": [[121.49250461635972, 18.052799999999998], [121.49304461635973, 18.052799999999998]]}}, {"type": "Feature", "properties": {"id": "CTR-02773", "elevation_m": 40.0}, "geometry": {"type": "LineString", "coordinates": [[121.49212500095368, 18.0519], [121.49266500095368, 18.0519]]}}, {"type": "Feature", "properties": {"id": "CTR-02774", "elevation_m": 40.0}, "geometry": {"type": "LineString", "coordinates": [[121.49171186499854, 18.051], [121.49225186499854, 18.051]]}}, {"type": "Feature", "properties": {"id": "CTR-02775", "elevation_m": 40.0}, "geometry": {"type": "LineString", "coordinates": [[121.49134499828338, 18.050099999999997], [121.49188499828338, 18.050099999999997]]}}, {"type": "Feature", "properties": {"id": "CTR-02776", "elevation_m": 40.0}, "geometry": {"type": "LineString", "coordinates": [[121.49101874910593, 18.0492], [121.49155874910593, 18.0492]]}}, {"type": "Feature", "properties": {"id": "CTR-02777", "elevation_m": 40.0}, "geometry": {"type": "LineString", "coordinates": [[121.49084081789943, 18.048299999999998], [121.49138081789943, 18.048299999999998]]}}, {"type": "Feature", "properties": {"id": "CTR-02778", "elevation_m": 40.0}, "geometry": {"type": "LineString", "coordinates": [[121.49085, 18.0474], [121.49139, 18.0474]]}}, {"type": "Feature", "properties": {"id": "CTR-02779", "elevation_m": 40.0}, "geometry": {"type": "LineString", "coordinates": [[121.49104285714286, 18.046499999999998], [121.49158285714286, 18.046499999999998]]}}, {"type": "Feature", "properties": {"id": "CTR-02780", "elevation_m": 40.0}, "geometry": {"type": "LineString", "coordinates": [[121.49140677916787, 18.0456], [121.49194677916788, 18.0456]]}}, {"type": "Feature", "properties": {"id": "CTR-02781", "elevation_m": 40.0}, "geometry": {"type": "LineString", "coordinates": [[121.49183389583939, 18.0447], [121.49237389583939, 18.0447]]}}, {"type": "Feature", "properties": {"id": "CTR-02782", "elevation_m": 40.0}, "geometry": {"type": "LineString", "coordinates": [[121.49231077150603, 18.043799999999997], [121.49285077150603, 18.043799999999997]]}}, {"type": "Feature", "properties": {"id": "CTR-02783", "elevation_m": 40.0}, "geometry": {"type": "LineString", "coordinates": [[121.49278153797397, 18.0429], [121.49332153797397, 18.0429]]}}, {"type": "Feature", "properties": {"id": "CTR-02784", "elevation_m": 40.0}, "geometry": {"type": "LineString", "coordinates": [[121.49320909280065, 18.041999999999998], [121.49374909280066, 18.041999999999998]]}}, {"type": "Feature", "properties": {"id": "CTR-02785", "elevation_m": 40.0}, "geometry": {"type": "LineString", "coordinates": [[121.49357014848891, 18.0411], [121.49411014848891, 18.0411]]}}, {"type": "Feature", "properties": {"id": "CTR-02786", "elevation_m": 40.0}, "geometry": {"type": "LineString", "coordinates": [[121.49381194060443, 18.0402], [121.49435194060443, 18.0402]]}}, {"type": "Feature", "properties": {"id": "CTR-02787", "elevation_m": 40.0}, "geometry": {"type": "LineString", "coordinates": [[121.49391940137897, 18.039299999999997], [121.49445940137898, 18.039299999999997]]}}, {"type": "Feature", "properties": {"id": "CTR-02788", "elevation_m": 40.0}, "geometry": {"type": "LineString", "coordinates": [[121.49389090719933, 18.0384], [121.49443090719933, 18.0384]]}}, {"type": "Feature", "properties": {"id": "CTR-02789", "elevation_m": 40.0}, "geometry": {"type": "LineString", "coordinates": [[121.49373134305414, 18.037499999999998], [121.49427134305414, 18.037499999999998]]}}, {"type": "Feature", "properties": {"id": "CTR-02790", "elevation_m": 40.0}, "geometry": {"type": "LineString", "coordinates": [[121.49346268610827, 18.0366], [121.49400268610827, 18.0366]]}}, {"type": "Feature", "properties": {"id": "CTR-02791", "elevation_m": 40.0}, "geometry": {"type": "LineString", "coordinates": [[121.493126866207, 18.0357], [121.49366686620701, 18.0357]]}}, {"type": "Feature", "properties": {"id": "CTR-02792", "elevation_m": 40.0}, "geometry": {"type": "LineString", "coordinates": [[121.49275384696644, 18.034799999999997], [121.49329384696644, 18.034799999999997]]}}, {"type": "Feature", "properties": {"id": "CTR-02793", "elevation_m": 40.0}, "geometry": {"type": "LineString", "coordinates": [[121.49240769393288, 18.0339], [121.49294769393288, 18.0339]]}}, {"type": "Feature", "properties": {"id": "CTR-02794", "elevation_m": 40.0}, "geometry": {"type": "LineString", "coordinates": [[121.49212500095368, 18.032999999999998], [121.49266500095368, 18.032999999999998]]}}, {"type": "Feature", "properties": {"id": "CTR-02795", "elevation_m": 40.0}, "geometry": {"type": "LineString", "coordinates": [[121.49194067914964, 18.0321], [121.49248067914964, 18.0321]]}}, {"type": "Feature", "properties": {"id": "CTR-02796", "elevation_m": 40.0}, "geometry": {"type": "LineString", "coordinates": [[121.49191017166133, 18.0312], [121.49245017166133, 18.0312]]}}, {"type": "Feature", "properties": {"id": "CTR-02797", "elevation_m": 40.0}, "geometry": {"type": "LineString", "coordinates": [[121.49202000114441, 18.030299999999997], [121.49256000114441, 18.030299999999997]]}}, {"type": "Feature", "properties": {"id": "CTR-02798", "elevation_m": 40.0}, "geometry": {"type": "LineString", "coordinates": [[121.49228307862953, 18.0294], [121.49282307862953, 18.0294]]}}, {"type": "Feature", "properties": {"id": "CTR-02799", "elevation_m": 40.0}, "geometry": {"type": "LineString", "coordinates": [[121.49265, 18.028499999999998], [121.49319, 18.028499999999998]]}}, {"type": "Feature", "properties": {"id": "CTR-02800", "elevation_m": 40.0}, "geometry": {"type": "LineString", "coordinates": [[121.4931, 18.0276], [121.49364, 18.0276]]}}, {"type": "Feature", "properties": {"id": "CTR-02801", "elevation_m": 40.0}, "geometry": {"type": "LineString", "coordinates": [[121.4931, 18.0276], [121.49364, 18.0276]]}}, {"type": "Feature", "properties": {"id": "CTR-02802", "elevation_m": 40.0}, "geometry": {"type": "LineString", "coordinates": [[121.4935636366789, 18.026699999999998], [121.4941036366789, 18.026699999999998]]}}, {"type": "Feature", "properties": {"id": "CTR-02803", "elevation_m": 40.0}, "geometry": {"type": "LineString", "coordinates": [[121.49402903297258, 18.0258], [121.49456903297258, 18.0258]]}}, {"type": "Feature", "properties": {"id": "CTR-02804", "elevation_m": 40.0}, "geometry": {"type": "LineString", "coordinates": [[121.4944573786177, 18.0249], [121.4949973786177, 18.0249]]}}, {"type": "Feature", "properties": {"id": "CTR-02805", "elevation_m": 40.0}, "geometry": {"type": "LineString", "coordinates": [[121.49478196462965, 18.023999999999997], [121.49532196462965, 18.023999999999997]]}}, {"type": "Feature", "properties": {"id": "CTR-02806", "elevation_m": 40.0}, "geometry": {"type": "LineString", "coordinates": [[121.49496923229285, 18.0231], [121.49550923229285, 18.0231]]}}, {"type": "Feature", "properties": {"id": "CTR-02807", "elevation_m": 40.0}, "geometry": {"type": "LineString", "coordinates": [[121.49502115321131, 18.022199999999998], [121.49556115321131, 18.022199999999998]]}}, {"type": "Feature", "properties": {"id": "CTR-02808", "elevation_m": 40.0}, "geometry": {"type": "LineString", "coordinates": [[121.49488548628244, 18.0213], [121.49542548628244, 18.0213]]}}, {"type": "Feature", "properties": {"id": "CTR-02809", "elevation_m": 40.0}, "geometry": {"type": "LineString", "coordinates": [[121.49464918171186, 18.0204], [121.49518918171186, 18.0204]]}}, {"type": "Feature", "properties": {"id": "CTR-02810", "elevation_m": 40.0}, "geometry": {"type": "LineString", "coordinates": [[121.49431935519596, 18.019499999999997], [121.49485935519596, 18.019499999999997]]}}, {"type": "Feature", "properties": {"id": "CTR-02811", "elevation_m": 40.0}, "geometry": {"type": "LineString", "coordinates": [[121.4939454532844, 18.0186], [121.4944854532844, 18.0186]]}}, {"type": "Feature", "properties": {"id": "CTR-02812", "elevation_m": 40.0}, "geometry": {"type": "LineString", "coordinates": [[121.49360454411466, 18.017699999999998], [121.49414454411466, 18.017699999999998]]}}, {"type": "Feature", "properties": {"id": "CTR-02813", "elevation_m": 40.0}, "geometry": {"type": "LineString", "coordinates": [[121.49330454758257, 18.0168], [121.49384454758257, 18.0168]]}}, {"type": "Feature", "properties": {"id": "CTR-02814", "elevation_m": 40.0}, "geometry": {"type": "LineString", "coordinates": [[121.49311363407796, 18.0159], [121.49365363407796, 18.0159]]}}, {"type": "Feature", "properties": {"id": "CTR-02815", "elevation_m": 40.0}, "geometry": {"type": "LineString", "coordinates": [[121.49303077004336, 18.014999999999997], [121.49357077004336, 18.014999999999997]]}}, {"type": "Feature", "properties": {"id": "CTR-02816", "elevation_m": 40.0}, "geometry": {"type": "LineString", "coordinates": [[121.4931, 18.0141], [121.49364, 18.0141]]}}, {"type": "Feature", "properties": {"id": "CTR-02817", "elevation_m": 40.0}, "geometry": {"type": "LineString", "coordinates": [[121.4931, 18.0141], [121.49364, 18.0141]]}}, {"type": "Feature", "properties": {"id": "CTR-02818", "elevation_m": 40.0}, "geometry": {"type": "LineString", "coordinates": [[121.49330454758257, 18.013199999999998], [121.49384454758257, 18.013199999999998]]}}, {"type": "Feature", "properties": {"id": "CTR-02819", "elevation_m": 40.0}, "geometry": {"type": "LineString", "coordinates": [[121.49363181747246, 18.0123], [121.49417181747246, 18.0123]]}}, {"type": "Feature", "properties": {"id": "CTR-02820", "elevation_m": 40.0}, "geometry": {"type": "LineString", "coordinates": [[121.49405901768516, 18.0114], [121.49459901768516, 18.0114]]}}, {"type": "Feature", "properties": {"id": "CTR-02821", "elevation_m": 40.0}, "geometry": {"type": "LineString", "coordinates": [[121.49457540835981, 18.010499999999997], [121.49511540835981, 18.010499999999997]]}}, {"type": "Feature", "properties": {"id": "CTR-02822", "elevation_m": 40.0}, "geometry": {"type": "LineString", "coordinates": [[121.49512500165058, 18.0096], [121.49566500165058, 18.0096]]}}, {"type": "Feature", "properties": {"id": "CTR-02823", "elevation_m": 40.0}, "geometry": {"type": "LineString", "coordinates": [[121.49569411566712, 18.008699999999997], [121.49623411566712, 18.008699999999997]]}}, {"type": "Feature", "properties": {"id": "CTR-02824", "elevation_m": 40.0}, "geometry": {"type": "LineString", "coordinates": [[121.49624999999999, 18.0078], [121.49678999999999, 18.0078]]}}, {"type": "Feature", "properties": {"id": "CTR-02825", "elevation_m": 40.0}, "geometry": {"type": "LineString", "coordinates": [[121.50181578662061, 18.0078], [121.50235578662061, 18.0078]]}}, {"type": "Feature", "properties": {"id": "CTR-02826", "elevation_m": 40.0}, "geometry": {"type": "LineString", "coordinates": [[121.5051, 18.0078], [121.50564, 18.0078]]}}, {"type": "Feature", "properties": {"id": "CTR-02827", "elevation_m": 40.0}, "geometry": {"type": "LineString", "coordinates": [[121.49665384502524, 18.006899999999998], [121.49719384502524, 18.006899999999998]]}}, {"type": "Feature", "properties": {"id": "CTR-02828", "elevation_m": 40.0}, "geometry": {"type": "LineString", "coordinates": [[121.50097500429152, 18.006899999999998], [121.50151500429152, 18.006899999999998]]}}, {"type": "Feature", "properties": {"id": "CTR-02829", "elevation_m": 40.0}, "geometry": {"type": "LineString", "coordinates": [[121.50569999999999, 18.006899999999998], [121.50623999999999, 18.006899999999998]]}}, {"type": "Feature", "properties": {"id": "CTR-02830", "elevation_m": 40.0}, "geometry": {"type": "LineString", "coordinates": [[121.50569999999999, 18.006899999999998], [121.50623999999999, 18.006899999999998]]}}, {"type": "Feature", "properties": {"id": "CTR-02831", "elevation_m": 40.0}, "geometry": {"type": "LineString", "coordinates": [[121.4968874988079, 18.006], [121.4974274988079, 18.006]]}}, {"type": "Feature", "properties": {"id": "CTR-02832", "elevation_m": 40.0}, "geometry": {"type": "LineString", "coordinates": [[121.50066000686643, 18.006], [121.50120000686643, 18.006]]}}, {"type": "Feature", "properties": {"id": "CTR-02833", "elevation_m": 40.0}, "geometry": {"type": "LineString", "coordinates": [[121.50585, 18.006], [121.50639, 18.006]]}}, {"type": "Feature", "properties": {"id": "CTR-02834", "elevation_m": 40.0}, "geometry": {"type": "LineString", "coordinates": [[121.49677500119208, 18.0051], [121.49731500119208, 18.0051]]}}, {"type": "Feature", "properties": {"id": "CTR-02835", "elevation_m": 40.0}, "geometry": {"type": "LineString", "coordinates": [[121.5007950008583, 18.0051], [121.5013350008583, 18.0051]]}}, {"type": "Feature", "properties": {"id": "CTR-02836", "elevation_m": 40.0}, "geometry": {"type": "LineString", "coordinates": [[121.50578571584272, 18.0051], [121.50632571584272, 18.0051]]}}, {"type": "Feature", "properties": {"id": "CTR-02837", "elevation_m": 40.0}, "geometry": {"type": "LineString", "coordinates": [[121.49644615204038, 18.004199999999997], [121.49698615204038, 18.004199999999997]]}}, {"type": "Feature", "properties": {"id": "CTR-02838", "elevation_m": 40.0}, "geometry": {"type": "LineString", "coordinates": [[121.50138947558625, 18.004199999999997], [121.50192947558625, 18.004199999999997]]}}, {"type": "Feature", "properties": {"id": "CTR-02839", "elevation_m": 40.0}, "geometry": {"type": "LineString", "coordinates": [[121.5054, 18.004199999999997], [121.50594, 18.004199999999997]]}}, {"type": "Feature", "properties": {"id": "CTR-02840", "elevation_m": 40.0}, "geometry": {"type": "LineString", "coordinates": [[121.49598461809325, 18.0033], [121.49652461809325, 18.0033]]}}, {"type": "Feature", "properties": {"id": "CTR-02841", "elevation_m": 40.0}, "geometry": {"type": "LineString", "coordinates": [[121.50244614572023, 18.0033], [121.50298614572023, 18.0033]]}}, {"type": "Feature", "properties": {"id": "CTR-02842", "elevation_m": 40.0}, "geometry": {"type": "LineString", "coordinates": [[121.50471819316802, 18.0033], [121.50525819316802, 18.0033]]}}, {"type": "Feature", "properties": {"id": "CTR-02843", "elevation_m": 40.0}, "geometry": {"type": "LineString", "coordinates": [[121.49550577050046, 18.002399999999998], [121.49604577050046, 18.002399999999998]]}}, {"type": "Feature", "properties": {"id": "CTR-02844", "elevation_m": 40.0}, "geometry": {"type": "LineString", "coordinates": [[121.49507307539945, 18.0015], [121.49561307539945, 18.0015]]}}, {"type": "Feature", "properties": {"id": "CTR-02845", "elevation_m": 40.0}, "geometry": {"type": "LineString", "coordinates": [[121.49470819533731, 18.0006], [121.49524819533731, 18.0006]]}}, {"type": "Feature", "properties": {"id": "CTR-02846", "elevation_m": 40.0}, "geometry": {"type": "LineString", "coordinates": [[121.49446451648629, 17.999699999999997], [121.49500451648629, 17.999699999999997]]}}, {"type": "Feature", "properties": {"id": "CTR-02847", "elevation_m": 40.0}, "geometry": {"type": "LineString", "coordinates": [[121.49433934324736, 17.9988], [121.49487934324736, 17.9988]]}}, {"type": "Feature", "properties": {"id": "CTR-02848", "elevation_m": 40.0}, "geometry": {"type": "LineString", "coordinates": [[121.49436885208995, 17.997899999999998], [121.49490885208995, 17.997899999999998]]}}, {"type": "Feature", "properties": {"id": "CTR-02849", "elevation_m": 40.0}, "geometry": {"type": "LineString", "coordinates": [[121.49454589951722, 17.997], [121.49508589951722, 17.997]]}}, {"type": "Feature", "properties": {"id": "CTR-02850", "elevation_m": 40.0}, "geometry": {"type": "LineString", "coordinates": [[121.49485573955023, 17.9961], [121.49539573955023, 17.9961]]}}, {"type": "Feature", "properties": {"id": "CTR-02851", "elevation_m": 40.0}, "geometry": {"type": "LineString", "coordinates": [[121.49536730807321, 17.995199999999997], [121.49590730807321, 17.995199999999997]]}}, {"type": "Feature", "properties": {"id": "CTR-02852", "elevation_m": 40.0}, "geometry": {"type": "LineString", "coordinates": [[121.49603076607066, 17.9943], [121.49657076607066, 17.9943]]}}, {"type": "Feature", "properties": {"id": "CTR-02853", "elevation_m": 40.0}, "geometry": {"type": "LineString", "coordinates": [[121.50216922061153, 17.9943], [121.50270922061154, 17.9943]]}}, {"type": "Feature", "properties": {"id": "CTR-02854", "elevation_m": 40.0}, "geometry": {"type": "LineString", "coordinates": [[121.50489999576145, 17.9943], [121.50543999576145, 17.9943]]}}, {"type": "Feature", "properties": {"id": "CTR-02855", "elevation_m": 40.0}, "geometry": {"type": "LineString", "coordinates": [[121.49700000476834, 17.993399999999998], [121.49754000476834, 17.993399999999998]]}}, {"type": "Feature", "properties": {"id": "CTR-02856", "elevation_m": 40.0}, "geometry": {"type": "LineString", "coordinates": [[121.50048000343321, 17.993399999999998], [121.50102000343321, 17.993399999999998]]}}, {"type": "Feature", "properties": {"id": "CTR-02857", "elevation_m": 40.0}, "geometry": {"type": "LineString", "coordinates": [[121.50596341238753, 17.993399999999998], [121.50650341238753, 17.993399999999998]]}}, {"type": "Feature", "properties": {"id": "CTR-02858", "elevation_m": 40.0}, "geometry": {"type": "LineString", "coordinates": [[121.50668490456037, 17.9925], [121.50722490456037, 17.9925]]}}, {"type": "Feature", "properties": {"id": "CTR-02859", "elevation_m": 40.0}, "geometry": {"type": "LineString", "coordinates": [[121.50718333392201, 17.9916], [121.50772333392202, 17.9916]]}}, {"type": "Feature", "properties": {"id": "CTR-02860", "elevation_m": 40.0}, "geometry": {"type": "LineString", "coordinates": [[121.50752903297257, 17.990699999999997], [121.50806903297257, 17.990699999999997]]}}, {"type": "Feature", "properties": {"id": "CTR-02861", "elevation_m": 40.0}, "geometry": {"type": "LineString", "coordinates": [[121.50770322527056, 17.9898], [121.50824322527056, 17.9898]]}}, {"type": "Feature", "properties": {"id": "CTR-02862", "elevation_m": 40.0}, "geometry": {"type": "LineString", "coordinates": [[121.50771774318586, 17.988899999999997], [121.50825774318587, 17.988899999999997]]}}, {"type": "Feature", "properties": {"id": "CTR-02863", "elevation_m": 40.0}, "geometry": {"type": "LineString", "coordinates": [[121.50760161263528, 17.988], [121.50814161263528, 17.988]]}}, {"type": "Feature", "properties": {"id": "CTR-02864", "elevation_m": 40.0}, "geometry": {"type": "LineString", "coordinates": [[121.50733333498167, 17.987099999999998], [121.50787333498167, 17.987099999999998]]}}, {"type": "Feature", "properties": {"id": "CTR-02865", "elevation_m": 40.0}, "geometry": {"type": "LineString", "coordinates": [[121.50696666807951, 17.9862], [121.50750666807951, 17.9862]]}}, {"type": "Feature", "properties": {"id": "CTR-02866", "elevation_m": 40.0}, "geometry": {"type": "LineString", "coordinates": [[121.50653571662124, 17.9853], [121.50707571662124, 17.9853]]}}, {"type": "Feature", "properties": {"id": "CTR-02867", "elevation_m": 40.0}, "geometry": {"type": "LineString", "coordinates": [[121.49701304607423, 17.984399999999997], [121.49755304607423, 17.984399999999997]]}}, {"type": "Feature", "properties": {"id": "CTR-02868", "elevation_m": 40.0}, "geometry": {"type": "LineString", "coordinates": [[121.5003900017166, 17.984399999999997], [121.5009300017166, 17.984399999999997]]}}, {"type": "Feature", "properties": {"id": "CTR-02869", "elevation_m": 40.0}, "geometry": {"type": "LineString", "coordinates": [[121.50602927176472, 17.984399999999997], [121.50656927176472, 17.984399999999997]]}}, {"type": "Feature", "properties": {"id": "CTR-02870", "elevation_m": 40.0}, "geometry": {"type": "LineString", "coordinates": [[121.4964631597968, 17.9835], [121.4970031597968, 17.9835]]}}, {"type": "Feature", "properties": {"id": "CTR-02871", "elevation_m": 40.0}, "geometry": {"type": "LineString", "coordinates": [[121.50124736081273, 17.9835], [121.50178736081273, 17.9835]]}}, {"type": "Feature", "properties": {"id": "CTR-02872", "elevation_m": 40.0}, "geometry": {"type": "LineString", "coordinates": [[121.50559615740129, 17.9835], [121.50613615740129, 17.9835]]}}, {"type": "Feature", "properties": {"id": "CTR-02873", "elevation_m": 40.0}, "geometry": {"type": "LineString", "coordinates": [[121.49619230408075, 17.982599999999998], [121.49673230408075, 17.982599999999998]]}}, {"type": "Feature", "properties": {"id": "CTR-02874", "elevation_m": 40.0}, "geometry": {"type": "LineString", "coordinates": [[121.50176842010158, 17.982599999999998], [121.50230842010158, 17.982599999999998]]}}, {"type": "Feature", "properties": {"id": "CTR-02875", "elevation_m": 40.0}, "geometry": {"type": "LineString", "coordinates": [[121.50521538359962, 17.982599999999998], [121.50575538359962, 17.982599999999998]]}}, {"type": "Feature", "properties": {"id": "CTR-02876", "elevation_m": 40.0}, "geometry": {"type": "LineString", "coordinates": [[121.49615526577323, 17.9817], [121.49669526577323, 17.9817]]}}, {"type": "Feature", "properties": {"id": "CTR-02877", "elevation_m": 40.0}, "geometry": {"type": "LineString", "coordinates": [[121.50182999485017, 17.9817], [121.50236999485017, 17.9817]]}}, {"type": "Feature", "properties": {"id": "CTR-02878", "elevation_m": 40.0}, "geometry": {"type": "LineString", "coordinates": [[121.50516666807951, 17.9817], [121.50570666807951, 17.9817]]}}, {"type": "Feature", "properties": {"id": "CTR-02879", "elevation_m": 40.0}, "geometry": {"type": "LineString", "coordinates": [[121.49634473422677, 17.9808], [121.49688473422677, 17.9808]]}}, {"type": "Feature", "properties": {"id": "CTR-02880", "elevation_m": 40.0}, "geometry": {"type": "LineString", "coordinates": [[121.50143684020318, 17.9808], [121.50197684020318, 17.9808]]}}, {"type": "Feature", "properties": {"id": "CTR-02881", "elevation_m": 40.0}, "geometry": {"type": "LineString", "coordinates": [[121.5054576917998, 17.9808], [121.5059976917998, 17.9808]]}}, {"type": "Feature", "properties": {"id": "CTR-02882", "elevation_m": 40.0}, "geometry": {"type": "LineString", "coordinates": [[121.49685652563315, 17.979899999999997], [121.49739652563315, 17.979899999999997]]}}, {"type": "Feature", "properties": {"id": "CTR-02883", "elevation_m": 40.0}, "geometry": {"type": "LineString", "coordinates": [[121.50057000514981, 17.979899999999997], [121.50111000514981, 17.979899999999997]]}}, {"type": "Feature", "properties": {"id": "CTR-02884", "elevation_m": 40.0}, "geometry": {"type": "LineString", "coordinates": [[121.50596341238753, 17.979899999999997], [121.50650341238753, 17.979899999999997]]}}, {"type": "Feature", "properties": {"id": "CTR-02885", "elevation_m": 40.0}, "geometry": {"type": "LineString", "coordinates": [[121.50657805245676, 17.979], [121.50711805245676, 17.979]]}}, {"type": "Feature", "properties": {"id": "CTR-02886", "elevation_m": 40.0}, "geometry": {"type": "LineString", "coordinates": [[121.50714339695975, 17.978099999999998], [121.50768339695975, 17.978099999999998]]}}, {"type": "Feature", "properties": {"id": "CTR-02887", "elevation_m": 40.0}, "geometry": {"type": "LineString", "coordinates": [[121.50773225824314, 17.9772], [121.50827225824314, 17.9772]]}}, {"type": "Feature", "properties": {"id": "CTR-02888", "elevation_m": 40.0}, "geometry": {"type": "LineString", "coordinates": [[121.50825484067458, 17.9763], [121.50879484067458, 17.9763]]}}, {"type": "Feature", "properties": {"id": "CTR-02889", "elevation_m": 40.0}, "geometry": {"type": "LineString", "coordinates": [[121.50870461635972, 17.975399999999997], [121.50924461635972, 17.975399999999997]]}}, {"type": "Feature", "properties": {"id": "CTR-02890", "elevation_m": 40.0}, "geometry": {"type": "LineString", "coordinates": [[121.50905076939328, 17.9745], [121.50959076939328, 17.9745]]}}, {"type": "Feature", "properties": {"id": "CTR-02891", "elevation_m": 40.0}, "geometry": {"type": "LineString", "coordinates": [[121.50927230712348, 17.973599999999998], [121.50981230712348, 17.973599999999998]]}}, {"type": "Feature", "properties": {"id": "CTR-02892", "elevation_m": 40.0}, "geometry": {"type": "LineString", "coordinates": [[121.50935714406815, 17.9727], [121.50989714406815, 17.9727]]}}, {"type": "Feature", "properties": {"id": "CTR-02893", "elevation_m": 40.0}, "geometry": {"type": "LineString", "coordinates": [[121.50928615612143, 17.971799999999998], [121.50982615612143, 17.971799999999998]]}}, {"type": "Feature", "properties": {"id": "CTR-02894", "elevation_m": 40.0}, "geometry": {"type": "LineString", "coordinates": [[121.50910615400866, 17.9709], [121.50964615400866, 17.9709]]}}, {"type": "Feature", "properties": {"id": "CTR-02895", "elevation_m": 45.0}, "geometry": {"type": "LineString", "coordinates": [[121.46370566159958, 18.15], [121.46424566159958, 18.15]]}}, {"type": "Feature", "properties": {"id": "CTR-02896", "elevation_m": 45.0}, "geometry": {"type": "LineString", "coordinates": [[121.46326935439214, 18.149099999999997], [121.46380935439214, 18.149099999999997]]}}, {"type": "Feature", "properties": {"id": "CTR-02897", "elevation_m": 45.0}, "geometry": {"type": "LineString", "coordinates": [[121.46297213022487, 18.1482], [121.46351213022487, 18.1482]]}}, {"type": "Feature", "properties": {"id": "CTR-02898", "elevation_m": 45.0}, "geometry": {"type": "LineString", "coordinates": [[121.46280483790585, 18.147299999999998], [121.46334483790585, 18.147299999999998]]}}, {"type": "Feature", "properties": {"id": "CTR-02899", "elevation_m": 45.0}, "geometry": {"type": "LineString", "coordinates": [[121.46279032418829, 18.1464], [121.46333032418829, 18.1464]]}}, {"type": "Feature", "properties": {"id": "CTR-02900", "elevation_m": 45.0}, "geometry": {"type": "LineString", "coordinates": [[121.46292096720605, 18.1455], [121.46346096720605, 18.1455]]}}, {"type": "Feature", "properties": {"id": "CTR-02901", "elevation_m": 45.0}, "geometry": {"type": "LineString", "coordinates": [[121.46319677472943, 18.144599999999997], [121.46373677472943, 18.144599999999997]]}}, {"type": "Feature", "properties": {"id": "CTR-02902", "elevation_m": 45.0}, "geometry": {"type": "LineString", "coordinates": [[121.4635867939195, 18.1437], [121.4641267939195, 18.1437]]}}, {"type": "Feature", "properties": {"id": "CTR-02903", "elevation_m": 45.0}, "geometry": {"type": "LineString", "coordinates": [[121.4640923097238, 18.142799999999998], [121.4646323097238, 18.142799999999998]]}}, {"type": "Feature", "properties": {"id": "CTR-02904", "elevation_m": 45.0}, "geometry": {"type": "LineString", "coordinates": [[121.4646824980688, 18.1419], [121.4652224980688, 18.1419]]}}, {"type": "Feature", "properties": {"id": "CTR-02905", "elevation_m": 45.0}, "geometry": {"type": "LineString", "coordinates": [[121.47066922061153, 18.1419], [121.47120922061153, 18.1419]]}}, {"type": "Feature", "properties": {"id": "CTR-02906", "elevation_m": 45.0}, "geometry": {"type": "LineString", "coordinates": [[121.4734799972534, 18.1419], [121.47401999725341, 18.1419]]}}, {"type": "Feature", "properties": {"id": "CTR-02907", "elevation_m": 45.0}, "geometry": {"type": "LineString", "coordinates": [[121.4653440032959, 18.141], [121.4658840032959, 18.141]]}}, {"type": "Feature", "properties": {"id": "CTR-02908", "elevation_m": 45.0}, "geometry": {"type": "LineString", "coordinates": [[121.46941578662062, 18.141], [121.46995578662062, 18.141]]}}, {"type": "Feature", "properties": {"id": "CTR-02909", "elevation_m": 45.0}, "geometry": {"type": "LineString", "coordinates": [[121.47433171038062, 18.141], [121.47487171038063, 18.141]]}}, {"type": "Feature", "properties": {"id": "CTR-02910", "elevation_m": 45.0}, "geometry": {"type": "LineString", "coordinates": [[121.46606400604247, 18.1401], [121.46660400604247, 18.1401]]}}, {"type": "Feature", "properties": {"id": "CTR-02911", "elevation_m": 45.0}, "geometry": {"type": "LineString", "coordinates": [[121.46835, 18.1401], [121.46889, 18.1401]]}}, {"type": "Feature", "properties": {"id": "CTR-02912", "elevation_m": 45.0}, "geometry": {"type": "LineString", "coordinates": [[121.47478499957084, 18.1401], [121.47532499957084, 18.1401]]}}, {"type": "Feature", "properties": {"id": "CTR-02913", "elevation_m": 45.0}, "geometry": {"type": "LineString", "coordinates": [[121.47503414899654, 18.1392], [121.47557414899654, 18.1392]]}}, {"type": "Feature", "properties": {"id": "CTR-02914", "elevation_m": 45.0}, "geometry": {"type": "LineString", "coordinates": [[121.47505609653979, 18.138299999999997], [121.47559609653979, 18.138299999999997]]}}, {"type": "Feature", "properties": {"id": "CTR-02915", "elevation_m": 45.0}, "geometry": {"type": "LineString", "coordinates": [[121.46646, 18.1374], [121.467, 18.1374]]}}, {"type": "Feature", "properties": {"id": "CTR-02916", "elevation_m": 45.0}, "geometry": {"type": "LineString", "coordinates": [[121.46809285013623, 18.1374], [121.46863285013623, 18.1374]]}}, {"type": "Feature", "properties": {"id": "CTR-02917", "elevation_m": 45.0}, "geometry": {"type": "LineString", "coordinates": [[121.4748585351557, 18.1374], [121.4753985351557, 18.1374]]}}, {"type": "Feature", "properties": {"id": "CTR-02918", "elevation_m": 45.0}, "geometry": {"type": "LineString", "coordinates": [[121.46555999450683, 18.136499999999998], [121.46609999450683, 18.136499999999998]]}}, {"type": "Feature", "properties": {"id": "CTR-02919", "elevation_m": 45.0}, "geometry": {"type": "LineString", "coordinates": [[121.4691315798984, 18.136499999999998], [121.4696715798984, 18.136499999999998]]}}, {"type": "Feature", "properties": {"id": "CTR-02920", "elevation_m": 45.0}, "geometry": {"type": "LineString", "coordinates": [[121.47446341238754, 18.136499999999998], [121.47500341238754, 18.136499999999998]]}}, {"type": "Feature", "properties": {"id": "CTR-02921", "elevation_m": 45.0}, "geometry": {"type": "LineString", "coordinates": [[121.46486249785424, 18.1356], [121.46540249785424, 18.1356]]}}, {"type": "Feature", "properties": {"id": "CTR-02922", "elevation_m": 45.0}, "geometry": {"type": "LineString", "coordinates": [[121.4703631597968, 18.1356], [121.4709031597968, 18.1356]]}}, {"type": "Feature", "properties": {"id": "CTR-02923", "elevation_m": 45.0}, "geometry": {"type": "LineString", "coordinates": [[121.47371538359963, 18.1356], [121.47425538359963, 18.1356]]}}, {"type": "Feature", "properties": {"id": "CTR-02924", "elevation_m": 45.0}, "geometry": {"type": "LineString", "coordinates": [[121.46421509543963, 18.1347], [121.46475509543963, 18.1347]]}}, {"type": "Feature", "properties": {"id": "CTR-02925", "elevation_m": 45.0}, "geometry": {"type": "LineString", "coordinates": [[121.46368867680083, 18.133799999999997], [121.46422867680083, 18.133799999999997]]}}, {"type": "Feature", "properties": {"id": "CTR-02926", "elevation_m": 45.0}, "geometry": {"type": "LineString", "coordinates": [[121.463225807702, 18.1329], [121.463765807702, 18.1329]]}}, {"type": "Feature", "properties": {"id": "CTR-02927", "elevation_m": 45.0}, "geometry": {"type": "LineString", "coordinates": [[121.46290645054113, 18.131999999999998], [121.46344645054113, 18.131999999999998]]}}, {"type": "Feature", "properties": {"id": "CTR-02928", "elevation_m": 45.0}, "geometry": {"type": "LineString", "coordinates": [[121.46268871039192, 18.1311], [121.46322871039192, 18.1311]]}}, {"type": "Feature", "properties": {"id": "CTR-02929", "elevation_m": 45.0}, "geometry": {"type": "LineString", "coordinates": [[121.46263064560786, 18.1302], [121.46317064560786, 18.1302]]}}, {"type": "Feature", "properties": {"id": "CTR-02930", "elevation_m": 45.0}, "geometry": {"type": "LineString", "coordinates": [[121.46271774318586, 18.129299999999997], [121.46325774318586, 18.129299999999997]]}}, {"type": "Feature", "properties": {"id": "CTR-02931", "elevation_m": 45.0}, "geometry": {"type": "LineString", "coordinates": [[121.46294285835387, 18.1284], [121.46348285835387, 18.1284]]}}, {"type": "Feature", "properties": {"id": "CTR-02932", "elevation_m": 45.0}, "geometry": {"type": "LineString", "coordinates": [[121.4632838688242, 18.127499999999998], [121.4638238688242, 18.127499999999998]]}}, {"type": "Feature", "properties": {"id": "CTR-02933", "elevation_m": 45.0}, "geometry": {"type": "LineString", "coordinates": [[121.46375660304024, 18.1266], [121.46429660304024, 18.1266]]}}, {"type": "Feature", "properties": {"id": "CTR-02934", "elevation_m": 45.0}, "geometry": {"type": "LineString", "coordinates": [[121.46426603688029, 18.1257], [121.46480603688029, 18.1257]]}}, {"type": "Feature", "properties": {"id": "CTR-02935", "elevation_m": 45.0}, "geometry": {"type": "LineString", "coordinates": [[121.46489268415225, 18.124799999999997], [121.46543268415225, 18.124799999999997]]}}, {"type": "Feature", "properties": {"id": "CTR-02936", "elevation_m": 45.0}, "geometry": {"type": "LineString", "coordinates": [[121.47031578662062, 18.124799999999997], [121.47085578662062, 18.124799999999997]]}}, {"type": "Feature", "properties": {"id": "CTR-02937", "elevation_m": 45.0}, "geometry": {"type": "LineString", "coordinates": [[121.47371538359963, 18.124799999999997], [121.47425538359963, 18.124799999999997]]}}, {"type": "Feature", "properties": {"id": "CTR-02938", "elevation_m": 45.0}, "geometry": {"type": "LineString", "coordinates": [[121.46555999450683, 18.1239], [121.46609999450683, 18.1239]]}}, {"type": "Feature", "properties": {"id": "CTR-02939", "elevation_m": 45.0}, "geometry": {"type": "LineString", "coordinates": [[121.4691789511725, 18.1239], [121.4697189511725, 18.1239]]}}, {"type": "Feature", "properties": {"id": "CTR-02940", "elevation_m": 45.0}, "geometry": {"type": "LineString", "coordinates": [[121.47439756138408, 18.1239], [121.47493756138408, 18.1239]]}}, {"type": "Feature", "properties": {"id": "CTR-02941", "elevation_m": 45.0}, "geometry": {"type": "LineString", "coordinates": [[121.4661, 18.122999999999998], [121.46664, 18.122999999999998]]}}, {"type": "Feature", "properties": {"id": "CTR-02942", "elevation_m": 45.0}, "geometry": {"type": "LineString", "coordinates": [[121.4661, 18.122999999999998], [121.46664, 18.122999999999998]]}}, {"type": "Feature", "properties": {"id": "CTR-02943", "elevation_m": 45.0}, "geometry": {"type": "LineString", "coordinates": [[121.46831539070982, 18.122999999999998], [121.46885539070982, 18.122999999999998]]}}, {"type": "Feature", "properties": {"id": "CTR-02944", "elevation_m": 45.0}, "geometry": {"type": "LineString", "coordinates": [[121.47474878069204, 18.122999999999998], [121.47528878069204, 18.122999999999998]]}}, {"type": "Feature", "properties": {"id": "CTR-02945", "elevation_m": 45.0}, "geometry": {"type": "LineString", "coordinates": [[121.46664, 18.1221], [121.46718, 18.1221]]}}, {"type": "Feature", "properties": {"id": "CTR-02946", "elevation_m": 45.0}, "geometry": {"type": "LineString", "coordinates": [[121.4679, 18.1221], [121.46844, 18.1221]]}}, {"type": "Feature", "properties": {"id": "CTR-02947", "elevation_m": 45.0}, "geometry": {"type": "LineString", "coordinates": [[121.4679, 18.1221], [121.46844, 18.1221]]}}, {"type": "Feature", "properties": {"id": "CTR-02948", "elevation_m": 45.0}, "geometry": {"type": "LineString", "coordinates": [[121.47487500214578, 18.1221], [121.47541500214578, 18.1221]]}}, {"type": "Feature", "properties": {"id": "CTR-02949", "elevation_m": 45.0}, "geometry": {"type": "LineString", "coordinates": [[121.46628, 18.121199999999998], [121.46682, 18.121199999999998]]}}, {"type": "Feature", "properties": {"id": "CTR-02950", "elevation_m": 45.0}, "geometry": {"type": "LineString", "coordinates": [[121.46822142506811, 18.121199999999998], [121.46876142506811, 18.121199999999998]]}}, {"type": "Feature", "properties": {"id": "CTR-02951", "elevation_m": 45.0}, "geometry": {"type": "LineString", "coordinates": [[121.47477072823527, 18.121199999999998], [121.47531072823527, 18.121199999999998]]}}, {"type": "Feature", "properties": {"id": "CTR-02952", "elevation_m": 45.0}, "geometry": {"type": "LineString", "coordinates": [[121.46565, 18.1203], [121.46619, 18.1203]]}}, {"type": "Feature", "properties": {"id": "CTR-02953", "elevation_m": 45.0}, "geometry": {"type": "LineString", "coordinates": [[121.46908421337938, 18.1203], [121.46962421337938, 18.1203]]}}, {"type": "Feature", "properties": {"id": "CTR-02954", "elevation_m": 45.0}, "geometry": {"type": "LineString", "coordinates": [[121.47444750042915, 18.1203], [121.47498750042915, 18.1203]]}}, {"type": "Feature", "properties": {"id": "CTR-02955", "elevation_m": 45.0}, "geometry": {"type": "LineString", "coordinates": [[121.46497500214578, 18.1194], [121.46551500214578, 18.1194]]}}, {"type": "Feature", "properties": {"id": "CTR-02956", "elevation_m": 45.0}, "geometry": {"type": "LineString", "coordinates": [[121.47014999999999, 18.1194], [121.47068999999999, 18.1194]]}}, {"type": "Feature", "properties": {"id": "CTR-02957", "elevation_m": 45.0}, "geometry": {"type": "LineString", "coordinates": [[121.47381923178496, 18.1194], [121.47435923178496, 18.1194]]}}, {"type": "Feature", "properties": {"id": "CTR-02958", "elevation_m": 45.0}, "geometry": {"type": "LineString", "coordinates": [[121.4643450008583, 18.118499999999997], [121.4648850008583, 18.118499999999997]]}}, {"type": "Feature", "properties": {"id": "CTR-02959", "elevation_m": 45.0}, "geometry": {"type": "LineString", "coordinates": [[121.46382452927966, 18.1176], [121.46436452927966, 18.1176]]}}, {"type": "Feature", "properties": {"id": "CTR-02960", "elevation_m": 45.0}, "geometry": {"type": "LineString", "coordinates": [[121.4633419344121, 18.116699999999998], [121.4638819344121, 18.116699999999998]]}}, {"type": "Feature", "properties": {"id": "CTR-02961", "elevation_m": 45.0}, "geometry": {"type": "LineString", "coordinates": [[121.46297903279394, 18.1158], [121.46351903279394, 18.1158]]}}, {"type": "Feature", "properties": {"id": "CTR-02962", "elevation_m": 45.0}, "geometry": {"type": "LineString", "coordinates": [[121.46273225824314, 18.1149], [121.46327225824314, 18.1149]]}}, {"type": "Feature", "properties": {"id": "CTR-02963", "elevation_m": 45.0}, "geometry": {"type": "LineString", "coordinates": [[121.46261613117578, 18.113999999999997], [121.46315613117578, 18.113999999999997]]}}, {"type": "Feature", "properties": {"id": "CTR-02964", "elevation_m": 45.0}, "geometry": {"type": "LineString", "coordinates": [[121.46265967858044, 18.1131], [121.46319967858044, 18.1131]]}}, {"type": "Feature", "properties": {"id": "CTR-02965", "elevation_m": 45.0}, "geometry": {"type": "LineString", "coordinates": [[121.46284838798991, 18.112199999999998], [121.46338838798991, 18.112199999999998]]}}, {"type": "Feature", "properties": {"id": "CTR-02966", "elevation_m": 45.0}, "geometry": {"type": "LineString", "coordinates": [[121.46315714441417, 18.1113], [121.46369714441417, 18.1113]]}}, {"type": "Feature", "properties": {"id": "CTR-02967", "elevation_m": 45.0}, "geometry": {"type": "LineString", "coordinates": [[121.4635867939195, 18.1104], [121.4641267939195, 18.1104]]}}, {"type": "Feature", "properties": {"id": "CTR-02968", "elevation_m": 45.0}, "geometry": {"type": "LineString", "coordinates": [[121.46410000070642, 18.109499999999997], [121.46464000070642, 18.109499999999997]]}}, {"type": "Feature", "properties": {"id": "CTR-02969", "elevation_m": 45.0}, "geometry": {"type": "LineString", "coordinates": [[121.46471707031141, 18.1086], [121.46525707031141, 18.1086]]}}, {"type": "Feature", "properties": {"id": "CTR-02970", "elevation_m": 45.0}, "geometry": {"type": "LineString", "coordinates": [[121.47087692713987, 18.1086], [121.47141692713987, 18.1086]]}}, {"type": "Feature", "properties": {"id": "CTR-02971", "elevation_m": 45.0}, "geometry": {"type": "LineString", "coordinates": [[121.47333460979796, 18.1086], [121.47387460979796, 18.1086]]}}, {"type": "Feature", "properties": {"id": "CTR-02972", "elevation_m": 45.0}, "geometry": {"type": "LineString", "coordinates": [[121.46537307539944, 18.107699999999998], [121.46591307539944, 18.107699999999998]]}}, {"type": "Feature", "properties": {"id": "CTR-02973", "elevation_m": 45.0}, "geometry": {"type": "LineString", "coordinates": [[121.46951052441375, 18.107699999999998], [121.47005052441375, 18.107699999999998]]}}, {"type": "Feature", "properties": {"id": "CTR-02974", "elevation_m": 45.0}, "geometry": {"type": "LineString", "coordinates": [[121.47422194754324, 18.107699999999998], [121.47476194754324, 18.107699999999998]]}}, {"type": "Feature", "properties": {"id": "CTR-02975", "elevation_m": 45.0}, "geometry": {"type": "LineString", "coordinates": [[121.46603076821502, 18.1068], [121.46657076821502, 18.1068]]}}, {"type": "Feature", "properties": {"id": "CTR-02976", "elevation_m": 45.0}, "geometry": {"type": "LineString", "coordinates": [[121.46847857493188, 18.1068], [121.46901857493188, 18.1068]]}}, {"type": "Feature", "properties": {"id": "CTR-02977", "elevation_m": 45.0}, "geometry": {"type": "LineString", "coordinates": [[121.47466097377162, 18.1068], [121.47520097377162, 18.1068]]}}, {"type": "Feature", "properties": {"id": "CTR-02978", "elevation_m": 45.0}, "geometry": {"type": "LineString", "coordinates": [[121.466836360799, 18.1059], [121.467376360799, 18.1059]]}}, {"type": "Feature", "properties": {"id": "CTR-02979", "elevation_m": 45.0}, "geometry": {"type": "LineString", "coordinates": [[121.46745, 18.1059], [121.46799, 18.1059]]}}, {"type": "Feature", "properties": {"id": "CTR-02980", "elevation_m": 45.0}, "geometry": {"type": "LineString", "coordinates": [[121.47488049107267, 18.1059], [121.47542049107267, 18.1059]]}}, {"type": "Feature", "properties": {"id": "CTR-02981", "elevation_m": 45.0}, "geometry": {"type": "LineString", "coordinates": [[121.466836360799, 18.104999999999997], [121.467376360799, 18.104999999999997]]}}, {"type": "Feature", "properties": {"id": "CTR-02982", "elevation_m": 45.0}, "geometry": {"type": "LineString", "coordinates": [[121.46745, 18.104999999999997], [121.46799, 18.104999999999997]]}}, {"type": "Feature", "properties": {"id": "CTR-02983", "elevation_m": 45.0}, "geometry": {"type": "LineString", "coordinates": [[121.47488049107267, 18.104999999999997], [121.47542049107267, 18.104999999999997]]}}, {"type": "Feature", "properties": {"id": "CTR-02984", "elevation_m": 45.0}, "geometry": {"type": "LineString", "coordinates": [[121.46603076821502, 18.1041], [121.46657076821502, 18.1041]]}}, {"type": "Feature", "properties": {"id": "CTR-02985", "elevation_m": 45.0}, "geometry": {"type": "LineString", "coordinates": [[121.46847857493188, 18.1041], [121.46901857493188, 18.1041]]}}, {"type": "Feature", "properties": {"id": "CTR-02986", "elevation_m": 45.0}, "geometry": {"type": "LineString", "coordinates": [[121.47463902622837, 18.1041], [121.47517902622837, 18.1041]]}}, {"type": "Feature", "properties": {"id": "CTR-02987", "elevation_m": 45.0}, "geometry": {"type": "LineString", "coordinates": [[121.46537307539944, 18.103199999999998], [121.46591307539944, 18.103199999999998]]}}, {"type": "Feature", "properties": {"id": "CTR-02988", "elevation_m": 45.0}, "geometry": {"type": "LineString", "coordinates": [[121.46949999576145, 18.103199999999998], [121.47003999576145, 18.103199999999998]]}}, {"type": "Feature", "properties": {"id": "CTR-02989", "elevation_m": 45.0}, "geometry": {"type": "LineString", "coordinates": [[121.47422194754324, 18.103199999999998], [121.47476194754324, 18.103199999999998]]}}, {"type": "Feature", "properties": {"id": "CTR-02990", "elevation_m": 45.0}, "geometry": {"type": "LineString", "coordinates": [[121.46473902622837, 18.1023], [121.46527902622837, 18.1023]]}}, {"type": "Feature", "properties": {"id": "CTR-02991", "elevation_m": 45.0}, "geometry": {"type": "LineString", "coordinates": [[121.4708076882446, 18.1023], [121.4713476882446, 18.1023]]}}, {"type": "Feature", "properties": {"id": "CTR-02992", "elevation_m": 45.0}, "geometry": {"type": "LineString", "coordinates": [[121.47333460979796, 18.1023], [121.47387460979796, 18.1023]]}}, {"type": "Feature", "properties": {"id": "CTR-02993", "elevation_m": 45.0}, "geometry": {"type": "LineString", "coordinates": [[121.46413333498167, 18.101399999999998], [121.46467333498167, 18.101399999999998]]}}, {"type": "Feature", "properties": {"id": "CTR-02994", "elevation_m": 45.0}, "geometry": {"type": "LineString", "coordinates": [[121.46363773536017, 18.1005], [121.46417773536017, 18.1005]]}}, {"type": "Feature", "properties": {"id": "CTR-02995", "elevation_m": 45.0}, "geometry": {"type": "LineString", "coordinates": [[121.463225807702, 18.0996], [121.463765807702, 18.0996]]}}, {"type": "Feature", "properties": {"id": "CTR-02996", "elevation_m": 45.0}, "geometry": {"type": "LineString", "coordinates": [[121.46294285835387, 18.098699999999997], [121.46348285835387, 18.098699999999997]]}}, {"type": "Feature", "properties": {"id": "CTR-02997", "elevation_m": 45.0}, "geometry": {"type": "LineString", "coordinates": [[121.46278571489121, 18.0978], [121.46332571489121, 18.0978]]}}, {"type": "Feature", "properties": {"id": "CTR-02998", "elevation_m": 45.0}, "geometry": {"type": "LineString", "coordinates": [[121.46277580493327, 18.096899999999998], [121.46331580493327, 18.096899999999998]]}}, {"type": "Feature", "properties": {"id": "CTR-02999", "elevation_m": 45.0}, "geometry": {"type": "LineString", "coordinates": [[121.46292096720605, 18.096], [121.46346096720605, 18.096]]}}, {"type": "Feature", "properties": {"id": "CTR-03000", "elevation_m": 45.0}, "geometry": {"type": "LineString", "coordinates": [[121.46319677472943, 18.0951], [121.46373677472943, 18.0951]]}}, {"type": "Feature", "properties": {"id": "CTR-03001", "elevation_m": 45.0}, "geometry": {"type": "LineString", "coordinates": [[121.46360377224045, 18.094199999999997], [121.46414377224045, 18.094199999999997]]}}, {"type": "Feature", "properties": {"id": "CTR-03002", "elevation_m": 45.0}, "geometry": {"type": "LineString", "coordinates": [[121.46411666596023, 18.0933], [121.46465666596023, 18.0933]]}}, {"type": "Feature", "properties": {"id": "CTR-03003", "elevation_m": 45.0}, "geometry": {"type": "LineString", "coordinates": [[121.46476097377162, 18.092399999999998], [121.46530097377162, 18.092399999999998]]}}, {"type": "Feature", "properties": {"id": "CTR-03004", "elevation_m": 45.0}, "geometry": {"type": "LineString", "coordinates": [[121.4708076882446, 18.092399999999998], [121.4713476882446, 18.092399999999998]]}}, {"type": "Feature", "properties": {"id": "CTR-03005", "elevation_m": 45.0}, "geometry": {"type": "LineString", "coordinates": [[121.47336923178497, 18.092399999999998], [121.47390923178497, 18.092399999999998]]}}, {"type": "Feature", "properties": {"id": "CTR-03006", "elevation_m": 45.0}, "geometry": {"type": "LineString", "coordinates": [[121.46552400054931, 18.0915], [121.46606400054931, 18.0915]]}}, {"type": "Feature", "properties": {"id": "CTR-03007", "elevation_m": 45.0}, "geometry": {"type": "LineString", "coordinates": [[121.4693210488275, 18.0915], [121.4698610488275, 18.0915]]}}, {"type": "Feature", "properties": {"id": "CTR-03008", "elevation_m": 45.0}, "geometry": {"type": "LineString", "coordinates": [[121.47428780692042, 18.0915], [121.47482780692042, 18.0915]]}}, {"type": "Feature", "properties": {"id": "CTR-03009", "elevation_m": 45.0}, "geometry": {"type": "LineString", "coordinates": [[121.46664, 18.0906], [121.46718, 18.0906]]}}, {"type": "Feature", "properties": {"id": "CTR-03010", "elevation_m": 45.0}, "geometry": {"type": "LineString", "coordinates": [[121.46796922061154, 18.0906], [121.46850922061154, 18.0906]]}}, {"type": "Feature", "properties": {"id": "CTR-03011", "elevation_m": 45.0}, "geometry": {"type": "LineString", "coordinates": [[121.47479268415225, 18.0906], [121.47533268415225, 18.0906]]}}, {"type": "Feature", "properties": {"id": "CTR-03012", "elevation_m": 45.0}, "geometry": {"type": "LineString", "coordinates": [[121.4751, 18.089699999999997], [121.47564, 18.089699999999997]]}}, {"type": "Feature", "properties": {"id": "CTR-03013", "elevation_m": 45.0}, "geometry": {"type": "LineString", "coordinates": [[121.4751, 18.089699999999997], [121.47564, 18.089699999999997]]}}, {"type": "Feature", "properties": {"id": "CTR-03014", "elevation_m": 45.0}, "geometry": {"type": "LineString", "coordinates": [[121.47518333192048, 18.0888], [121.47572333192048, 18.0888]]}}, {"type": "Feature", "properties": {"id": "CTR-03015", "elevation_m": 45.0}, "geometry": {"type": "LineString", "coordinates": [[121.47507805245675, 18.087899999999998], [121.47561805245675, 18.087899999999998]]}}, {"type": "Feature", "properties": {"id": "CTR-03016", "elevation_m": 45.0}, "geometry": {"type": "LineString", "coordinates": [[121.46646, 18.087], [121.467, 18.087]]}}, {"type": "Feature", "properties": {"id": "CTR-03017", "elevation_m": 45.0}, "geometry": {"type": "LineString", "coordinates": [[121.46810768824461, 18.087], [121.46864768824462, 18.087]]}}, {"type": "Feature", "properties": {"id": "CTR-03018", "elevation_m": 45.0}, "geometry": {"type": "LineString", "coordinates": [[121.47474878069204, 18.087], [121.47528878069204, 18.087]]}}, {"type": "Feature", "properties": {"id": "CTR-03019", "elevation_m": 45.0}, "geometry": {"type": "LineString", "coordinates": [[121.46544230820018, 18.0861], [121.46598230820018, 18.0861]]}}, {"type": "Feature", "properties": {"id": "CTR-03020", "elevation_m": 45.0}, "geometry": {"type": "LineString", "coordinates": [[121.46941578662062, 18.0861], [121.46995578662062, 18.0861]]}}, {"type": "Feature", "properties": {"id": "CTR-03021", "elevation_m": 45.0}, "geometry": {"type": "LineString", "coordinates": [[121.47424285792135, 18.0861], [121.47478285792135, 18.0861]]}}, {"type": "Feature", "properties": {"id": "CTR-03022", "elevation_m": 45.0}, "geometry": {"type": "LineString", "coordinates": [[121.46473902622837, 18.085199999999997], [121.46527902622837, 18.085199999999997]]}}, {"type": "Feature", "properties": {"id": "CTR-03023", "elevation_m": 45.0}, "geometry": {"type": "LineString", "coordinates": [[121.47087692713987, 18.085199999999997], [121.47141692713987, 18.085199999999997]]}}, {"type": "Feature", "properties": {"id": "CTR-03024", "elevation_m": 45.0}, "geometry": {"type": "LineString", "coordinates": [[121.4733, 18.085199999999997], [121.47384, 18.085199999999997]]}}, {"type": "Feature", "properties": {"id": "CTR-03025", "elevation_m": 45.0}, "geometry": {"type": "LineString", "coordinates": [[121.4733, 18.085199999999997], [121.47384, 18.085199999999997]]}}, {"type": "Feature", "properties": {"id": "CTR-03026", "elevation_m": 45.0}, "geometry": {"type": "LineString", "coordinates": [[121.4641471692002, 18.0843], [121.4646871692002, 18.0843]]}}, {"type": "Feature", "properties": {"id": "CTR-03027", "elevation_m": 45.0}, "geometry": {"type": "LineString", "coordinates": [[121.46368867680083, 18.083399999999997], [121.46422867680083, 18.083399999999997]]}}, {"type": "Feature", "properties": {"id": "CTR-03028", "elevation_m": 45.0}, "geometry": {"type": "LineString", "coordinates": [[121.46332857263958, 18.0825], [121.46386857263958, 18.0825]]}}, {"type": "Feature", "properties": {"id": "CTR-03029", "elevation_m": 45.0}, "geometry": {"type": "LineString", "coordinates": [[121.46313870878427, 18.081599999999998], [121.46367870878427, 18.081599999999998]]}}, {"type": "Feature", "properties": {"id": "CTR-03030", "elevation_m": 45.0}, "geometry": {"type": "LineString", "coordinates": [[121.46308571307469, 18.0807], [121.46362571307469, 18.0807]]}}, {"type": "Feature", "properties": {"id": "CTR-03031", "elevation_m": 45.0}, "geometry": {"type": "LineString", "coordinates": [[121.46318225681412, 18.0798], [121.46372225681412, 18.0798]]}}, {"type": "Feature", "properties": {"id": "CTR-03032", "elevation_m": 45.0}, "geometry": {"type": "LineString", "coordinates": [[121.46341697832095, 18.078899999999997], [121.46395697832095, 18.078899999999997]]}}, {"type": "Feature", "properties": {"id": "CTR-03033", "elevation_m": 45.0}, "geometry": {"type": "LineString", "coordinates": [[121.46383333286238, 18.078], [121.46437333286238, 18.078]]}}, {"type": "Feature", "properties": {"id": "CTR-03034", "elevation_m": 45.0}, "geometry": {"type": "LineString", "coordinates": [[121.46436585100345, 18.077099999999998], [121.46490585100345, 18.077099999999998]]}}, {"type": "Feature", "properties": {"id": "CTR-03035", "elevation_m": 45.0}, "geometry": {"type": "LineString", "coordinates": [[121.46506828961937, 18.0762], [121.46560828961937, 18.0762]]}}, {"type": "Feature", "properties": {"id": "CTR-03036", "elevation_m": 45.0}, "geometry": {"type": "LineString", "coordinates": [[121.4700789511725, 18.0762], [121.4706189511725, 18.0762]]}}, {"type": "Feature", "properties": {"id": "CTR-03037", "elevation_m": 45.0}, "geometry": {"type": "LineString", "coordinates": [[121.47380000423854, 18.0762], [121.47434000423854, 18.0762]]}}, {"type": "Feature", "properties": {"id": "CTR-03038", "elevation_m": 45.0}, "geometry": {"type": "LineString", "coordinates": [[121.46606539020203, 18.0753], [121.46660539020203, 18.0753]]}}, {"type": "Feature", "properties": {"id": "CTR-03039", "elevation_m": 45.0}, "geometry": {"type": "LineString", "coordinates": [[121.46845385427976, 18.0753], [121.46899385427976, 18.0753]]}}, {"type": "Feature", "properties": {"id": "CTR-03040", "elevation_m": 45.0}, "geometry": {"type": "LineString", "coordinates": [[121.47461707031141, 18.0753], [121.47515707031141, 18.0753]]}}, {"type": "Feature", "properties": {"id": "CTR-03041", "elevation_m": 45.0}, "geometry": {"type": "LineString", "coordinates": [[121.47516666807951, 18.074399999999997], [121.47570666807951, 18.074399999999997]]}}, {"type": "Feature", "properties": {"id": "CTR-03042", "elevation_m": 45.0}, "geometry": {"type": "LineString", "coordinates": [[121.47548333192049, 18.0735], [121.47602333192049, 18.0735]]}}, {"type": "Feature", "properties": {"id": "CTR-03043", "elevation_m": 45.0}, "geometry": {"type": "LineString", "coordinates": [[121.47563333192048, 18.072599999999998], [121.47617333192048, 18.072599999999998]]}}, {"type": "Feature", "properties": {"id": "CTR-03044", "elevation_m": 45.0}, "geometry": {"type": "LineString", "coordinates": [[121.47559999788072, 18.0717], [121.47613999788072, 18.0717]]}}, {"type": "Feature", "properties": {"id": "CTR-03045", "elevation_m": 45.0}, "geometry": {"type": "LineString", "coordinates": [[121.47541666607798, 18.0708], [121.47595666607798, 18.0708]]}}, {"type": "Feature", "properties": {"id": "CTR-03046", "elevation_m": 45.0}, "geometry": {"type": "LineString", "coordinates": [[121.47507857493187, 18.069899999999997], [121.47561857493187, 18.069899999999997]]}}, {"type": "Feature", "properties": {"id": "CTR-03047", "elevation_m": 45.0}, "geometry": {"type": "LineString", "coordinates": [[121.46592692460055, 18.069], [121.46646692460055, 18.069]]}}, {"type": "Feature", "properties": {"id": "CTR-03048", "elevation_m": 45.0}, "geometry": {"type": "LineString", "coordinates": [[121.46873077938845, 18.069], [121.46927077938845, 18.069]]}}, {"type": "Feature", "properties": {"id": "CTR-03049", "elevation_m": 45.0}, "geometry": {"type": "LineString", "coordinates": [[121.47452927176471, 18.069], [121.47506927176471, 18.069]]}}, {"type": "Feature", "properties": {"id": "CTR-03050", "elevation_m": 45.0}, "geometry": {"type": "LineString", "coordinates": [[121.46504250128746, 18.068099999999998], [121.46558250128746, 18.068099999999998]]}}, {"type": "Feature", "properties": {"id": "CTR-03051", "elevation_m": 45.0}, "geometry": {"type": "LineString", "coordinates": [[121.47014999999999, 18.068099999999998], [121.47068999999999, 18.068099999999998]]}}, {"type": "Feature", "properties": {"id": "CTR-03052", "elevation_m": 45.0}, "geometry": {"type": "LineString", "coordinates": [[121.47375, 18.068099999999998], [121.47429, 18.068099999999998]]}}, {"type": "Feature", "properties": {"id": "CTR-03053", "elevation_m": 45.0}, "geometry": {"type": "LineString", "coordinates": [[121.46443171038062, 18.0672], [121.46497171038062, 18.0672]]}}, {"type": "Feature", "properties": {"id": "CTR-03054", "elevation_m": 45.0}, "geometry": {"type": "LineString", "coordinates": [[121.464, 18.0663], [121.46454, 18.0663]]}}, {"type": "Feature", "properties": {"id": "CTR-03055", "elevation_m": 45.0}, "geometry": {"type": "LineString", "coordinates": [[121.46373333403976, 18.0654], [121.46427333403976, 18.0654]]}}, {"type": "Feature", "properties": {"id": "CTR-03056", "elevation_m": 45.0}, "geometry": {"type": "LineString", "coordinates": [[121.46361666807951, 18.0645], [121.46415666807951, 18.0645]]}}, {"type": "Feature", "properties": {"id": "CTR-03057", "elevation_m": 45.0}, "geometry": {"type": "LineString", "coordinates": [[121.46367169847987, 18.063599999999997], [121.46421169847987, 18.063599999999997]]}}, {"type": "Feature", "properties": {"id": "CTR-03058", "elevation_m": 45.0}, "geometry": {"type": "LineString", "coordinates": [[121.46390943384003, 18.0627], [121.46444943384003, 18.0627]]}}, {"type": "Feature", "properties": {"id": "CTR-03059", "elevation_m": 45.0}, "geometry": {"type": "LineString", "coordinates": [[121.4642833360413, 18.061799999999998], [121.4648233360413, 18.061799999999998]]}}, {"type": "Feature", "properties": {"id": "CTR-03060", "elevation_m": 45.0}, "geometry": {"type": "LineString", "coordinates": [[121.4649300008583, 18.0609], [121.4654700008583, 18.0609]]}}, {"type": "Feature", "properties": {"id": "CTR-03061", "elevation_m": 45.0}, "geometry": {"type": "LineString", "coordinates": [[121.47039999576145, 18.0609], [121.47093999576146, 18.0609]]}}, {"type": "Feature", "properties": {"id": "CTR-03062", "elevation_m": 45.0}, "geometry": {"type": "LineString", "coordinates": [[121.47357692713987, 18.0609], [121.47411692713987, 18.0609]]}}, {"type": "Feature", "properties": {"id": "CTR-03063", "elevation_m": 45.0}, "geometry": {"type": "LineString", "coordinates": [[121.46592000274657, 18.06], [121.46646000274657, 18.06]]}}, {"type": "Feature", "properties": {"id": "CTR-03064", "elevation_m": 45.0}, "geometry": {"type": "LineString", "coordinates": [[121.46879999999999, 18.06], [121.46933999999999, 18.06]]}}, {"type": "Feature", "properties": {"id": "CTR-03065", "elevation_m": 45.0}, "geometry": {"type": "LineString", "coordinates": [[121.46879999999999, 18.06], [121.46933999999999, 18.06]]}}, {"type": "Feature", "properties": {"id": "CTR-03066", "elevation_m": 45.0}, "geometry": {"type": "LineString", "coordinates": [[121.47450731584775, 18.06], [121.47504731584775, 18.06]]}}, {"type": "Feature", "properties": {"id": "CTR-03067", "elevation_m": 45.0}, "geometry": {"type": "LineString", "coordinates": [[121.47519818352059, 18.059099999999997], [121.47573818352059, 18.059099999999997]]}}, {"type": "Feature", "properties": {"id": "CTR-03068", "elevation_m": 45.0}, "geometry": {"type": "LineString", "coordinates": [[121.47568333392202, 18.0582], [121.47622333392202, 18.0582]]}}, {"type": "Feature", "properties": {"id": "CTR-03069", "elevation_m": 45.0}, "geometry": {"type": "LineString", "coordinates": [[121.47604285558583, 18.057299999999998], [121.47658285558583, 18.057299999999998]]}}, {"type": "Feature", "properties": {"id": "CTR-03070", "elevation_m": 45.0}, "geometry": {"type": "LineString", "coordinates": [[121.47624285558582, 18.0564], [121.47678285558582, 18.0564]]}}, {"type": "Feature", "properties": {"id": "CTR-03071", "elevation_m": 45.0}, "geometry": {"type": "LineString", "coordinates": [[121.47628571489122, 18.0555], [121.47682571489122, 18.0555]]}}, {"type": "Feature", "properties": {"id": "CTR-03072", "elevation_m": 45.0}, "geometry": {"type": "LineString", "coordinates": [[121.47618571549673, 18.054599999999997], [121.47672571549673, 18.054599999999997]]}}, {"type": "Feature", "properties": {"id": "CTR-03073", "elevation_m": 45.0}, "geometry": {"type": "LineString", "coordinates": [[121.47595000176607, 18.0537], [121.47649000176607, 18.0537]]}}, {"type": "Feature", "properties": {"id": "CTR-03074", "elevation_m": 45.0}, "geometry": {"type": "LineString", "coordinates": [[121.47556666713761, 18.052799999999998], [121.47610666713761, 18.052799999999998]]}}, {"type": "Feature", "properties": {"id": "CTR-03075", "elevation_m": 45.0}, "geometry": {"type": "LineString", "coordinates": [[121.47511666395869, 18.0519], [121.47565666395869, 18.0519]]}}, {"type": "Feature", "properties": {"id": "CTR-03076", "elevation_m": 45.0}, "geometry": {"type": "LineString", "coordinates": [[121.46592000274657, 18.051], [121.46646000274657, 18.051]]}}, {"type": "Feature", "properties": {"id": "CTR-03077", "elevation_m": 45.0}, "geometry": {"type": "LineString", "coordinates": [[121.46879999999999, 18.051], [121.46933999999999, 18.051]]}}, {"type": "Feature", "properties": {"id": "CTR-03078", "elevation_m": 45.0}, "geometry": {"type": "LineString", "coordinates": [[121.46879999999999, 18.051], [121.46933999999999, 18.051]]}}, {"type": "Feature", "properties": {"id": "CTR-03079", "elevation_m": 45.0}, "geometry": {"type": "LineString", "coordinates": [[121.47452143032307, 18.051], [121.47506143032307, 18.051]]}}, {"type": "Feature", "properties": {"id": "CTR-03080", "elevation_m": 45.0}, "geometry": {"type": "LineString", "coordinates": [[121.46511219307958, 18.050099999999997], [121.46565219307958, 18.050099999999997]]}}, {"type": "Feature", "properties": {"id": "CTR-03081", "elevation_m": 45.0}, "geometry": {"type": "LineString", "coordinates": [[121.47000000635781, 18.050099999999997], [121.47054000635781, 18.050099999999997]]}}, {"type": "Feature", "properties": {"id": "CTR-03082", "elevation_m": 45.0}, "geometry": {"type": "LineString", "coordinates": [[121.47386666760858, 18.050099999999997], [121.47440666760858, 18.050099999999997]]}}, {"type": "Feature", "properties": {"id": "CTR-03083", "elevation_m": 45.0}, "geometry": {"type": "LineString", "coordinates": [[121.46469512276816, 18.0492], [121.46523512276816, 18.0492]]}}, {"type": "Feature", "properties": {"id": "CTR-03084", "elevation_m": 45.0}, "geometry": {"type": "LineString", "coordinates": [[121.47101539070981, 18.0492], [121.47155539070981, 18.0492]]}}, {"type": "Feature", "properties": {"id": "CTR-03085", "elevation_m": 45.0}, "geometry": {"type": "LineString", "coordinates": [[121.47313636079899, 18.0492], [121.47367636079899, 18.0492]]}}, {"type": "Feature", "properties": {"id": "CTR-03086", "elevation_m": 45.0}, "geometry": {"type": "LineString", "coordinates": [[121.46448000343321, 18.048299999999998], [121.46502000343321, 18.048299999999998]]}}, {"type": "Feature", "properties": {"id": "CTR-03087", "elevation_m": 45.0}, "geometry": {"type": "LineString", "coordinates": [[121.4724, 18.048299999999998], [121.47294, 18.048299999999998]]}}, {"type": "Feature", "properties": {"id": "CTR-03088", "elevation_m": 45.0}, "geometry": {"type": "LineString", "coordinates": [[121.4724, 18.048299999999998], [121.47294, 18.048299999999998]]}}, {"type": "Feature", "properties": {"id": "CTR-03089", "elevation_m": 45.0}, "geometry": {"type": "LineString", "coordinates": [[121.46449756138408, 18.0474], [121.46503756138408, 18.0474]]}}, {"type": "Feature", "properties": {"id": "CTR-03090", "elevation_m": 45.0}, "geometry": {"type": "LineString", "coordinates": [[121.4724, 18.0474], [121.47294, 18.0474]]}}, {"type": "Feature", "properties": {"id": "CTR-03091", "elevation_m": 45.0}, "geometry": {"type": "LineString", "coordinates": [[121.4724, 18.0474], [121.47294, 18.0474]]}}, {"type": "Feature", "properties": {"id": "CTR-03092", "elevation_m": 45.0}, "geometry": {"type": "LineString", "coordinates": [[121.46472749935626, 18.046499999999998], [121.46526749935626, 18.046499999999998]]}}, {"type": "Feature", "properties": {"id": "CTR-03093", "elevation_m": 45.0}, "geometry": {"type": "LineString", "coordinates": [[121.47094614572023, 18.046499999999998], [121.47148614572023, 18.046499999999998]]}}, {"type": "Feature", "properties": {"id": "CTR-03094", "elevation_m": 45.0}, "geometry": {"type": "LineString", "coordinates": [[121.4733, 18.046499999999998], [121.47384, 18.046499999999998]]}}, {"type": "Feature", "properties": {"id": "CTR-03095", "elevation_m": 45.0}, "geometry": {"type": "LineString", "coordinates": [[121.4733, 18.046499999999998], [121.47384, 18.046499999999998]]}}, {"type": "Feature", "properties": {"id": "CTR-03096", "elevation_m": 45.0}, "geometry": {"type": "LineString", "coordinates": [[121.46517805245675, 18.0456], [121.46571805245675, 18.0456]]}}, {"type": "Feature", "properties": {"id": "CTR-03097", "elevation_m": 45.0}, "geometry": {"type": "LineString", "coordinates": [[121.46980000211927, 18.0456], [121.47034000211927, 18.0456]]}}, {"type": "Feature", "properties": {"id": "CTR-03098", "elevation_m": 45.0}, "geometry": {"type": "LineString", "coordinates": [[121.47399230464508, 18.0456], [121.47453230464508, 18.0456]]}}, {"type": "Feature", "properties": {"id": "CTR-03099", "elevation_m": 45.0}, "geometry": {"type": "LineString", "coordinates": [[121.46618998626687, 18.0447], [121.46672998626687, 18.0447]]}}, {"type": "Feature", "properties": {"id": "CTR-03100", "elevation_m": 45.0}, "geometry": {"type": "LineString", "coordinates": [[121.46831539070982, 18.0447], [121.46885539070982, 18.0447]]}}, {"type": "Feature", "properties": {"id": "CTR-03101", "elevation_m": 45.0}, "geometry": {"type": "LineString", "coordinates": [[121.47466097377162, 18.0447], [121.47520097377162, 18.0447]]}}, {"type": "Feature", "properties": {"id": "CTR-03102", "elevation_m": 45.0}, "geometry": {"type": "LineString", "coordinates": [[121.47531666807951, 18.043799999999997], [121.47585666807952, 18.043799999999997]]}}, {"type": "Feature", "properties": {"id": "CTR-03103", "elevation_m": 45.0}, "geometry": {"type": "LineString", "coordinates": [[121.47588333403975, 18.0429], [121.47642333403975, 18.0429]]}}, {"type": "Feature", "properties": {"id": "CTR-03104", "elevation_m": 45.0}, "geometry": {"type": "LineString", "coordinates": [[121.47634285895937, 18.041999999999998], [121.47688285895937, 18.041999999999998]]}}, {"type": "Feature", "properties": {"id": "CTR-03105", "elevation_m": 45.0}, "geometry": {"type": "LineString", "coordinates": [[121.47671428450327, 18.0411], [121.47725428450327, 18.0411]]}}, {"type": "Feature", "properties": {"id": "CTR-03106", "elevation_m": 45.0}, "geometry": {"type": "LineString", "coordinates": [[121.4769671633378, 18.0402], [121.4775071633378, 18.0402]]}}, {"type": "Feature", "properties": {"id": "CTR-03107", "elevation_m": 45.0}, "geometry": {"type": "LineString", "coordinates": [[121.47707462778344, 18.039299999999997], [121.47761462778344, 18.039299999999997]]}}, {"type": "Feature", "properties": {"id": "CTR-03108", "elevation_m": 45.0}, "geometry": {"type": "LineString", "coordinates": [[121.47704776157643, 18.0384], [121.47758776157643, 18.0384]]}}, {"type": "Feature", "properties": {"id": "CTR-03109", "elevation_m": 45.0}, "geometry": {"type": "LineString", "coordinates": [[121.47688548628244, 18.037499999999998], [121.47742548628244, 18.037499999999998]]}}, {"type": "Feature", "properties": {"id": "CTR-03110", "elevation_m": 45.0}, "geometry": {"type": "LineString", "coordinates": [[121.47659516209414, 18.0366], [121.47713516209414, 18.0366]]}}, {"type": "Feature", "properties": {"id": "CTR-03111", "elevation_m": 45.0}, "geometry": {"type": "LineString", "coordinates": [[121.47622857082305, 18.0357], [121.47676857082305, 18.0357]]}}, {"type": "Feature", "properties": {"id": "CTR-03112", "elevation_m": 45.0}, "geometry": {"type": "LineString", "coordinates": [[121.47581666596024, 18.034799999999997], [121.47635666596024, 18.034799999999997]]}}, {"type": "Feature", "properties": {"id": "CTR-03113", "elevation_m": 45.0}, "geometry": {"type": "LineString", "coordinates": [[121.4754, 18.0339], [121.47594, 18.0339]]}}, {"type": "Feature", "properties": {"id": "CTR-03114", "elevation_m": 45.0}, "geometry": {"type": "LineString", "coordinates": [[121.47505609653979, 18.032999999999998], [121.47559609653979, 18.032999999999998]]}}, {"type": "Feature", "properties": {"id": "CTR-03115", "elevation_m": 45.0}, "geometry": {"type": "LineString", "coordinates": [[121.46655, 18.0321], [121.46709, 18.0321]]}}, {"type": "Feature", "properties": {"id": "CTR-03116", "elevation_m": 45.0}, "geometry": {"type": "LineString", "coordinates": [[121.46803846356994, 18.0321], [121.46857846356994, 18.0321]]}}, {"type": "Feature", "properties": {"id": "CTR-03117", "elevation_m": 45.0}, "geometry": {"type": "LineString", "coordinates": [[121.47477072823527, 18.0321], [121.47531072823527, 18.0321]]}}, {"type": "Feature", "properties": {"id": "CTR-03118", "elevation_m": 45.0}, "geometry": {"type": "LineString", "coordinates": [[121.46628, 18.0312], [121.46682, 18.0312]]}}, {"type": "Feature", "properties": {"id": "CTR-03119", "elevation_m": 45.0}, "geometry": {"type": "LineString", "coordinates": [[121.46824614572023, 18.0312], [121.46878614572023, 18.0312]]}}, {"type": "Feature", "properties": {"id": "CTR-03120", "elevation_m": 45.0}, "geometry": {"type": "LineString", "coordinates": [[121.47471428688203, 18.0312], [121.47525428688203, 18.0312]]}}, {"type": "Feature", "properties": {"id": "CTR-03121", "elevation_m": 45.0}, "geometry": {"type": "LineString", "coordinates": [[121.467, 18.030299999999997], [121.46754, 18.030299999999997]]}}, {"type": "Feature", "properties": {"id": "CTR-03122", "elevation_m": 45.0}, "geometry": {"type": "LineString", "coordinates": [[121.467, 18.030299999999997], [121.46754, 18.030299999999997]]}}, {"type": "Feature", "properties": {"id": "CTR-03123", "elevation_m": 45.0}, "geometry": {"type": "LineString", "coordinates": [[121.47488049107267, 18.030299999999997], [121.47542049107267, 18.030299999999997]]}}, {"type": "Feature", "properties": {"id": "CTR-03124", "elevation_m": 45.0}, "geometry": {"type": "LineString", "coordinates": [[121.47523333615902, 18.0294], [121.47577333615902, 18.0294]]}}, {"type": "Feature", "properties": {"id": "CTR-03125", "elevation_m": 45.0}, "geometry": {"type": "LineString", "coordinates": [[121.47566666596023, 18.028499999999998], [121.47620666596023, 18.028499999999998]]}}, {"type": "Feature", "properties": {"id": "CTR-03126", "elevation_m": 45.0}, "geometry": {"type": "LineString", "coordinates": [[121.4761714277929, 18.0276], [121.4767114277929, 18.0276]]}}, {"type": "Feature", "properties": {"id": "CTR-03127", "elevation_m": 45.0}, "geometry": {"type": "LineString", "coordinates": [[121.47667142917693, 18.026699999999998], [121.47721142917693, 18.026699999999998]]}}, {"type": "Feature", "properties": {"id": "CTR-03128", "elevation_m": 45.0}, "geometry": {"type": "LineString", "coordinates": [[121.47713181573852, 18.0258], [121.47767181573852, 18.0258]]}}, {"type": "Feature", "properties": {"id": "CTR-03129", "elevation_m": 45.0}, "geometry": {"type": "LineString", "coordinates": [[121.47753134305414, 18.0249], [121.47807134305414, 18.0249]]}}, {"type": "Feature", "properties": {"id": "CTR-03130", "elevation_m": 45.0}, "geometry": {"type": "LineString", "coordinates": [[121.4778276928765, 18.023999999999997], [121.4783676928765, 18.023999999999997]]}}, {"type": "Feature", "properties": {"id": "CTR-03131", "elevation_m": 45.0}, "geometry": {"type": "LineString", "coordinates": [[121.47799687432943, 18.0231], [121.47853687432944, 18.0231]]}}, {"type": "Feature", "properties": {"id": "CTR-03132", "elevation_m": 45.0}, "geometry": {"type": "LineString", "coordinates": [[121.47803538290891, 18.022199999999998], [121.47857538290891, 18.022199999999998]]}}, {"type": "Feature", "properties": {"id": "CTR-03133", "elevation_m": 45.0}, "geometry": {"type": "LineString", "coordinates": [[121.47792461530335, 18.0213], [121.47846461530335, 18.0213]]}}, {"type": "Feature", "properties": {"id": "CTR-03134", "elevation_m": 45.0}, "geometry": {"type": "LineString", "coordinates": [[121.47769253517197, 18.0204], [121.47823253517197, 18.0204]]}}, {"type": "Feature", "properties": {"id": "CTR-03135", "elevation_m": 45.0}, "geometry": {"type": "LineString", "coordinates": [[121.4773835814777, 18.019499999999997], [121.4779235814777, 18.019499999999997]]}}, {"type": "Feature", "properties": {"id": "CTR-03136", "elevation_m": 45.0}, "geometry": {"type": "LineString", "coordinates": [[121.47703432667562, 18.0186], [121.47757432667562, 18.0186]]}}, {"type": "Feature", "properties": {"id": "CTR-03137", "elevation_m": 45.0}, "geometry": {"type": "LineString", "coordinates": [[121.47667142917693, 18.017699999999998], [121.47721142917693, 18.017699999999998]]}}, {"type": "Feature", "properties": {"id": "CTR-03138", "elevation_m": 45.0}, "geometry": {"type": "LineString", "coordinates": [[121.47635714225163, 18.0168], [121.47689714225163, 18.0168]]}}, {"type": "Feature", "properties": {"id": "CTR-03139", "elevation_m": 45.0}, "geometry": {"type": "LineString", "coordinates": [[121.47614285558582, 18.0159], [121.47668285558582, 18.0159]]}}, {"type": "Feature", "properties": {"id": "CTR-03140", "elevation_m": 45.0}, "geometry": {"type": "LineString", "coordinates": [[121.47605714406815, 18.014999999999997], [121.47659714406815, 18.014999999999997]]}}, {"type": "Feature", "properties": {"id": "CTR-03141", "elevation_m": 45.0}, "geometry": {"type": "LineString", "coordinates": [[121.47611613117577, 18.0141], [121.47665613117577, 18.0141]]}}, {"type": "Feature", "properties": {"id": "CTR-03142", "elevation_m": 45.0}, "geometry": {"type": "LineString", "coordinates": [[121.47633387087842, 18.013199999999998], [121.47687387087842, 18.013199999999998]]}}, {"type": "Feature", "properties": {"id": "CTR-03143", "elevation_m": 45.0}, "geometry": {"type": "LineString", "coordinates": [[121.47668225681412, 18.0123], [121.47722225681412, 18.0123]]}}, {"type": "Feature", "properties": {"id": "CTR-03144", "elevation_m": 45.0}, "geometry": {"type": "LineString", "coordinates": [[121.47711492575553, 18.0114], [121.47765492575553, 18.0114]]}}, {"type": "Feature", "properties": {"id": "CTR-03145", "elevation_m": 45.0}, "geometry": {"type": "LineString", "coordinates": [[121.47758181833944, 18.010499999999997], [121.47812181833945, 18.010499999999997]]}}, {"type": "Feature", "properties": {"id": "CTR-03146", "elevation_m": 45.0}, "geometry": {"type": "LineString", "coordinates": [[121.47806307594794, 18.0096], [121.47860307594794, 18.0096]]}}, {"type": "Feature", "properties": {"id": "CTR-03147", "elevation_m": 45.0}, "geometry": {"type": "LineString", "coordinates": [[121.47850615400867, 18.008699999999997], [121.47904615400867, 18.008699999999997]]}}, {"type": "Feature", "properties": {"id": "CTR-03148", "elevation_m": 45.0}, "geometry": {"type": "LineString", "coordinates": [[121.47888620587597, 18.0078], [121.47942620587597, 18.0078]]}}, {"type": "Feature", "properties": {"id": "CTR-03149", "elevation_m": 45.0}, "geometry": {"type": "LineString", "coordinates": [[121.47914210357243, 18.006899999999998], [121.47968210357243, 18.006899999999998]]}}, {"type": "Feature", "properties": {"id": "CTR-03150", "elevation_m": 45.0}, "geometry": {"type": "LineString", "coordinates": [[121.47924310293799, 18.006], [121.47978310293799, 18.006]]}}, {"type": "Feature", "properties": {"id": "CTR-03151", "elevation_m": 45.0}, "geometry": {"type": "LineString", "coordinates": [[121.47918947611463, 18.0051], [121.47972947611463, 18.0051]]}}, {"type": "Feature", "properties": {"id": "CTR-03152", "elevation_m": 45.0}, "geometry": {"type": "LineString", "coordinates": [[121.47898421116034, 18.004199999999997], [121.47952421116034, 18.004199999999997]]}}, {"type": "Feature", "properties": {"id": "CTR-03153", "elevation_m": 45.0}, "geometry": {"type": "LineString", "coordinates": [[121.47867230712349, 18.0033], [121.47921230712349, 18.0033]]}}, {"type": "Feature", "properties": {"id": "CTR-03154", "elevation_m": 45.0}, "geometry": {"type": "LineString", "coordinates": [[121.47833437701165, 18.002399999999998], [121.47887437701165, 18.002399999999998]]}}, {"type": "Feature", "properties": {"id": "CTR-03155", "elevation_m": 45.0}, "geometry": {"type": "LineString", "coordinates": [[121.47798000105637, 18.0015], [121.47852000105637, 18.0015]]}}, {"type": "Feature", "properties": {"id": "CTR-03156", "elevation_m": 45.0}, "geometry": {"type": "LineString", "coordinates": [[121.47766363841285, 18.0006], [121.47820363841285, 18.0006]]}}, {"type": "Feature", "properties": {"id": "CTR-03157", "elevation_m": 45.0}, "geometry": {"type": "LineString", "coordinates": [[121.47742388120886, 17.999699999999997], [121.47796388120886, 17.999699999999997]]}}, {"type": "Feature", "properties": {"id": "CTR-03158", "elevation_m": 45.0}, "geometry": {"type": "LineString", "coordinates": [[121.4773090899633, 17.9988], [121.4778490899633, 17.9988]]}}, {"type": "Feature", "properties": {"id": "CTR-03159", "elevation_m": 45.0}, "geometry": {"type": "LineString", "coordinates": [[121.47732272924313, 17.997899999999998], [121.47786272924313, 17.997899999999998]]}}, {"type": "Feature", "properties": {"id": "CTR-03160", "elevation_m": 45.0}, "geometry": {"type": "LineString", "coordinates": [[121.47748636418807, 17.997], [121.47802636418807, 17.997]]}}, {"type": "Feature", "properties": {"id": "CTR-03161", "elevation_m": 45.0}, "geometry": {"type": "LineString", "coordinates": [[121.47777272664219, 17.9961], [121.47831272664219, 17.9961]]}}, {"type": "Feature", "properties": {"id": "CTR-03162", "elevation_m": 45.0}, "geometry": {"type": "LineString", "coordinates": [[121.47817968850582, 17.995199999999997], [121.47871968850582, 17.995199999999997]]}}, {"type": "Feature", "properties": {"id": "CTR-03163", "elevation_m": 45.0}, "geometry": {"type": "LineString", "coordinates": [[121.47865781417637, 17.9943], [121.47919781417637, 17.9943]]}}, {"type": "Feature", "properties": {"id": "CTR-03164", "elevation_m": 45.0}, "geometry": {"type": "LineString", "coordinates": [[121.4792120701902, 17.993399999999998], [121.4797520701902, 17.993399999999998]]}}, {"type": "Feature", "properties": {"id": "CTR-03165", "elevation_m": 45.0}, "geometry": {"type": "LineString", "coordinates": [[121.47977608760552, 17.9925], [121.48031608760552, 17.9925]]}}, {"type": "Feature", "properties": {"id": "CTR-03166", "elevation_m": 45.0}, "geometry": {"type": "LineString", "coordinates": [[121.48034347566487, 17.9916], [121.48088347566487, 17.9916]]}}, {"type": "Feature", "properties": {"id": "CTR-03167", "elevation_m": 45.0}, "geometry": {"type": "LineString", "coordinates": [[121.48648234937731, 17.9916], [121.48702234937731, 17.9916]]}}, {"type": "Feature", "properties": {"id": "CTR-03168", "elevation_m": 45.0}, "geometry": {"type": "LineString", "coordinates": [[121.48912104882749, 17.9916], [121.48966104882749, 17.9916]]}}, {"type": "Feature", "properties": {"id": "CTR-03169", "elevation_m": 45.0}, "geometry": {"type": "LineString", "coordinates": [[121.48086562835276, 17.990699999999997], [121.48140562835276, 17.990699999999997]]}}, {"type": "Feature", "properties": {"id": "CTR-03170", "elevation_m": 45.0}, "geometry": {"type": "LineString", "coordinates": [[121.48545, 17.990699999999997], [121.48599, 17.990699999999997]]}}, {"type": "Feature", "properties": {"id": "CTR-03171", "elevation_m": 45.0}, "geometry": {"type": "LineString", "coordinates": [[121.48985454640032, 17.990699999999997], [121.49039454640032, 17.990699999999997]]}}, {"type": "Feature", "properties": {"id": "CTR-03172", "elevation_m": 45.0}, "geometry": {"type": "LineString", "coordinates": [[121.48117499731781, 17.9898], [121.48171499731781, 17.9898]]}}, {"type": "Feature", "properties": {"id": "CTR-03173", "elevation_m": 45.0}, "geometry": {"type": "LineString", "coordinates": [[121.48494706713939, 17.9898], [121.48548706713939, 17.9898]]}}, {"type": "Feature", "properties": {"id": "CTR-03174", "elevation_m": 45.0}, "geometry": {"type": "LineString", "coordinates": [[121.49016176440888, 17.9898], [121.49070176440888, 17.9898]]}}, {"type": "Feature", "properties": {"id": "CTR-03175", "elevation_m": 45.0}, "geometry": {"type": "LineString", "coordinates": [[121.48120312567055, 17.988899999999997], [121.48174312567055, 17.988899999999997]]}}, {"type": "Feature", "properties": {"id": "CTR-03176", "elevation_m": 45.0}, "geometry": {"type": "LineString", "coordinates": [[121.4848941164591, 17.988899999999997], [121.4854341164591, 17.988899999999997]]}}, {"type": "Feature", "properties": {"id": "CTR-03177", "elevation_m": 45.0}, "geometry": {"type": "LineString", "coordinates": [[121.49018823054224, 17.988899999999997], [121.49072823054225, 17.988899999999997]]}}, {"type": "Feature", "properties": {"id": "CTR-03178", "elevation_m": 45.0}, "geometry": {"type": "LineString", "coordinates": [[121.48094999999999, 17.988], [121.48149, 17.988]]}}, {"type": "Feature", "properties": {"id": "CTR-03179", "elevation_m": 45.0}, "geometry": {"type": "LineString", "coordinates": [[121.48531499742508, 17.988], [121.48585499742508, 17.988]]}}, {"type": "Feature", "properties": {"id": "CTR-03180", "elevation_m": 45.0}, "geometry": {"type": "LineString", "coordinates": [[121.48995, 17.988], [121.49049, 17.988]]}}, {"type": "Feature", "properties": {"id": "CTR-03181", "elevation_m": 45.0}, "geometry": {"type": "LineString", "coordinates": [[121.4804608685917, 17.987099999999998], [121.4810008685917, 17.987099999999998]]}}, {"type": "Feature", "properties": {"id": "CTR-03182", "elevation_m": 45.0}, "geometry": {"type": "LineString", "coordinates": [[121.48611176708178, 17.987099999999998], [121.48665176708178, 17.987099999999998]]}}, {"type": "Feature", "properties": {"id": "CTR-03183", "elevation_m": 45.0}, "geometry": {"type": "LineString", "coordinates": [[121.48949999999999, 17.987099999999998], [121.49004, 17.987099999999998]]}}, {"type": "Feature", "properties": {"id": "CTR-03184", "elevation_m": 45.0}, "geometry": {"type": "LineString", "coordinates": [[121.48949999999999, 17.987099999999998], [121.49004, 17.987099999999998]]}}, {"type": "Feature", "properties": {"id": "CTR-03185", "elevation_m": 45.0}, "geometry": {"type": "LineString", "coordinates": [[121.4800304344581, 17.9862], [121.4805704344581, 17.9862]]}}, {"type": "Feature", "properties": {"id": "CTR-03186", "elevation_m": 45.0}, "geometry": {"type": "LineString", "coordinates": [[121.47953792980978, 17.9853], [121.48007792980978, 17.9853]]}}, {"type": "Feature", "properties": {"id": "CTR-03187", "elevation_m": 45.0}, "geometry": {"type": "LineString", "coordinates": [[121.47917368325949, 17.984399999999997], [121.47971368325949, 17.984399999999997]]}}, {"type": "Feature", "properties": {"id": "CTR-03188", "elevation_m": 45.0}, "geometry": {"type": "LineString", "coordinates": [[121.47887368526722, 17.9835], [121.47941368526722, 17.9835]]}}, {"type": "Feature", "properties": {"id": "CTR-03189", "elevation_m": 45.0}, "geometry": {"type": "LineString", "coordinates": [[121.47868593984693, 17.982599999999998], [121.47922593984693, 17.982599999999998]]}}, {"type": "Feature", "properties": {"id": "CTR-03190", "elevation_m": 45.0}, "geometry": {"type": "LineString", "coordinates": [[121.47865781417637, 17.9817], [121.47919781417637, 17.9817]]}}, {"type": "Feature", "properties": {"id": "CTR-03191", "elevation_m": 45.0}, "geometry": {"type": "LineString", "coordinates": [[121.47877894620603, 17.9808], [121.47931894620604, 17.9808]]}}, {"type": "Feature", "properties": {"id": "CTR-03192", "elevation_m": 45.0}, "geometry": {"type": "LineString", "coordinates": [[121.47907894768542, 17.979899999999997], [121.47961894768542, 17.979899999999997]]}}, {"type": "Feature", "properties": {"id": "CTR-03193", "elevation_m": 45.0}, "geometry": {"type": "LineString", "coordinates": [[121.47950526093881, 17.979], [121.48004526093881, 17.979]]}}, {"type": "Feature", "properties": {"id": "CTR-03194", "elevation_m": 45.0}, "geometry": {"type": "LineString", "coordinates": [[121.48012826281658, 17.978099999999998], [121.48066826281658, 17.978099999999998]]}}, {"type": "Feature", "properties": {"id": "CTR-03195", "elevation_m": 45.0}, "geometry": {"type": "LineString", "coordinates": [[121.48709998728435, 17.978099999999998], [121.48763998728435, 17.978099999999998]]}}, {"type": "Feature", "properties": {"id": "CTR-03196", "elevation_m": 45.0}, "geometry": {"type": "LineString", "coordinates": [[121.48870000211927, 17.978099999999998], [121.48924000211927, 17.978099999999998]]}}, {"type": "Feature", "properties": {"id": "CTR-03197", "elevation_m": 45.0}, "geometry": {"type": "LineString", "coordinates": [[121.48099354695806, 17.9772], [121.48153354695806, 17.9772]]}}, {"type": "Feature", "properties": {"id": "CTR-03198", "elevation_m": 45.0}, "geometry": {"type": "LineString", "coordinates": [[121.48518000343321, 17.9772], [121.48572000343322, 17.9772]]}}, {"type": "Feature", "properties": {"id": "CTR-03199", "elevation_m": 45.0}, "geometry": {"type": "LineString", "coordinates": [[121.49004545359966, 17.9772], [121.49058545359966, 17.9772]]}}, {"type": "Feature", "properties": {"id": "CTR-03200", "elevation_m": 45.0}, "geometry": {"type": "LineString", "coordinates": [[121.49083124955295, 17.9763], [121.49137124955296, 17.9763]]}}, {"type": "Feature", "properties": {"id": "CTR-03201", "elevation_m": 45.0}, "geometry": {"type": "LineString", "coordinates": [[121.49140862058759, 17.975399999999997], [121.49194862058759, 17.975399999999997]]}}, {"type": "Feature", "properties": {"id": "CTR-03202", "elevation_m": 45.0}, "geometry": {"type": "LineString", "coordinates": [[121.49179655294883, 17.9745], [121.49233655294883, 17.9745]]}}, {"type": "Feature", "properties": {"id": "CTR-03203", "elevation_m": 45.0}, "geometry": {"type": "LineString", "coordinates": [[121.4920293099366, 17.973599999999998], [121.4925693099366, 17.973599999999998]]}}, {"type": "Feature", "properties": {"id": "CTR-03204", "elevation_m": 45.0}, "geometry": {"type": "LineString", "coordinates": [[121.49212241471162, 17.9727], [121.49266241471162, 17.9727]]}}, {"type": "Feature", "properties": {"id": "CTR-03205", "elevation_m": 45.0}, "geometry": {"type": "LineString", "coordinates": [[121.49204482942325, 17.971799999999998], [121.49258482942325, 17.971799999999998]]}}, {"type": "Feature", "properties": {"id": "CTR-03206", "elevation_m": 45.0}, "geometry": {"type": "LineString", "coordinates": [[121.49182758477808, 17.9709], [121.49236758477808, 17.9709]]}}, {"type": "Feature", "properties": {"id": "CTR-03207", "elevation_m": 50.0}, "geometry": {"type": "LineString", "coordinates": [[121.44657692348322, 18.15], [121.44711692348322, 18.15]]}}, {"type": "Feature", "properties": {"id": "CTR-03208", "elevation_m": 50.0}, "geometry": {"type": "LineString", "coordinates": [[121.44620454584862, 18.149099999999997], [121.44674454584862, 18.149099999999997]]}}, {"type": "Feature", "properties": {"id": "CTR-03209", "elevation_m": 50.0}, "geometry": {"type": "LineString", "coordinates": [[121.44593181747247, 18.1482], [121.44647181747247, 18.1482]]}}, {"type": "Feature", "properties": {"id": "CTR-03210", "elevation_m": 50.0}, "geometry": {"type": "LineString", "coordinates": [[121.44578181660549, 18.147299999999998], [121.44632181660549, 18.147299999999998]]}}, {"type": "Feature", "properties": {"id": "CTR-03211", "elevation_m": 50.0}, "geometry": {"type": "LineString", "coordinates": [[121.44576818252752, 18.1464], [121.44630818252752, 18.1464]]}}, {"type": "Feature", "properties": {"id": "CTR-03212", "elevation_m": 50.0}, "geometry": {"type": "LineString", "coordinates": [[121.44590454411467, 18.1455], [121.44644454411467, 18.1455]]}}, {"type": "Feature", "properties": {"id": "CTR-03213", "elevation_m": 50.0}, "geometry": {"type": "LineString", "coordinates": [[121.44614999913301, 18.144599999999997], [121.44668999913301, 18.144599999999997]]}}, {"type": "Feature", "properties": {"id": "CTR-03214", "elevation_m": 50.0}, "geometry": {"type": "LineString", "coordinates": [[121.44650769393287, 18.1437], [121.44704769393287, 18.1437]]}}, {"type": "Feature", "properties": {"id": "CTR-03215", "elevation_m": 50.0}, "geometry": {"type": "LineString", "coordinates": [[121.44691874865889, 18.142799999999998], [121.44745874865889, 18.142799999999998]]}}, {"type": "Feature", "properties": {"id": "CTR-03216", "elevation_m": 50.0}, "geometry": {"type": "LineString", "coordinates": [[121.44733965496829, 18.1419], [121.44787965496829, 18.1419]]}}, {"type": "Feature", "properties": {"id": "CTR-03217", "elevation_m": 50.0}, "geometry": {"type": "LineString", "coordinates": [[121.44775861987318, 18.141], [121.44829861987319, 18.141]]}}, {"type": "Feature", "properties": {"id": "CTR-03218", "elevation_m": 50.0}, "geometry": {"type": "LineString", "coordinates": [[121.44806949083502, 18.1401], [121.44860949083503, 18.1401]]}}, {"type": "Feature", "properties": {"id": "CTR-03219", "elevation_m": 50.0}, "geometry": {"type": "LineString", "coordinates": [[121.44829148749665, 18.1392], [121.44883148749665, 18.1392]]}}, {"type": "Feature", "properties": {"id": "CTR-03220", "elevation_m": 50.0}, "geometry": {"type": "LineString", "coordinates": [[121.44832978645694, 18.138299999999997], [121.44886978645694, 18.138299999999997]]}}, {"type": "Feature", "properties": {"id": "CTR-03221", "elevation_m": 50.0}, "geometry": {"type": "LineString", "coordinates": [[121.44817500178813, 18.1374], [121.44871500178813, 18.1374]]}}, {"type": "Feature", "properties": {"id": "CTR-03222", "elevation_m": 50.0}, "geometry": {"type": "LineString", "coordinates": [[121.4478827588248, 18.136499999999998], [121.4484227588248, 18.136499999999998]]}}, {"type": "Feature", "properties": {"id": "CTR-03223", "elevation_m": 50.0}, "geometry": {"type": "LineString", "coordinates": [[121.44748982833866, 18.1356], [121.44802982833866, 18.1356]]}}, {"type": "Feature", "properties": {"id": "CTR-03224", "elevation_m": 50.0}, "geometry": {"type": "LineString", "coordinates": [[121.44704769182013, 18.1347], [121.44758769182013, 18.1347]]}}, {"type": "Feature", "properties": {"id": "CTR-03225", "elevation_m": 50.0}, "geometry": {"type": "LineString", "coordinates": [[121.44661846202601, 18.133799999999997], [121.44715846202601, 18.133799999999997]]}}, {"type": "Feature", "properties": {"id": "CTR-03226", "elevation_m": 50.0}, "geometry": {"type": "LineString", "coordinates": [[121.44623181920642, 18.1329], [121.44677181920642, 18.1329]]}}, {"type": "Feature", "properties": {"id": "CTR-03227", "elevation_m": 50.0}, "geometry": {"type": "LineString", "coordinates": [[121.44593181747247, 18.131999999999998], [121.44647181747247, 18.131999999999998]]}}, {"type": "Feature", "properties": {"id": "CTR-03228", "elevation_m": 50.0}, "geometry": {"type": "LineString", "coordinates": [[121.44573582181329, 18.1311], [121.44627582181329, 18.1311]]}}, {"type": "Feature", "properties": {"id": "CTR-03229", "elevation_m": 50.0}, "geometry": {"type": "LineString", "coordinates": [[121.44567272837615, 18.1302], [121.44621272837615, 18.1302]]}}, {"type": "Feature", "properties": {"id": "CTR-03230", "elevation_m": 50.0}, "geometry": {"type": "LineString", "coordinates": [[121.44576818252752, 18.129299999999997], [121.44630818252752, 18.129299999999997]]}}, {"type": "Feature", "properties": {"id": "CTR-03231", "elevation_m": 50.0}, "geometry": {"type": "LineString", "coordinates": [[121.44597761064013, 18.1284], [121.44651761064013, 18.1284]]}}, {"type": "Feature", "properties": {"id": "CTR-03232", "elevation_m": 50.0}, "geometry": {"type": "LineString", "coordinates": [[121.4463, 18.127499999999998], [121.44684, 18.127499999999998]]}}, {"type": "Feature", "properties": {"id": "CTR-03233", "elevation_m": 50.0}, "geometry": {"type": "LineString", "coordinates": [[121.4463, 18.127499999999998], [121.44684, 18.127499999999998]]}}, {"type": "Feature", "properties": {"id": "CTR-03234", "elevation_m": 50.0}, "geometry": {"type": "LineString", "coordinates": [[121.44670153878657, 18.1266], [121.44724153878657, 18.1266]]}}, {"type": "Feature", "properties": {"id": "CTR-03235", "elevation_m": 50.0}, "geometry": {"type": "LineString", "coordinates": [[121.44713077004336, 18.1257], [121.44767077004336, 18.1257]]}}, {"type": "Feature", "properties": {"id": "CTR-03236", "elevation_m": 50.0}, "geometry": {"type": "LineString", "coordinates": [[121.4475661041606, 18.124799999999997], [121.4481061041606, 18.124799999999997]]}}, {"type": "Feature", "properties": {"id": "CTR-03237", "elevation_m": 50.0}, "geometry": {"type": "LineString", "coordinates": [[121.4479293099366, 18.1239], [121.4484693099366, 18.1239]]}}, {"type": "Feature", "properties": {"id": "CTR-03238", "elevation_m": 50.0}, "geometry": {"type": "LineString", "coordinates": [[121.44817659729887, 18.122999999999998], [121.44871659729887, 18.122999999999998]]}}, {"type": "Feature", "properties": {"id": "CTR-03239", "elevation_m": 50.0}, "geometry": {"type": "LineString", "coordinates": [[121.4483062513411, 18.1221], [121.4488462513411, 18.1221]]}}, {"type": "Feature", "properties": {"id": "CTR-03240", "elevation_m": 50.0}, "geometry": {"type": "LineString", "coordinates": [[121.44821489594831, 18.121199999999998], [121.44875489594831, 18.121199999999998]]}}, {"type": "Feature", "properties": {"id": "CTR-03241", "elevation_m": 50.0}, "geometry": {"type": "LineString", "coordinates": [[121.44797796334012, 18.1203], [121.44851796334012, 18.1203]]}}, {"type": "Feature", "properties": {"id": "CTR-03242", "elevation_m": 50.0}, "geometry": {"type": "LineString", "coordinates": [[121.44764237416351, 18.1194], [121.44818237416351, 18.1194]]}}, {"type": "Feature", "properties": {"id": "CTR-03243", "elevation_m": 50.0}, "geometry": {"type": "LineString", "coordinates": [[121.44721525167296, 18.118499999999997], [121.44775525167296, 18.118499999999997]]}}, {"type": "Feature", "properties": {"id": "CTR-03244", "elevation_m": 50.0}, "geometry": {"type": "LineString", "coordinates": [[121.4467909100367, 18.1176], [121.4473309100367, 18.1176]]}}, {"type": "Feature", "properties": {"id": "CTR-03245", "elevation_m": 50.0}, "geometry": {"type": "LineString", "coordinates": [[121.44639545415137, 18.116699999999998], [121.44693545415137, 18.116699999999998]]}}, {"type": "Feature", "properties": {"id": "CTR-03246", "elevation_m": 50.0}, "geometry": {"type": "LineString", "coordinates": [[121.44605454498165, 18.1158], [121.44659454498165, 18.1158]]}}, {"type": "Feature", "properties": {"id": "CTR-03247", "elevation_m": 50.0}, "geometry": {"type": "LineString", "coordinates": [[121.44582272924312, 18.1149], [121.44636272924312, 18.1149]]}}, {"type": "Feature", "properties": {"id": "CTR-03248", "elevation_m": 50.0}, "geometry": {"type": "LineString", "coordinates": [[121.44572727509176, 18.113999999999997], [121.44626727509176, 18.113999999999997]]}}, {"type": "Feature", "properties": {"id": "CTR-03249", "elevation_m": 50.0}, "geometry": {"type": "LineString", "coordinates": [[121.44576268610828, 18.1131], [121.44630268610828, 18.1131]]}}, {"type": "Feature", "properties": {"id": "CTR-03250", "elevation_m": 50.0}, "geometry": {"type": "LineString", "coordinates": [[121.4459454567523, 18.112199999999998], [121.4464854567523, 18.112199999999998]]}}, {"type": "Feature", "properties": {"id": "CTR-03251", "elevation_m": 50.0}, "geometry": {"type": "LineString", "coordinates": [[121.44623283666218, 18.1113], [121.44677283666218, 18.1113]]}}, {"type": "Feature", "properties": {"id": "CTR-03252", "elevation_m": 50.0}, "geometry": {"type": "LineString", "coordinates": [[121.44661846202601, 18.1104], [121.44715846202601, 18.1104]]}}, {"type": "Feature", "properties": {"id": "CTR-03253", "elevation_m": 50.0}, "geometry": {"type": "LineString", "coordinates": [[121.44704769182013, 18.109499999999997], [121.44758769182013, 18.109499999999997]]}}, {"type": "Feature", "properties": {"id": "CTR-03254", "elevation_m": 50.0}, "geometry": {"type": "LineString", "coordinates": [[121.44748982833866, 18.1086], [121.44802982833866, 18.1086]]}}, {"type": "Feature", "properties": {"id": "CTR-03255", "elevation_m": 50.0}, "geometry": {"type": "LineString", "coordinates": [[121.4479016933372, 18.107699999999998], [121.4484416933372, 18.107699999999998]]}}, {"type": "Feature", "properties": {"id": "CTR-03256", "elevation_m": 50.0}, "geometry": {"type": "LineString", "coordinates": [[121.44821489594831, 18.1068], [121.44875489594831, 18.1068]]}}, {"type": "Feature", "properties": {"id": "CTR-03257", "elevation_m": 50.0}, "geometry": {"type": "LineString", "coordinates": [[121.44841874687074, 18.1059], [121.44895874687074, 18.1059]]}}, {"type": "Feature", "properties": {"id": "CTR-03258", "elevation_m": 50.0}, "geometry": {"type": "LineString", "coordinates": [[121.44841874687074, 18.104999999999997], [121.44895874687074, 18.104999999999997]]}}, {"type": "Feature", "properties": {"id": "CTR-03259", "elevation_m": 50.0}, "geometry": {"type": "LineString", "coordinates": [[121.44823124955296, 18.1041], [121.44877124955296, 18.1041]]}}, {"type": "Feature", "properties": {"id": "CTR-03260", "elevation_m": 50.0}, "geometry": {"type": "LineString", "coordinates": [[121.44791695082921, 18.103199999999998], [121.44845695082921, 18.103199999999998]]}}, {"type": "Feature", "properties": {"id": "CTR-03261", "elevation_m": 50.0}, "geometry": {"type": "LineString", "coordinates": [[121.44752033750363, 18.1023], [121.44806033750363, 18.1023]]}}, {"type": "Feature", "properties": {"id": "CTR-03262", "elevation_m": 50.0}, "geometry": {"type": "LineString", "coordinates": [[121.44709090719932, 18.101399999999998], [121.44763090719933, 18.101399999999998]]}}, {"type": "Feature", "properties": {"id": "CTR-03263", "elevation_m": 50.0}, "geometry": {"type": "LineString", "coordinates": [[121.44668769198265, 18.1005], [121.44722769198265, 18.1005]]}}, {"type": "Feature", "properties": {"id": "CTR-03264", "elevation_m": 50.0}, "geometry": {"type": "LineString", "coordinates": [[121.44632769287651, 18.0996], [121.44686769287651, 18.0996]]}}, {"type": "Feature", "properties": {"id": "CTR-03265", "elevation_m": 50.0}, "geometry": {"type": "LineString", "coordinates": [[121.44606818426148, 18.098699999999997], [121.44660818426148, 18.098699999999997]]}}, {"type": "Feature", "properties": {"id": "CTR-03266", "elevation_m": 50.0}, "geometry": {"type": "LineString", "coordinates": [[121.44592388120886, 18.0978], [121.44646388120886, 18.0978]]}}, {"type": "Feature", "properties": {"id": "CTR-03267", "elevation_m": 50.0}, "geometry": {"type": "LineString", "coordinates": [[121.4459181833945, 18.096899999999998], [121.4464581833945, 18.096899999999998]]}}, {"type": "Feature", "properties": {"id": "CTR-03268", "elevation_m": 50.0}, "geometry": {"type": "LineString", "coordinates": [[121.44605454498165, 18.096], [121.44659454498165, 18.096]]}}, {"type": "Feature", "properties": {"id": "CTR-03269", "elevation_m": 50.0}, "geometry": {"type": "LineString", "coordinates": [[121.44631363407797, 18.0951], [121.44685363407797, 18.0951]]}}, {"type": "Feature", "properties": {"id": "CTR-03270", "elevation_m": 50.0}, "geometry": {"type": "LineString", "coordinates": [[121.44667384591006, 18.094199999999997], [121.44721384591006, 18.094199999999997]]}}, {"type": "Feature", "properties": {"id": "CTR-03271", "elevation_m": 50.0}, "geometry": {"type": "LineString", "coordinates": [[121.44710307757315, 18.0933], [121.44764307757315, 18.0933]]}}, {"type": "Feature", "properties": {"id": "CTR-03272", "elevation_m": 50.0}, "geometry": {"type": "LineString", "coordinates": [[121.4475661041606, 18.092399999999998], [121.4481061041606, 18.092399999999998]]}}, {"type": "Feature", "properties": {"id": "CTR-03273", "elevation_m": 50.0}, "geometry": {"type": "LineString", "coordinates": [[121.44800847250508, 18.0915], [121.44854847250508, 18.0915]]}}, {"type": "Feature", "properties": {"id": "CTR-03274", "elevation_m": 50.0}, "geometry": {"type": "LineString", "coordinates": [[121.44841874687074, 18.0906], [121.44895874687074, 18.0906]]}}, {"type": "Feature", "properties": {"id": "CTR-03275", "elevation_m": 50.0}, "geometry": {"type": "LineString", "coordinates": [[121.44869999999999, 18.089699999999997], [121.44923999999999, 18.089699999999997]]}}, {"type": "Feature", "properties": {"id": "CTR-03276", "elevation_m": 50.0}, "geometry": {"type": "LineString", "coordinates": [[121.44879374865889, 18.0888], [121.44933374865889, 18.0888]]}}, {"type": "Feature", "properties": {"id": "CTR-03277", "elevation_m": 50.0}, "geometry": {"type": "LineString", "coordinates": [[121.45610001695418, 18.0888], [121.45664001695418, 18.0888]]}}, {"type": "Feature", "properties": {"id": "CTR-03278", "elevation_m": 50.0}, "geometry": {"type": "LineString", "coordinates": [[121.45642497854077, 18.0888], [121.45696497854077, 18.0888]]}}, {"type": "Feature", "properties": {"id": "CTR-03279", "elevation_m": 50.0}, "geometry": {"type": "LineString", "coordinates": [[121.44868125312924, 18.087899999999998], [121.44922125312924, 18.087899999999998]]}}, {"type": "Feature", "properties": {"id": "CTR-03280", "elevation_m": 50.0}, "geometry": {"type": "LineString", "coordinates": [[121.44839999999999, 18.087], [121.44894, 18.087]]}}, {"type": "Feature", "properties": {"id": "CTR-03281", "elevation_m": 50.0}, "geometry": {"type": "LineString", "coordinates": [[121.44799322083212, 18.0861], [121.44853322083212, 18.0861]]}}, {"type": "Feature", "properties": {"id": "CTR-03282", "elevation_m": 50.0}, "geometry": {"type": "LineString", "coordinates": [[121.4475661041606, 18.085199999999997], [121.4481061041606, 18.085199999999997]]}}, {"type": "Feature", "properties": {"id": "CTR-03283", "elevation_m": 50.0}, "geometry": {"type": "LineString", "coordinates": [[121.44713181920642, 18.0843], [121.44767181920642, 18.0843]]}}, {"type": "Feature", "properties": {"id": "CTR-03284", "elevation_m": 50.0}, "geometry": {"type": "LineString", "coordinates": [[121.4467636366789, 18.083399999999997], [121.4473036366789, 18.083399999999997]]}}, {"type": "Feature", "properties": {"id": "CTR-03285", "elevation_m": 50.0}, "geometry": {"type": "LineString", "coordinates": [[121.44646363494495, 18.0825], [121.44700363494495, 18.0825]]}}, {"type": "Feature", "properties": {"id": "CTR-03286", "elevation_m": 50.0}, "geometry": {"type": "LineString", "coordinates": [[121.44627313379299, 18.081599999999998], [121.44681313379299, 18.081599999999998]]}}, {"type": "Feature", "properties": {"id": "CTR-03287", "elevation_m": 50.0}, "geometry": {"type": "LineString", "coordinates": [[121.44623181920642, 18.0807], [121.44677181920642, 18.0807]]}}, {"type": "Feature", "properties": {"id": "CTR-03288", "elevation_m": 50.0}, "geometry": {"type": "LineString", "coordinates": [[121.4463272733578, 18.0798], [121.4468672733578, 18.0798]]}}, {"type": "Feature", "properties": {"id": "CTR-03289", "elevation_m": 50.0}, "geometry": {"type": "LineString", "coordinates": [[121.4465492306067, 18.078899999999997], [121.44708923060671, 18.078899999999997]]}}, {"type": "Feature", "properties": {"id": "CTR-03290", "elevation_m": 50.0}, "geometry": {"type": "LineString", "coordinates": [[121.44688636418807, 18.078], [121.44742636418808, 18.078]]}}, {"type": "Feature", "properties": {"id": "CTR-03291", "elevation_m": 50.0}, "geometry": {"type": "LineString", "coordinates": [[121.44732203665987, 18.077099999999998], [121.44786203665987, 18.077099999999998]]}}, {"type": "Feature", "properties": {"id": "CTR-03292", "elevation_m": 50.0}, "geometry": {"type": "LineString", "coordinates": [[121.44781017166133, 18.0762], [121.44835017166133, 18.0762]]}}, {"type": "Feature", "properties": {"id": "CTR-03293", "elevation_m": 50.0}, "geometry": {"type": "LineString", "coordinates": [[121.44832499821186, 18.0753], [121.44886499821186, 18.0753]]}}, {"type": "Feature", "properties": {"id": "CTR-03294", "elevation_m": 50.0}, "geometry": {"type": "LineString", "coordinates": [[121.4488125026822, 18.074399999999997], [121.4493525026822, 18.074399999999997]]}}, {"type": "Feature", "properties": {"id": "CTR-03295", "elevation_m": 50.0}, "geometry": {"type": "LineString", "coordinates": [[121.45608751609365, 18.074399999999997], [121.45662751609365, 18.074399999999997]]}}, {"type": "Feature", "properties": {"id": "CTR-03296", "elevation_m": 50.0}, "geometry": {"type": "LineString", "coordinates": [[121.45649996185146, 18.074399999999997], [121.45703996185146, 18.074399999999997]]}}, {"type": "Feature", "properties": {"id": "CTR-03297", "elevation_m": 50.0}, "geometry": {"type": "LineString", "coordinates": [[121.44923823559111, 18.0735], [121.44977823559111, 18.0735]]}}, {"type": "Feature", "properties": {"id": "CTR-03298", "elevation_m": 50.0}, "geometry": {"type": "LineString", "coordinates": [[121.45468124597667, 18.0735], [121.45522124597667, 18.0735]]}}, {"type": "Feature", "properties": {"id": "CTR-03299", "elevation_m": 50.0}, "geometry": {"type": "LineString", "coordinates": [[121.45795000741761, 18.0735], [121.45849000741761, 18.0735]]}}, {"type": "Feature", "properties": {"id": "CTR-03300", "elevation_m": 50.0}, "geometry": {"type": "LineString", "coordinates": [[121.44947647118221, 18.072599999999998], [121.45001647118221, 18.072599999999998]]}}, {"type": "Feature", "properties": {"id": "CTR-03301", "elevation_m": 50.0}, "geometry": {"type": "LineString", "coordinates": [[121.45421052441374, 18.072599999999998], [121.45475052441374, 18.072599999999998]]}}, {"type": "Feature", "properties": {"id": "CTR-03302", "elevation_m": 50.0}, "geometry": {"type": "LineString", "coordinates": [[121.45821176945775, 18.072599999999998], [121.45875176945775, 18.072599999999998]]}}, {"type": "Feature", "properties": {"id": "CTR-03303", "elevation_m": 50.0}, "geometry": {"type": "LineString", "coordinates": [[121.44943714005448, 18.0717], [121.44997714005449, 18.0717]]}}, {"type": "Feature", "properties": {"id": "CTR-03304", "elevation_m": 50.0}, "geometry": {"type": "LineString", "coordinates": [[121.45425789949203, 18.0717], [121.45479789949204, 18.0717]]}}, {"type": "Feature", "properties": {"id": "CTR-03305", "elevation_m": 50.0}, "geometry": {"type": "LineString", "coordinates": [[121.45816363920099, 18.0717], [121.45870363920099, 18.0717]]}}, {"type": "Feature", "properties": {"id": "CTR-03306", "elevation_m": 50.0}, "geometry": {"type": "LineString", "coordinates": [[121.44913235086223, 18.0708], [121.44967235086223, 18.0708]]}}, {"type": "Feature", "properties": {"id": "CTR-03307", "elevation_m": 50.0}, "geometry": {"type": "LineString", "coordinates": [[121.45485, 18.0708], [121.45539, 18.0708]]}}, {"type": "Feature", "properties": {"id": "CTR-03308", "elevation_m": 50.0}, "geometry": {"type": "LineString", "coordinates": [[121.45775000423853, 18.0708], [121.45829000423853, 18.0708]]}}, {"type": "Feature", "properties": {"id": "CTR-03309", "elevation_m": 50.0}, "geometry": {"type": "LineString", "coordinates": [[121.44873750089407, 18.069899999999997], [121.44927750089407, 18.069899999999997]]}}, {"type": "Feature", "properties": {"id": "CTR-03310", "elevation_m": 50.0}, "geometry": {"type": "LineString", "coordinates": [[121.44825000238416, 18.069], [121.44879000238416, 18.069]]}}, {"type": "Feature", "properties": {"id": "CTR-03311", "elevation_m": 50.0}, "geometry": {"type": "LineString", "coordinates": [[121.44779491416932, 18.068099999999998], [121.44833491416932, 18.068099999999998]]}}, {"type": "Feature", "properties": {"id": "CTR-03312", "elevation_m": 50.0}, "geometry": {"type": "LineString", "coordinates": [[121.44736779749782, 18.0672], [121.44790779749782, 18.0672]]}}, {"type": "Feature", "properties": {"id": "CTR-03313", "elevation_m": 50.0}, "geometry": {"type": "LineString", "coordinates": [[121.4470338470477, 18.0663], [121.4475738470477, 18.0663]]}}, {"type": "Feature", "properties": {"id": "CTR-03314", "elevation_m": 50.0}, "geometry": {"type": "LineString", "coordinates": [[121.44681230801734, 18.0654], [121.44735230801734, 18.0654]]}}, {"type": "Feature", "properties": {"id": "CTR-03315", "elevation_m": 50.0}, "geometry": {"type": "LineString", "coordinates": [[121.44671538502168, 18.0645], [121.44725538502168, 18.0645]]}}, {"type": "Feature", "properties": {"id": "CTR-03316", "elevation_m": 50.0}, "geometry": {"type": "LineString", "coordinates": [[121.4467636366789, 18.063599999999997], [121.4473036366789, 18.063599999999997]]}}, {"type": "Feature", "properties": {"id": "CTR-03317", "elevation_m": 50.0}, "geometry": {"type": "LineString", "coordinates": [[121.44695454498164, 18.0627], [121.44749454498164, 18.0627]]}}, {"type": "Feature", "properties": {"id": "CTR-03318", "elevation_m": 50.0}, "geometry": {"type": "LineString", "coordinates": [[121.4472762700029, 18.061799999999998], [121.4478162700029, 18.061799999999998]]}}, {"type": "Feature", "properties": {"id": "CTR-03319", "elevation_m": 50.0}, "geometry": {"type": "LineString", "coordinates": [[121.44771864416641, 18.0609], [121.44825864416642, 18.0609]]}}, {"type": "Feature", "properties": {"id": "CTR-03320", "elevation_m": 50.0}, "geometry": {"type": "LineString", "coordinates": [[121.44823124955296, 18.06], [121.44877124955296, 18.06]]}}, {"type": "Feature", "properties": {"id": "CTR-03321", "elevation_m": 50.0}, "geometry": {"type": "LineString", "coordinates": [[121.44884999761582, 18.059099999999997], [121.44938999761582, 18.059099999999997]]}}, {"type": "Feature", "properties": {"id": "CTR-03322", "elevation_m": 50.0}, "geometry": {"type": "LineString", "coordinates": [[121.45586250536455, 18.059099999999997], [121.45640250536455, 18.059099999999997]]}}, {"type": "Feature", "properties": {"id": "CTR-03323", "elevation_m": 50.0}, "geometry": {"type": "LineString", "coordinates": [[121.4571, 18.059099999999997], [121.45764, 18.059099999999997]]}}, {"type": "Feature", "properties": {"id": "CTR-03324", "elevation_m": 50.0}, "geometry": {"type": "LineString", "coordinates": [[121.4571, 18.059099999999997], [121.45764, 18.059099999999997]]}}, {"type": "Feature", "properties": {"id": "CTR-03325", "elevation_m": 50.0}, "geometry": {"type": "LineString", "coordinates": [[121.44955587968, 18.0582], [121.45009587968, 18.0582]]}}, {"type": "Feature", "properties": {"id": "CTR-03326", "elevation_m": 50.0}, "geometry": {"type": "LineString", "coordinates": [[121.45406842010159, 18.0582], [121.4546084201016, 18.0582]]}}, {"type": "Feature", "properties": {"id": "CTR-03327", "elevation_m": 50.0}, "geometry": {"type": "LineString", "coordinates": [[121.45829117795554, 18.0582], [121.45883117795555, 18.0582]]}}, {"type": "Feature", "properties": {"id": "CTR-03328", "elevation_m": 50.0}, "geometry": {"type": "LineString", "coordinates": [[121.45032631959363, 18.057299999999998], [121.45086631959363, 18.057299999999998]]}}, {"type": "Feature", "properties": {"id": "CTR-03329", "elevation_m": 50.0}, "geometry": {"type": "LineString", "coordinates": [[121.45288124597668, 18.057299999999998], [121.45342124597668, 18.057299999999998]]}}, {"type": "Feature", "properties": {"id": "CTR-03330", "elevation_m": 50.0}, "geometry": {"type": "LineString", "coordinates": [[121.4589, 18.057299999999998], [121.45944, 18.057299999999998]]}}, {"type": "Feature", "properties": {"id": "CTR-03331", "elevation_m": 50.0}, "geometry": {"type": "LineString", "coordinates": [[121.4589, 18.057299999999998], [121.45944, 18.057299999999998]]}}, {"type": "Feature", "properties": {"id": "CTR-03332", "elevation_m": 50.0}, "geometry": {"type": "LineString", "coordinates": [[121.45169999999999, 18.0564], [121.45223999999999, 18.0564]]}}, {"type": "Feature", "properties": {"id": "CTR-03333", "elevation_m": 50.0}, "geometry": {"type": "LineString", "coordinates": [[121.45169999999999, 18.0564], [121.45223999999999, 18.0564]]}}, {"type": "Feature", "properties": {"id": "CTR-03334", "elevation_m": 50.0}, "geometry": {"type": "LineString", "coordinates": [[121.45914893756898, 18.0564], [121.45968893756898, 18.0564]]}}, {"type": "Feature", "properties": {"id": "CTR-03335", "elevation_m": 50.0}, "geometry": {"type": "LineString", "coordinates": [[121.45921874687075, 18.0555], [121.45975874687075, 18.0555]]}}, {"type": "Feature", "properties": {"id": "CTR-03336", "elevation_m": 50.0}, "geometry": {"type": "LineString", "coordinates": [[121.4508, 18.054599999999997], [121.45134, 18.054599999999997]]}}, {"type": "Feature", "properties": {"id": "CTR-03337", "elevation_m": 50.0}, "geometry": {"type": "LineString", "coordinates": [[121.4508, 18.054599999999997], [121.45134, 18.054599999999997]]}}, {"type": "Feature", "properties": {"id": "CTR-03338", "elevation_m": 50.0}, "geometry": {"type": "LineString", "coordinates": [[121.45214999999999, 18.054599999999997], [121.45268999999999, 18.054599999999997]]}}, {"type": "Feature", "properties": {"id": "CTR-03339", "elevation_m": 50.0}, "geometry": {"type": "LineString", "coordinates": [[121.45908749731778, 18.054599999999997], [121.45962749731778, 18.054599999999997]]}}, {"type": "Feature", "properties": {"id": "CTR-03340", "elevation_m": 50.0}, "geometry": {"type": "LineString", "coordinates": [[121.45004210050796, 18.0537], [121.45058210050796, 18.0537]]}}, {"type": "Feature", "properties": {"id": "CTR-03341", "elevation_m": 50.0}, "geometry": {"type": "LineString", "coordinates": [[121.45327499463558, 18.0537], [121.45381499463558, 18.0537]]}}, {"type": "Feature", "properties": {"id": "CTR-03342", "elevation_m": 50.0}, "geometry": {"type": "LineString", "coordinates": [[121.458736360799, 18.0537], [121.459276360799, 18.0537]]}}, {"type": "Feature", "properties": {"id": "CTR-03343", "elevation_m": 50.0}, "geometry": {"type": "LineString", "coordinates": [[121.44937058645334, 18.052799999999998], [121.44991058645334, 18.052799999999998]]}}, {"type": "Feature", "properties": {"id": "CTR-03344", "elevation_m": 50.0}, "geometry": {"type": "LineString", "coordinates": [[121.45439999999999, 18.052799999999998], [121.45494, 18.052799999999998]]}}, {"type": "Feature", "properties": {"id": "CTR-03345", "elevation_m": 50.0}, "geometry": {"type": "LineString", "coordinates": [[121.45439999999999, 18.052799999999998], [121.45494, 18.052799999999998]]}}, {"type": "Feature", "properties": {"id": "CTR-03346", "elevation_m": 50.0}, "geometry": {"type": "LineString", "coordinates": [[121.45810588472887, 18.052799999999998], [121.45864588472887, 18.052799999999998]]}}, {"type": "Feature", "properties": {"id": "CTR-03347", "elevation_m": 50.0}, "geometry": {"type": "LineString", "coordinates": [[121.44875624776482, 18.0519], [121.44929624776482, 18.0519]]}}, {"type": "Feature", "properties": {"id": "CTR-03348", "elevation_m": 50.0}, "geometry": {"type": "LineString", "coordinates": [[121.44823124955296, 18.051], [121.44877124955296, 18.051]]}}, {"type": "Feature", "properties": {"id": "CTR-03349", "elevation_m": 50.0}, "geometry": {"type": "LineString", "coordinates": [[121.44782999885558, 18.050099999999997], [121.44836999885558, 18.050099999999997]]}}, {"type": "Feature", "properties": {"id": "CTR-03350", "elevation_m": 50.0}, "geometry": {"type": "LineString", "coordinates": [[121.4475508466686, 18.0492], [121.4480908466686, 18.0492]]}}, {"type": "Feature", "properties": {"id": "CTR-03351", "elevation_m": 50.0}, "geometry": {"type": "LineString", "coordinates": [[121.44739830666278, 18.048299999999998], [121.44793830666278, 18.048299999999998]]}}, {"type": "Feature", "properties": {"id": "CTR-03352", "elevation_m": 50.0}, "geometry": {"type": "LineString", "coordinates": [[121.44739830666278, 18.0474], [121.44793830666278, 18.0474]]}}, {"type": "Feature", "properties": {"id": "CTR-03353", "elevation_m": 50.0}, "geometry": {"type": "LineString", "coordinates": [[121.4475661041606, 18.046499999999998], [121.4481061041606, 18.046499999999998]]}}, {"type": "Feature", "properties": {"id": "CTR-03354", "elevation_m": 50.0}, "geometry": {"type": "LineString", "coordinates": [[121.44787118417224, 18.0456], [121.44841118417224, 18.0456]]}}, {"type": "Feature", "properties": {"id": "CTR-03355", "elevation_m": 50.0}, "geometry": {"type": "LineString", "coordinates": [[121.44834375223517, 18.0447], [121.44888375223518, 18.0447]]}}, {"type": "Feature", "properties": {"id": "CTR-03356", "elevation_m": 50.0}, "geometry": {"type": "LineString", "coordinates": [[121.44894375223517, 18.043799999999997], [121.44948375223517, 18.043799999999997]]}}, {"type": "Feature", "properties": {"id": "CTR-03357", "elevation_m": 50.0}, "geometry": {"type": "LineString", "coordinates": [[121.4553, 18.043799999999997], [121.45584, 18.043799999999997]]}}, {"type": "Feature", "properties": {"id": "CTR-03358", "elevation_m": 50.0}, "geometry": {"type": "LineString", "coordinates": [[121.4553, 18.043799999999997], [121.45584, 18.043799999999997]]}}, {"type": "Feature", "properties": {"id": "CTR-03359", "elevation_m": 50.0}, "geometry": {"type": "LineString", "coordinates": [[121.45740000635782, 18.043799999999997], [121.45794000635782, 18.043799999999997]]}}, {"type": "Feature", "properties": {"id": "CTR-03360", "elevation_m": 50.0}, "geometry": {"type": "LineString", "coordinates": [[121.4498205915022, 18.0429], [121.4503605915022, 18.0429]]}}, {"type": "Feature", "properties": {"id": "CTR-03361", "elevation_m": 50.0}, "geometry": {"type": "LineString", "coordinates": [[121.4535900017166, 18.0429], [121.4541300017166, 18.0429]]}}, {"type": "Feature", "properties": {"id": "CTR-03362", "elevation_m": 50.0}, "geometry": {"type": "LineString", "coordinates": [[121.45857272821851, 18.0429], [121.45911272821851, 18.0429]]}}, {"type": "Feature", "properties": {"id": "CTR-03363", "elevation_m": 50.0}, "geometry": {"type": "LineString", "coordinates": [[121.45926382916555, 18.041999999999998], [121.45980382916555, 18.041999999999998]]}}, {"type": "Feature", "properties": {"id": "CTR-03364", "elevation_m": 50.0}, "geometry": {"type": "LineString", "coordinates": [[121.45976170135056, 18.0411], [121.46030170135056, 18.0411]]}}, {"type": "Feature", "properties": {"id": "CTR-03365", "elevation_m": 50.0}, "geometry": {"type": "LineString", "coordinates": [[121.46004406750072, 18.0402], [121.46058406750072, 18.0402]]}}, {"type": "Feature", "properties": {"id": "CTR-03366", "elevation_m": 50.0}, "geometry": {"type": "LineString", "coordinates": [[121.460156897062, 18.039299999999997], [121.46069689706201, 18.039299999999997]]}}, {"type": "Feature", "properties": {"id": "CTR-03367", "elevation_m": 50.0}, "geometry": {"type": "LineString", "coordinates": [[121.46012033750362, 18.0384], [121.46066033750363, 18.0384]]}}, {"type": "Feature", "properties": {"id": "CTR-03368", "elevation_m": 50.0}, "geometry": {"type": "LineString", "coordinates": [[121.45993728833284, 18.037499999999998], [121.46047728833284, 18.037499999999998]]}}, {"type": "Feature", "properties": {"id": "CTR-03369", "elevation_m": 50.0}, "geometry": {"type": "LineString", "coordinates": [[121.45958936108045, 18.0366], [121.46012936108045, 18.0366]]}}, {"type": "Feature", "properties": {"id": "CTR-03370", "elevation_m": 50.0}, "geometry": {"type": "LineString", "coordinates": [[121.4508, 18.0357], [121.45134, 18.0357]]}}, {"type": "Feature", "properties": {"id": "CTR-03371", "elevation_m": 50.0}, "geometry": {"type": "LineString", "coordinates": [[121.4508, 18.0357], [121.45134, 18.0357]]}}, {"type": "Feature", "properties": {"id": "CTR-03372", "elevation_m": 50.0}, "geometry": {"type": "LineString", "coordinates": [[121.45210000847709, 18.0357], [121.45264000847709, 18.0357]]}}, {"type": "Feature", "properties": {"id": "CTR-03373", "elevation_m": 50.0}, "geometry": {"type": "LineString", "coordinates": [[121.4591062513411, 18.0357], [121.4596462513411, 18.0357]]}}, {"type": "Feature", "properties": {"id": "CTR-03374", "elevation_m": 50.0}, "geometry": {"type": "LineString", "coordinates": [[121.44968823054224, 18.034799999999997], [121.45022823054224, 18.034799999999997]]}}, {"type": "Feature", "properties": {"id": "CTR-03375", "elevation_m": 50.0}, "geometry": {"type": "LineString", "coordinates": [[121.45378421337936, 18.034799999999997], [121.45432421337937, 18.034799999999997]]}}, {"type": "Feature", "properties": {"id": "CTR-03376", "elevation_m": 50.0}, "geometry": {"type": "LineString", "coordinates": [[121.45845, 18.034799999999997], [121.45899, 18.034799999999997]]}}, {"type": "Feature", "properties": {"id": "CTR-03377", "elevation_m": 50.0}, "geometry": {"type": "LineString", "coordinates": [[121.449, 18.0339], [121.44954, 18.0339]]}}, {"type": "Feature", "properties": {"id": "CTR-03378", "elevation_m": 50.0}, "geometry": {"type": "LineString", "coordinates": [[121.449, 18.0339], [121.44954, 18.0339]]}}, {"type": "Feature", "properties": {"id": "CTR-03379", "elevation_m": 50.0}, "geometry": {"type": "LineString", "coordinates": [[121.4550882329182, 18.0339], [121.4556282329182, 18.0339]]}}, {"type": "Feature", "properties": {"id": "CTR-03380", "elevation_m": 50.0}, "geometry": {"type": "LineString", "coordinates": [[121.45755, 18.0339], [121.45809, 18.0339]]}}, {"type": "Feature", "properties": {"id": "CTR-03381", "elevation_m": 50.0}, "geometry": {"type": "LineString", "coordinates": [[121.44862499821186, 18.032999999999998], [121.44916499821186, 18.032999999999998]]}}, {"type": "Feature", "properties": {"id": "CTR-03382", "elevation_m": 50.0}, "geometry": {"type": "LineString", "coordinates": [[121.44838125089406, 18.0321], [121.44892125089406, 18.0321]]}}, {"type": "Feature", "properties": {"id": "CTR-03383", "elevation_m": 50.0}, "geometry": {"type": "LineString", "coordinates": [[121.44832499821186, 18.0312], [121.44886499821186, 18.0312]]}}, {"type": "Feature", "properties": {"id": "CTR-03384", "elevation_m": 50.0}, "geometry": {"type": "LineString", "coordinates": [[121.44847500178814, 18.030299999999997], [121.44901500178814, 18.030299999999997]]}}, {"type": "Feature", "properties": {"id": "CTR-03385", "elevation_m": 50.0}, "geometry": {"type": "LineString", "coordinates": [[121.44879374865889, 18.0294], [121.44933374865889, 18.0294]]}}, {"type": "Feature", "properties": {"id": "CTR-03386", "elevation_m": 50.0}, "geometry": {"type": "LineString", "coordinates": [[121.45608751609365, 18.0294], [121.45662751609365, 18.0294]]}}, {"type": "Feature", "properties": {"id": "CTR-03387", "elevation_m": 50.0}, "geometry": {"type": "LineString", "coordinates": [[121.45649996185146, 18.0294], [121.45703996185146, 18.0294]]}}, {"type": "Feature", "properties": {"id": "CTR-03388", "elevation_m": 50.0}, "geometry": {"type": "LineString", "coordinates": [[121.44939706268441, 18.028499999999998], [121.44993706268441, 18.028499999999998]]}}, {"type": "Feature", "properties": {"id": "CTR-03389", "elevation_m": 50.0}, "geometry": {"type": "LineString", "coordinates": [[121.45430526030476, 18.028499999999998], [121.45484526030477, 18.028499999999998]]}}, {"type": "Feature", "properties": {"id": "CTR-03390", "elevation_m": 50.0}, "geometry": {"type": "LineString", "coordinates": [[121.45816363920099, 18.028499999999998], [121.45870363920099, 18.028499999999998]]}}, {"type": "Feature", "properties": {"id": "CTR-03391", "elevation_m": 50.0}, "geometry": {"type": "LineString", "coordinates": [[121.45051578662061, 18.0276], [121.45105578662061, 18.0276]]}}, {"type": "Feature", "properties": {"id": "CTR-03392", "elevation_m": 50.0}, "geometry": {"type": "LineString", "coordinates": [[121.45270588354089, 18.0276], [121.45324588354089, 18.0276]]}}, {"type": "Feature", "properties": {"id": "CTR-03393", "elevation_m": 50.0}, "geometry": {"type": "LineString", "coordinates": [[121.45899574374832, 18.0276], [121.45953574374832, 18.0276]]}}, {"type": "Feature", "properties": {"id": "CTR-03394", "elevation_m": 50.0}, "geometry": {"type": "LineString", "coordinates": [[121.45964680540224, 18.026699999999998], [121.46018680540224, 18.026699999999998]]}}, {"type": "Feature", "properties": {"id": "CTR-03395", "elevation_m": 50.0}, "geometry": {"type": "LineString", "coordinates": [[121.46018792980979, 18.0258], [121.46072792980979, 18.0258]]}}, {"type": "Feature", "properties": {"id": "CTR-03396", "elevation_m": 50.0}, "geometry": {"type": "LineString", "coordinates": [[121.46063792980979, 18.0249], [121.46117792980979, 18.0249]]}}, {"type": "Feature", "properties": {"id": "CTR-03397", "elevation_m": 50.0}, "geometry": {"type": "LineString", "coordinates": [[121.46093538290891, 18.023999999999997], [121.46147538290892, 18.023999999999997]]}}, {"type": "Feature", "properties": {"id": "CTR-03398", "elevation_m": 50.0}, "geometry": {"type": "LineString", "coordinates": [[121.46111538502169, 18.0231], [121.46165538502169, 18.0231]]}}, {"type": "Feature", "properties": {"id": "CTR-03399", "elevation_m": 50.0}, "geometry": {"type": "LineString", "coordinates": [[121.4611430754604, 18.022199999999998], [121.4616830754604, 18.022199999999998]]}}, {"type": "Feature", "properties": {"id": "CTR-03400", "elevation_m": 50.0}, "geometry": {"type": "LineString", "coordinates": [[121.46102727509175, 18.0213], [121.46156727509175, 18.0213]]}}, {"type": "Feature", "properties": {"id": "CTR-03401", "elevation_m": 50.0}, "geometry": {"type": "LineString", "coordinates": [[121.46079692242684, 18.0204], [121.46133692242684, 18.0204]]}}, {"type": "Feature", "properties": {"id": "CTR-03402", "elevation_m": 50.0}, "geometry": {"type": "LineString", "coordinates": [[121.46045172352558, 18.019499999999997], [121.46099172352558, 18.019499999999997]]}}, {"type": "Feature", "properties": {"id": "CTR-03403", "elevation_m": 50.0}, "geometry": {"type": "LineString", "coordinates": [[121.46004406750072, 18.0186], [121.46058406750072, 18.0186]]}}, {"type": "Feature", "properties": {"id": "CTR-03404", "elevation_m": 50.0}, "geometry": {"type": "LineString", "coordinates": [[121.45960851250334, 18.017699999999998], [121.46014851250334, 18.017699999999998]]}}, {"type": "Feature", "properties": {"id": "CTR-03405", "elevation_m": 50.0}, "geometry": {"type": "LineString", "coordinates": [[121.45147502145922, 18.0168], [121.45201502145922, 18.0168]]}}, {"type": "Feature", "properties": {"id": "CTR-03406", "elevation_m": 50.0}, "geometry": {"type": "LineString", "coordinates": [[121.45179998304582, 18.0168], [121.45233998304582, 18.0168]]}}, {"type": "Feature", "properties": {"id": "CTR-03407", "elevation_m": 50.0}, "geometry": {"type": "LineString", "coordinates": [[121.45918723621843, 18.0168], [121.45972723621843, 18.0168]]}}, {"type": "Feature", "properties": {"id": "CTR-03408", "elevation_m": 50.0}, "geometry": {"type": "LineString", "coordinates": [[121.45020000635782, 18.0159], [121.45074000635782, 18.0159]]}}, {"type": "Feature", "properties": {"id": "CTR-03409", "elevation_m": 50.0}, "geometry": {"type": "LineString", "coordinates": [[121.45302353416358, 18.0159], [121.45356353416358, 18.0159]]}}, {"type": "Feature", "properties": {"id": "CTR-03410", "elevation_m": 50.0}, "geometry": {"type": "LineString", "coordinates": [[121.4589, 18.0159], [121.45944, 18.0159]]}}, {"type": "Feature", "properties": {"id": "CTR-03411", "elevation_m": 50.0}, "geometry": {"type": "LineString", "coordinates": [[121.4589, 18.0159], [121.45944, 18.0159]]}}, {"type": "Feature", "properties": {"id": "CTR-03412", "elevation_m": 50.0}, "geometry": {"type": "LineString", "coordinates": [[121.4499, 18.014999999999997], [121.45044, 18.014999999999997]]}}, {"type": "Feature", "properties": {"id": "CTR-03413", "elevation_m": 50.0}, "geometry": {"type": "LineString", "coordinates": [[121.4499, 18.014999999999997], [121.45044, 18.014999999999997]]}}, {"type": "Feature", "properties": {"id": "CTR-03414", "elevation_m": 50.0}, "geometry": {"type": "LineString", "coordinates": [[121.45334118122251, 18.014999999999997], [121.45388118122251, 18.014999999999997]]}}, {"type": "Feature", "properties": {"id": "CTR-03415", "elevation_m": 50.0}, "geometry": {"type": "LineString", "coordinates": [[121.458736360799, 18.014999999999997], [121.459276360799, 18.014999999999997]]}}, {"type": "Feature", "properties": {"id": "CTR-03416", "elevation_m": 50.0}, "geometry": {"type": "LineString", "coordinates": [[121.45010000423854, 18.0141], [121.45064000423854, 18.0141]]}}, {"type": "Feature", "properties": {"id": "CTR-03417", "elevation_m": 50.0}, "geometry": {"type": "LineString", "coordinates": [[121.4531062513411, 18.0141], [121.4536462513411, 18.0141]]}}, {"type": "Feature", "properties": {"id": "CTR-03418", "elevation_m": 50.0}, "geometry": {"type": "LineString", "coordinates": [[121.45884545359966, 18.0141], [121.45938545359967, 18.0141]]}}, {"type": "Feature", "properties": {"id": "CTR-03419", "elevation_m": 50.0}, "geometry": {"type": "LineString", "coordinates": [[121.4508, 18.013199999999998], [121.45134, 18.013199999999998]]}}, {"type": "Feature", "properties": {"id": "CTR-03420", "elevation_m": 50.0}, "geometry": {"type": "LineString", "coordinates": [[121.4508, 18.013199999999998], [121.45134, 18.013199999999998]]}}, {"type": "Feature", "properties": {"id": "CTR-03421", "elevation_m": 50.0}, "geometry": {"type": "LineString", "coordinates": [[121.45203749463545, 18.013199999999998], [121.45257749463545, 18.013199999999998]]}}, {"type": "Feature", "properties": {"id": "CTR-03422", "elevation_m": 50.0}, "geometry": {"type": "LineString", "coordinates": [[121.45914893756898, 18.013199999999998], [121.45968893756898, 18.013199999999998]]}}, {"type": "Feature", "properties": {"id": "CTR-03423", "elevation_m": 50.0}, "geometry": {"type": "LineString", "coordinates": [[121.45958936108045, 18.0123], [121.46012936108045, 18.0123]]}}, {"type": "Feature", "properties": {"id": "CTR-03424", "elevation_m": 50.0}, "geometry": {"type": "LineString", "coordinates": [[121.46010508583066, 18.0114], [121.46064508583066, 18.0114]]}}, {"type": "Feature", "properties": {"id": "CTR-03425", "elevation_m": 50.0}, "geometry": {"type": "LineString", "coordinates": [[121.46063792980979, 18.010499999999997], [121.46117792980979, 18.010499999999997]]}}, {"type": "Feature", "properties": {"id": "CTR-03426", "elevation_m": 50.0}, "geometry": {"type": "LineString", "coordinates": [[121.46112923166308, 18.0096], [121.46166923166308, 18.0096]]}}, {"type": "Feature", "properties": {"id": "CTR-03427", "elevation_m": 50.0}, "geometry": {"type": "LineString", "coordinates": [[121.4615584630824, 18.008699999999997], [121.4620984630824, 18.008699999999997]]}}, {"type": "Feature", "properties": {"id": "CTR-03428", "elevation_m": 50.0}, "geometry": {"type": "LineString", "coordinates": [[121.46190895545332, 18.0078], [121.46244895545333, 18.0078]]}}, {"type": "Feature", "properties": {"id": "CTR-03429", "elevation_m": 50.0}, "geometry": {"type": "LineString", "coordinates": [[121.46213181747247, 18.006899999999998], [121.46267181747247, 18.006899999999998]]}}, {"type": "Feature", "properties": {"id": "CTR-03430", "elevation_m": 50.0}, "geometry": {"type": "LineString", "coordinates": [[121.46221791090665, 18.006], [121.46275791090665, 18.006]]}}, {"type": "Feature", "properties": {"id": "CTR-03431", "elevation_m": 50.0}, "geometry": {"type": "LineString", "coordinates": [[121.4621641781867, 18.0051], [121.4627041781867, 18.0051]]}}, {"type": "Feature", "properties": {"id": "CTR-03432", "elevation_m": 50.0}, "geometry": {"type": "LineString", "coordinates": [[121.46198181660549, 18.004199999999997], [121.46252181660549, 18.004199999999997]]}}, {"type": "Feature", "properties": {"id": "CTR-03433", "elevation_m": 50.0}, "geometry": {"type": "LineString", "coordinates": [[121.46170909280066, 18.0033], [121.46224909280066, 18.0033]]}}, {"type": "Feature", "properties": {"id": "CTR-03434", "elevation_m": 50.0}, "geometry": {"type": "LineString", "coordinates": [[121.46136461709108, 18.002399999999998], [121.46190461709108, 18.002399999999998]]}}, {"type": "Feature", "properties": {"id": "CTR-03435", "elevation_m": 50.0}, "geometry": {"type": "LineString", "coordinates": [[121.46100461635973, 18.0015], [121.46154461635973, 18.0015]]}}, {"type": "Feature", "properties": {"id": "CTR-03436", "elevation_m": 50.0}, "geometry": {"type": "LineString", "coordinates": [[121.46068448531007, 18.0006], [121.46122448531007, 18.0006]]}}, {"type": "Feature", "properties": {"id": "CTR-03437", "elevation_m": 50.0}, "geometry": {"type": "LineString", "coordinates": [[121.46040517353643, 17.999699999999997], [121.46094517353643, 17.999699999999997]]}}, {"type": "Feature", "properties": {"id": "CTR-03438", "elevation_m": 50.0}, "geometry": {"type": "LineString", "coordinates": [[121.4602655176496, 17.9988], [121.4608055176496, 17.9988]]}}, {"type": "Feature", "properties": {"id": "CTR-03439", "elevation_m": 50.0}, "geometry": {"type": "LineString", "coordinates": [[121.4602810350951, 17.997899999999998], [121.4608210350951, 17.997899999999998]]}}, {"type": "Feature", "properties": {"id": "CTR-03440", "elevation_m": 50.0}, "geometry": {"type": "LineString", "coordinates": [[121.46046723974638, 17.997], [121.46100723974638, 17.997]]}}, {"type": "Feature", "properties": {"id": "CTR-03441", "elevation_m": 50.0}, "geometry": {"type": "LineString", "coordinates": [[121.46078307862952, 17.9961], [121.46132307862952, 17.9961]]}}, {"type": "Feature", "properties": {"id": "CTR-03442", "elevation_m": 50.0}, "geometry": {"type": "LineString", "coordinates": [[121.46118461497831, 17.995199999999997], [121.46172461497831, 17.995199999999997]]}}, {"type": "Feature", "properties": {"id": "CTR-03443", "elevation_m": 50.0}, "geometry": {"type": "LineString", "coordinates": [[121.4616545467156, 17.9943], [121.4621945467156, 17.9943]]}}, {"type": "Feature", "properties": {"id": "CTR-03444", "elevation_m": 50.0}, "geometry": {"type": "LineString", "coordinates": [[121.46213181747247, 17.993399999999998], [121.46267181747247, 17.993399999999998]]}}, {"type": "Feature", "properties": {"id": "CTR-03445", "elevation_m": 50.0}, "geometry": {"type": "LineString", "coordinates": [[121.46260161263528, 17.9925], [121.46314161263528, 17.9925]]}}, {"type": "Feature", "properties": {"id": "CTR-03446", "elevation_m": 50.0}, "geometry": {"type": "LineString", "coordinates": [[121.46300806317642, 17.9916], [121.46354806317642, 17.9916]]}}, {"type": "Feature", "properties": {"id": "CTR-03447", "elevation_m": 50.0}, "geometry": {"type": "LineString", "coordinates": [[121.46331290161815, 17.990699999999997], [121.46385290161815, 17.990699999999997]]}}, {"type": "Feature", "properties": {"id": "CTR-03448", "elevation_m": 50.0}, "geometry": {"type": "LineString", "coordinates": [[121.46348490456037, 17.9898], [121.46402490456038, 17.9898]]}}, {"type": "Feature", "properties": {"id": "CTR-03449", "elevation_m": 50.0}, "geometry": {"type": "LineString", "coordinates": [[121.46348490456037, 17.988899999999997], [121.46402490456038, 17.988899999999997]]}}, {"type": "Feature", "properties": {"id": "CTR-03450", "elevation_m": 50.0}, "geometry": {"type": "LineString", "coordinates": [[121.4633419344121, 17.988], [121.4638819344121, 17.988]]}}, {"type": "Feature", "properties": {"id": "CTR-03451", "elevation_m": 50.0}, "geometry": {"type": "LineString", "coordinates": [[121.46308064480404, 17.987099999999998], [121.46362064480404, 17.987099999999998]]}}, {"type": "Feature", "properties": {"id": "CTR-03452", "elevation_m": 50.0}, "geometry": {"type": "LineString", "coordinates": [[121.4627467719607, 17.9862], [121.4632867719607, 17.9862]]}}, {"type": "Feature", "properties": {"id": "CTR-03453", "elevation_m": 50.0}, "geometry": {"type": "LineString", "coordinates": [[121.46239090719934, 17.9853], [121.46293090719934, 17.9853]]}}, {"type": "Feature", "properties": {"id": "CTR-03454", "elevation_m": 50.0}, "geometry": {"type": "LineString", "coordinates": [[121.46206363667889, 17.984399999999997], [121.46260363667889, 17.984399999999997]]}}, {"type": "Feature", "properties": {"id": "CTR-03455", "elevation_m": 50.0}, "geometry": {"type": "LineString", "coordinates": [[121.46179090830275, 17.9835], [121.46233090830275, 17.9835]]}}, {"type": "Feature", "properties": {"id": "CTR-03456", "elevation_m": 50.0}, "geometry": {"type": "LineString", "coordinates": [[121.46162727335779, 17.982599999999998], [121.46216727335779, 17.982599999999998]]}}, {"type": "Feature", "properties": {"id": "CTR-03457", "elevation_m": 50.0}, "geometry": {"type": "LineString", "coordinates": [[121.46159999999999, 17.9817], [121.46213999999999, 17.9817]]}}, {"type": "Feature", "properties": {"id": "CTR-03458", "elevation_m": 50.0}, "geometry": {"type": "LineString", "coordinates": [[121.46159999999999, 17.9817], [121.46213999999999, 17.9817]]}}, {"type": "Feature", "properties": {"id": "CTR-03459", "elevation_m": 50.0}, "geometry": {"type": "LineString", "coordinates": [[121.46170909280066, 17.9808], [121.46224909280066, 17.9808]]}}, {"type": "Feature", "properties": {"id": "CTR-03460", "elevation_m": 50.0}, "geometry": {"type": "LineString", "coordinates": [[121.46195454324769, 17.979899999999997], [121.46249454324769, 17.979899999999997]]}}, {"type": "Feature", "properties": {"id": "CTR-03461", "elevation_m": 50.0}, "geometry": {"type": "LineString", "coordinates": [[121.46232272577521, 17.979], [121.46286272577521, 17.979]]}}, {"type": "Feature", "properties": {"id": "CTR-03462", "elevation_m": 50.0}, "geometry": {"type": "LineString", "coordinates": [[121.46279032418829, 17.978099999999998], [121.46333032418829, 17.978099999999998]]}}, {"type": "Feature", "properties": {"id": "CTR-03463", "elevation_m": 50.0}, "geometry": {"type": "LineString", "coordinates": [[121.46331290161815, 17.9772], [121.46385290161815, 17.9772]]}}, {"type": "Feature", "properties": {"id": "CTR-03464", "elevation_m": 50.0}, "geometry": {"type": "LineString", "coordinates": [[121.46390192421963, 17.9763], [121.46444192421963, 17.9763]]}}, {"type": "Feature", "properties": {"id": "CTR-03465", "elevation_m": 50.0}, "geometry": {"type": "LineString", "coordinates": [[121.46448000343321, 17.975399999999997], [121.46502000343321, 17.975399999999997]]}}, {"type": "Feature", "properties": {"id": "CTR-03466", "elevation_m": 50.0}, "geometry": {"type": "LineString", "coordinates": [[121.47122307286011, 17.975399999999997], [121.47176307286011, 17.975399999999997]]}}, {"type": "Feature", "properties": {"id": "CTR-03467", "elevation_m": 50.0}, "geometry": {"type": "LineString", "coordinates": [[121.47312, 17.975399999999997], [121.47366, 17.975399999999997]]}}, {"type": "Feature", "properties": {"id": "CTR-03468", "elevation_m": 50.0}, "geometry": {"type": "LineString", "coordinates": [[121.46501999656678, 17.9745], [121.46555999656678, 17.9745]]}}, {"type": "Feature", "properties": {"id": "CTR-03469", "elevation_m": 50.0}, "geometry": {"type": "LineString", "coordinates": [[121.46988947558624, 17.9745], [121.47042947558624, 17.9745]]}}, {"type": "Feature", "properties": {"id": "CTR-03470", "elevation_m": 50.0}, "geometry": {"type": "LineString", "coordinates": [[121.47409200439452, 17.9745], [121.47463200439452, 17.9745]]}}, {"type": "Feature", "properties": {"id": "CTR-03471", "elevation_m": 50.0}, "geometry": {"type": "LineString", "coordinates": [[121.46546250119209, 17.973599999999998], [121.4660025011921, 17.973599999999998]]}}, {"type": "Feature", "properties": {"id": "CTR-03472", "elevation_m": 50.0}, "geometry": {"type": "LineString", "coordinates": [[121.4692049991417, 17.973599999999998], [121.4697449991417, 17.973599999999998]]}}, {"type": "Feature", "properties": {"id": "CTR-03473", "elevation_m": 50.0}, "geometry": {"type": "LineString", "coordinates": [[121.47446999914169, 17.973599999999998], [121.47500999914169, 17.973599999999998]]}}, {"type": "Feature", "properties": {"id": "CTR-03474", "elevation_m": 50.0}, "geometry": {"type": "LineString", "coordinates": [[121.46565, 17.9727], [121.46619, 17.9727]]}}, {"type": "Feature", "properties": {"id": "CTR-03475", "elevation_m": 50.0}, "geometry": {"type": "LineString", "coordinates": [[121.4689800034332, 17.9727], [121.4695200034332, 17.9727]]}}, {"type": "Feature", "properties": {"id": "CTR-03476", "elevation_m": 50.0}, "geometry": {"type": "LineString", "coordinates": [[121.4745824980688, 17.9727], [121.4751224980688, 17.9727]]}}, {"type": "Feature", "properties": {"id": "CTR-03477", "elevation_m": 50.0}, "geometry": {"type": "LineString", "coordinates": [[121.46545199890136, 17.971799999999998], [121.46599199890136, 17.971799999999998]]}}, {"type": "Feature", "properties": {"id": "CTR-03478", "elevation_m": 50.0}, "geometry": {"type": "LineString", "coordinates": [[121.46922631959363, 17.971799999999998], [121.46976631959363, 17.971799999999998]]}}, {"type": "Feature", "properties": {"id": "CTR-03479", "elevation_m": 50.0}, "geometry": {"type": "LineString", "coordinates": [[121.47446999914169, 17.971799999999998], [121.47500999914169, 17.971799999999998]]}}, {"type": "Feature", "properties": {"id": "CTR-03480", "elevation_m": 50.0}, "geometry": {"type": "LineString", "coordinates": [[121.4650384619899, 17.9709], [121.4655784619899, 17.9709]]}}, {"type": "Feature", "properties": {"id": "CTR-03481", "elevation_m": 50.0}, "geometry": {"type": "LineString", "coordinates": [[121.46988947558624, 17.9709], [121.47042947558624, 17.9709]]}}, {"type": "Feature", "properties": {"id": "CTR-03482", "elevation_m": 50.0}, "geometry": {"type": "LineString", "coordinates": [[121.47412799835205, 17.9709], [121.47466799835205, 17.9709]]}}, {"type": "Feature", "properties": {"id": "CTR-03483", "elevation_m": 55.0}, "geometry": {"type": "LineString", "coordinates": [[121.42957968850583, 18.15], [121.43011968850583, 18.15]]}}, {"type": "Feature", "properties": {"id": "CTR-03484", "elevation_m": 55.0}, "geometry": {"type": "LineString", "coordinates": [[121.42921384387856, 18.149099999999997], [121.42975384387856, 18.149099999999997]]}}, {"type": "Feature", "properties": {"id": "CTR-03485", "elevation_m": 55.0}, "geometry": {"type": "LineString", "coordinates": [[121.42890000200774, 18.1482], [121.42944000200774, 18.1482]]}}, {"type": "Feature", "properties": {"id": "CTR-03486", "elevation_m": 55.0}, "geometry": {"type": "LineString", "coordinates": [[121.4287263167405, 18.147299999999998], [121.4292663167405, 18.147299999999998]]}}, {"type": "Feature", "properties": {"id": "CTR-03487", "elevation_m": 55.0}, "geometry": {"type": "LineString", "coordinates": [[121.42871052388537, 18.1464], [121.42925052388537, 18.1464]]}}, {"type": "Feature", "properties": {"id": "CTR-03488", "elevation_m": 55.0}, "geometry": {"type": "LineString", "coordinates": [[121.42886842232068, 18.1455], [121.42940842232068, 18.1455]]}}, {"type": "Feature", "properties": {"id": "CTR-03489", "elevation_m": 55.0}, "geometry": {"type": "LineString", "coordinates": [[121.42916842031293, 18.144599999999997], [121.42970842031293, 18.144599999999997]]}}, {"type": "Feature", "properties": {"id": "CTR-03490", "elevation_m": 55.0}, "geometry": {"type": "LineString", "coordinates": [[121.42953230923624, 18.1437], [121.43007230923624, 18.1437]]}}, {"type": "Feature", "properties": {"id": "CTR-03491", "elevation_m": 55.0}, "geometry": {"type": "LineString", "coordinates": [[121.42994531149417, 18.142799999999998], [121.43048531149417, 18.142799999999998]]}}, {"type": "Feature", "properties": {"id": "CTR-03492", "elevation_m": 55.0}, "geometry": {"type": "LineString", "coordinates": [[121.43035908909631, 18.1419], [121.43089908909631, 18.1419]]}}, {"type": "Feature", "properties": {"id": "CTR-03493", "elevation_m": 55.0}, "geometry": {"type": "LineString", "coordinates": [[121.43072727162384, 18.141], [121.43126727162384, 18.141]]}}, {"type": "Feature", "properties": {"id": "CTR-03494", "elevation_m": 55.0}, "geometry": {"type": "LineString", "coordinates": [[121.43101428337874, 18.1401], [121.43155428337874, 18.1401]]}}, {"type": "Feature", "properties": {"id": "CTR-03495", "elevation_m": 55.0}, "geometry": {"type": "LineString", "coordinates": [[121.43118571549672, 18.1392], [121.43172571549673, 18.1392]]}}, {"type": "Feature", "properties": {"id": "CTR-03496", "elevation_m": 55.0}, "geometry": {"type": "LineString", "coordinates": [[121.43121428753079, 18.138299999999997], [121.4317542875308, 18.138299999999997]]}}, {"type": "Feature", "properties": {"id": "CTR-03497", "elevation_m": 55.0}, "geometry": {"type": "LineString", "coordinates": [[121.43108709838184, 18.1374], [121.43162709838184, 18.1374]]}}, {"type": "Feature", "properties": {"id": "CTR-03498", "elevation_m": 55.0}, "geometry": {"type": "LineString", "coordinates": [[121.43084999913302, 18.136499999999998], [121.43138999913302, 18.136499999999998]]}}, {"type": "Feature", "properties": {"id": "CTR-03499", "elevation_m": 55.0}, "geometry": {"type": "LineString", "coordinates": [[121.4305090899633, 18.1356], [121.4310490899633, 18.1356]]}}, {"type": "Feature", "properties": {"id": "CTR-03500", "elevation_m": 55.0}, "geometry": {"type": "LineString", "coordinates": [[121.43011343061787, 18.1347], [121.43065343061787, 18.1347]]}}, {"type": "Feature", "properties": {"id": "CTR-03501", "elevation_m": 55.0}, "geometry": {"type": "LineString", "coordinates": [[121.42968461497831, 18.133799999999997], [121.43022461497831, 18.133799999999997]]}}, {"type": "Feature", "properties": {"id": "CTR-03502", "elevation_m": 55.0}, "geometry": {"type": "LineString", "coordinates": [[121.42928437650873, 18.1329], [121.42982437650873, 18.1329]]}}, {"type": "Feature", "properties": {"id": "CTR-03503", "elevation_m": 55.0}, "geometry": {"type": "LineString", "coordinates": [[121.42895172352557, 18.131999999999998], [121.42949172352557, 18.131999999999998]]}}, {"type": "Feature", "properties": {"id": "CTR-03504", "elevation_m": 55.0}, "geometry": {"type": "LineString", "coordinates": [[121.42873448235038, 18.1311], [121.42927448235038, 18.1311]]}}, {"type": "Feature", "properties": {"id": "CTR-03505", "elevation_m": 55.0}, "geometry": {"type": "LineString", "coordinates": [[121.42867241522191, 18.1302], [121.42921241522191, 18.1302]]}}, {"type": "Feature", "properties": {"id": "CTR-03506", "elevation_m": 55.0}, "geometry": {"type": "LineString", "coordinates": [[121.4287736832595, 18.129299999999997], [121.4293136832595, 18.129299999999997]]}}, {"type": "Feature", "properties": {"id": "CTR-03507", "elevation_m": 55.0}, "geometry": {"type": "LineString", "coordinates": [[121.42902631473277, 18.1284], [121.42956631473277, 18.1284]]}}, {"type": "Feature", "properties": {"id": "CTR-03508", "elevation_m": 55.0}, "geometry": {"type": "LineString", "coordinates": [[121.42938000105637, 18.127499999999998], [121.42992000105637, 18.127499999999998]]}}, {"type": "Feature", "properties": {"id": "CTR-03509", "elevation_m": 55.0}, "geometry": {"type": "LineString", "coordinates": [[121.42978153797397, 18.1266], [121.43032153797397, 18.1266]]}}, {"type": "Feature", "properties": {"id": "CTR-03510", "elevation_m": 55.0}, "geometry": {"type": "LineString", "coordinates": [[121.43020909280067, 18.1257], [121.43074909280067, 18.1257]]}}, {"type": "Feature", "properties": {"id": "CTR-03511", "elevation_m": 55.0}, "geometry": {"type": "LineString", "coordinates": [[121.43060454411467, 18.124799999999997], [121.43114454411467, 18.124799999999997]]}}, {"type": "Feature", "properties": {"id": "CTR-03512", "elevation_m": 55.0}, "geometry": {"type": "LineString", "coordinates": [[121.43093181920642, 18.1239], [121.43147181920642, 18.1239]]}}, {"type": "Feature", "properties": {"id": "CTR-03513", "elevation_m": 55.0}, "geometry": {"type": "LineString", "coordinates": [[121.43115714346264, 18.122999999999998], [121.43169714346264, 18.122999999999998]]}}, {"type": "Feature", "properties": {"id": "CTR-03514", "elevation_m": 55.0}, "geometry": {"type": "LineString", "coordinates": [[121.43124285558582, 18.1221], [121.43178285558582, 18.1221]]}}, {"type": "Feature", "properties": {"id": "CTR-03515", "elevation_m": 55.0}, "geometry": {"type": "LineString", "coordinates": [[121.43118571549672, 18.121199999999998], [121.43172571549673, 18.121199999999998]]}}, {"type": "Feature", "properties": {"id": "CTR-03516", "elevation_m": 55.0}, "geometry": {"type": "LineString", "coordinates": [[121.43098656938213, 18.1203], [121.43152656938213, 18.1203]]}}, {"type": "Feature", "properties": {"id": "CTR-03517", "elevation_m": 55.0}, "geometry": {"type": "LineString", "coordinates": [[121.43068636418808, 18.1194], [121.43122636418808, 18.1194]]}}, {"type": "Feature", "properties": {"id": "CTR-03518", "elevation_m": 55.0}, "geometry": {"type": "LineString", "coordinates": [[121.43031492575554, 18.118499999999997], [121.43085492575554, 18.118499999999997]]}}, {"type": "Feature", "properties": {"id": "CTR-03519", "elevation_m": 55.0}, "geometry": {"type": "LineString", "coordinates": [[121.4298923060671, 18.1176], [121.4304323060671, 18.1176]]}}, {"type": "Feature", "properties": {"id": "CTR-03520", "elevation_m": 55.0}, "geometry": {"type": "LineString", "coordinates": [[121.42949531149416, 18.116699999999998], [121.43003531149417, 18.116699999999998]]}}, {"type": "Feature", "properties": {"id": "CTR-03521", "elevation_m": 55.0}, "geometry": {"type": "LineString", "coordinates": [[121.42915345001084, 18.1158], [121.42969345001084, 18.1158]]}}, {"type": "Feature", "properties": {"id": "CTR-03522", "elevation_m": 55.0}, "geometry": {"type": "LineString", "coordinates": [[121.42888965496829, 18.1149], [121.42942965496829, 18.1149]]}}, {"type": "Feature", "properties": {"id": "CTR-03523", "elevation_m": 55.0}, "geometry": {"type": "LineString", "coordinates": [[121.4287736832595, 18.113999999999997], [121.4293136832595, 18.113999999999997]]}}, {"type": "Feature", "properties": {"id": "CTR-03524", "elevation_m": 55.0}, "geometry": {"type": "LineString", "coordinates": [[121.42882105231456, 18.1131], [121.42936105231456, 18.1131]]}}, {"type": "Feature", "properties": {"id": "CTR-03525", "elevation_m": 55.0}, "geometry": {"type": "LineString", "coordinates": [[121.4290293099366, 18.112199999999998], [121.4295693099366, 18.112199999999998]]}}, {"type": "Feature", "properties": {"id": "CTR-03526", "elevation_m": 55.0}, "geometry": {"type": "LineString", "coordinates": [[121.42935230817986, 18.1113], [121.42989230817986, 18.1113]]}}, {"type": "Feature", "properties": {"id": "CTR-03527", "elevation_m": 55.0}, "geometry": {"type": "LineString", "coordinates": [[121.42974000105637, 18.1104], [121.43028000105637, 18.1104]]}}, {"type": "Feature", "properties": {"id": "CTR-03528", "elevation_m": 55.0}, "geometry": {"type": "LineString", "coordinates": [[121.43016818079357, 18.109499999999997], [121.43070818079357, 18.109499999999997]]}}, {"type": "Feature", "properties": {"id": "CTR-03529", "elevation_m": 55.0}, "geometry": {"type": "LineString", "coordinates": [[121.4305835814777, 18.1086], [121.4311235814777, 18.1086]]}}, {"type": "Feature", "properties": {"id": "CTR-03530", "elevation_m": 55.0}, "geometry": {"type": "LineString", "coordinates": [[121.43094626758598, 18.107699999999998], [121.43148626758598, 18.107699999999998]]}}, {"type": "Feature", "properties": {"id": "CTR-03531", "elevation_m": 55.0}, "geometry": {"type": "LineString", "coordinates": [[121.43122857082307, 18.1068], [121.43176857082307, 18.1068]]}}, {"type": "Feature", "properties": {"id": "CTR-03532", "elevation_m": 55.0}, "geometry": {"type": "LineString", "coordinates": [[121.43137142779291, 18.1059], [121.43191142779291, 18.1059]]}}, {"type": "Feature", "properties": {"id": "CTR-03533", "elevation_m": 55.0}, "geometry": {"type": "LineString", "coordinates": [[121.43138571428571, 18.104999999999997], [121.43192571428571, 18.104999999999997]]}}, {"type": "Feature", "properties": {"id": "CTR-03534", "elevation_m": 55.0}, "geometry": {"type": "LineString", "coordinates": [[121.43124285558582, 18.1041], [121.43178285558582, 18.1041]]}}, {"type": "Feature", "properties": {"id": "CTR-03535", "elevation_m": 55.0}, "geometry": {"type": "LineString", "coordinates": [[121.43097313379299, 18.103199999999998], [121.43151313379299, 18.103199999999998]]}}, {"type": "Feature", "properties": {"id": "CTR-03536", "elevation_m": 55.0}, "geometry": {"type": "LineString", "coordinates": [[121.43062388120886, 18.1023], [121.43116388120886, 18.1023]]}}, {"type": "Feature", "properties": {"id": "CTR-03537", "elevation_m": 55.0}, "geometry": {"type": "LineString", "coordinates": [[121.43023432667562, 18.101399999999998], [121.43077432667562, 18.101399999999998]]}}, {"type": "Feature", "properties": {"id": "CTR-03538", "elevation_m": 55.0}, "geometry": {"type": "LineString", "coordinates": [[121.42983692405204, 18.1005], [121.43037692405204, 18.1005]]}}, {"type": "Feature", "properties": {"id": "CTR-03539", "elevation_m": 55.0}, "geometry": {"type": "LineString", "coordinates": [[121.42947692348322, 18.0996], [121.43001692348322, 18.0996]]}}, {"type": "Feature", "properties": {"id": "CTR-03540", "elevation_m": 55.0}, "geometry": {"type": "LineString", "coordinates": [[121.4292, 18.098699999999997], [121.42974, 18.098699999999997]]}}, {"type": "Feature", "properties": {"id": "CTR-03541", "elevation_m": 55.0}, "geometry": {"type": "LineString", "coordinates": [[121.4292, 18.098699999999997], [121.42974, 18.098699999999997]]}}, {"type": "Feature", "properties": {"id": "CTR-03542", "elevation_m": 55.0}, "geometry": {"type": "LineString", "coordinates": [[121.42904482942325, 18.0978], [121.42958482942325, 18.0978]]}}, {"type": "Feature", "properties": {"id": "CTR-03543", "elevation_m": 55.0}, "geometry": {"type": "LineString", "coordinates": [[121.4290421075879, 18.096899999999998], [121.4295821075879, 18.096899999999998]]}}, {"type": "Feature", "properties": {"id": "CTR-03544", "elevation_m": 55.0}, "geometry": {"type": "LineString", "coordinates": [[121.4292, 18.096], [121.42974, 18.096]]}}, {"type": "Feature", "properties": {"id": "CTR-03545", "elevation_m": 55.0}, "geometry": {"type": "LineString", "coordinates": [[121.4292, 18.096], [121.42974, 18.096]]}}, {"type": "Feature", "properties": {"id": "CTR-03546", "elevation_m": 55.0}, "geometry": {"type": "LineString", "coordinates": [[121.42946307594795, 18.0951], [121.43000307594795, 18.0951]]}}, {"type": "Feature", "properties": {"id": "CTR-03547", "elevation_m": 55.0}, "geometry": {"type": "LineString", "coordinates": [[121.42983692405204, 18.094199999999997], [121.43037692405204, 18.094199999999997]]}}, {"type": "Feature", "properties": {"id": "CTR-03548", "elevation_m": 55.0}, "geometry": {"type": "LineString", "coordinates": [[121.43026119303559, 18.0933], [121.43080119303559, 18.0933]]}}, {"type": "Feature", "properties": {"id": "CTR-03549", "elevation_m": 55.0}, "geometry": {"type": "LineString", "coordinates": [[121.43069104454668, 18.092399999999998], [121.43123104454668, 18.092399999999998]]}}, {"type": "Feature", "properties": {"id": "CTR-03550", "elevation_m": 55.0}, "geometry": {"type": "LineString", "coordinates": [[121.43108571610223, 18.0915], [121.43162571610223, 18.0915]]}}, {"type": "Feature", "properties": {"id": "CTR-03551", "elevation_m": 55.0}, "geometry": {"type": "LineString", "coordinates": [[121.4314142863198, 18.0906], [121.4319542863198, 18.0906]]}}, {"type": "Feature", "properties": {"id": "CTR-03552", "elevation_m": 55.0}, "geometry": {"type": "LineString", "coordinates": [[121.43161874865889, 18.089699999999997], [121.43215874865889, 18.089699999999997]]}}, {"type": "Feature", "properties": {"id": "CTR-03553", "elevation_m": 55.0}, "geometry": {"type": "LineString", "coordinates": [[121.43168571246919, 18.0888], [121.43222571246919, 18.0888]]}}, {"type": "Feature", "properties": {"id": "CTR-03554", "elevation_m": 55.0}, "geometry": {"type": "LineString", "coordinates": [[121.43161428510878, 18.087899999999998], [121.43215428510878, 18.087899999999998]]}}, {"type": "Feature", "properties": {"id": "CTR-03555", "elevation_m": 55.0}, "geometry": {"type": "LineString", "coordinates": [[121.43139374865889, 18.087], [121.43193374865889, 18.087]]}}, {"type": "Feature", "properties": {"id": "CTR-03556", "elevation_m": 55.0}, "geometry": {"type": "LineString", "coordinates": [[121.43107142736041, 18.0861], [121.43161142736041, 18.0861]]}}, {"type": "Feature", "properties": {"id": "CTR-03557", "elevation_m": 55.0}, "geometry": {"type": "LineString", "coordinates": [[121.43069104454668, 18.085199999999997], [121.43123104454668, 18.085199999999997]]}}, {"type": "Feature", "properties": {"id": "CTR-03558", "elevation_m": 55.0}, "geometry": {"type": "LineString", "coordinates": [[121.43030149399044, 18.0843], [121.43084149399044, 18.0843]]}}, {"type": "Feature", "properties": {"id": "CTR-03559", "elevation_m": 55.0}, "geometry": {"type": "LineString", "coordinates": [[121.4299338470477, 18.083399999999997], [121.43047384704771, 18.083399999999997]]}}, {"type": "Feature", "properties": {"id": "CTR-03560", "elevation_m": 55.0}, "geometry": {"type": "LineString", "coordinates": [[121.42962923166309, 18.0825], [121.43016923166309, 18.0825]]}}, {"type": "Feature", "properties": {"id": "CTR-03561", "elevation_m": 55.0}, "geometry": {"type": "LineString", "coordinates": [[121.4294492306067, 18.081599999999998], [121.42998923060671, 18.081599999999998]]}}, {"type": "Feature", "properties": {"id": "CTR-03562", "elevation_m": 55.0}, "geometry": {"type": "LineString", "coordinates": [[121.42939384599131, 18.0807], [121.42993384599131, 18.0807]]}}, {"type": "Feature", "properties": {"id": "CTR-03563", "elevation_m": 55.0}, "geometry": {"type": "LineString", "coordinates": [[121.42949076898698, 18.0798], [121.43003076898698, 18.0798]]}}, {"type": "Feature", "properties": {"id": "CTR-03564", "elevation_m": 55.0}, "geometry": {"type": "LineString", "coordinates": [[121.42972615408992, 18.078899999999997], [121.43026615408992, 18.078899999999997]]}}, {"type": "Feature", "properties": {"id": "CTR-03565", "elevation_m": 55.0}, "geometry": {"type": "LineString", "coordinates": [[121.43007230712348, 18.078], [121.43061230712348, 18.078]]}}, {"type": "Feature", "properties": {"id": "CTR-03566", "elevation_m": 55.0}, "geometry": {"type": "LineString", "coordinates": [[121.43047611879113, 18.077099999999998], [121.43101611879113, 18.077099999999998]]}}, {"type": "Feature", "properties": {"id": "CTR-03567", "elevation_m": 55.0}, "geometry": {"type": "LineString", "coordinates": [[121.43091817992659, 18.0762], [121.4314581799266, 18.0762]]}}, {"type": "Feature", "properties": {"id": "CTR-03568", "elevation_m": 55.0}, "geometry": {"type": "LineString", "coordinates": [[121.43135156283527, 18.0753], [121.43189156283528, 18.0753]]}}, {"type": "Feature", "properties": {"id": "CTR-03569", "elevation_m": 55.0}, "geometry": {"type": "LineString", "coordinates": [[121.43172857220708, 18.074399999999997], [121.43226857220708, 18.074399999999997]]}}, {"type": "Feature", "properties": {"id": "CTR-03570", "elevation_m": 55.0}, "geometry": {"type": "LineString", "coordinates": [[121.43200000211927, 18.0735], [121.43254000211927, 18.0735]]}}, {"type": "Feature", "properties": {"id": "CTR-03571", "elevation_m": 55.0}, "geometry": {"type": "LineString", "coordinates": [[121.43215000211927, 18.072599999999998], [121.43269000211927, 18.072599999999998]]}}, {"type": "Feature", "properties": {"id": "CTR-03572", "elevation_m": 55.0}, "geometry": {"type": "LineString", "coordinates": [[121.43213333192048, 18.0717], [121.43267333192048, 18.0717]]}}, {"type": "Feature", "properties": {"id": "CTR-03573", "elevation_m": 55.0}, "geometry": {"type": "LineString", "coordinates": [[121.43194908897966, 18.0708], [121.43248908897966, 18.0708]]}}, {"type": "Feature", "properties": {"id": "CTR-03574", "elevation_m": 55.0}, "geometry": {"type": "LineString", "coordinates": [[121.43166093984694, 18.069899999999997], [121.43220093984694, 18.069899999999997]]}}, {"type": "Feature", "properties": {"id": "CTR-03575", "elevation_m": 55.0}, "geometry": {"type": "LineString", "coordinates": [[121.4313, 18.069], [121.43184, 18.069]]}}, {"type": "Feature", "properties": {"id": "CTR-03576", "elevation_m": 55.0}, "geometry": {"type": "LineString", "coordinates": [[121.4309059703022, 18.068099999999998], [121.4314459703022, 18.068099999999998]]}}, {"type": "Feature", "properties": {"id": "CTR-03577", "elevation_m": 55.0}, "geometry": {"type": "LineString", "coordinates": [[121.43052985151107, 18.0672], [121.43106985151107, 18.0672]]}}, {"type": "Feature", "properties": {"id": "CTR-03578", "elevation_m": 55.0}, "geometry": {"type": "LineString", "coordinates": [[121.43022089536942, 18.0663], [121.43076089536942, 18.0663]]}}, {"type": "Feature", "properties": {"id": "CTR-03579", "elevation_m": 55.0}, "geometry": {"type": "LineString", "coordinates": [[121.42998922849395, 18.0654], [121.43052922849395, 18.0654]]}}, {"type": "Feature", "properties": {"id": "CTR-03580", "elevation_m": 55.0}, "geometry": {"type": "LineString", "coordinates": [[121.42990615400866, 18.0645], [121.43044615400866, 18.0645]]}}, {"type": "Feature", "properties": {"id": "CTR-03581", "elevation_m": 55.0}, "geometry": {"type": "LineString", "coordinates": [[121.42994769182013, 18.063599999999997], [121.43048769182013, 18.063599999999997]]}}, {"type": "Feature", "properties": {"id": "CTR-03582", "elevation_m": 55.0}, "geometry": {"type": "LineString", "coordinates": [[121.43014029697784, 18.0627], [121.43068029697784, 18.0627]]}}, {"type": "Feature", "properties": {"id": "CTR-03583", "elevation_m": 55.0}, "geometry": {"type": "LineString", "coordinates": [[121.43044090916972, 18.061799999999998], [121.43098090916972, 18.061799999999998]]}}, {"type": "Feature", "properties": {"id": "CTR-03584", "elevation_m": 55.0}, "geometry": {"type": "LineString", "coordinates": [[121.4308388069644, 18.0609], [121.4313788069644, 18.0609]]}}, {"type": "Feature", "properties": {"id": "CTR-03585", "elevation_m": 55.0}, "geometry": {"type": "LineString", "coordinates": [[121.43128571489122, 18.06], [121.43182571489122, 18.06]]}}, {"type": "Feature", "properties": {"id": "CTR-03586", "elevation_m": 55.0}, "geometry": {"type": "LineString", "coordinates": [[121.43175714441416, 18.059099999999997], [121.43229714441416, 18.059099999999997]]}}, {"type": "Feature", "properties": {"id": "CTR-03587", "elevation_m": 55.0}, "geometry": {"type": "LineString", "coordinates": [[121.43221090727498, 18.0582], [121.43275090727498, 18.0582]]}}, {"type": "Feature", "properties": {"id": "CTR-03588", "elevation_m": 55.0}, "geometry": {"type": "LineString", "coordinates": [[121.43257090977187, 18.057299999999998], [121.43311090977187, 18.057299999999998]]}}, {"type": "Feature", "properties": {"id": "CTR-03589", "elevation_m": 55.0}, "geometry": {"type": "LineString", "coordinates": [[121.4328, 18.0564], [121.43334, 18.0564]]}}, {"type": "Feature", "properties": {"id": "CTR-03590", "elevation_m": 55.0}, "geometry": {"type": "LineString", "coordinates": [[121.4328, 18.0564], [121.43334, 18.0564]]}}, {"type": "Feature", "properties": {"id": "CTR-03591", "elevation_m": 55.0}, "geometry": {"type": "LineString", "coordinates": [[121.43286428337873, 18.0555], [121.43340428337874, 18.0555]]}}, {"type": "Feature", "properties": {"id": "CTR-03592", "elevation_m": 55.0}, "geometry": {"type": "LineString", "coordinates": [[121.4327345438656, 18.054599999999997], [121.43327454386561, 18.054599999999997]]}}, {"type": "Feature", "properties": {"id": "CTR-03593", "elevation_m": 55.0}, "geometry": {"type": "LineString", "coordinates": [[121.43247272557029, 18.0537], [121.4330127255703, 18.0537]]}}, {"type": "Feature", "properties": {"id": "CTR-03594", "elevation_m": 55.0}, "geometry": {"type": "LineString", "coordinates": [[121.43208333403975, 18.052799999999998], [121.43262333403975, 18.052799999999998]]}}, {"type": "Feature", "properties": {"id": "CTR-03595", "elevation_m": 55.0}, "geometry": {"type": "LineString", "coordinates": [[121.43167142917693, 18.0519], [121.43221142917693, 18.0519]]}}, {"type": "Feature", "properties": {"id": "CTR-03596", "elevation_m": 55.0}, "geometry": {"type": "LineString", "coordinates": [[121.4312812513411, 18.051], [121.4318212513411, 18.051]]}}, {"type": "Feature", "properties": {"id": "CTR-03597", "elevation_m": 55.0}, "geometry": {"type": "LineString", "coordinates": [[121.43093283666218, 18.050099999999997], [121.43147283666218, 18.050099999999997]]}}, {"type": "Feature", "properties": {"id": "CTR-03598", "elevation_m": 55.0}, "geometry": {"type": "LineString", "coordinates": [[121.43067761064012, 18.0492], [121.43121761064012, 18.0492]]}}, {"type": "Feature", "properties": {"id": "CTR-03599", "elevation_m": 55.0}, "geometry": {"type": "LineString", "coordinates": [[121.4305432847293, 18.048299999999998], [121.4310832847293, 18.048299999999998]]}}, {"type": "Feature", "properties": {"id": "CTR-03600", "elevation_m": 55.0}, "geometry": {"type": "LineString", "coordinates": [[121.4305567152707, 18.0474], [121.4310967152707, 18.0474]]}}, {"type": "Feature", "properties": {"id": "CTR-03601", "elevation_m": 55.0}, "geometry": {"type": "LineString", "coordinates": [[121.43069104454668, 18.046499999999998], [121.43123104454668, 18.046499999999998]]}}, {"type": "Feature", "properties": {"id": "CTR-03602", "elevation_m": 55.0}, "geometry": {"type": "LineString", "coordinates": [[121.43095970302215, 18.0456], [121.43149970302215, 18.0456]]}}, {"type": "Feature", "properties": {"id": "CTR-03603", "elevation_m": 55.0}, "geometry": {"type": "LineString", "coordinates": [[121.43135714225163, 18.0447], [121.43189714225163, 18.0447]]}}, {"type": "Feature", "properties": {"id": "CTR-03604", "elevation_m": 55.0}, "geometry": {"type": "LineString", "coordinates": [[121.43181428389776, 18.043799999999997], [121.43235428389777, 18.043799999999997]]}}, {"type": "Feature", "properties": {"id": "CTR-03605", "elevation_m": 55.0}, "geometry": {"type": "LineString", "coordinates": [[121.43235818045623, 18.0429], [121.43289818045623, 18.0429]]}}, {"type": "Feature", "properties": {"id": "CTR-03606", "elevation_m": 55.0}, "geometry": {"type": "LineString", "coordinates": [[121.43288571584272, 18.041999999999998], [121.43342571584272, 18.041999999999998]]}}, {"type": "Feature", "properties": {"id": "CTR-03607", "elevation_m": 55.0}, "geometry": {"type": "LineString", "coordinates": [[121.43344285831063, 18.0411], [121.43398285831063, 18.0411]]}}, {"type": "Feature", "properties": {"id": "CTR-03608", "elevation_m": 55.0}, "geometry": {"type": "LineString", "coordinates": [[121.4391, 18.0411], [121.43964, 18.0411]]}}, {"type": "Feature", "properties": {"id": "CTR-03609", "elevation_m": 55.0}, "geometry": {"type": "LineString", "coordinates": [[121.4391, 18.0411], [121.43964, 18.0411]]}}, {"type": "Feature", "properties": {"id": "CTR-03610", "elevation_m": 55.0}, "geometry": {"type": "LineString", "coordinates": [[121.44208800659179, 18.0411], [121.44262800659179, 18.0411]]}}, {"type": "Feature", "properties": {"id": "CTR-03611", "elevation_m": 55.0}, "geometry": {"type": "LineString", "coordinates": [[121.43390000423854, 18.0402], [121.43444000423854, 18.0402]]}}, {"type": "Feature", "properties": {"id": "CTR-03612", "elevation_m": 55.0}, "geometry": {"type": "LineString", "coordinates": [[121.43824736081274, 18.0402], [121.43878736081274, 18.0402]]}}, {"type": "Feature", "properties": {"id": "CTR-03613", "elevation_m": 55.0}, "geometry": {"type": "LineString", "coordinates": [[121.44269999999999, 18.0402], [121.44323999999999, 18.0402]]}}, {"type": "Feature", "properties": {"id": "CTR-03614", "elevation_m": 55.0}, "geometry": {"type": "LineString", "coordinates": [[121.44269999999999, 18.0402], [121.44323999999999, 18.0402]]}}, {"type": "Feature", "properties": {"id": "CTR-03615", "elevation_m": 55.0}, "geometry": {"type": "LineString", "coordinates": [[121.43413333615902, 18.039299999999997], [121.43467333615902, 18.039299999999997]]}}, {"type": "Feature", "properties": {"id": "CTR-03616", "elevation_m": 55.0}, "geometry": {"type": "LineString", "coordinates": [[121.43785000211926, 18.039299999999997], [121.43839000211926, 18.039299999999997]]}}, {"type": "Feature", "properties": {"id": "CTR-03617", "elevation_m": 55.0}, "geometry": {"type": "LineString", "coordinates": [[121.4428800034332, 18.039299999999997], [121.4434200034332, 18.039299999999997]]}}, {"type": "Feature", "properties": {"id": "CTR-03618", "elevation_m": 55.0}, "geometry": {"type": "LineString", "coordinates": [[121.43406666807951, 18.0384], [121.43460666807951, 18.0384]]}}, {"type": "Feature", "properties": {"id": "CTR-03619", "elevation_m": 55.0}, "geometry": {"type": "LineString", "coordinates": [[121.43799999576144, 18.0384], [121.43853999576145, 18.0384]]}}, {"type": "Feature", "properties": {"id": "CTR-03620", "elevation_m": 55.0}, "geometry": {"type": "LineString", "coordinates": [[121.44281249892711, 18.0384], [121.44335249892711, 18.0384]]}}, {"type": "Feature", "properties": {"id": "CTR-03621", "elevation_m": 55.0}, "geometry": {"type": "LineString", "coordinates": [[121.43365714207863, 18.037499999999998], [121.43419714207863, 18.037499999999998]]}}, {"type": "Feature", "properties": {"id": "CTR-03622", "elevation_m": 55.0}, "geometry": {"type": "LineString", "coordinates": [[121.43860000847708, 18.037499999999998], [121.43914000847708, 18.037499999999998]]}}, {"type": "Feature", "properties": {"id": "CTR-03623", "elevation_m": 55.0}, "geometry": {"type": "LineString", "coordinates": [[121.44244800109863, 18.037499999999998], [121.44298800109863, 18.037499999999998]]}}, {"type": "Feature", "properties": {"id": "CTR-03624", "elevation_m": 55.0}, "geometry": {"type": "LineString", "coordinates": [[121.43322857103931, 18.0366], [121.43376857103931, 18.0366]]}}, {"type": "Feature", "properties": {"id": "CTR-03625", "elevation_m": 55.0}, "geometry": {"type": "LineString", "coordinates": [[121.43974285013623, 18.0366], [121.44028285013623, 18.0366]]}}, {"type": "Feature", "properties": {"id": "CTR-03626", "elevation_m": 55.0}, "geometry": {"type": "LineString", "coordinates": [[121.44159999576145, 18.0366], [121.44213999576145, 18.0366]]}}, {"type": "Feature", "properties": {"id": "CTR-03627", "elevation_m": 55.0}, "geometry": {"type": "LineString", "coordinates": [[121.43271666807951, 18.0357], [121.43325666807951, 18.0357]]}}, {"type": "Feature", "properties": {"id": "CTR-03628", "elevation_m": 55.0}, "geometry": {"type": "LineString", "coordinates": [[121.43226, 18.034799999999997], [121.4328, 18.034799999999997]]}}, {"type": "Feature", "properties": {"id": "CTR-03629", "elevation_m": 55.0}, "geometry": {"type": "LineString", "coordinates": [[121.43184285593183, 18.0339], [121.43238285593183, 18.0339]]}}, {"type": "Feature", "properties": {"id": "CTR-03630", "elevation_m": 55.0}, "geometry": {"type": "LineString", "coordinates": [[121.43154843716472, 18.032999999999998], [121.43208843716472, 18.032999999999998]]}}, {"type": "Feature", "properties": {"id": "CTR-03631", "elevation_m": 55.0}, "geometry": {"type": "LineString", "coordinates": [[121.43137142779291, 18.0321], [121.43191142779291, 18.0321]]}}, {"type": "Feature", "properties": {"id": "CTR-03632", "elevation_m": 55.0}, "geometry": {"type": "LineString", "coordinates": [[121.43132857021756, 18.0312], [121.43186857021756, 18.0312]]}}, {"type": "Feature", "properties": {"id": "CTR-03633", "elevation_m": 55.0}, "geometry": {"type": "LineString", "coordinates": [[121.43142856961205, 18.030299999999997], [121.43196856961205, 18.030299999999997]]}}, {"type": "Feature", "properties": {"id": "CTR-03634", "elevation_m": 55.0}, "geometry": {"type": "LineString", "coordinates": [[121.43167142917693, 18.0294], [121.43221142917693, 18.0294]]}}, {"type": "Feature", "properties": {"id": "CTR-03635", "elevation_m": 55.0}, "geometry": {"type": "LineString", "coordinates": [[121.43206363409372, 18.028499999999998], [121.43260363409372, 18.028499999999998]]}}, {"type": "Feature", "properties": {"id": "CTR-03636", "elevation_m": 55.0}, "geometry": {"type": "LineString", "coordinates": [[121.43258333192048, 18.0276], [121.43312333192048, 18.0276]]}}, {"type": "Feature", "properties": {"id": "CTR-03637", "elevation_m": 55.0}, "geometry": {"type": "LineString", "coordinates": [[121.43325, 18.026699999999998], [121.43379, 18.026699999999998]]}}, {"type": "Feature", "properties": {"id": "CTR-03638", "elevation_m": 55.0}, "geometry": {"type": "LineString", "coordinates": [[121.43965385427975, 18.026699999999998], [121.44019385427976, 18.026699999999998]]}}, {"type": "Feature", "properties": {"id": "CTR-03639", "elevation_m": 55.0}, "geometry": {"type": "LineString", "coordinates": [[121.44171001373311, 18.026699999999998], [121.44225001373312, 18.026699999999998]]}}, {"type": "Feature", "properties": {"id": "CTR-03640", "elevation_m": 55.0}, "geometry": {"type": "LineString", "coordinates": [[121.43409999576144, 18.0258], [121.43463999576144, 18.0258]]}}, {"type": "Feature", "properties": {"id": "CTR-03641", "elevation_m": 55.0}, "geometry": {"type": "LineString", "coordinates": [[121.43789999364218, 18.0258], [121.43843999364218, 18.0258]]}}, {"type": "Feature", "properties": {"id": "CTR-03642", "elevation_m": 55.0}, "geometry": {"type": "LineString", "coordinates": [[121.4428800034332, 18.0258], [121.4434200034332, 18.0258]]}}, {"type": "Feature", "properties": {"id": "CTR-03643", "elevation_m": 55.0}, "geometry": {"type": "LineString", "coordinates": [[121.44353250236036, 18.0249], [121.44407250236036, 18.0249]]}}, {"type": "Feature", "properties": {"id": "CTR-03644", "elevation_m": 55.0}, "geometry": {"type": "LineString", "coordinates": [[121.44390566159959, 18.023999999999997], [121.44444566159959, 18.023999999999997]]}}, {"type": "Feature", "properties": {"id": "CTR-03645", "elevation_m": 55.0}, "geometry": {"type": "LineString", "coordinates": [[121.44410943384004, 18.0231], [121.44464943384004, 18.0231]]}}, {"type": "Feature", "properties": {"id": "CTR-03646", "elevation_m": 55.0}, "geometry": {"type": "LineString", "coordinates": [[121.44414339695975, 18.022199999999998], [121.44468339695975, 18.022199999999998]]}}, {"type": "Feature", "properties": {"id": "CTR-03647", "elevation_m": 55.0}, "geometry": {"type": "LineString", "coordinates": [[121.44400754802535, 18.0213], [121.44454754802535, 18.0213]]}}, {"type": "Feature", "properties": {"id": "CTR-03648", "elevation_m": 55.0}, "geometry": {"type": "LineString", "coordinates": [[121.44371886768008, 18.0204], [121.44425886768008, 18.0204]]}}, {"type": "Feature", "properties": {"id": "CTR-03649", "elevation_m": 55.0}, "geometry": {"type": "LineString", "coordinates": [[121.43459999999999, 18.019499999999997], [121.43513999999999, 18.019499999999997]]}}, {"type": "Feature", "properties": {"id": "CTR-03650", "elevation_m": 55.0}, "geometry": {"type": "LineString", "coordinates": [[121.43459999999999, 18.019499999999997], [121.43513999999999, 18.019499999999997]]}}, {"type": "Feature", "properties": {"id": "CTR-03651", "elevation_m": 55.0}, "geometry": {"type": "LineString", "coordinates": [[121.43707500715261, 18.019499999999997], [121.43761500715262, 18.019499999999997]]}}, {"type": "Feature", "properties": {"id": "CTR-03652", "elevation_m": 55.0}, "geometry": {"type": "LineString", "coordinates": [[121.4432175019312, 18.019499999999997], [121.4437575019312, 18.019499999999997]]}}, {"type": "Feature", "properties": {"id": "CTR-03653", "elevation_m": 55.0}, "geometry": {"type": "LineString", "coordinates": [[121.43373332815281, 18.0186], [121.43427332815281, 18.0186]]}}, {"type": "Feature", "properties": {"id": "CTR-03654", "elevation_m": 55.0}, "geometry": {"type": "LineString", "coordinates": [[121.43843684020318, 18.0186], [121.43897684020318, 18.0186]]}}, {"type": "Feature", "properties": {"id": "CTR-03655", "elevation_m": 55.0}, "geometry": {"type": "LineString", "coordinates": [[121.44259200439453, 18.0186], [121.44313200439453, 18.0186]]}}, {"type": "Feature", "properties": {"id": "CTR-03656", "elevation_m": 55.0}, "geometry": {"type": "LineString", "coordinates": [[121.43315121930796, 18.017699999999998], [121.43369121930796, 18.017699999999998]]}}, {"type": "Feature", "properties": {"id": "CTR-03657", "elevation_m": 55.0}, "geometry": {"type": "LineString", "coordinates": [[121.43993077938846, 18.017699999999998], [121.44047077938846, 18.017699999999998]]}}, {"type": "Feature", "properties": {"id": "CTR-03658", "elevation_m": 55.0}, "geometry": {"type": "LineString", "coordinates": [[121.4413999915229, 18.017699999999998], [121.4419399915229, 18.017699999999998]]}}, {"type": "Feature", "properties": {"id": "CTR-03659", "elevation_m": 55.0}, "geometry": {"type": "LineString", "coordinates": [[121.4327018164794, 18.0168], [121.4332418164794, 18.0168]]}}, {"type": "Feature", "properties": {"id": "CTR-03660", "elevation_m": 55.0}, "geometry": {"type": "LineString", "coordinates": [[121.43245000211927, 18.0159], [121.43299000211927, 18.0159]]}}, {"type": "Feature", "properties": {"id": "CTR-03661", "elevation_m": 55.0}, "geometry": {"type": "LineString", "coordinates": [[121.43234181954375, 18.014999999999997], [121.43288181954375, 18.014999999999997]]}}, {"type": "Feature", "properties": {"id": "CTR-03662", "elevation_m": 55.0}, "geometry": {"type": "LineString", "coordinates": [[121.4324072721598, 18.0141], [121.4329472721598, 18.0141]]}}, {"type": "Feature", "properties": {"id": "CTR-03663", "elevation_m": 55.0}, "geometry": {"type": "LineString", "coordinates": [[121.43265, 18.013199999999998], [121.43319, 18.013199999999998]]}}, {"type": "Feature", "properties": {"id": "CTR-03664", "elevation_m": 55.0}, "geometry": {"type": "LineString", "coordinates": [[121.4331, 18.0123], [121.43364, 18.0123]]}}, {"type": "Feature", "properties": {"id": "CTR-03665", "elevation_m": 55.0}, "geometry": {"type": "LineString", "coordinates": [[121.44022497854077, 18.0123], [121.44076497854077, 18.0123]]}}, {"type": "Feature", "properties": {"id": "CTR-03666", "elevation_m": 55.0}, "geometry": {"type": "LineString", "coordinates": [[121.44119998728436, 18.0123], [121.44173998728436, 18.0123]]}}, {"type": "Feature", "properties": {"id": "CTR-03667", "elevation_m": 55.0}, "geometry": {"type": "LineString", "coordinates": [[121.43379999576145, 18.0114], [121.43433999576145, 18.0114]]}}, {"type": "Feature", "properties": {"id": "CTR-03668", "elevation_m": 55.0}, "geometry": {"type": "LineString", "coordinates": [[121.43834210050795, 18.0114], [121.43888210050795, 18.0114]]}}, {"type": "Feature", "properties": {"id": "CTR-03669", "elevation_m": 55.0}, "geometry": {"type": "LineString", "coordinates": [[121.44266400604248, 18.0114], [121.44320400604248, 18.0114]]}}, {"type": "Feature", "properties": {"id": "CTR-03670", "elevation_m": 55.0}, "geometry": {"type": "LineString", "coordinates": [[121.43534999523158, 18.010499999999997], [121.43588999523158, 18.010499999999997]]}}, {"type": "Feature", "properties": {"id": "CTR-03671", "elevation_m": 55.0}, "geometry": {"type": "LineString", "coordinates": [[121.43639999999999, 18.010499999999997], [121.43693999999999, 18.010499999999997]]}}, {"type": "Feature", "properties": {"id": "CTR-03672", "elevation_m": 55.0}, "geometry": {"type": "LineString", "coordinates": [[121.43639999999999, 18.010499999999997], [121.43693999999999, 18.010499999999997]]}}, {"type": "Feature", "properties": {"id": "CTR-03673", "elevation_m": 55.0}, "geometry": {"type": "LineString", "coordinates": [[121.44346499742508, 18.010499999999997], [121.44400499742508, 18.010499999999997]]}}, {"type": "Feature", "properties": {"id": "CTR-03674", "elevation_m": 55.0}, "geometry": {"type": "LineString", "coordinates": [[121.44408461284524, 18.0096], [121.44462461284525, 18.0096]]}}, {"type": "Feature", "properties": {"id": "CTR-03675", "elevation_m": 55.0}, "geometry": {"type": "LineString", "coordinates": [[121.44460161263528, 18.008699999999997], [121.44514161263528, 18.008699999999997]]}}, {"type": "Feature", "properties": {"id": "CTR-03676", "elevation_m": 55.0}, "geometry": {"type": "LineString", "coordinates": [[121.44496451648628, 18.0078], [121.44550451648628, 18.0078]]}}, {"type": "Feature", "properties": {"id": "CTR-03677", "elevation_m": 55.0}, "geometry": {"type": "LineString", "coordinates": [[121.44519677472942, 18.006899999999998], [121.44573677472943, 18.006899999999998]]}}, {"type": "Feature", "properties": {"id": "CTR-03678", "elevation_m": 55.0}, "geometry": {"type": "LineString", "coordinates": [[121.44529838736472, 18.006], [121.44583838736472, 18.006]]}}, {"type": "Feature", "properties": {"id": "CTR-03679", "elevation_m": 55.0}, "geometry": {"type": "LineString", "coordinates": [[121.44524032141956, 18.0051], [121.44578032141956, 18.0051]]}}, {"type": "Feature", "properties": {"id": "CTR-03680", "elevation_m": 55.0}, "geometry": {"type": "LineString", "coordinates": [[121.445037096149, 18.004199999999997], [121.445577096149, 18.004199999999997]]}}, {"type": "Feature", "properties": {"id": "CTR-03681", "elevation_m": 55.0}, "geometry": {"type": "LineString", "coordinates": [[121.44473225824314, 18.0033], [121.44527225824314, 18.0033]]}}, {"type": "Feature", "properties": {"id": "CTR-03682", "elevation_m": 55.0}, "geometry": {"type": "LineString", "coordinates": [[121.4443471692002, 18.002399999999998], [121.4448871692002, 18.002399999999998]]}}, {"type": "Feature", "properties": {"id": "CTR-03683", "elevation_m": 55.0}, "geometry": {"type": "LineString", "coordinates": [[121.44390566159959, 18.0015], [121.44444566159959, 18.0015]]}}, {"type": "Feature", "properties": {"id": "CTR-03684", "elevation_m": 55.0}, "geometry": {"type": "LineString", "coordinates": [[121.435336360799, 18.0006], [121.435876360799, 18.0006]]}}, {"type": "Feature", "properties": {"id": "CTR-03685", "elevation_m": 55.0}, "geometry": {"type": "LineString", "coordinates": [[121.43639999999999, 18.0006], [121.43693999999999, 18.0006]]}}, {"type": "Feature", "properties": {"id": "CTR-03686", "elevation_m": 55.0}, "geometry": {"type": "LineString", "coordinates": [[121.43639999999999, 18.0006], [121.43693999999999, 18.0006]]}}, {"type": "Feature", "properties": {"id": "CTR-03687", "elevation_m": 55.0}, "geometry": {"type": "LineString", "coordinates": [[121.44346499742508, 18.0006], [121.44400499742508, 18.0006]]}}, {"type": "Feature", "properties": {"id": "CTR-03688", "elevation_m": 55.0}, "geometry": {"type": "LineString", "coordinates": [[121.4343, 17.999699999999997], [121.43484, 17.999699999999997]]}}, {"type": "Feature", "properties": {"id": "CTR-03689", "elevation_m": 55.0}, "geometry": {"type": "LineString", "coordinates": [[121.43754999576144, 17.999699999999997], [121.43808999576144, 17.999699999999997]]}}, {"type": "Feature", "properties": {"id": "CTR-03690", "elevation_m": 55.0}, "geometry": {"type": "LineString", "coordinates": [[121.44306923099495, 17.999699999999997], [121.44360923099495, 17.999699999999997]]}}, {"type": "Feature", "properties": {"id": "CTR-03691", "elevation_m": 55.0}, "geometry": {"type": "LineString", "coordinates": [[121.434, 17.9988], [121.43454, 17.9988]]}}, {"type": "Feature", "properties": {"id": "CTR-03692", "elevation_m": 55.0}, "geometry": {"type": "LineString", "coordinates": [[121.43801052441374, 17.9988], [121.43855052441374, 17.9988]]}}, {"type": "Feature", "properties": {"id": "CTR-03693", "elevation_m": 55.0}, "geometry": {"type": "LineString", "coordinates": [[121.44285749871254, 17.9988], [121.44339749871254, 17.9988]]}}, {"type": "Feature", "properties": {"id": "CTR-03694", "elevation_m": 55.0}, "geometry": {"type": "LineString", "coordinates": [[121.43401154100091, 17.997899999999998], [121.43455154100091, 17.997899999999998]]}}, {"type": "Feature", "properties": {"id": "CTR-03695", "elevation_m": 55.0}, "geometry": {"type": "LineString", "coordinates": [[121.43796315979681, 17.997899999999998], [121.43850315979681, 17.997899999999998]]}}, {"type": "Feature", "properties": {"id": "CTR-03696", "elevation_m": 55.0}, "geometry": {"type": "LineString", "coordinates": [[121.4428800034332, 17.997899999999998], [121.4434200034332, 17.997899999999998]]}}, {"type": "Feature", "properties": {"id": "CTR-03697", "elevation_m": 55.0}, "geometry": {"type": "LineString", "coordinates": [[121.43439230464509, 17.997], [121.43493230464509, 17.997]]}}, {"type": "Feature", "properties": {"id": "CTR-03698", "elevation_m": 55.0}, "geometry": {"type": "LineString", "coordinates": [[121.43744210050795, 17.997], [121.43798210050795, 17.997]]}}, {"type": "Feature", "properties": {"id": "CTR-03699", "elevation_m": 55.0}, "geometry": {"type": "LineString", "coordinates": [[121.44312749935627, 17.997], [121.44366749935627, 17.997]]}}, {"type": "Feature", "properties": {"id": "CTR-03700", "elevation_m": 55.0}, "geometry": {"type": "LineString", "coordinates": [[121.44359999999999, 17.9961], [121.44413999999999, 17.9961]]}}, {"type": "Feature", "properties": {"id": "CTR-03701", "elevation_m": 55.0}, "geometry": {"type": "LineString", "coordinates": [[121.44359999999999, 17.9961], [121.44413999999999, 17.9961]]}}, {"type": "Feature", "properties": {"id": "CTR-03702", "elevation_m": 55.0}, "geometry": {"type": "LineString", "coordinates": [[121.44409245197463, 17.995199999999997], [121.44463245197463, 17.995199999999997]]}}, {"type": "Feature", "properties": {"id": "CTR-03703", "elevation_m": 55.0}, "geometry": {"type": "LineString", "coordinates": [[121.4446451593254, 17.9943], [121.4451851593254, 17.9943]]}}, {"type": "Feature", "properties": {"id": "CTR-03704", "elevation_m": 55.0}, "geometry": {"type": "LineString", "coordinates": [[121.4451532280393, 17.993399999999998], [121.4456932280393, 17.993399999999998]]}}, {"type": "Feature", "properties": {"id": "CTR-03705", "elevation_m": 55.0}, "geometry": {"type": "LineString", "coordinates": [[121.44563181573851, 17.9925], [121.44617181573851, 17.9925]]}}, {"type": "Feature", "properties": {"id": "CTR-03706", "elevation_m": 55.0}, "geometry": {"type": "LineString", "coordinates": [[121.44601363754587, 17.9916], [121.44655363754588, 17.9916]]}}, {"type": "Feature", "properties": {"id": "CTR-03707", "elevation_m": 55.0}, "geometry": {"type": "LineString", "coordinates": [[121.44628636592202, 17.990699999999997], [121.44682636592202, 17.990699999999997]]}}, {"type": "Feature", "properties": {"id": "CTR-03708", "elevation_m": 55.0}, "geometry": {"type": "LineString", "coordinates": [[121.44643845991325, 17.9898], [121.44697845991325, 17.9898]]}}, {"type": "Feature", "properties": {"id": "CTR-03709", "elevation_m": 55.0}, "geometry": {"type": "LineString", "coordinates": [[121.44643845991325, 17.988899999999997], [121.44697845991325, 17.988899999999997]]}}, {"type": "Feature", "properties": {"id": "CTR-03710", "elevation_m": 55.0}, "geometry": {"type": "LineString", "coordinates": [[121.4463, 17.988], [121.44684, 17.988]]}}, {"type": "Feature", "properties": {"id": "CTR-03711", "elevation_m": 55.0}, "geometry": {"type": "LineString", "coordinates": [[121.4463, 17.988], [121.44684, 17.988]]}}, {"type": "Feature", "properties": {"id": "CTR-03712", "elevation_m": 55.0}, "geometry": {"type": "LineString", "coordinates": [[121.44606818426148, 17.987099999999998], [121.44660818426148, 17.987099999999998]]}}, {"type": "Feature", "properties": {"id": "CTR-03713", "elevation_m": 55.0}, "geometry": {"type": "LineString", "coordinates": [[121.44574090916971, 17.9862], [121.44628090916972, 17.9862]]}}, {"type": "Feature", "properties": {"id": "CTR-03714", "elevation_m": 55.0}, "geometry": {"type": "LineString", "coordinates": [[121.44539999999999, 17.9853], [121.44594, 17.9853]]}}, {"type": "Feature", "properties": {"id": "CTR-03715", "elevation_m": 55.0}, "geometry": {"type": "LineString", "coordinates": [[121.44539999999999, 17.9853], [121.44594, 17.9853]]}}, {"type": "Feature", "properties": {"id": "CTR-03716", "elevation_m": 55.0}, "geometry": {"type": "LineString", "coordinates": [[121.445037096149, 17.984399999999997], [121.445577096149, 17.984399999999997]]}}, {"type": "Feature", "properties": {"id": "CTR-03717", "elevation_m": 55.0}, "geometry": {"type": "LineString", "coordinates": [[121.44475081828813, 17.9835], [121.44529081828813, 17.9835]]}}, {"type": "Feature", "properties": {"id": "CTR-03718", "elevation_m": 55.0}, "geometry": {"type": "LineString", "coordinates": [[121.4445725796627, 17.982599999999998], [121.4451125796627, 17.982599999999998]]}}, {"type": "Feature", "properties": {"id": "CTR-03719", "elevation_m": 55.0}, "geometry": {"type": "LineString", "coordinates": [[121.44452950884258, 17.9817], [121.44506950884258, 17.9817]]}}, {"type": "Feature", "properties": {"id": "CTR-03720", "elevation_m": 55.0}, "geometry": {"type": "LineString", "coordinates": [[121.44464753950733, 17.9808], [121.44518753950733, 17.9808]]}}, {"type": "Feature", "properties": {"id": "CTR-03721", "elevation_m": 55.0}, "geometry": {"type": "LineString", "coordinates": [[121.44491311253971, 17.979899999999997], [121.44545311253971, 17.979899999999997]]}}, {"type": "Feature", "properties": {"id": "CTR-03722", "elevation_m": 55.0}, "geometry": {"type": "LineString", "coordinates": [[121.44529838736472, 17.979], [121.44583838736472, 17.979]]}}, {"type": "Feature", "properties": {"id": "CTR-03723", "elevation_m": 55.0}, "geometry": {"type": "LineString", "coordinates": [[121.44575454324769, 17.978099999999998], [121.44629454324769, 17.978099999999998]]}}, {"type": "Feature", "properties": {"id": "CTR-03724", "elevation_m": 55.0}, "geometry": {"type": "LineString", "coordinates": [[121.44623181920642, 17.9772], [121.44677181920642, 17.9772]]}}, {"type": "Feature", "properties": {"id": "CTR-03725", "elevation_m": 55.0}, "geometry": {"type": "LineString", "coordinates": [[121.44672187432944, 17.9763], [121.44726187432944, 17.9763]]}}, {"type": "Feature", "properties": {"id": "CTR-03726", "elevation_m": 55.0}, "geometry": {"type": "LineString", "coordinates": [[121.44715781417638, 17.975399999999997], [121.44769781417638, 17.975399999999997]]}}, {"type": "Feature", "properties": {"id": "CTR-03727", "elevation_m": 55.0}, "geometry": {"type": "LineString", "coordinates": [[121.44752033750363, 17.9745], [121.44806033750363, 17.9745]]}}, {"type": "Feature", "properties": {"id": "CTR-03728", "elevation_m": 55.0}, "geometry": {"type": "LineString", "coordinates": [[121.44774310293798, 17.973599999999998], [121.44828310293798, 17.973599999999998]]}}, {"type": "Feature", "properties": {"id": "CTR-03729", "elevation_m": 55.0}, "geometry": {"type": "LineString", "coordinates": [[121.4478206900634, 17.9727], [121.4483606900634, 17.9727]]}}, {"type": "Feature", "properties": {"id": "CTR-03730", "elevation_m": 55.0}, "geometry": {"type": "LineString", "coordinates": [[121.44772758477808, 17.971799999999998], [121.44826758477808, 17.971799999999998]]}}, {"type": "Feature", "properties": {"id": "CTR-03731", "elevation_m": 55.0}, "geometry": {"type": "LineString", "coordinates": [[121.44750508583066, 17.9709], [121.44804508583066, 17.9709]]}}, {"type": "Feature", "properties": {"id": "CTR-03732", "elevation_m": 60.0}, "geometry": {"type": "LineString", "coordinates": [[121.4124461548619, 18.15], [121.4129861548619, 18.15]]}}, {"type": "Feature", "properties": {"id": "CTR-03733", "elevation_m": 60.0}, "geometry": {"type": "LineString", "coordinates": [[121.40344614572024, 18.149099999999997], [121.40398614572024, 18.149099999999997]]}}, {"type": "Feature", "properties": {"id": "CTR-03734", "elevation_m": 60.0}, "geometry": {"type": "LineString", "coordinates": [[121.4054250023842, 18.149099999999997], [121.4059650023842, 18.149099999999997]]}}, {"type": "Feature", "properties": {"id": "CTR-03735", "elevation_m": 60.0}, "geometry": {"type": "LineString", "coordinates": [[121.41193421171509, 18.149099999999997], [121.4124742117151, 18.149099999999997]]}}, {"type": "Feature", "properties": {"id": "CTR-03736", "elevation_m": 60.0}, "geometry": {"type": "LineString", "coordinates": [[121.40261785670495, 18.1482], [121.40315785670495, 18.1482]]}}, {"type": "Feature", "properties": {"id": "CTR-03737", "elevation_m": 60.0}, "geometry": {"type": "LineString", "coordinates": [[121.40651052441375, 18.1482], [121.40705052441375, 18.1482]]}}, {"type": "Feature", "properties": {"id": "CTR-03738", "elevation_m": 60.0}, "geometry": {"type": "LineString", "coordinates": [[121.41147692104542, 18.1482], [121.41201692104542, 18.1482]]}}, {"type": "Feature", "properties": {"id": "CTR-03739", "elevation_m": 60.0}, "geometry": {"type": "LineString", "coordinates": [[121.40229310059063, 18.147299999999998], [121.40283310059063, 18.147299999999998]]}}, {"type": "Feature", "properties": {"id": "CTR-03740", "elevation_m": 60.0}, "geometry": {"type": "LineString", "coordinates": [[121.4070315798984, 18.147299999999998], [121.4075715798984, 18.147299999999998]]}}, {"type": "Feature", "properties": {"id": "CTR-03741", "elevation_m": 60.0}, "geometry": {"type": "LineString", "coordinates": [[121.41122368040637, 18.147299999999998], [121.41176368040637, 18.147299999999998]]}}, {"type": "Feature", "properties": {"id": "CTR-03742", "elevation_m": 60.0}, "geometry": {"type": "LineString", "coordinates": [[121.40226428746594, 18.1464], [121.40280428746594, 18.1464]]}}, {"type": "Feature", "properties": {"id": "CTR-03743", "elevation_m": 60.0}, "geometry": {"type": "LineString", "coordinates": [[121.4070315798984, 18.1464], [121.4075715798984, 18.1464]]}}, {"type": "Feature", "properties": {"id": "CTR-03744", "elevation_m": 60.0}, "geometry": {"type": "LineString", "coordinates": [[121.4112230730858, 18.1464], [121.4117630730858, 18.1464]]}}, {"type": "Feature", "properties": {"id": "CTR-03745", "elevation_m": 60.0}, "geometry": {"type": "LineString", "coordinates": [[121.40258571253405, 18.1455], [121.40312571253405, 18.1455]]}}, {"type": "Feature", "properties": {"id": "CTR-03746", "elevation_m": 60.0}, "geometry": {"type": "LineString", "coordinates": [[121.40655789949203, 18.1455], [121.40709789949203, 18.1455]]}}, {"type": "Feature", "properties": {"id": "CTR-03747", "elevation_m": 60.0}, "geometry": {"type": "LineString", "coordinates": [[121.41145384795962, 18.1455], [121.41199384795962, 18.1455]]}}, {"type": "Feature", "properties": {"id": "CTR-03748", "elevation_m": 60.0}, "geometry": {"type": "LineString", "coordinates": [[121.40332499284737, 18.144599999999997], [121.40386499284737, 18.144599999999997]]}}, {"type": "Feature", "properties": {"id": "CTR-03749", "elevation_m": 60.0}, "geometry": {"type": "LineString", "coordinates": [[121.40549999999999, 18.144599999999997], [121.40603999999999, 18.144599999999997]]}}, {"type": "Feature", "properties": {"id": "CTR-03750", "elevation_m": 60.0}, "geometry": {"type": "LineString", "coordinates": [[121.41189230701514, 18.144599999999997], [121.41243230701514, 18.144599999999997]]}}, {"type": "Feature", "properties": {"id": "CTR-03751", "elevation_m": 60.0}, "geometry": {"type": "LineString", "coordinates": [[121.41239999775605, 18.1437], [121.41293999775606, 18.1437]]}}, {"type": "Feature", "properties": {"id": "CTR-03752", "elevation_m": 60.0}, "geometry": {"type": "LineString", "coordinates": [[121.41292941044475, 18.142799999999998], [121.41346941044475, 18.142799999999998]]}}, {"type": "Feature", "properties": {"id": "CTR-03753", "elevation_m": 60.0}, "geometry": {"type": "LineString", "coordinates": [[121.41338360609603, 18.1419], [121.41392360609603, 18.1419]]}}, {"type": "Feature", "properties": {"id": "CTR-03754", "elevation_m": 60.0}, "geometry": {"type": "LineString", "coordinates": [[121.41378196462966, 18.141], [121.41432196462966, 18.141]]}}, {"type": "Feature", "properties": {"id": "CTR-03755", "elevation_m": 60.0}, "geometry": {"type": "LineString", "coordinates": [[121.41407727422477, 18.1401], [121.41461727422477, 18.1401]]}}, {"type": "Feature", "properties": {"id": "CTR-03756", "elevation_m": 60.0}, "geometry": {"type": "LineString", "coordinates": [[121.41424090916972, 18.1392], [121.41478090916972, 18.1392]]}}, {"type": "Feature", "properties": {"id": "CTR-03757", "elevation_m": 60.0}, "geometry": {"type": "LineString", "coordinates": [[121.4142818166055, 18.138299999999997], [121.4148218166055, 18.138299999999997]]}}, {"type": "Feature", "properties": {"id": "CTR-03758", "elevation_m": 60.0}, "geometry": {"type": "LineString", "coordinates": [[121.41415908909632, 18.1374], [121.41469908909632, 18.1374]]}}, {"type": "Feature", "properties": {"id": "CTR-03759", "elevation_m": 60.0}, "geometry": {"type": "LineString", "coordinates": [[121.4139272733578, 18.136499999999998], [121.4144672733578, 18.136499999999998]]}}, {"type": "Feature", "properties": {"id": "CTR-03760", "elevation_m": 60.0}, "geometry": {"type": "LineString", "coordinates": [[121.41356065675262, 18.1356], [121.41410065675262, 18.1356]]}}, {"type": "Feature", "properties": {"id": "CTR-03761", "elevation_m": 60.0}, "geometry": {"type": "LineString", "coordinates": [[121.41313278697751, 18.1347], [121.41367278697751, 18.1347]]}}, {"type": "Feature", "properties": {"id": "CTR-03762", "elevation_m": 60.0}, "geometry": {"type": "LineString", "coordinates": [[121.4126294121607, 18.133799999999997], [121.4131694121607, 18.133799999999997]]}}, {"type": "Feature", "properties": {"id": "CTR-03763", "elevation_m": 60.0}, "geometry": {"type": "LineString", "coordinates": [[121.41213529477763, 18.1329], [121.41267529477763, 18.1329]]}}, {"type": "Feature", "properties": {"id": "CTR-03764", "elevation_m": 60.0}, "geometry": {"type": "LineString", "coordinates": [[121.4028827602536, 18.131999999999998], [121.4034227602536, 18.131999999999998]]}}, {"type": "Feature", "properties": {"id": "CTR-03765", "elevation_m": 60.0}, "geometry": {"type": "LineString", "coordinates": [[121.40614999788072, 18.131999999999998], [121.40668999788072, 18.131999999999998]]}}, {"type": "Feature", "properties": {"id": "CTR-03766", "elevation_m": 60.0}, "geometry": {"type": "LineString", "coordinates": [[121.41163845905551, 18.131999999999998], [121.41217845905551, 18.131999999999998]]}}, {"type": "Feature", "properties": {"id": "CTR-03767", "elevation_m": 60.0}, "geometry": {"type": "LineString", "coordinates": [[121.4024571463604, 18.1311], [121.4029971463604, 18.1311]]}}, {"type": "Feature", "properties": {"id": "CTR-03768", "elevation_m": 60.0}, "geometry": {"type": "LineString", "coordinates": [[121.40679473969521, 18.1311], [121.40733473969522, 18.1311]]}}, {"type": "Feature", "properties": {"id": "CTR-03769", "elevation_m": 60.0}, "geometry": {"type": "LineString", "coordinates": [[121.41131538303533, 18.1311], [121.41185538303533, 18.1311]]}}, {"type": "Feature", "properties": {"id": "CTR-03770", "elevation_m": 60.0}, "geometry": {"type": "LineString", "coordinates": [[121.4023285731802, 18.1302], [121.4028685731802, 18.1302]]}}, {"type": "Feature", "properties": {"id": "CTR-03771", "elevation_m": 60.0}, "geometry": {"type": "LineString", "coordinates": [[121.40698421337937, 18.1302], [121.40752421337938, 18.1302]]}}, {"type": "Feature", "properties": {"id": "CTR-03772", "elevation_m": 60.0}, "geometry": {"type": "LineString", "coordinates": [[121.41122368040637, 18.1302], [121.41176368040637, 18.1302]]}}, {"type": "Feature", "properties": {"id": "CTR-03773", "elevation_m": 60.0}, "geometry": {"type": "LineString", "coordinates": [[121.40255357493187, 18.129299999999997], [121.40309357493187, 18.129299999999997]]}}, {"type": "Feature", "properties": {"id": "CTR-03774", "elevation_m": 60.0}, "geometry": {"type": "LineString", "coordinates": [[121.4067, 18.129299999999997], [121.40724, 18.129299999999997]]}}, {"type": "Feature", "properties": {"id": "CTR-03775", "elevation_m": 60.0}, "geometry": {"type": "LineString", "coordinates": [[121.4067, 18.129299999999997], [121.40724, 18.129299999999997]]}}, {"type": "Feature", "properties": {"id": "CTR-03776", "elevation_m": 60.0}, "geometry": {"type": "LineString", "coordinates": [[121.41138461809325, 18.129299999999997], [121.41192461809325, 18.129299999999997]]}}, {"type": "Feature", "properties": {"id": "CTR-03777", "elevation_m": 60.0}, "geometry": {"type": "LineString", "coordinates": [[121.40306786239782, 18.1284], [121.40360786239782, 18.1284]]}}, {"type": "Feature", "properties": {"id": "CTR-03778", "elevation_m": 60.0}, "geometry": {"type": "LineString", "coordinates": [[121.40584999258239, 18.1284], [121.40638999258239, 18.1284]]}}, {"type": "Feature", "properties": {"id": "CTR-03779", "elevation_m": 60.0}, "geometry": {"type": "LineString", "coordinates": [[121.41175384547668, 18.1284], [121.41229384547668, 18.1284]]}}, {"type": "Feature", "properties": {"id": "CTR-03780", "elevation_m": 60.0}, "geometry": {"type": "LineString", "coordinates": [[121.41227307539944, 18.127499999999998], [121.41281307539944, 18.127499999999998]]}}, {"type": "Feature", "properties": {"id": "CTR-03781", "elevation_m": 60.0}, "geometry": {"type": "LineString", "coordinates": [[121.4127749983494, 18.1266], [121.4133149983494, 18.1266]]}}, {"type": "Feature", "properties": {"id": "CTR-03782", "elevation_m": 60.0}, "geometry": {"type": "LineString", "coordinates": [[121.41326557395502, 18.1257], [121.41380557395502, 18.1257]]}}, {"type": "Feature", "properties": {"id": "CTR-03783", "elevation_m": 60.0}, "geometry": {"type": "LineString", "coordinates": [[121.41369344373014, 18.124799999999997], [121.41423344373014, 18.124799999999997]]}}, {"type": "Feature", "properties": {"id": "CTR-03784", "elevation_m": 60.0}, "geometry": {"type": "LineString", "coordinates": [[121.41403636158714, 18.1239], [121.41457636158714, 18.1239]]}}, {"type": "Feature", "properties": {"id": "CTR-03785", "elevation_m": 60.0}, "geometry": {"type": "LineString", "coordinates": [[121.4142545432477, 18.122999999999998], [121.4147945432477, 18.122999999999998]]}}, {"type": "Feature", "properties": {"id": "CTR-03786", "elevation_m": 60.0}, "geometry": {"type": "LineString", "coordinates": [[121.41435, 18.1221], [121.41489, 18.1221]]}}, {"type": "Feature", "properties": {"id": "CTR-03787", "elevation_m": 60.0}, "geometry": {"type": "LineString", "coordinates": [[121.41429545588532, 18.121199999999998], [121.41483545588532, 18.121199999999998]]}}, {"type": "Feature", "properties": {"id": "CTR-03788", "elevation_m": 60.0}, "geometry": {"type": "LineString", "coordinates": [[121.41410454758257, 18.1203], [121.41464454758257, 18.1203]]}}, {"type": "Feature", "properties": {"id": "CTR-03789", "elevation_m": 60.0}, "geometry": {"type": "LineString", "coordinates": [[121.41379838736471, 18.1194], [121.41433838736471, 18.1194]]}}, {"type": "Feature", "properties": {"id": "CTR-03790", "elevation_m": 60.0}, "geometry": {"type": "LineString", "coordinates": [[121.41339836093253, 18.118499999999997], [121.41393836093253, 18.118499999999997]]}}, {"type": "Feature", "properties": {"id": "CTR-03791", "elevation_m": 60.0}, "geometry": {"type": "LineString", "coordinates": [[121.41294807908153, 18.1176], [121.41348807908153, 18.1176]]}}, {"type": "Feature", "properties": {"id": "CTR-03792", "elevation_m": 60.0}, "geometry": {"type": "LineString", "coordinates": [[121.4124461548619, 18.116699999999998], [121.4129861548619, 18.116699999999998]]}}, {"type": "Feature", "properties": {"id": "CTR-03793", "elevation_m": 60.0}, "geometry": {"type": "LineString", "coordinates": [[121.40379231175538, 18.1158], [121.40433231175538, 18.1158]]}}, {"type": "Feature", "properties": {"id": "CTR-03794", "elevation_m": 60.0}, "geometry": {"type": "LineString", "coordinates": [[121.40505000476841, 18.1158], [121.40559000476841, 18.1158]]}}, {"type": "Feature", "properties": {"id": "CTR-03795", "elevation_m": 60.0}, "geometry": {"type": "LineString", "coordinates": [[121.41200526125583, 18.1158], [121.41254526125583, 18.1158]]}}, {"type": "Feature", "properties": {"id": "CTR-03796", "elevation_m": 60.0}, "geometry": {"type": "LineString", "coordinates": [[121.40290714022969, 18.1149], [121.40344714022969, 18.1149]]}}, {"type": "Feature", "properties": {"id": "CTR-03797", "elevation_m": 60.0}, "geometry": {"type": "LineString", "coordinates": [[121.40614999788072, 18.1149], [121.40668999788072, 18.1149]]}}, {"type": "Feature", "properties": {"id": "CTR-03798", "elevation_m": 60.0}, "geometry": {"type": "LineString", "coordinates": [[121.41161538596971, 18.1149], [121.41215538596971, 18.1149]]}}, {"type": "Feature", "properties": {"id": "CTR-03799", "elevation_m": 60.0}, "geometry": {"type": "LineString", "coordinates": [[121.40268214329504, 18.113999999999997], [121.40322214329504, 18.113999999999997]]}}, {"type": "Feature", "properties": {"id": "CTR-03800", "elevation_m": 60.0}, "geometry": {"type": "LineString", "coordinates": [[121.40649999576145, 18.113999999999997], [121.40703999576145, 18.113999999999997]]}}, {"type": "Feature", "properties": {"id": "CTR-03801", "elevation_m": 60.0}, "geometry": {"type": "LineString", "coordinates": [[121.41145384795962, 18.113999999999997], [121.41199384795962, 18.113999999999997]]}}, {"type": "Feature", "properties": {"id": "CTR-03802", "elevation_m": 60.0}, "geometry": {"type": "LineString", "coordinates": [[121.40277857493187, 18.1131], [121.40331857493187, 18.1131]]}}, {"type": "Feature", "properties": {"id": "CTR-03803", "elevation_m": 60.0}, "geometry": {"type": "LineString", "coordinates": [[121.40635000211927, 18.1131], [121.40689000211927, 18.1131]]}}, {"type": "Feature", "properties": {"id": "CTR-03804", "elevation_m": 60.0}, "geometry": {"type": "LineString", "coordinates": [[121.41152307602019, 18.1131], [121.41206307602019, 18.1131]]}}, {"type": "Feature", "properties": {"id": "CTR-03805", "elevation_m": 60.0}, "geometry": {"type": "LineString", "coordinates": [[121.40330768824461, 18.112199999999998], [121.40384768824461, 18.112199999999998]]}}, {"type": "Feature", "properties": {"id": "CTR-03806", "elevation_m": 60.0}, "geometry": {"type": "LineString", "coordinates": [[121.40557500715262, 18.112199999999998], [121.40611500715262, 18.112199999999998]]}}, {"type": "Feature", "properties": {"id": "CTR-03807", "elevation_m": 60.0}, "geometry": {"type": "LineString", "coordinates": [[121.41183947297094, 18.112199999999998], [121.41237947297094, 18.112199999999998]]}}, {"type": "Feature", "properties": {"id": "CTR-03808", "elevation_m": 60.0}, "geometry": {"type": "LineString", "coordinates": [[121.41229038550416, 18.1113], [121.41283038550417, 18.1113]]}}, {"type": "Feature", "properties": {"id": "CTR-03809", "elevation_m": 60.0}, "geometry": {"type": "LineString", "coordinates": [[121.4127749983494, 18.1104], [121.4133149983494, 18.1104]]}}, {"type": "Feature", "properties": {"id": "CTR-03810", "elevation_m": 60.0}, "geometry": {"type": "LineString", "coordinates": [[121.41326557395502, 18.109499999999997], [121.41380557395502, 18.109499999999997]]}}, {"type": "Feature", "properties": {"id": "CTR-03811", "elevation_m": 60.0}, "geometry": {"type": "LineString", "coordinates": [[121.41371128960807, 18.1086], [121.41425128960807, 18.1086]]}}, {"type": "Feature", "properties": {"id": "CTR-03812", "elevation_m": 60.0}, "geometry": {"type": "LineString", "coordinates": [[121.41409090830274, 18.107699999999998], [121.41463090830274, 18.107699999999998]]}}, {"type": "Feature", "properties": {"id": "CTR-03813", "elevation_m": 60.0}, "geometry": {"type": "LineString", "coordinates": [[121.4143636366789, 18.1068], [121.4149036366789, 18.1068]]}}, {"type": "Feature", "properties": {"id": "CTR-03814", "elevation_m": 60.0}, "geometry": {"type": "LineString", "coordinates": [[121.41450447684713, 18.1059], [121.41504447684713, 18.1059]]}}, {"type": "Feature", "properties": {"id": "CTR-03815", "elevation_m": 60.0}, "geometry": {"type": "LineString", "coordinates": [[121.41451363754587, 18.104999999999997], [121.41505363754587, 18.104999999999997]]}}, {"type": "Feature", "properties": {"id": "CTR-03816", "elevation_m": 60.0}, "geometry": {"type": "LineString", "coordinates": [[121.41438358147771, 18.1041], [121.41492358147771, 18.1041]]}}, {"type": "Feature", "properties": {"id": "CTR-03817", "elevation_m": 60.0}, "geometry": {"type": "LineString", "coordinates": [[121.4141283563734, 18.103199999999998], [121.4146683563734, 18.103199999999998]]}}, {"type": "Feature", "properties": {"id": "CTR-03818", "elevation_m": 60.0}, "geometry": {"type": "LineString", "coordinates": [[121.41376935439213, 18.1023], [121.41430935439213, 18.1023]]}}, {"type": "Feature", "properties": {"id": "CTR-03819", "elevation_m": 60.0}, "geometry": {"type": "LineString", "coordinates": [[121.4133483879899, 18.101399999999998], [121.4138883879899, 18.101399999999998]]}}, {"type": "Feature", "properties": {"id": "CTR-03820", "elevation_m": 60.0}, "geometry": {"type": "LineString", "coordinates": [[121.41291346293511, 18.1005], [121.41345346293511, 18.1005]]}}, {"type": "Feature", "properties": {"id": "CTR-03821", "elevation_m": 60.0}, "geometry": {"type": "LineString", "coordinates": [[121.41246345963393, 18.0996], [121.41300345963393, 18.0996]]}}, {"type": "Feature", "properties": {"id": "CTR-03822", "elevation_m": 60.0}, "geometry": {"type": "LineString", "coordinates": [[121.41213461614642, 18.098699999999997], [121.41267461614642, 18.098699999999997]]}}, {"type": "Feature", "properties": {"id": "CTR-03823", "elevation_m": 60.0}, "geometry": {"type": "LineString", "coordinates": [[121.40358460929018, 18.0978], [121.40412460929018, 18.0978]]}}, {"type": "Feature", "properties": {"id": "CTR-03824", "elevation_m": 60.0}, "geometry": {"type": "LineString", "coordinates": [[121.40535, 18.0978], [121.40589, 18.0978]]}}, {"type": "Feature", "properties": {"id": "CTR-03825", "elevation_m": 60.0}, "geometry": {"type": "LineString", "coordinates": [[121.41189230701514, 18.0978], [121.41243230701514, 18.0978]]}}, {"type": "Feature", "properties": {"id": "CTR-03826", "elevation_m": 60.0}, "geometry": {"type": "LineString", "coordinates": [[121.40358460929018, 18.096899999999998], [121.40412460929018, 18.096899999999998]]}}, {"type": "Feature", "properties": {"id": "CTR-03827", "elevation_m": 60.0}, "geometry": {"type": "LineString", "coordinates": [[121.40535, 18.096899999999998], [121.40589, 18.096899999999998]]}}, {"type": "Feature", "properties": {"id": "CTR-03828", "elevation_m": 60.0}, "geometry": {"type": "LineString", "coordinates": [[121.41189230701514, 18.096899999999998], [121.41243230701514, 18.096899999999998]]}}, {"type": "Feature", "properties": {"id": "CTR-03829", "elevation_m": 60.0}, "geometry": {"type": "LineString", "coordinates": [[121.41211730489898, 18.096], [121.41265730489899, 18.096]]}}, {"type": "Feature", "properties": {"id": "CTR-03830", "elevation_m": 60.0}, "geometry": {"type": "LineString", "coordinates": [[121.41246345963393, 18.0951], [121.41300345963393, 18.0951]]}}, {"type": "Feature", "properties": {"id": "CTR-03831", "elevation_m": 60.0}, "geometry": {"type": "LineString", "coordinates": [[121.41292941044475, 18.094199999999997], [121.41346941044475, 18.094199999999997]]}}, {"type": "Feature", "properties": {"id": "CTR-03832", "elevation_m": 60.0}, "geometry": {"type": "LineString", "coordinates": [[121.41339193682357, 18.0933], [121.41393193682357, 18.0933]]}}, {"type": "Feature", "properties": {"id": "CTR-03833", "elevation_m": 60.0}, "geometry": {"type": "LineString", "coordinates": [[121.41385573955023, 18.092399999999998], [121.41439573955023, 18.092399999999998]]}}, {"type": "Feature", "properties": {"id": "CTR-03834", "elevation_m": 60.0}, "geometry": {"type": "LineString", "coordinates": [[121.4142545432477, 18.0915], [121.4147945432477, 18.0915]]}}, {"type": "Feature", "properties": {"id": "CTR-03835", "elevation_m": 60.0}, "geometry": {"type": "LineString", "coordinates": [[121.41456818426147, 18.0906], [121.41510818426147, 18.0906]]}}, {"type": "Feature", "properties": {"id": "CTR-03836", "elevation_m": 60.0}, "geometry": {"type": "LineString", "coordinates": [[121.4147727266422, 18.089699999999997], [121.4153127266422, 18.089699999999997]]}}, {"type": "Feature", "properties": {"id": "CTR-03837", "elevation_m": 60.0}, "geometry": {"type": "LineString", "coordinates": [[121.4148276928765, 18.0888], [121.4153676928765, 18.0888]]}}, {"type": "Feature", "properties": {"id": "CTR-03838", "elevation_m": 60.0}, "geometry": {"type": "LineString", "coordinates": [[121.41475909256422, 18.087899999999998], [121.41529909256423, 18.087899999999998]]}}, {"type": "Feature", "properties": {"id": "CTR-03839", "elevation_m": 60.0}, "geometry": {"type": "LineString", "coordinates": [[121.41455454498164, 18.087], [121.41509454498164, 18.087]]}}, {"type": "Feature", "properties": {"id": "CTR-03840", "elevation_m": 60.0}, "geometry": {"type": "LineString", "coordinates": [[121.41424090916972, 18.0861], [121.41478090916972, 18.0861]]}}, {"type": "Feature", "properties": {"id": "CTR-03841", "elevation_m": 60.0}, "geometry": {"type": "LineString", "coordinates": [[121.41387096702742, 18.085199999999997], [121.41441096702742, 18.085199999999997]]}}, {"type": "Feature", "properties": {"id": "CTR-03842", "elevation_m": 60.0}, "geometry": {"type": "LineString", "coordinates": [[121.41345, 18.0843], [121.41399, 18.0843]]}}, {"type": "Feature", "properties": {"id": "CTR-03843", "elevation_m": 60.0}, "geometry": {"type": "LineString", "coordinates": [[121.41305806558789, 18.083399999999997], [121.41359806558789, 18.083399999999997]]}}, {"type": "Feature", "properties": {"id": "CTR-03844", "elevation_m": 60.0}, "geometry": {"type": "LineString", "coordinates": [[121.41268846128452, 18.0825], [121.41322846128452, 18.0825]]}}, {"type": "Feature", "properties": {"id": "CTR-03845", "elevation_m": 60.0}, "geometry": {"type": "LineString", "coordinates": [[121.41246345963393, 18.081599999999998], [121.41300345963393, 18.081599999999998]]}}, {"type": "Feature", "properties": {"id": "CTR-03846", "elevation_m": 60.0}, "geometry": {"type": "LineString", "coordinates": [[121.41239422949953, 18.0807], [121.41293422949953, 18.0807]]}}, {"type": "Feature", "properties": {"id": "CTR-03847", "elevation_m": 60.0}, "geometry": {"type": "LineString", "coordinates": [[121.41251538715474, 18.0798], [121.41305538715474, 18.0798]]}}, {"type": "Feature", "properties": {"id": "CTR-03848", "elevation_m": 60.0}, "geometry": {"type": "LineString", "coordinates": [[121.41280961449583, 18.078899999999997], [121.41334961449583, 18.078899999999997]]}}, {"type": "Feature", "properties": {"id": "CTR-03849", "elevation_m": 60.0}, "geometry": {"type": "LineString", "coordinates": [[121.41320322527056, 18.078], [121.41374322527057, 18.078]]}}, {"type": "Feature", "properties": {"id": "CTR-03850", "elevation_m": 60.0}, "geometry": {"type": "LineString", "coordinates": [[121.41363870878428, 18.077099999999998], [121.41417870878428, 18.077099999999998]]}}, {"type": "Feature", "properties": {"id": "CTR-03851", "elevation_m": 60.0}, "geometry": {"type": "LineString", "coordinates": [[121.41410149399044, 18.0762], [121.41464149399044, 18.0762]]}}, {"type": "Feature", "properties": {"id": "CTR-03852", "elevation_m": 60.0}, "geometry": {"type": "LineString", "coordinates": [[121.41451791090664, 18.0753], [121.41505791090664, 18.0753]]}}, {"type": "Feature", "properties": {"id": "CTR-03853", "elevation_m": 60.0}, "geometry": {"type": "LineString", "coordinates": [[121.4148818200734, 18.074399999999997], [121.4154218200734, 18.074399999999997]]}}, {"type": "Feature", "properties": {"id": "CTR-03854", "elevation_m": 60.0}, "geometry": {"type": "LineString", "coordinates": [[121.41512727509175, 18.0735], [121.41566727509175, 18.0735]]}}, {"type": "Feature", "properties": {"id": "CTR-03855", "elevation_m": 60.0}, "geometry": {"type": "LineString", "coordinates": [[121.4152636366789, 18.072599999999998], [121.4158036366789, 18.072599999999998]]}}, {"type": "Feature", "properties": {"id": "CTR-03856", "elevation_m": 60.0}, "geometry": {"type": "LineString", "coordinates": [[121.4152363633211, 18.0717], [121.4157763633211, 18.0717]]}}, {"type": "Feature", "properties": {"id": "CTR-03857", "elevation_m": 60.0}, "geometry": {"type": "LineString", "coordinates": [[121.41508636245412, 18.0708], [121.41562636245412, 18.0708]]}}, {"type": "Feature", "properties": {"id": "CTR-03858", "elevation_m": 60.0}, "geometry": {"type": "LineString", "coordinates": [[121.4148272733578, 18.069899999999997], [121.4153672733578, 18.069899999999997]]}}, {"type": "Feature", "properties": {"id": "CTR-03859", "elevation_m": 60.0}, "geometry": {"type": "LineString", "coordinates": [[121.41447272490824, 18.069], [121.41501272490824, 18.069]]}}, {"type": "Feature", "properties": {"id": "CTR-03860", "elevation_m": 60.0}, "geometry": {"type": "LineString", "coordinates": [[121.41409090830274, 18.068099999999998], [121.41463090830274, 18.068099999999998]]}}, {"type": "Feature", "properties": {"id": "CTR-03861", "elevation_m": 60.0}, "geometry": {"type": "LineString", "coordinates": [[121.41369677472943, 18.0672], [121.41423677472943, 18.0672]]}}, {"type": "Feature", "properties": {"id": "CTR-03862", "elevation_m": 60.0}, "geometry": {"type": "LineString", "coordinates": [[121.413362903851, 18.0663], [121.413902903851, 18.0663]]}}, {"type": "Feature", "properties": {"id": "CTR-03863", "elevation_m": 60.0}, "geometry": {"type": "LineString", "coordinates": [[121.41313064560785, 18.0654], [121.41367064560785, 18.0654]]}}, {"type": "Feature", "properties": {"id": "CTR-03864", "elevation_m": 60.0}, "geometry": {"type": "LineString", "coordinates": [[121.41302903297257, 18.0645], [121.41356903297257, 18.0645]]}}, {"type": "Feature", "properties": {"id": "CTR-03865", "elevation_m": 60.0}, "geometry": {"type": "LineString", "coordinates": [[121.41307376929234, 18.063599999999997], [121.41361376929234, 18.063599999999997]]}}, {"type": "Feature", "properties": {"id": "CTR-03866", "elevation_m": 60.0}, "geometry": {"type": "LineString", "coordinates": [[121.41327580493326, 18.0627], [121.41381580493326, 18.0627]]}}, {"type": "Feature", "properties": {"id": "CTR-03867", "elevation_m": 60.0}, "geometry": {"type": "LineString", "coordinates": [[121.4136096758117, 18.061799999999998], [121.4141496758117, 18.061799999999998]]}}, {"type": "Feature", "properties": {"id": "CTR-03868", "elevation_m": 60.0}, "geometry": {"type": "LineString", "coordinates": [[121.41402272750916, 18.0609], [121.41456272750916, 18.0609]]}}, {"type": "Feature", "properties": {"id": "CTR-03869", "elevation_m": 60.0}, "geometry": {"type": "LineString", "coordinates": [[121.4144641781867, 18.06], [121.4150041781867, 18.06]]}}, {"type": "Feature", "properties": {"id": "CTR-03870", "elevation_m": 60.0}, "geometry": {"type": "LineString", "coordinates": [[121.41490909280066, 18.059099999999997], [121.41544909280066, 18.059099999999997]]}}, {"type": "Feature", "properties": {"id": "CTR-03871", "elevation_m": 60.0}, "geometry": {"type": "LineString", "coordinates": [[121.41530454411466, 18.0582], [121.41584454411466, 18.0582]]}}, {"type": "Feature", "properties": {"id": "CTR-03872", "elevation_m": 60.0}, "geometry": {"type": "LineString", "coordinates": [[121.41560454584862, 18.057299999999998], [121.41614454584862, 18.057299999999998]]}}, {"type": "Feature", "properties": {"id": "CTR-03873", "elevation_m": 60.0}, "geometry": {"type": "LineString", "coordinates": [[121.41580499980925, 18.0564], [121.41634499980925, 18.0564]]}}, {"type": "Feature", "properties": {"id": "CTR-03874", "elevation_m": 60.0}, "geometry": {"type": "LineString", "coordinates": [[121.41584999809264, 18.0555], [121.41638999809264, 18.0555]]}}, {"type": "Feature", "properties": {"id": "CTR-03875", "elevation_m": 60.0}, "geometry": {"type": "LineString", "coordinates": [[121.41574499828337, 18.054599999999997], [121.41628499828337, 18.054599999999997]]}}, {"type": "Feature", "properties": {"id": "CTR-03876", "elevation_m": 60.0}, "geometry": {"type": "LineString", "coordinates": [[121.41551999894362, 18.0537], [121.41605999894362, 18.0537]]}}, {"type": "Feature", "properties": {"id": "CTR-03877", "elevation_m": 60.0}, "geometry": {"type": "LineString", "coordinates": [[121.41519545588532, 18.052799999999998], [121.41573545588533, 18.052799999999998]]}}, {"type": "Feature", "properties": {"id": "CTR-03878", "elevation_m": 60.0}, "geometry": {"type": "LineString", "coordinates": [[121.4148272733578, 18.0519], [121.4153672733578, 18.0519]]}}, {"type": "Feature", "properties": {"id": "CTR-03879", "elevation_m": 60.0}, "geometry": {"type": "LineString", "coordinates": [[121.41445074756884, 18.051], [121.41499074756884, 18.051]]}}, {"type": "Feature", "properties": {"id": "CTR-03880", "elevation_m": 60.0}, "geometry": {"type": "LineString", "coordinates": [[121.41411818166054, 18.050099999999997], [121.41465818166054, 18.050099999999997]]}}, {"type": "Feature", "properties": {"id": "CTR-03881", "elevation_m": 60.0}, "geometry": {"type": "LineString", "coordinates": [[121.41385645330986, 18.0492], [121.41439645330986, 18.0492]]}}, {"type": "Feature", "properties": {"id": "CTR-03882", "elevation_m": 60.0}, "geometry": {"type": "LineString", "coordinates": [[121.41371128960807, 18.048299999999998], [121.41425128960807, 18.048299999999998]]}}, {"type": "Feature", "properties": {"id": "CTR-03883", "elevation_m": 60.0}, "geometry": {"type": "LineString", "coordinates": [[121.41372295257273, 18.0474], [121.41426295257273, 18.0474]]}}, {"type": "Feature", "properties": {"id": "CTR-03884", "elevation_m": 60.0}, "geometry": {"type": "LineString", "coordinates": [[121.41387096702742, 18.046499999999998], [121.41441096702742, 18.046499999999998]]}}, {"type": "Feature", "properties": {"id": "CTR-03885", "elevation_m": 60.0}, "geometry": {"type": "LineString", "coordinates": [[121.41414545501834, 18.0456], [121.41468545501834, 18.0456]]}}, {"type": "Feature", "properties": {"id": "CTR-03886", "elevation_m": 60.0}, "geometry": {"type": "LineString", "coordinates": [[121.41451791090664, 18.0447], [121.41505791090664, 18.0447]]}}, {"type": "Feature", "properties": {"id": "CTR-03887", "elevation_m": 60.0}, "geometry": {"type": "LineString", "coordinates": [[121.41496363494494, 18.043799999999997], [121.41550363494494, 18.043799999999997]]}}, {"type": "Feature", "properties": {"id": "CTR-03888", "elevation_m": 60.0}, "geometry": {"type": "LineString", "coordinates": [[121.41541363754587, 18.0429], [121.41595363754587, 18.0429]]}}, {"type": "Feature", "properties": {"id": "CTR-03889", "elevation_m": 60.0}, "geometry": {"type": "LineString", "coordinates": [[121.41585254000582, 18.041999999999998], [121.41639254000582, 18.041999999999998]]}}, {"type": "Feature", "properties": {"id": "CTR-03890", "elevation_m": 60.0}, "geometry": {"type": "LineString", "coordinates": [[121.41623999885559, 18.0411], [121.41677999885559, 18.0411]]}}, {"type": "Feature", "properties": {"id": "CTR-03891", "elevation_m": 60.0}, "geometry": {"type": "LineString", "coordinates": [[121.41650999828339, 18.0402], [121.41704999828339, 18.0402]]}}, {"type": "Feature", "properties": {"id": "CTR-03892", "elevation_m": 60.0}, "geometry": {"type": "LineString", "coordinates": [[121.4166183643441, 18.039299999999997], [121.4171583643441, 18.039299999999997]]}}, {"type": "Feature", "properties": {"id": "CTR-03893", "elevation_m": 60.0}, "geometry": {"type": "LineString", "coordinates": [[121.41658474832703, 18.0384], [121.41712474832703, 18.0384]]}}, {"type": "Feature", "properties": {"id": "CTR-03894", "elevation_m": 60.0}, "geometry": {"type": "LineString", "coordinates": [[121.41639000038147, 18.037499999999998], [121.41693000038147, 18.037499999999998]]}}, {"type": "Feature", "properties": {"id": "CTR-03895", "elevation_m": 60.0}, "geometry": {"type": "LineString", "coordinates": [[121.4160899984741, 18.0366], [121.41662999847411, 18.0366]]}}, {"type": "Feature", "properties": {"id": "CTR-03896", "elevation_m": 60.0}, "geometry": {"type": "LineString", "coordinates": [[121.4157, 18.0357], [121.41624, 18.0357]]}}, {"type": "Feature", "properties": {"id": "CTR-03897", "elevation_m": 60.0}, "geometry": {"type": "LineString", "coordinates": [[121.4157, 18.0357], [121.41624, 18.0357]]}}, {"type": "Feature", "properties": {"id": "CTR-03898", "elevation_m": 60.0}, "geometry": {"type": "LineString", "coordinates": [[121.41532615408993, 18.034799999999997], [121.41586615408993, 18.034799999999997]]}}, {"type": "Feature", "properties": {"id": "CTR-03899", "elevation_m": 60.0}, "geometry": {"type": "LineString", "coordinates": [[121.41497727422477, 18.0339], [121.41551727422477, 18.0339]]}}, {"type": "Feature", "properties": {"id": "CTR-03900", "elevation_m": 60.0}, "geometry": {"type": "LineString", "coordinates": [[121.41469090719933, 18.032999999999998], [121.41523090719933, 18.032999999999998]]}}, {"type": "Feature", "properties": {"id": "CTR-03901", "elevation_m": 60.0}, "geometry": {"type": "LineString", "coordinates": [[121.41451363754587, 18.0321], [121.41505363754587, 18.0321]]}}, {"type": "Feature", "properties": {"id": "CTR-03902", "elevation_m": 60.0}, "geometry": {"type": "LineString", "coordinates": [[121.41447272490824, 18.0312], [121.41501272490824, 18.0312]]}}, {"type": "Feature", "properties": {"id": "CTR-03903", "elevation_m": 60.0}, "geometry": {"type": "LineString", "coordinates": [[121.41456818426147, 18.030299999999997], [121.41510818426147, 18.030299999999997]]}}, {"type": "Feature", "properties": {"id": "CTR-03904", "elevation_m": 60.0}, "geometry": {"type": "LineString", "coordinates": [[121.4148, 18.0294], [121.41534, 18.0294]]}}, {"type": "Feature", "properties": {"id": "CTR-03905", "elevation_m": 60.0}, "geometry": {"type": "LineString", "coordinates": [[121.4148, 18.0294], [121.41534, 18.0294]]}}, {"type": "Feature", "properties": {"id": "CTR-03906", "elevation_m": 60.0}, "geometry": {"type": "LineString", "coordinates": [[121.4151545432477, 18.028499999999998], [121.4156945432477, 18.028499999999998]]}}, {"type": "Feature", "properties": {"id": "CTR-03907", "elevation_m": 60.0}, "geometry": {"type": "LineString", "coordinates": [[121.41557727249082, 18.0276], [121.41611727249082, 18.0276]]}}, {"type": "Feature", "properties": {"id": "CTR-03908", "elevation_m": 60.0}, "geometry": {"type": "LineString", "coordinates": [[121.41608135583357, 18.026699999999998], [121.41662135583357, 18.026699999999998]]}}, {"type": "Feature", "properties": {"id": "CTR-03909", "elevation_m": 60.0}, "geometry": {"type": "LineString", "coordinates": [[121.41658474832703, 18.0258], [121.41712474832703, 18.0258]]}}, {"type": "Feature", "properties": {"id": "CTR-03910", "elevation_m": 60.0}, "geometry": {"type": "LineString", "coordinates": [[121.4170959175094, 18.0249], [121.4176359175094, 18.0249]]}}, {"type": "Feature", "properties": {"id": "CTR-03911", "elevation_m": 60.0}, "geometry": {"type": "LineString", "coordinates": [[121.41748200302123, 18.023999999999997], [121.41802200302124, 18.023999999999997]]}}, {"type": "Feature", "properties": {"id": "CTR-03912", "elevation_m": 60.0}, "geometry": {"type": "LineString", "coordinates": [[121.42400000423854, 18.023999999999997], [121.42454000423854, 18.023999999999997]]}}, {"type": "Feature", "properties": {"id": "CTR-03913", "elevation_m": 60.0}, "geometry": {"type": "LineString", "coordinates": [[121.42588124597668, 18.023999999999997], [121.42642124597668, 18.023999999999997]]}}, {"type": "Feature", "properties": {"id": "CTR-03914", "elevation_m": 60.0}, "geometry": {"type": "LineString", "coordinates": [[121.41778285686259, 18.0231], [121.41832285686259, 18.0231]]}}, {"type": "Feature", "properties": {"id": "CTR-03915", "elevation_m": 60.0}, "geometry": {"type": "LineString", "coordinates": [[121.42327059061125, 18.0231], [121.42381059061125, 18.0231]]}}, {"type": "Feature", "properties": {"id": "CTR-03916", "elevation_m": 60.0}, "geometry": {"type": "LineString", "coordinates": [[121.42652812030613, 18.0231], [121.42706812030613, 18.0231]]}}, {"type": "Feature", "properties": {"id": "CTR-03917", "elevation_m": 60.0}, "geometry": {"type": "LineString", "coordinates": [[121.4178342862748, 18.022199999999998], [121.4183742862748, 18.022199999999998]]}}, {"type": "Feature", "properties": {"id": "CTR-03918", "elevation_m": 60.0}, "geometry": {"type": "LineString", "coordinates": [[121.42321765062268, 18.022199999999998], [121.42375765062268, 18.022199999999998]]}}, {"type": "Feature", "properties": {"id": "CTR-03919", "elevation_m": 60.0}, "geometry": {"type": "LineString", "coordinates": [[121.42658437164722, 18.022199999999998], [121.42712437164722, 18.022199999999998]]}}, {"type": "Feature", "properties": {"id": "CTR-03920", "elevation_m": 60.0}, "geometry": {"type": "LineString", "coordinates": [[121.41760285882442, 18.0213], [121.41814285882442, 18.0213]]}}, {"type": "Feature", "properties": {"id": "CTR-03921", "elevation_m": 60.0}, "geometry": {"type": "LineString", "coordinates": [[121.42364118122251, 18.0213], [121.42418118122251, 18.0213]]}}, {"type": "Feature", "properties": {"id": "CTR-03922", "elevation_m": 60.0}, "geometry": {"type": "LineString", "coordinates": [[121.42618234937731, 18.0213], [121.42672234937731, 18.0213]]}}, {"type": "Feature", "properties": {"id": "CTR-03923", "elevation_m": 60.0}, "geometry": {"type": "LineString", "coordinates": [[121.41726122334586, 18.0204], [121.41780122334586, 18.0204]]}}, {"type": "Feature", "properties": {"id": "CTR-03924", "elevation_m": 60.0}, "geometry": {"type": "LineString", "coordinates": [[121.41683877665413, 18.019499999999997], [121.41737877665413, 18.019499999999997]]}}, {"type": "Feature", "properties": {"id": "CTR-03925", "elevation_m": 60.0}, "geometry": {"type": "LineString", "coordinates": [[121.41639000038147, 18.0186], [121.41693000038147, 18.0186]]}}, {"type": "Feature", "properties": {"id": "CTR-03926", "elevation_m": 60.0}, "geometry": {"type": "LineString", "coordinates": [[121.416, 18.017699999999998], [121.41654, 18.017699999999998]]}}, {"type": "Feature", "properties": {"id": "CTR-03927", "elevation_m": 60.0}, "geometry": {"type": "LineString", "coordinates": [[121.41565909256423, 18.0168], [121.41619909256423, 18.0168]]}}, {"type": "Feature", "properties": {"id": "CTR-03928", "elevation_m": 60.0}, "geometry": {"type": "LineString", "coordinates": [[121.41545076939329, 18.0159], [121.41599076939329, 18.0159]]}}, {"type": "Feature", "properties": {"id": "CTR-03929", "elevation_m": 60.0}, "geometry": {"type": "LineString", "coordinates": [[121.41535909083026, 18.014999999999997], [121.41589909083027, 18.014999999999997]]}}, {"type": "Feature", "properties": {"id": "CTR-03930", "elevation_m": 60.0}, "geometry": {"type": "LineString", "coordinates": [[121.41541363754587, 18.0141], [121.41595363754587, 18.0141]]}}, {"type": "Feature", "properties": {"id": "CTR-03931", "elevation_m": 60.0}, "geometry": {"type": "LineString", "coordinates": [[121.41560454584862, 18.013199999999998], [121.41614454584862, 18.013199999999998]]}}, {"type": "Feature", "properties": {"id": "CTR-03932", "elevation_m": 60.0}, "geometry": {"type": "LineString", "coordinates": [[121.41594406750072, 18.0123], [121.41648406750072, 18.0123]]}}, {"type": "Feature", "properties": {"id": "CTR-03933", "elevation_m": 60.0}, "geometry": {"type": "LineString", "coordinates": [[121.4164016933372, 18.0114], [121.41694169333721, 18.0114]]}}, {"type": "Feature", "properties": {"id": "CTR-03934", "elevation_m": 60.0}, "geometry": {"type": "LineString", "coordinates": [[121.41698571428572, 18.010499999999997], [121.41752571428572, 18.010499999999997]]}}, {"type": "Feature", "properties": {"id": "CTR-03935", "elevation_m": 60.0}, "geometry": {"type": "LineString", "coordinates": [[121.41765428823663, 18.0096], [121.41819428823663, 18.0096]]}}, {"type": "Feature", "properties": {"id": "CTR-03936", "elevation_m": 60.0}, "geometry": {"type": "LineString", "coordinates": [[121.42353529530563, 18.0096], [121.42407529530563, 18.0096]]}}, {"type": "Feature", "properties": {"id": "CTR-03937", "elevation_m": 60.0}, "geometry": {"type": "LineString", "coordinates": [[121.42633125670552, 18.0096], [121.42687125670552, 18.0096]]}}, {"type": "Feature", "properties": {"id": "CTR-03938", "elevation_m": 60.0}, "geometry": {"type": "LineString", "coordinates": [[121.4184900017166, 18.008699999999997], [121.4190300017166, 18.008699999999997]]}}, {"type": "Feature", "properties": {"id": "CTR-03939", "elevation_m": 60.0}, "geometry": {"type": "LineString", "coordinates": [[121.422, 18.008699999999997], [121.42254, 18.008699999999997]]}}, {"type": "Feature", "properties": {"id": "CTR-03940", "elevation_m": 60.0}, "geometry": {"type": "LineString", "coordinates": [[121.422, 18.008699999999997], [121.42254, 18.008699999999997]]}}, {"type": "Feature", "properties": {"id": "CTR-03941", "elevation_m": 60.0}, "geometry": {"type": "LineString", "coordinates": [[121.42728749731778, 18.008699999999997], [121.42782749731778, 18.008699999999997]]}}, {"type": "Feature", "properties": {"id": "CTR-03942", "elevation_m": 60.0}, "geometry": {"type": "LineString", "coordinates": [[121.4278108685917, 18.0078], [121.4283508685917, 18.0078]]}}, {"type": "Feature", "properties": {"id": "CTR-03943", "elevation_m": 60.0}, "geometry": {"type": "LineString", "coordinates": [[121.42812391239447, 18.006899999999998], [121.42866391239447, 18.006899999999998]]}}, {"type": "Feature", "properties": {"id": "CTR-03944", "elevation_m": 60.0}, "geometry": {"type": "LineString", "coordinates": [[121.42824130661934, 18.006], [121.42878130661934, 18.006]]}}, {"type": "Feature", "properties": {"id": "CTR-03945", "elevation_m": 60.0}, "geometry": {"type": "LineString", "coordinates": [[121.42816304380275, 18.0051], [121.42870304380276, 18.0051]]}}, {"type": "Feature", "properties": {"id": "CTR-03946", "elevation_m": 60.0}, "geometry": {"type": "LineString", "coordinates": [[121.42788913140828, 18.004199999999997], [121.42842913140828, 18.004199999999997]]}}, {"type": "Feature", "properties": {"id": "CTR-03947", "elevation_m": 60.0}, "geometry": {"type": "LineString", "coordinates": [[121.41882631959362, 18.0033], [121.41936631959362, 18.0033]]}}, {"type": "Feature", "properties": {"id": "CTR-03948", "elevation_m": 60.0}, "geometry": {"type": "LineString", "coordinates": [[121.42155, 18.0033], [121.42209, 18.0033]]}}, {"type": "Feature", "properties": {"id": "CTR-03949", "elevation_m": 60.0}, "geometry": {"type": "LineString", "coordinates": [[121.42747826281658, 18.0033], [121.42801826281658, 18.0033]]}}, {"type": "Feature", "properties": {"id": "CTR-03950", "elevation_m": 60.0}, "geometry": {"type": "LineString", "coordinates": [[121.41798857002725, 18.002399999999998], [121.41852857002725, 18.002399999999998]]}}, {"type": "Feature", "properties": {"id": "CTR-03951", "elevation_m": 60.0}, "geometry": {"type": "LineString", "coordinates": [[121.42280999828338, 18.002399999999998], [121.42334999828338, 18.002399999999998]]}}, {"type": "Feature", "properties": {"id": "CTR-03952", "elevation_m": 60.0}, "geometry": {"type": "LineString", "coordinates": [[121.42680937701165, 18.002399999999998], [121.42734937701165, 18.002399999999998]]}}, {"type": "Feature", "properties": {"id": "CTR-03953", "elevation_m": 60.0}, "geometry": {"type": "LineString", "coordinates": [[121.41737142857143, 18.0015], [121.41791142857143, 18.0015]]}}, {"type": "Feature", "properties": {"id": "CTR-03954", "elevation_m": 60.0}, "geometry": {"type": "LineString", "coordinates": [[121.42449999576145, 18.0015], [121.42503999576145, 18.0015]]}}, {"type": "Feature", "properties": {"id": "CTR-03955", "elevation_m": 60.0}, "geometry": {"type": "LineString", "coordinates": [[121.4256529328606, 18.0015], [121.4261929328606, 18.0015]]}}, {"type": "Feature", "properties": {"id": "CTR-03956", "elevation_m": 60.0}, "geometry": {"type": "LineString", "coordinates": [[121.41693061167292, 18.0006], [121.41747061167293, 18.0006]]}}, {"type": "Feature", "properties": {"id": "CTR-03957", "elevation_m": 60.0}, "geometry": {"type": "LineString", "coordinates": [[121.41659999999999, 17.999699999999997], [121.41713999999999, 17.999699999999997]]}}, {"type": "Feature", "properties": {"id": "CTR-03958", "elevation_m": 60.0}, "geometry": {"type": "LineString", "coordinates": [[121.41659999999999, 17.999699999999997], [121.41713999999999, 17.999699999999997]]}}, {"type": "Feature", "properties": {"id": "CTR-03959", "elevation_m": 60.0}, "geometry": {"type": "LineString", "coordinates": [[121.41646271166715, 17.9988], [121.41700271166715, 17.9988]]}}, {"type": "Feature", "properties": {"id": "CTR-03960", "elevation_m": 60.0}, "geometry": {"type": "LineString", "coordinates": [[121.41646499942779, 17.997899999999998], [121.41700499942779, 17.997899999999998]]}}, {"type": "Feature", "properties": {"id": "CTR-03961", "elevation_m": 60.0}, "geometry": {"type": "LineString", "coordinates": [[121.41663673540883, 17.997], [121.41717673540883, 17.997]]}}, {"type": "Feature", "properties": {"id": "CTR-03962", "elevation_m": 60.0}, "geometry": {"type": "LineString", "coordinates": [[121.41700408249059, 17.9961], [121.4175440824906, 17.9961]]}}, {"type": "Feature", "properties": {"id": "CTR-03963", "elevation_m": 60.0}, "geometry": {"type": "LineString", "coordinates": [[121.41755142941221, 17.995199999999997], [121.41809142941221, 17.995199999999997]]}}, {"type": "Feature", "properties": {"id": "CTR-03964", "elevation_m": 60.0}, "geometry": {"type": "LineString", "coordinates": [[121.4236941164591, 17.995199999999997], [121.4242341164591, 17.995199999999997]]}}, {"type": "Feature", "properties": {"id": "CTR-03965", "elevation_m": 60.0}, "geometry": {"type": "LineString", "coordinates": [[121.42616249195336, 17.995199999999997], [121.42670249195336, 17.995199999999997]]}}, {"type": "Feature", "properties": {"id": "CTR-03966", "elevation_m": 60.0}, "geometry": {"type": "LineString", "coordinates": [[121.41839999999999, 17.9943], [121.41893999999999, 17.9943]]}}, {"type": "Feature", "properties": {"id": "CTR-03967", "elevation_m": 60.0}, "geometry": {"type": "LineString", "coordinates": [[121.41839999999999, 17.9943], [121.41893999999999, 17.9943]]}}, {"type": "Feature", "properties": {"id": "CTR-03968", "elevation_m": 60.0}, "geometry": {"type": "LineString", "coordinates": [[121.42204736081273, 17.9943], [121.42258736081273, 17.9943]]}}, {"type": "Feature", "properties": {"id": "CTR-03969", "elevation_m": 60.0}, "geometry": {"type": "LineString", "coordinates": [[121.42728749731778, 17.9943], [121.42782749731778, 17.9943]]}}, {"type": "Feature", "properties": {"id": "CTR-03970", "elevation_m": 60.0}, "geometry": {"type": "LineString", "coordinates": [[121.42800652060338, 17.993399999999998], [121.42854652060338, 17.993399999999998]]}}, {"type": "Feature", "properties": {"id": "CTR-03971", "elevation_m": 60.0}, "geometry": {"type": "LineString", "coordinates": [[121.42858421116033, 17.9925], [121.42912421116033, 17.9925]]}}, {"type": "Feature", "properties": {"id": "CTR-03972", "elevation_m": 60.0}, "geometry": {"type": "LineString", "coordinates": [[121.4290293099366, 17.9916], [121.4295693099366, 17.9916]]}}, {"type": "Feature", "properties": {"id": "CTR-03973", "elevation_m": 60.0}, "geometry": {"type": "LineString", "coordinates": [[121.42932656283527, 17.990699999999997], [121.42986656283527, 17.990699999999997]]}}, {"type": "Feature", "properties": {"id": "CTR-03974", "elevation_m": 60.0}, "geometry": {"type": "LineString", "coordinates": [[121.42947692348322, 17.9898], [121.43001692348322, 17.9898]]}}, {"type": "Feature", "properties": {"id": "CTR-03975", "elevation_m": 60.0}, "geometry": {"type": "LineString", "coordinates": [[121.42947692348322, 17.988899999999997], [121.43001692348322, 17.988899999999997]]}}, {"type": "Feature", "properties": {"id": "CTR-03976", "elevation_m": 60.0}, "geometry": {"type": "LineString", "coordinates": [[121.42933845991325, 17.988], [121.42987845991325, 17.988]]}}, {"type": "Feature", "properties": {"id": "CTR-03977", "elevation_m": 60.0}, "geometry": {"type": "LineString", "coordinates": [[121.42907368209713, 17.987099999999998], [121.42961368209713, 17.987099999999998]]}}, {"type": "Feature", "properties": {"id": "CTR-03978", "elevation_m": 60.0}, "geometry": {"type": "LineString", "coordinates": [[121.42869473705343, 17.9862], [121.42923473705343, 17.9862]]}}, {"type": "Feature", "properties": {"id": "CTR-03979", "elevation_m": 60.0}, "geometry": {"type": "LineString", "coordinates": [[121.4283, 17.9853], [121.42884, 17.9853]]}}, {"type": "Feature", "properties": {"id": "CTR-03980", "elevation_m": 60.0}, "geometry": {"type": "LineString", "coordinates": [[121.4283, 17.9853], [121.42884, 17.9853]]}}, {"type": "Feature", "properties": {"id": "CTR-03981", "elevation_m": 60.0}, "geometry": {"type": "LineString", "coordinates": [[121.42002002746624, 17.984399999999997], [121.42056002746624, 17.984399999999997]]}}, {"type": "Feature", "properties": {"id": "CTR-03982", "elevation_m": 60.0}, "geometry": {"type": "LineString", "coordinates": [[121.42031248390634, 17.984399999999997], [121.42085248390634, 17.984399999999997]]}}, {"type": "Feature", "properties": {"id": "CTR-03983", "elevation_m": 60.0}, "geometry": {"type": "LineString", "coordinates": [[121.4278108685917, 17.984399999999997], [121.4283508685917, 17.984399999999997]]}}, {"type": "Feature", "properties": {"id": "CTR-03984", "elevation_m": 60.0}, "geometry": {"type": "LineString", "coordinates": [[121.4185800034332, 17.9835], [121.4191200034332, 17.9835]]}}, {"type": "Feature", "properties": {"id": "CTR-03985", "elevation_m": 60.0}, "geometry": {"type": "LineString", "coordinates": [[121.42183125670552, 17.9835], [121.42237125670552, 17.9835]]}}, {"type": "Feature", "properties": {"id": "CTR-03986", "elevation_m": 60.0}, "geometry": {"type": "LineString", "coordinates": [[121.42741956197236, 17.9835], [121.42795956197236, 17.9835]]}}, {"type": "Feature", "properties": {"id": "CTR-03987", "elevation_m": 60.0}, "geometry": {"type": "LineString", "coordinates": [[121.41816857002725, 17.982599999999998], [121.41870857002725, 17.982599999999998]]}}, {"type": "Feature", "properties": {"id": "CTR-03988", "elevation_m": 60.0}, "geometry": {"type": "LineString", "coordinates": [[121.42242631959363, 17.982599999999998], [121.42296631959363, 17.982599999999998]]}}, {"type": "Feature", "properties": {"id": "CTR-03989", "elevation_m": 60.0}, "geometry": {"type": "LineString", "coordinates": [[121.42708064480404, 17.982599999999998], [121.42762064480404, 17.982599999999998]]}}, {"type": "Feature", "properties": {"id": "CTR-03990", "elevation_m": 60.0}, "geometry": {"type": "LineString", "coordinates": [[121.41809142997275, 17.9817], [121.41863142997275, 17.9817]]}}, {"type": "Feature", "properties": {"id": "CTR-03991", "elevation_m": 60.0}, "geometry": {"type": "LineString", "coordinates": [[121.42256842010158, 17.9817], [121.42310842010158, 17.9817]]}}, {"type": "Feature", "properties": {"id": "CTR-03992", "elevation_m": 60.0}, "geometry": {"type": "LineString", "coordinates": [[121.42699354695806, 17.9817], [121.42753354695806, 17.9817]]}}, {"type": "Feature", "properties": {"id": "CTR-03993", "elevation_m": 60.0}, "geometry": {"type": "LineString", "coordinates": [[121.41829714117557, 17.9808], [121.41883714117557, 17.9808]]}}, {"type": "Feature", "properties": {"id": "CTR-03994", "elevation_m": 60.0}, "geometry": {"type": "LineString", "coordinates": [[121.42222499570848, 17.9808], [121.42276499570848, 17.9808]]}}, {"type": "Feature", "properties": {"id": "CTR-03995", "elevation_m": 60.0}, "geometry": {"type": "LineString", "coordinates": [[121.42720312567054, 17.9808], [121.42774312567055, 17.9808]]}}, {"type": "Feature", "properties": {"id": "CTR-03996", "elevation_m": 60.0}, "geometry": {"type": "LineString", "coordinates": [[121.41901578662062, 17.979899999999997], [121.41955578662062, 17.979899999999997]]}}, {"type": "Feature", "properties": {"id": "CTR-03997", "elevation_m": 60.0}, "geometry": {"type": "LineString", "coordinates": [[121.42126874329446, 17.979899999999997], [121.42180874329446, 17.979899999999997]]}}, {"type": "Feature", "properties": {"id": "CTR-03998", "elevation_m": 60.0}, "geometry": {"type": "LineString", "coordinates": [[121.42761521901382, 17.979899999999997], [121.42815521901382, 17.979899999999997]]}}, {"type": "Feature", "properties": {"id": "CTR-03999", "elevation_m": 60.0}, "geometry": {"type": "LineString", "coordinates": [[121.42812391239447, 17.979], [121.42866391239447, 17.979]]}}, {"type": "Feature", "properties": {"id": "CTR-04000", "elevation_m": 60.0}, "geometry": {"type": "LineString", "coordinates": [[121.42867894768543, 17.978099999999998], [121.42921894768543, 17.978099999999998]]}}, {"type": "Feature", "properties": {"id": "CTR-04001", "elevation_m": 60.0}, "geometry": {"type": "LineString", "coordinates": [[121.42922812567055, 17.9772], [121.42976812567055, 17.9772]]}}, {"type": "Feature", "properties": {"id": "CTR-04002", "elevation_m": 60.0}, "geometry": {"type": "LineString", "coordinates": [[121.42972031149417, 17.9763], [121.43026031149417, 17.9763]]}}, {"type": "Feature", "properties": {"id": "CTR-04003", "elevation_m": 60.0}, "geometry": {"type": "LineString", "coordinates": [[121.43014090743577, 17.975399999999997], [121.43068090743577, 17.975399999999997]]}}, {"type": "Feature", "properties": {"id": "CTR-04004", "elevation_m": 60.0}, "geometry": {"type": "LineString", "coordinates": [[121.43046818252752, 17.9745], [121.43100818252752, 17.9745]]}}, {"type": "Feature", "properties": {"id": "CTR-04005", "elevation_m": 60.0}, "geometry": {"type": "LineString", "coordinates": [[121.43067272490823, 17.973599999999998], [121.43121272490824, 17.973599999999998]]}}, {"type": "Feature", "properties": {"id": "CTR-04006", "elevation_m": 60.0}, "geometry": {"type": "LineString", "coordinates": [[121.43072727162384, 17.9727], [121.43126727162384, 17.9727]]}}, {"type": "Feature", "properties": {"id": "CTR-04007", "elevation_m": 60.0}, "geometry": {"type": "LineString", "coordinates": [[121.4306454567523, 17.971799999999998], [121.4311854567523, 17.971799999999998]]}}, {"type": "Feature", "properties": {"id": "CTR-04008", "elevation_m": 60.0}, "geometry": {"type": "LineString", "coordinates": [[121.43044090916972, 17.9709], [121.43098090916972, 17.9709]]}}, {"type": "Feature", "properties": {"id": "CTR-04009", "elevation_m": 65.0}, "geometry": {"type": "LineString", "coordinates": [[121.3858411812225, 18.15], [121.3863811812225, 18.15]]}}, {"type": "Feature", "properties": {"id": "CTR-04010", "elevation_m": 65.0}, "geometry": {"type": "LineString", "coordinates": [[121.38537000274658, 18.149099999999997], [121.38591000274658, 18.149099999999997]]}}, {"type": "Feature", "properties": {"id": "CTR-04011", "elevation_m": 65.0}, "geometry": {"type": "LineString", "coordinates": [[121.38503999847411, 18.1482], [121.38557999847411, 18.1482]]}}, {"type": "Feature", "properties": {"id": "CTR-04012", "elevation_m": 65.0}, "geometry": {"type": "LineString", "coordinates": [[121.38487868649473, 18.147299999999998], [121.38541868649473, 18.147299999999998]]}}, {"type": "Feature", "properties": {"id": "CTR-04013", "elevation_m": 65.0}, "geometry": {"type": "LineString", "coordinates": [[121.38487868649473, 18.1464], [121.38541868649473, 18.1464]]}}, {"type": "Feature", "properties": {"id": "CTR-04014", "elevation_m": 65.0}, "geometry": {"type": "LineString", "coordinates": [[121.38503999847411, 18.1455], [121.38557999847411, 18.1455]]}}, {"type": "Feature", "properties": {"id": "CTR-04015", "elevation_m": 65.0}, "geometry": {"type": "LineString", "coordinates": [[121.38537000274658, 18.144599999999997], [121.38591000274658, 18.144599999999997]]}}, {"type": "Feature", "properties": {"id": "CTR-04016", "elevation_m": 65.0}, "geometry": {"type": "LineString", "coordinates": [[121.3858380065918, 18.1437], [121.3863780065918, 18.1437]]}}, {"type": "Feature", "properties": {"id": "CTR-04017", "elevation_m": 65.0}, "geometry": {"type": "LineString", "coordinates": [[121.38652499682108, 18.142799999999998], [121.38706499682108, 18.142799999999998]]}}, {"type": "Feature", "properties": {"id": "CTR-04018", "elevation_m": 65.0}, "geometry": {"type": "LineString", "coordinates": [[121.39149998304582, 18.142799999999998], [121.39203998304582, 18.142799999999998]]}}, {"type": "Feature", "properties": {"id": "CTR-04019", "elevation_m": 65.0}, "geometry": {"type": "LineString", "coordinates": [[121.39532999847412, 18.142799999999998], [121.39586999847413, 18.142799999999998]]}}, {"type": "Feature", "properties": {"id": "CTR-04020", "elevation_m": 65.0}, "geometry": {"type": "LineString", "coordinates": [[121.387542866485, 18.1419], [121.38808286648501, 18.1419]]}}, {"type": "Feature", "properties": {"id": "CTR-04021", "elevation_m": 65.0}, "geometry": {"type": "LineString", "coordinates": [[121.38995999999999, 18.1419], [121.39049999999999, 18.1419]]}}, {"type": "Feature", "properties": {"id": "CTR-04022", "elevation_m": 65.0}, "geometry": {"type": "LineString", "coordinates": [[121.39614000305173, 18.1419], [121.39668000305173, 18.1419]]}}, {"type": "Feature", "properties": {"id": "CTR-04023", "elevation_m": 65.0}, "geometry": {"type": "LineString", "coordinates": [[121.39668000406903, 18.141], [121.39722000406903, 18.141]]}}, {"type": "Feature", "properties": {"id": "CTR-04024", "elevation_m": 65.0}, "geometry": {"type": "LineString", "coordinates": [[121.39704107164752, 18.1401], [121.39758107164752, 18.1401]]}}, {"type": "Feature", "properties": {"id": "CTR-04025", "elevation_m": 65.0}, "geometry": {"type": "LineString", "coordinates": [[121.39724210357242, 18.1392], [121.39778210357242, 18.1392]]}}, {"type": "Feature", "properties": {"id": "CTR-04026", "elevation_m": 65.0}, "geometry": {"type": "LineString", "coordinates": [[121.39728214329504, 18.138299999999997], [121.39782214329504, 18.138299999999997]]}}, {"type": "Feature", "properties": {"id": "CTR-04027", "elevation_m": 65.0}, "geometry": {"type": "LineString", "coordinates": [[121.39715357493188, 18.1374], [121.39769357493188, 18.1374]]}}, {"type": "Feature", "properties": {"id": "CTR-04028", "elevation_m": 65.0}, "geometry": {"type": "LineString", "coordinates": [[121.39687895222924, 18.136499999999998], [121.39741895222924, 18.136499999999998]]}}, {"type": "Feature", "properties": {"id": "CTR-04029", "elevation_m": 65.0}, "geometry": {"type": "LineString", "coordinates": [[121.39640000339087, 18.1356], [121.39694000339087, 18.1356]]}}, {"type": "Feature", "properties": {"id": "CTR-04030", "elevation_m": 65.0}, "geometry": {"type": "LineString", "coordinates": [[121.3869, 18.1347], [121.38744, 18.1347]]}}, {"type": "Feature", "properties": {"id": "CTR-04031", "elevation_m": 65.0}, "geometry": {"type": "LineString", "coordinates": [[121.3869, 18.1347], [121.38744, 18.1347]]}}, {"type": "Feature", "properties": {"id": "CTR-04032", "elevation_m": 65.0}, "geometry": {"type": "LineString", "coordinates": [[121.39078420672207, 18.1347], [121.39132420672208, 18.1347]]}}, {"type": "Feature", "properties": {"id": "CTR-04033", "elevation_m": 65.0}, "geometry": {"type": "LineString", "coordinates": [[121.39577999847413, 18.1347], [121.39631999847413, 18.1347]]}}, {"type": "Feature", "properties": {"id": "CTR-04034", "elevation_m": 65.0}, "geometry": {"type": "LineString", "coordinates": [[121.38614999364218, 18.133799999999997], [121.38668999364218, 18.133799999999997]]}}, {"type": "Feature", "properties": {"id": "CTR-04035", "elevation_m": 65.0}, "geometry": {"type": "LineString", "coordinates": [[121.39229999999999, 18.133799999999997], [121.39283999999999, 18.133799999999997]]}}, {"type": "Feature", "properties": {"id": "CTR-04036", "elevation_m": 65.0}, "geometry": {"type": "LineString", "coordinates": [[121.39229999999999, 18.133799999999997], [121.39283999999999, 18.133799999999997]]}}, {"type": "Feature", "properties": {"id": "CTR-04037", "elevation_m": 65.0}, "geometry": {"type": "LineString", "coordinates": [[121.39475999694827, 18.133799999999997], [121.39529999694827, 18.133799999999997]]}}, {"type": "Feature", "properties": {"id": "CTR-04038", "elevation_m": 65.0}, "geometry": {"type": "LineString", "coordinates": [[121.38562200164795, 18.1329], [121.38616200164795, 18.1329]]}}, {"type": "Feature", "properties": {"id": "CTR-04039", "elevation_m": 65.0}, "geometry": {"type": "LineString", "coordinates": [[121.38522599945068, 18.131999999999998], [121.38576599945068, 18.131999999999998]]}}, {"type": "Feature", "properties": {"id": "CTR-04040", "elevation_m": 65.0}, "geometry": {"type": "LineString", "coordinates": [[121.38499672186506, 18.1311], [121.38553672186507, 18.1311]]}}, {"type": "Feature", "properties": {"id": "CTR-04041", "elevation_m": 65.0}, "geometry": {"type": "LineString", "coordinates": [[121.38495000190734, 18.1302], [121.38549000190734, 18.1302]]}}, {"type": "Feature", "properties": {"id": "CTR-04042", "elevation_m": 65.0}, "geometry": {"type": "LineString", "coordinates": [[121.38505500171661, 18.129299999999997], [121.38559500171661, 18.129299999999997]]}}, {"type": "Feature", "properties": {"id": "CTR-04043", "elevation_m": 65.0}, "geometry": {"type": "LineString", "coordinates": [[121.38533399505614, 18.1284], [121.38587399505614, 18.1284]]}}, {"type": "Feature", "properties": {"id": "CTR-04044", "elevation_m": 65.0}, "geometry": {"type": "LineString", "coordinates": [[121.38577059061124, 18.127499999999998], [121.38631059061125, 18.127499999999998]]}}, {"type": "Feature", "properties": {"id": "CTR-04045", "elevation_m": 65.0}, "geometry": {"type": "LineString", "coordinates": [[121.38641351451666, 18.1266], [121.38695351451666, 18.1266]]}}, {"type": "Feature", "properties": {"id": "CTR-04046", "elevation_m": 65.0}, "geometry": {"type": "LineString", "coordinates": [[121.39174999788072, 18.1266], [121.39228999788072, 18.1266]]}}, {"type": "Feature", "properties": {"id": "CTR-04047", "elevation_m": 65.0}, "geometry": {"type": "LineString", "coordinates": [[121.39517418783224, 18.1266], [121.39571418783224, 18.1266]]}}, {"type": "Feature", "properties": {"id": "CTR-04048", "elevation_m": 65.0}, "geometry": {"type": "LineString", "coordinates": [[121.3873714332425, 18.1257], [121.38791143324251, 18.1257]]}}, {"type": "Feature", "properties": {"id": "CTR-04049", "elevation_m": 65.0}, "geometry": {"type": "LineString", "coordinates": [[121.39019998474136, 18.1257], [121.39073998474136, 18.1257]]}}, {"type": "Feature", "properties": {"id": "CTR-04050", "elevation_m": 65.0}, "geometry": {"type": "LineString", "coordinates": [[121.39604000033908, 18.1257], [121.39658000033909, 18.1257]]}}, {"type": "Feature", "properties": {"id": "CTR-04051", "elevation_m": 65.0}, "geometry": {"type": "LineString", "coordinates": [[121.39662000610355, 18.124799999999997], [121.39716000610355, 18.124799999999997]]}}, {"type": "Feature", "properties": {"id": "CTR-04052", "elevation_m": 65.0}, "geometry": {"type": "LineString", "coordinates": [[121.39704107164752, 18.1239], [121.39758107164752, 18.1239]]}}, {"type": "Feature", "properties": {"id": "CTR-04053", "elevation_m": 65.0}, "geometry": {"type": "LineString", "coordinates": [[121.39730526294655, 18.122999999999998], [121.39784526294655, 18.122999999999998]]}}, {"type": "Feature", "properties": {"id": "CTR-04054", "elevation_m": 65.0}, "geometry": {"type": "LineString", "coordinates": [[121.39741071253405, 18.1221], [121.39795071253405, 18.1221]]}}, {"type": "Feature", "properties": {"id": "CTR-04055", "elevation_m": 65.0}, "geometry": {"type": "LineString", "coordinates": [[121.39735262946553, 18.121199999999998], [121.39789262946553, 18.121199999999998]]}}, {"type": "Feature", "properties": {"id": "CTR-04056", "elevation_m": 65.0}, "geometry": {"type": "LineString", "coordinates": [[121.39713157767932, 18.1203], [121.39767157767932, 18.1203]]}}, {"type": "Feature", "properties": {"id": "CTR-04057", "elevation_m": 65.0}, "geometry": {"type": "LineString", "coordinates": [[121.39677999593103, 18.1194], [121.39731999593103, 18.1194]]}}, {"type": "Feature", "properties": {"id": "CTR-04058", "elevation_m": 65.0}, "geometry": {"type": "LineString", "coordinates": [[121.3878, 18.118499999999997], [121.38834, 18.118499999999997]]}}, {"type": "Feature", "properties": {"id": "CTR-04059", "elevation_m": 65.0}, "geometry": {"type": "LineString", "coordinates": [[121.3878, 18.118499999999997], [121.38834, 18.118499999999997]]}}, {"type": "Feature", "properties": {"id": "CTR-04060", "elevation_m": 65.0}, "geometry": {"type": "LineString", "coordinates": [[121.38959999999999, 18.118499999999997], [121.39013999999999, 18.118499999999997]]}}, {"type": "Feature", "properties": {"id": "CTR-04061", "elevation_m": 65.0}, "geometry": {"type": "LineString", "coordinates": [[121.38959999999999, 18.118499999999997], [121.39013999999999, 18.118499999999997]]}}, {"type": "Feature", "properties": {"id": "CTR-04062", "elevation_m": 65.0}, "geometry": {"type": "LineString", "coordinates": [[121.39622000406897, 18.118499999999997], [121.39676000406897, 18.118499999999997]]}}, {"type": "Feature", "properties": {"id": "CTR-04063", "elevation_m": 65.0}, "geometry": {"type": "LineString", "coordinates": [[121.38670540239602, 18.1176], [121.38724540239602, 18.1176]]}}, {"type": "Feature", "properties": {"id": "CTR-04064", "elevation_m": 65.0}, "geometry": {"type": "LineString", "coordinates": [[121.39117499141712, 18.1176], [121.39171499141712, 18.1176]]}}, {"type": "Feature", "properties": {"id": "CTR-04065", "elevation_m": 65.0}, "geometry": {"type": "LineString", "coordinates": [[121.39551000228884, 18.1176], [121.39605000228885, 18.1176]]}}, {"type": "Feature", "properties": {"id": "CTR-04066", "elevation_m": 65.0}, "geometry": {"type": "LineString", "coordinates": [[121.386, 18.116699999999998], [121.38654, 18.116699999999998]]}}, {"type": "Feature", "properties": {"id": "CTR-04067", "elevation_m": 65.0}, "geometry": {"type": "LineString", "coordinates": [[121.386, 18.116699999999998], [121.38654, 18.116699999999998]]}}, {"type": "Feature", "properties": {"id": "CTR-04068", "elevation_m": 65.0}, "geometry": {"type": "LineString", "coordinates": [[121.392872721598, 18.116699999999998], [121.393412721598, 18.116699999999998]]}}, {"type": "Feature", "properties": {"id": "CTR-04069", "elevation_m": 65.0}, "geometry": {"type": "LineString", "coordinates": [[121.39427999084481, 18.116699999999998], [121.39481999084481, 18.116699999999998]]}}, {"type": "Feature", "properties": {"id": "CTR-04070", "elevation_m": 65.0}, "geometry": {"type": "LineString", "coordinates": [[121.38556800384521, 18.1158], [121.38610800384521, 18.1158]]}}, {"type": "Feature", "properties": {"id": "CTR-04071", "elevation_m": 65.0}, "geometry": {"type": "LineString", "coordinates": [[121.3852799972534, 18.1149], [121.3858199972534, 18.1149]]}}, {"type": "Feature", "properties": {"id": "CTR-04072", "elevation_m": 65.0}, "geometry": {"type": "LineString", "coordinates": [[121.38515399780273, 18.113999999999997], [121.38569399780273, 18.113999999999997]]}}, {"type": "Feature", "properties": {"id": "CTR-04073", "elevation_m": 65.0}, "geometry": {"type": "LineString", "coordinates": [[121.38520799560547, 18.1131], [121.38574799560547, 18.1131]]}}, {"type": "Feature", "properties": {"id": "CTR-04074", "elevation_m": 65.0}, "geometry": {"type": "LineString", "coordinates": [[121.38545999450683, 18.112199999999998], [121.38599999450683, 18.112199999999998]]}}, {"type": "Feature", "properties": {"id": "CTR-04075", "elevation_m": 65.0}, "geometry": {"type": "LineString", "coordinates": [[121.3858559967041, 18.1113], [121.3863959967041, 18.1113]]}}, {"type": "Feature", "properties": {"id": "CTR-04076", "elevation_m": 65.0}, "geometry": {"type": "LineString", "coordinates": [[121.38648648548333, 18.1104], [121.38702648548333, 18.1104]]}}, {"type": "Feature", "properties": {"id": "CTR-04077", "elevation_m": 65.0}, "geometry": {"type": "LineString", "coordinates": [[121.39161177183377, 18.1104], [121.39215177183377, 18.1104]]}}, {"type": "Feature", "properties": {"id": "CTR-04078", "elevation_m": 65.0}, "geometry": {"type": "LineString", "coordinates": [[121.39523225949351, 18.1104], [121.39577225949351, 18.1104]]}}, {"type": "Feature", "properties": {"id": "CTR-04079", "elevation_m": 65.0}, "geometry": {"type": "LineString", "coordinates": [[121.38751363920099, 18.109499999999997], [121.38805363920099, 18.109499999999997]]}}, {"type": "Feature", "properties": {"id": "CTR-04080", "elevation_m": 65.0}, "geometry": {"type": "LineString", "coordinates": [[121.39001999389654, 18.109499999999997], [121.39055999389655, 18.109499999999997]]}}, {"type": "Feature", "properties": {"id": "CTR-04081", "elevation_m": 65.0}, "geometry": {"type": "LineString", "coordinates": [[121.39607999389644, 18.109499999999997], [121.39661999389644, 18.109499999999997]]}}, {"type": "Feature", "properties": {"id": "CTR-04082", "elevation_m": 65.0}, "geometry": {"type": "LineString", "coordinates": [[121.39669999491379, 18.1086], [121.39723999491379, 18.1086]]}}, {"type": "Feature", "properties": {"id": "CTR-04083", "elevation_m": 65.0}, "geometry": {"type": "LineString", "coordinates": [[121.39714737053446, 18.107699999999998], [121.39768737053446, 18.107699999999998]]}}, {"type": "Feature", "properties": {"id": "CTR-04084", "elevation_m": 65.0}, "geometry": {"type": "LineString", "coordinates": [[121.39746315535864, 18.1068], [121.39800315535864, 18.1068]]}}, {"type": "Feature", "properties": {"id": "CTR-04085", "elevation_m": 65.0}, "geometry": {"type": "LineString", "coordinates": [[121.39763571253405, 18.1059], [121.39817571253406, 18.1059]]}}, {"type": "Feature", "properties": {"id": "CTR-04086", "elevation_m": 65.0}, "geometry": {"type": "LineString", "coordinates": [[121.39763684062588, 18.104999999999997], [121.39817684062588, 18.104999999999997]]}}, {"type": "Feature", "properties": {"id": "CTR-04087", "elevation_m": 65.0}, "geometry": {"type": "LineString", "coordinates": [[121.39749107493188, 18.1041], [121.39803107493188, 18.1041]]}}, {"type": "Feature", "properties": {"id": "CTR-04088", "elevation_m": 65.0}, "geometry": {"type": "LineString", "coordinates": [[121.39719473705344, 18.103199999999998], [121.39773473705344, 18.103199999999998]]}}, {"type": "Feature", "properties": {"id": "CTR-04089", "elevation_m": 65.0}, "geometry": {"type": "LineString", "coordinates": [[121.39677999593103, 18.1023], [121.39731999593103, 18.1023]]}}, {"type": "Feature", "properties": {"id": "CTR-04090", "elevation_m": 65.0}, "geometry": {"type": "LineString", "coordinates": [[121.3878, 18.101399999999998], [121.38834, 18.101399999999998]]}}, {"type": "Feature", "properties": {"id": "CTR-04091", "elevation_m": 65.0}, "geometry": {"type": "LineString", "coordinates": [[121.3878, 18.101399999999998], [121.38834, 18.101399999999998]]}}, {"type": "Feature", "properties": {"id": "CTR-04092", "elevation_m": 65.0}, "geometry": {"type": "LineString", "coordinates": [[121.38959999999999, 18.101399999999998], [121.39013999999999, 18.101399999999998]]}}, {"type": "Feature", "properties": {"id": "CTR-04093", "elevation_m": 65.0}, "geometry": {"type": "LineString", "coordinates": [[121.38959999999999, 18.101399999999998], [121.39013999999999, 18.101399999999998]]}}, {"type": "Feature", "properties": {"id": "CTR-04094", "elevation_m": 65.0}, "geometry": {"type": "LineString", "coordinates": [[121.3962, 18.101399999999998], [121.39674, 18.101399999999998]]}}, {"type": "Feature", "properties": {"id": "CTR-04095", "elevation_m": 65.0}, "geometry": {"type": "LineString", "coordinates": [[121.38672973173598, 18.1005], [121.38726973173598, 18.1005]]}}, {"type": "Feature", "properties": {"id": "CTR-04096", "elevation_m": 65.0}, "geometry": {"type": "LineString", "coordinates": [[121.39116314648248, 18.1005], [121.39170314648248, 18.1005]]}}, {"type": "Feature", "properties": {"id": "CTR-04097", "elevation_m": 65.0}, "geometry": {"type": "LineString", "coordinates": [[121.39549354695805, 18.1005], [121.39603354695805, 18.1005]]}}, {"type": "Feature", "properties": {"id": "CTR-04098", "elevation_m": 65.0}, "geometry": {"type": "LineString", "coordinates": [[121.38609729880199, 18.0996], [121.38663729880199, 18.0996]]}}, {"type": "Feature", "properties": {"id": "CTR-04099", "elevation_m": 65.0}, "geometry": {"type": "LineString", "coordinates": [[121.39256999313343, 18.0996], [121.39310999313344, 18.0996]]}}, {"type": "Feature", "properties": {"id": "CTR-04100", "elevation_m": 65.0}, "geometry": {"type": "LineString", "coordinates": [[121.39446, 18.0996], [121.395, 18.0996]]}}, {"type": "Feature", "properties": {"id": "CTR-04101", "elevation_m": 65.0}, "geometry": {"type": "LineString", "coordinates": [[121.3857299972534, 18.098699999999997], [121.38626999725341, 18.098699999999997]]}}, {"type": "Feature", "properties": {"id": "CTR-04102", "elevation_m": 65.0}, "geometry": {"type": "LineString", "coordinates": [[121.38555, 18.0978], [121.38609, 18.0978]]}}, {"type": "Feature", "properties": {"id": "CTR-04103", "elevation_m": 65.0}, "geometry": {"type": "LineString", "coordinates": [[121.38554117462265, 18.096899999999998], [121.38608117462265, 18.096899999999998]]}}, {"type": "Feature", "properties": {"id": "CTR-04104", "elevation_m": 65.0}, "geometry": {"type": "LineString", "coordinates": [[121.3857299972534, 18.096], [121.38626999725341, 18.096]]}}, {"type": "Feature", "properties": {"id": "CTR-04105", "elevation_m": 65.0}, "geometry": {"type": "LineString", "coordinates": [[121.38610000211926, 18.0951], [121.38664000211926, 18.0951]]}}, {"type": "Feature", "properties": {"id": "CTR-04106", "elevation_m": 65.0}, "geometry": {"type": "LineString", "coordinates": [[121.39256999313343, 18.0951], [121.39310999313344, 18.0951]]}}, {"type": "Feature", "properties": {"id": "CTR-04107", "elevation_m": 65.0}, "geometry": {"type": "LineString", "coordinates": [[121.39446, 18.0951], [121.395, 18.0951]]}}, {"type": "Feature", "properties": {"id": "CTR-04108", "elevation_m": 65.0}, "geometry": {"type": "LineString", "coordinates": [[121.38675405806664, 18.094199999999997], [121.38729405806664, 18.094199999999997]]}}, {"type": "Feature", "properties": {"id": "CTR-04109", "elevation_m": 65.0}, "geometry": {"type": "LineString", "coordinates": [[121.39111579327792, 18.094199999999997], [121.39165579327792, 18.094199999999997]]}}, {"type": "Feature", "properties": {"id": "CTR-04110", "elevation_m": 65.0}, "geometry": {"type": "LineString", "coordinates": [[121.39553999542241, 18.094199999999997], [121.39607999542241, 18.094199999999997]]}}, {"type": "Feature", "properties": {"id": "CTR-04111", "elevation_m": 65.0}, "geometry": {"type": "LineString", "coordinates": [[121.38831429972751, 18.0933], [121.38885429972751, 18.0933]]}}, {"type": "Feature", "properties": {"id": "CTR-04112", "elevation_m": 65.0}, "geometry": {"type": "LineString", "coordinates": [[121.38915, 18.0933], [121.38969, 18.0933]]}}, {"type": "Feature", "properties": {"id": "CTR-04113", "elevation_m": 65.0}, "geometry": {"type": "LineString", "coordinates": [[121.39628000101723, 18.0933], [121.39682000101723, 18.0933]]}}, {"type": "Feature", "properties": {"id": "CTR-04114", "elevation_m": 65.0}, "geometry": {"type": "LineString", "coordinates": [[121.39689473303797, 18.092399999999998], [121.39743473303797, 18.092399999999998]]}}, {"type": "Feature", "properties": {"id": "CTR-04115", "elevation_m": 65.0}, "geometry": {"type": "LineString", "coordinates": [[121.39735262946553, 18.0915], [121.39789262946553, 18.0915]]}}, {"type": "Feature", "properties": {"id": "CTR-04116", "elevation_m": 65.0}, "geometry": {"type": "LineString", "coordinates": [[121.39771406551748, 18.0906], [121.39825406551748, 18.0906]]}}, {"type": "Feature", "properties": {"id": "CTR-04117", "elevation_m": 65.0}, "geometry": {"type": "LineString", "coordinates": [[121.39792500268217, 18.089699999999997], [121.39846500268217, 18.089699999999997]]}}, {"type": "Feature", "properties": {"id": "CTR-04118", "elevation_m": 65.0}, "geometry": {"type": "LineString", "coordinates": [[121.39799531149417, 18.0888], [121.39853531149417, 18.0888]]}}, {"type": "Feature", "properties": {"id": "CTR-04119", "elevation_m": 65.0}, "geometry": {"type": "LineString", "coordinates": [[121.39792154301207, 18.087899999999998], [121.39846154301208, 18.087899999999998]]}}, {"type": "Feature", "properties": {"id": "CTR-04120", "elevation_m": 65.0}, "geometry": {"type": "LineString", "coordinates": [[121.39771384907918, 18.087], [121.39825384907918, 18.087]]}}, {"type": "Feature", "properties": {"id": "CTR-04121", "elevation_m": 65.0}, "geometry": {"type": "LineString", "coordinates": [[121.39735262946553, 18.0861], [121.39789262946553, 18.0861]]}}, {"type": "Feature", "properties": {"id": "CTR-04122", "elevation_m": 65.0}, "geometry": {"type": "LineString", "coordinates": [[121.3969105258931, 18.085199999999997], [121.3974505258931, 18.085199999999997]]}}, {"type": "Feature", "properties": {"id": "CTR-04123", "elevation_m": 65.0}, "geometry": {"type": "LineString", "coordinates": [[121.39636000203448, 18.0843], [121.39690000203449, 18.0843]]}}, {"type": "Feature", "properties": {"id": "CTR-04124", "elevation_m": 65.0}, "geometry": {"type": "LineString", "coordinates": [[121.38706363920099, 18.083399999999997], [121.38760363920099, 18.083399999999997]]}}, {"type": "Feature", "properties": {"id": "CTR-04125", "elevation_m": 65.0}, "geometry": {"type": "LineString", "coordinates": [[121.39068947558624, 18.083399999999997], [121.39122947558624, 18.083399999999997]]}}, {"type": "Feature", "properties": {"id": "CTR-04126", "elevation_m": 65.0}, "geometry": {"type": "LineString", "coordinates": [[121.39581000228885, 18.083399999999997], [121.39635000228886, 18.083399999999997]]}}, {"type": "Feature", "properties": {"id": "CTR-04127", "elevation_m": 65.0}, "geometry": {"type": "LineString", "coordinates": [[121.38646216466998, 18.0825], [121.38700216466998, 18.0825]]}}, {"type": "Feature", "properties": {"id": "CTR-04128", "elevation_m": 65.0}, "geometry": {"type": "LineString", "coordinates": [[121.39171763755498, 18.0825], [121.39225763755498, 18.0825]]}}, {"type": "Feature", "properties": {"id": "CTR-04129", "elevation_m": 65.0}, "geometry": {"type": "LineString", "coordinates": [[121.39517418783224, 18.0825], [121.39571418783224, 18.0825]]}}, {"type": "Feature", "properties": {"id": "CTR-04130", "elevation_m": 65.0}, "geometry": {"type": "LineString", "coordinates": [[121.38614594193335, 18.081599999999998], [121.38668594193335, 18.081599999999998]]}}, {"type": "Feature", "properties": {"id": "CTR-04131", "elevation_m": 65.0}, "geometry": {"type": "LineString", "coordinates": [[121.39247997253375, 18.081599999999998], [121.39301997253375, 18.081599999999998]]}}, {"type": "Feature", "properties": {"id": "CTR-04132", "elevation_m": 65.0}, "geometry": {"type": "LineString", "coordinates": [[121.39451999389654, 18.081599999999998], [121.39505999389654, 18.081599999999998]]}}, {"type": "Feature", "properties": {"id": "CTR-04133", "elevation_m": 65.0}, "geometry": {"type": "LineString", "coordinates": [[121.38604864112503, 18.0807], [121.38658864112503, 18.0807]]}}, {"type": "Feature", "properties": {"id": "CTR-04134", "elevation_m": 65.0}, "geometry": {"type": "LineString", "coordinates": [[121.392790886392, 18.0807], [121.39333088639201, 18.0807]]}}, {"type": "Feature", "properties": {"id": "CTR-04135", "elevation_m": 65.0}, "geometry": {"type": "LineString", "coordinates": [[121.39434000305172, 18.0807], [121.39488000305172, 18.0807]]}}, {"type": "Feature", "properties": {"id": "CTR-04136", "elevation_m": 65.0}, "geometry": {"type": "LineString", "coordinates": [[121.38621891290003, 18.0798], [121.38675891290004, 18.0798]]}}, {"type": "Feature", "properties": {"id": "CTR-04137", "elevation_m": 65.0}, "geometry": {"type": "LineString", "coordinates": [[121.3922470493201, 18.0798], [121.3927870493201, 18.0798]]}}, {"type": "Feature", "properties": {"id": "CTR-04138", "elevation_m": 65.0}, "geometry": {"type": "LineString", "coordinates": [[121.39475999694827, 18.0798], [121.39529999694827, 18.0798]]}}, {"type": "Feature", "properties": {"id": "CTR-04139", "elevation_m": 65.0}, "geometry": {"type": "LineString", "coordinates": [[121.386632432934, 18.078899999999997], [121.387172432934, 18.078899999999997]]}}, {"type": "Feature", "properties": {"id": "CTR-04140", "elevation_m": 65.0}, "geometry": {"type": "LineString", "coordinates": [[121.39135262206874, 18.078899999999997], [121.39189262206874, 18.078899999999997]]}}, {"type": "Feature", "properties": {"id": "CTR-04141", "elevation_m": 65.0}, "geometry": {"type": "LineString", "coordinates": [[121.39536000457758, 18.078899999999997], [121.39590000457758, 18.078899999999997]]}}, {"type": "Feature", "properties": {"id": "CTR-04142", "elevation_m": 65.0}, "geometry": {"type": "LineString", "coordinates": [[121.387472721598, 18.078], [121.388012721598, 18.078]]}}, {"type": "Feature", "properties": {"id": "CTR-04143", "elevation_m": 65.0}, "geometry": {"type": "LineString", "coordinates": [[121.39008000610345, 18.078], [121.39062000610345, 18.078]]}}, {"type": "Feature", "properties": {"id": "CTR-04144", "elevation_m": 65.0}, "geometry": {"type": "LineString", "coordinates": [[121.39604000033908, 18.078], [121.39658000033909, 18.078]]}}, {"type": "Feature", "properties": {"id": "CTR-04145", "elevation_m": 65.0}, "geometry": {"type": "LineString", "coordinates": [[121.39663999796551, 18.077099999999998], [121.39717999796551, 18.077099999999998]]}}, {"type": "Feature", "properties": {"id": "CTR-04146", "elevation_m": 65.0}, "geometry": {"type": "LineString", "coordinates": [[121.39719473705344, 18.0762], [121.39773473705344, 18.0762]]}}, {"type": "Feature", "properties": {"id": "CTR-04147", "elevation_m": 65.0}, "geometry": {"type": "LineString", "coordinates": [[121.39768420714486, 18.0753], [121.39822420714486, 18.0753]]}}, {"type": "Feature", "properties": {"id": "CTR-04148", "elevation_m": 65.0}, "geometry": {"type": "LineString", "coordinates": [[121.39805156283528, 18.074399999999997], [121.39859156283528, 18.074399999999997]]}}, {"type": "Feature", "properties": {"id": "CTR-04149", "elevation_m": 65.0}, "geometry": {"type": "LineString", "coordinates": [[121.39830923271946, 18.0735], [121.39884923271946, 18.0735]]}}, {"type": "Feature", "properties": {"id": "CTR-04150", "elevation_m": 65.0}, "geometry": {"type": "LineString", "coordinates": [[121.39844531149417, 18.072599999999998], [121.39898531149417, 18.072599999999998]]}}, {"type": "Feature", "properties": {"id": "CTR-04151", "elevation_m": 65.0}, "geometry": {"type": "LineString", "coordinates": [[121.39842000211277, 18.0717], [121.39896000211277, 18.0717]]}}, {"type": "Feature", "properties": {"id": "CTR-04152", "elevation_m": 65.0}, "geometry": {"type": "LineString", "coordinates": [[121.39826769604564, 18.0708], [121.39880769604564, 18.0708]]}}, {"type": "Feature", "properties": {"id": "CTR-04153", "elevation_m": 65.0}, "geometry": {"type": "LineString", "coordinates": [[121.39799531149417, 18.069899999999997], [121.39853531149417, 18.069899999999997]]}}, {"type": "Feature", "properties": {"id": "CTR-04154", "elevation_m": 65.0}, "geometry": {"type": "LineString", "coordinates": [[121.39762104777074, 18.069], [121.39816104777074, 18.069]]}}, {"type": "Feature", "properties": {"id": "CTR-04155", "elevation_m": 65.0}, "geometry": {"type": "LineString", "coordinates": [[121.3971789441983, 18.068099999999998], [121.3977189441983, 18.068099999999998]]}}, {"type": "Feature", "properties": {"id": "CTR-04156", "elevation_m": 65.0}, "geometry": {"type": "LineString", "coordinates": [[121.39672173718341, 18.0672], [121.39726173718341, 18.0672]]}}, {"type": "Feature", "properties": {"id": "CTR-04157", "elevation_m": 65.0}, "geometry": {"type": "LineString", "coordinates": [[121.38831429972751, 18.0663], [121.38885429972751, 18.0663]]}}, {"type": "Feature", "properties": {"id": "CTR-04158", "elevation_m": 65.0}, "geometry": {"type": "LineString", "coordinates": [[121.38915, 18.0663], [121.38969, 18.0663]]}}, {"type": "Feature", "properties": {"id": "CTR-04159", "elevation_m": 65.0}, "geometry": {"type": "LineString", "coordinates": [[121.39626000305178, 18.0663], [121.39680000305178, 18.0663]]}}, {"type": "Feature", "properties": {"id": "CTR-04160", "elevation_m": 65.0}, "geometry": {"type": "LineString", "coordinates": [[121.38728570027247, 18.0654], [121.38782570027247, 18.0654]]}}, {"type": "Feature", "properties": {"id": "CTR-04161", "elevation_m": 65.0}, "geometry": {"type": "LineString", "coordinates": [[121.39038001525941, 18.0654], [121.39092001525941, 18.0654]]}}, {"type": "Feature", "properties": {"id": "CTR-04162", "elevation_m": 65.0}, "geometry": {"type": "LineString", "coordinates": [[121.39593999355735, 18.0654], [121.39647999355735, 18.0654]]}}, {"type": "Feature", "properties": {"id": "CTR-04163", "elevation_m": 65.0}, "geometry": {"type": "LineString", "coordinates": [[121.38698570027248, 18.0645], [121.38752570027248, 18.0645]]}}, {"type": "Feature", "properties": {"id": "CTR-04164", "elevation_m": 65.0}, "geometry": {"type": "LineString", "coordinates": [[121.3907368535175, 18.0645], [121.3912768535175, 18.0645]]}}, {"type": "Feature", "properties": {"id": "CTR-04165", "elevation_m": 65.0}, "geometry": {"type": "LineString", "coordinates": [[121.39575483227918, 18.0645], [121.39629483227918, 18.0645]]}}, {"type": "Feature", "properties": {"id": "CTR-04166", "elevation_m": 65.0}, "geometry": {"type": "LineString", "coordinates": [[121.387145443196, 18.063599999999997], [121.387685443196, 18.063599999999997]]}}, {"type": "Feature", "properties": {"id": "CTR-04167", "elevation_m": 65.0}, "geometry": {"type": "LineString", "coordinates": [[121.39054737793126, 18.063599999999997], [121.39108737793126, 18.063599999999997]]}}, {"type": "Feature", "properties": {"id": "CTR-04168", "elevation_m": 65.0}, "geometry": {"type": "LineString", "coordinates": [[121.39586999389654, 18.063599999999997], [121.39640999389654, 18.063599999999997]]}}, {"type": "Feature", "properties": {"id": "CTR-04169", "elevation_m": 65.0}, "geometry": {"type": "LineString", "coordinates": [[121.38771819316801, 18.0627], [121.38825819316801, 18.0627]]}}, {"type": "Feature", "properties": {"id": "CTR-04170", "elevation_m": 65.0}, "geometry": {"type": "LineString", "coordinates": [[121.38971998474058, 18.0627], [121.39025998474058, 18.0627]]}}, {"type": "Feature", "properties": {"id": "CTR-04171", "elevation_m": 65.0}, "geometry": {"type": "LineString", "coordinates": [[121.39614000305173, 18.0627], [121.39668000305173, 18.0627]]}}, {"type": "Feature", "properties": {"id": "CTR-04172", "elevation_m": 65.0}, "geometry": {"type": "LineString", "coordinates": [[121.39660000169543, 18.061799999999998], [121.39714000169543, 18.061799999999998]]}}, {"type": "Feature", "properties": {"id": "CTR-04173", "elevation_m": 65.0}, "geometry": {"type": "LineString", "coordinates": [[121.39710000401547, 18.0609], [121.39764000401547, 18.0609]]}}, {"type": "Feature", "properties": {"id": "CTR-04174", "elevation_m": 65.0}, "geometry": {"type": "LineString", "coordinates": [[121.39762104777074, 18.06], [121.39816104777074, 18.06]]}}, {"type": "Feature", "properties": {"id": "CTR-04175", "elevation_m": 65.0}, "geometry": {"type": "LineString", "coordinates": [[121.3980796831414, 18.059099999999997], [121.3986196831414, 18.059099999999997]]}}, {"type": "Feature", "properties": {"id": "CTR-04176", "elevation_m": 65.0}, "geometry": {"type": "LineString", "coordinates": [[121.39848749731779, 18.0582], [121.39902749731779, 18.0582]]}}, {"type": "Feature", "properties": {"id": "CTR-04177", "elevation_m": 65.0}, "geometry": {"type": "LineString", "coordinates": [[121.39878805939556, 18.057299999999998], [121.39932805939556, 18.057299999999998]]}}, {"type": "Feature", "properties": {"id": "CTR-04178", "elevation_m": 65.0}, "geometry": {"type": "LineString", "coordinates": [[121.39897611879113, 18.0564], [121.39951611879113, 18.0564]]}}, {"type": "Feature", "properties": {"id": "CTR-04179", "elevation_m": 65.0}, "geometry": {"type": "LineString", "coordinates": [[121.39901641576897, 18.0555], [121.39955641576897, 18.0555]]}}, {"type": "Feature", "properties": {"id": "CTR-04180", "elevation_m": 65.0}, "geometry": {"type": "LineString", "coordinates": [[121.39892238607119, 18.054599999999997], [121.39946238607119, 18.054599999999997]]}}, {"type": "Feature", "properties": {"id": "CTR-04181", "elevation_m": 65.0}, "geometry": {"type": "LineString", "coordinates": [[121.39869545470309, 18.0537], [121.39923545470309, 18.0537]]}}, {"type": "Feature", "properties": {"id": "CTR-04182", "elevation_m": 65.0}, "geometry": {"type": "LineString", "coordinates": [[121.39837845698791, 18.052799999999998], [121.39891845698791, 18.052799999999998]]}}, {"type": "Feature", "properties": {"id": "CTR-04183", "elevation_m": 65.0}, "geometry": {"type": "LineString", "coordinates": [[121.39799531149417, 18.0519], [121.39853531149417, 18.0519]]}}, {"type": "Feature", "properties": {"id": "CTR-04184", "elevation_m": 65.0}, "geometry": {"type": "LineString", "coordinates": [[121.39760526696202, 18.051], [121.39814526696202, 18.051]]}}, {"type": "Feature", "properties": {"id": "CTR-04185", "elevation_m": 65.0}, "geometry": {"type": "LineString", "coordinates": [[121.39721052990858, 18.050099999999997], [121.39775052990858, 18.050099999999997]]}}, {"type": "Feature", "properties": {"id": "CTR-04186", "elevation_m": 65.0}, "geometry": {"type": "LineString", "coordinates": [[121.3969105258931, 18.0492], [121.3974505258931, 18.0492]]}}, {"type": "Feature", "properties": {"id": "CTR-04187", "elevation_m": 65.0}, "geometry": {"type": "LineString", "coordinates": [[121.39674000203452, 18.048299999999998], [121.39728000203452, 18.048299999999998]]}}, {"type": "Feature", "properties": {"id": "CTR-04188", "elevation_m": 65.0}, "geometry": {"type": "LineString", "coordinates": [[121.39674000203452, 18.0474], [121.39728000203452, 18.0474]]}}, {"type": "Feature", "properties": {"id": "CTR-04189", "elevation_m": 65.0}, "geometry": {"type": "LineString", "coordinates": [[121.39692631874824, 18.046499999999998], [121.39746631874824, 18.046499999999998]]}}, {"type": "Feature", "properties": {"id": "CTR-04190", "elevation_m": 65.0}, "geometry": {"type": "LineString", "coordinates": [[121.39724210357242, 18.0456], [121.39778210357242, 18.0456]]}}, {"type": "Feature", "properties": {"id": "CTR-04191", "elevation_m": 65.0}, "geometry": {"type": "LineString", "coordinates": [[121.39766842633614, 18.0447], [121.39820842633614, 18.0447]]}}, {"type": "Feature", "properties": {"id": "CTR-04192", "elevation_m": 65.0}, "geometry": {"type": "LineString", "coordinates": [[121.3981292314193, 18.043799999999997], [121.3986692314193, 18.043799999999997]]}}, {"type": "Feature", "properties": {"id": "CTR-04193", "elevation_m": 65.0}, "geometry": {"type": "LineString", "coordinates": [[121.39859999999999, 18.0429], [121.39913999999999, 18.0429]]}}, {"type": "Feature", "properties": {"id": "CTR-04194", "elevation_m": 65.0}, "geometry": {"type": "LineString", "coordinates": [[121.39859999999999, 18.0429], [121.39913999999999, 18.0429]]}}, {"type": "Feature", "properties": {"id": "CTR-04195", "elevation_m": 65.0}, "geometry": {"type": "LineString", "coordinates": [[121.39901641576897, 18.041999999999998], [121.39955641576897, 18.041999999999998]]}}, {"type": "Feature", "properties": {"id": "CTR-04196", "elevation_m": 65.0}, "geometry": {"type": "LineString", "coordinates": [[121.39935223758226, 18.0411], [121.39989223758226, 18.0411]]}}, {"type": "Feature", "properties": {"id": "CTR-04197", "elevation_m": 65.0}, "geometry": {"type": "LineString", "coordinates": [[121.39959843716471, 18.0402], [121.40013843716471, 18.0402]]}}, {"type": "Feature", "properties": {"id": "CTR-04198", "elevation_m": 65.0}, "geometry": {"type": "LineString", "coordinates": [[121.3997, 18.039299999999997], [121.40024, 18.039299999999997]]}}, {"type": "Feature", "properties": {"id": "CTR-04199", "elevation_m": 65.0}, "geometry": {"type": "LineString", "coordinates": [[121.39966875402331, 18.0384], [121.40020875402331, 18.0384]]}}, {"type": "Feature", "properties": {"id": "CTR-04200", "elevation_m": 65.0}, "geometry": {"type": "LineString", "coordinates": [[121.39948656441088, 18.037499999999998], [121.40002656441088, 18.037499999999998]]}}, {"type": "Feature", "properties": {"id": "CTR-04201", "elevation_m": 65.0}, "geometry": {"type": "LineString", "coordinates": [[121.39921363589073, 18.0366], [121.39975363589073, 18.0366]]}}, {"type": "Feature", "properties": {"id": "CTR-04202", "elevation_m": 65.0}, "geometry": {"type": "LineString", "coordinates": [[121.39886865335124, 18.0357], [121.39940865335124, 18.0357]]}}, {"type": "Feature", "properties": {"id": "CTR-04203", "elevation_m": 65.0}, "geometry": {"type": "LineString", "coordinates": [[121.39848922849396, 18.034799999999997], [121.39902922849396, 18.034799999999997]]}}, {"type": "Feature", "properties": {"id": "CTR-04204", "elevation_m": 65.0}, "geometry": {"type": "LineString", "coordinates": [[121.3981292314193, 18.0339], [121.3986692314193, 18.0339]]}}, {"type": "Feature", "properties": {"id": "CTR-04205", "elevation_m": 65.0}, "geometry": {"type": "LineString", "coordinates": [[121.39784062298834, 18.032999999999998], [121.39838062298834, 18.032999999999998]]}}, {"type": "Feature", "properties": {"id": "CTR-04206", "elevation_m": 65.0}, "geometry": {"type": "LineString", "coordinates": [[121.397652633481, 18.0321], [121.398192633481, 18.0321]]}}, {"type": "Feature", "properties": {"id": "CTR-04207", "elevation_m": 65.0}, "geometry": {"type": "LineString", "coordinates": [[121.39760526696202, 18.0312], [121.39814526696202, 18.0312]]}}, {"type": "Feature", "properties": {"id": "CTR-04208", "elevation_m": 65.0}, "geometry": {"type": "LineString", "coordinates": [[121.39771406551748, 18.030299999999997], [121.39825406551748, 18.030299999999997]]}}, {"type": "Feature", "properties": {"id": "CTR-04209", "elevation_m": 65.0}, "geometry": {"type": "LineString", "coordinates": [[121.39795312567055, 18.0294], [121.39849312567056, 18.0294]]}}, {"type": "Feature", "properties": {"id": "CTR-04210", "elevation_m": 65.0}, "geometry": {"type": "LineString", "coordinates": [[121.39830923271946, 18.028499999999998], [121.39884923271946, 18.028499999999998]]}}, {"type": "Feature", "properties": {"id": "CTR-04211", "elevation_m": 65.0}, "geometry": {"type": "LineString", "coordinates": [[121.39874776241773, 18.0276], [121.39928776241773, 18.0276]]}}, {"type": "Feature", "properties": {"id": "CTR-04212", "elevation_m": 65.0}, "geometry": {"type": "LineString", "coordinates": [[121.3992, 18.026699999999998], [121.39974, 18.026699999999998]]}}, {"type": "Feature", "properties": {"id": "CTR-04213", "elevation_m": 65.0}, "geometry": {"type": "LineString", "coordinates": [[121.39964285558582, 18.0258], [121.40018285558583, 18.0258]]}}, {"type": "Feature", "properties": {"id": "CTR-04214", "elevation_m": 65.0}, "geometry": {"type": "LineString", "coordinates": [[121.40004843716471, 18.0249], [121.40058843716471, 18.0249]]}}, {"type": "Feature", "properties": {"id": "CTR-04215", "elevation_m": 65.0}, "geometry": {"type": "LineString", "coordinates": [[121.40034374865888, 18.023999999999997], [121.40088374865888, 18.023999999999997]]}}, {"type": "Feature", "properties": {"id": "CTR-04216", "elevation_m": 65.0}, "geometry": {"type": "LineString", "coordinates": [[121.40053091136079, 18.0231], [121.40107091136079, 18.0231]]}}, {"type": "Feature", "properties": {"id": "CTR-04217", "elevation_m": 65.0}, "geometry": {"type": "LineString", "coordinates": [[121.40056071253406, 18.022199999999998], [121.40110071253406, 18.022199999999998]]}}, {"type": "Feature", "properties": {"id": "CTR-04218", "elevation_m": 65.0}, "geometry": {"type": "LineString", "coordinates": [[121.40041636704119, 18.0213], [121.40095636704119, 18.0213]]}}, {"type": "Feature", "properties": {"id": "CTR-04219", "elevation_m": 65.0}, "geometry": {"type": "LineString", "coordinates": [[121.40017142511141, 18.0204], [121.40071142511141, 18.0204]]}}, {"type": "Feature", "properties": {"id": "CTR-04220", "elevation_m": 65.0}, "geometry": {"type": "LineString", "coordinates": [[121.39983749731778, 18.019499999999997], [121.40037749731778, 18.019499999999997]]}}, {"type": "Feature", "properties": {"id": "CTR-04221", "elevation_m": 65.0}, "geometry": {"type": "LineString", "coordinates": [[121.39945970302216, 18.0186], [121.39999970302216, 18.0186]]}}, {"type": "Feature", "properties": {"id": "CTR-04222", "elevation_m": 65.0}, "geometry": {"type": "LineString", "coordinates": [[121.39910454640032, 18.017699999999998], [121.39964454640032, 18.017699999999998]]}}, {"type": "Feature", "properties": {"id": "CTR-04223", "elevation_m": 65.0}, "geometry": {"type": "LineString", "coordinates": [[121.39880149513766, 18.0168], [121.39934149513766, 18.0168]]}}, {"type": "Feature", "properties": {"id": "CTR-04224", "elevation_m": 65.0}, "geometry": {"type": "LineString", "coordinates": [[121.3985861509208, 18.0159], [121.39912615092081, 18.0159]]}}, {"type": "Feature", "properties": {"id": "CTR-04225", "elevation_m": 65.0}, "geometry": {"type": "LineString", "coordinates": [[121.39850156283526, 18.014999999999997], [121.39904156283527, 18.014999999999997]]}}, {"type": "Feature", "properties": {"id": "CTR-04226", "elevation_m": 65.0}, "geometry": {"type": "LineString", "coordinates": [[121.39854461424697, 18.0141], [121.39908461424697, 18.0141]]}}, {"type": "Feature", "properties": {"id": "CTR-04227", "elevation_m": 65.0}, "geometry": {"type": "LineString", "coordinates": [[121.39873636237529, 18.013199999999998], [121.39927636237529, 18.013199999999998]]}}, {"type": "Feature", "properties": {"id": "CTR-04228", "elevation_m": 65.0}, "geometry": {"type": "LineString", "coordinates": [[121.39904999999999, 18.0123], [121.39958999999999, 18.0123]]}}, {"type": "Feature", "properties": {"id": "CTR-04229", "elevation_m": 65.0}, "geometry": {"type": "LineString", "coordinates": [[121.39945909232779, 18.0114], [121.39999909232779, 18.0114]]}}, {"type": "Feature", "properties": {"id": "CTR-04230", "elevation_m": 65.0}, "geometry": {"type": "LineString", "coordinates": [[121.3999359344825, 18.010499999999997], [121.4004759344825, 18.010499999999997]]}}, {"type": "Feature", "properties": {"id": "CTR-04231", "elevation_m": 65.0}, "geometry": {"type": "LineString", "coordinates": [[121.40041636704119, 18.0096], [121.40095636704119, 18.0096]]}}, {"type": "Feature", "properties": {"id": "CTR-04232", "elevation_m": 65.0}, "geometry": {"type": "LineString", "coordinates": [[121.4009236329588, 18.008699999999997], [121.4014636329588, 18.008699999999997]]}}, {"type": "Feature", "properties": {"id": "CTR-04233", "elevation_m": 65.0}, "geometry": {"type": "LineString", "coordinates": [[121.40132093468887, 18.0078], [121.40186093468887, 18.0078]]}}, {"type": "Feature", "properties": {"id": "CTR-04234", "elevation_m": 65.0}, "geometry": {"type": "LineString", "coordinates": [[121.40165580986852, 18.006899999999998], [121.40219580986852, 18.006899999999998]]}}, {"type": "Feature", "properties": {"id": "CTR-04235", "elevation_m": 65.0}, "geometry": {"type": "LineString", "coordinates": [[121.40904002746834, 18.006899999999998], [121.40958002746834, 18.006899999999998]]}}, {"type": "Feature", "properties": {"id": "CTR-04236", "elevation_m": 65.0}, "geometry": {"type": "LineString", "coordinates": [[121.40959997456764, 18.006899999999998], [121.41013997456764, 18.006899999999998]]}}, {"type": "Feature", "properties": {"id": "CTR-04237", "elevation_m": 65.0}, "geometry": {"type": "LineString", "coordinates": [[121.40178140203332, 18.006], [121.40232140203332, 18.006]]}}, {"type": "Feature", "properties": {"id": "CTR-04238", "elevation_m": 65.0}, "geometry": {"type": "LineString", "coordinates": [[121.40837144959127, 18.006], [121.40891144959127, 18.006]]}}, {"type": "Feature", "properties": {"id": "CTR-04239", "elevation_m": 65.0}, "geometry": {"type": "LineString", "coordinates": [[121.41018747854281, 18.006], [121.41072747854281, 18.006]]}}, {"type": "Feature", "properties": {"id": "CTR-04240", "elevation_m": 65.0}, "geometry": {"type": "LineString", "coordinates": [[121.4016767445574, 18.0051], [121.4022167445574, 18.0051]]}}, {"type": "Feature", "properties": {"id": "CTR-04241", "elevation_m": 65.0}, "geometry": {"type": "LineString", "coordinates": [[121.40885997253166, 18.0051], [121.40939997253166, 18.0051]]}}, {"type": "Feature", "properties": {"id": "CTR-04242", "elevation_m": 65.0}, "geometry": {"type": "LineString", "coordinates": [[121.40973747854281, 18.0051], [121.41027747854281, 18.0051]]}}, {"type": "Feature", "properties": {"id": "CTR-04243", "elevation_m": 65.0}, "geometry": {"type": "LineString", "coordinates": [[121.40140227840199, 18.004199999999997], [121.40194227840199, 18.004199999999997]]}}, {"type": "Feature", "properties": {"id": "CTR-04244", "elevation_m": 65.0}, "geometry": {"type": "LineString", "coordinates": [[121.40102678746594, 18.0033], [121.40156678746594, 18.0033]]}}, {"type": "Feature", "properties": {"id": "CTR-04245", "elevation_m": 65.0}, "geometry": {"type": "LineString", "coordinates": [[121.40061272454882, 18.002399999999998], [121.40115272454882, 18.002399999999998]]}}, {"type": "Feature", "properties": {"id": "CTR-04246", "elevation_m": 65.0}, "geometry": {"type": "LineString", "coordinates": [[121.40021428882834, 18.0015], [121.40075428882834, 18.0015]]}}, {"type": "Feature", "properties": {"id": "CTR-04247", "elevation_m": 65.0}, "geometry": {"type": "LineString", "coordinates": [[121.39987142874442, 18.0006], [121.40041142874442, 18.0006]]}}, {"type": "Feature", "properties": {"id": "CTR-04248", "elevation_m": 65.0}, "geometry": {"type": "LineString", "coordinates": [[121.3996142874443, 17.999699999999997], [121.4001542874443, 17.999699999999997]]}}, {"type": "Feature", "properties": {"id": "CTR-04249", "elevation_m": 65.0}, "geometry": {"type": "LineString", "coordinates": [[121.39948636079899, 17.9988], [121.40002636079899, 17.9988]]}}, {"type": "Feature", "properties": {"id": "CTR-04250", "elevation_m": 65.0}, "geometry": {"type": "LineString", "coordinates": [[121.39948636079899, 17.997899999999998], [121.40002636079899, 17.997899999999998]]}}, {"type": "Feature", "properties": {"id": "CTR-04251", "elevation_m": 65.0}, "geometry": {"type": "LineString", "coordinates": [[121.39964062298833, 17.997], [121.40018062298833, 17.997]]}}, {"type": "Feature", "properties": {"id": "CTR-04252", "elevation_m": 65.0}, "geometry": {"type": "LineString", "coordinates": [[121.39992187969386, 17.9961], [121.40046187969386, 17.9961]]}}, {"type": "Feature", "properties": {"id": "CTR-04253", "elevation_m": 65.0}, "geometry": {"type": "LineString", "coordinates": [[121.40032856762255, 17.995199999999997], [121.40086856762255, 17.995199999999997]]}}, {"type": "Feature", "properties": {"id": "CTR-04254", "elevation_m": 65.0}, "geometry": {"type": "LineString", "coordinates": [[121.40085818363411, 17.9943], [121.40139818363411, 17.9943]]}}, {"type": "Feature", "properties": {"id": "CTR-04255", "elevation_m": 65.0}, "geometry": {"type": "LineString", "coordinates": [[121.40144651088518, 17.993399999999998], [121.40198651088518, 17.993399999999998]]}}, {"type": "Feature", "properties": {"id": "CTR-04256", "elevation_m": 65.0}, "geometry": {"type": "LineString", "coordinates": [[121.40213721190185, 17.9925], [121.40267721190185, 17.9925]]}}, {"type": "Feature", "properties": {"id": "CTR-04257", "elevation_m": 65.0}, "geometry": {"type": "LineString", "coordinates": [[121.40731579327792, 17.9925], [121.40785579327792, 17.9925]]}}, {"type": "Feature", "properties": {"id": "CTR-04258", "elevation_m": 65.0}, "geometry": {"type": "LineString", "coordinates": [[121.41100433874017, 17.9925], [121.41154433874017, 17.9925]]}}, {"type": "Feature", "properties": {"id": "CTR-04259", "elevation_m": 65.0}, "geometry": {"type": "LineString", "coordinates": [[121.40300357493187, 17.9916], [121.40354357493187, 17.9916]]}}, {"type": "Feature", "properties": {"id": "CTR-04260", "elevation_m": 65.0}, "geometry": {"type": "LineString", "coordinates": [[121.40594999364218, 17.9916], [121.40648999364218, 17.9916]]}}, {"type": "Feature", "properties": {"id": "CTR-04261", "elevation_m": 65.0}, "geometry": {"type": "LineString", "coordinates": [[121.41172104882749, 17.9916], [121.41226104882749, 17.9916]]}}, {"type": "Feature", "properties": {"id": "CTR-04262", "elevation_m": 65.0}, "geometry": {"type": "LineString", "coordinates": [[121.41217058955525, 17.990699999999997], [121.41271058955525, 17.990699999999997]]}}, {"type": "Feature", "properties": {"id": "CTR-04263", "elevation_m": 65.0}, "geometry": {"type": "LineString", "coordinates": [[121.4123470567116, 17.9898], [121.4128870567116, 17.9898]]}}, {"type": "Feature", "properties": {"id": "CTR-04264", "elevation_m": 65.0}, "geometry": {"type": "LineString", "coordinates": [[121.4123470567116, 17.988899999999997], [121.4128870567116, 17.988899999999997]]}}, {"type": "Feature", "properties": {"id": "CTR-04265", "elevation_m": 65.0}, "geometry": {"type": "LineString", "coordinates": [[121.41217058955525, 17.988], [121.41271058955525, 17.988]]}}, {"type": "Feature", "properties": {"id": "CTR-04266", "elevation_m": 65.0}, "geometry": {"type": "LineString", "coordinates": [[121.40303572479563, 17.987099999999998], [121.40357572479563, 17.987099999999998]]}}, {"type": "Feature", "properties": {"id": "CTR-04267", "elevation_m": 65.0}, "geometry": {"type": "LineString", "coordinates": [[121.40589998304581, 17.987099999999998], [121.40643998304581, 17.987099999999998]]}}, {"type": "Feature", "properties": {"id": "CTR-04268", "elevation_m": 65.0}, "geometry": {"type": "LineString", "coordinates": [[121.41176842010158, 17.987099999999998], [121.41230842010158, 17.987099999999998]]}}, {"type": "Feature", "properties": {"id": "CTR-04269", "elevation_m": 65.0}, "geometry": {"type": "LineString", "coordinates": [[121.40226427520436, 17.9862], [121.40280427520436, 17.9862]]}}, {"type": "Feature", "properties": {"id": "CTR-04270", "elevation_m": 65.0}, "geometry": {"type": "LineString", "coordinates": [[121.40703157324124, 17.9862], [121.40757157324124, 17.9862]]}}, {"type": "Feature", "properties": {"id": "CTR-04271", "elevation_m": 65.0}, "geometry": {"type": "LineString", "coordinates": [[121.4112, 17.9862], [121.41174, 17.9862]]}}, {"type": "Feature", "properties": {"id": "CTR-04272", "elevation_m": 65.0}, "geometry": {"type": "LineString", "coordinates": [[121.4112, 17.9862], [121.41174, 17.9862]]}}, {"type": "Feature", "properties": {"id": "CTR-04273", "elevation_m": 65.0}, "geometry": {"type": "LineString", "coordinates": [[121.40169767924628, 17.9853], [121.40223767924628, 17.9853]]}}, {"type": "Feature", "properties": {"id": "CTR-04274", "elevation_m": 65.0}, "geometry": {"type": "LineString", "coordinates": [[121.40849999999999, 17.9853], [121.40903999999999, 17.9853]]}}, {"type": "Feature", "properties": {"id": "CTR-04275", "elevation_m": 65.0}, "geometry": {"type": "LineString", "coordinates": [[121.40849999999999, 17.9853], [121.40903999999999, 17.9853]]}}, {"type": "Feature", "properties": {"id": "CTR-04276", "elevation_m": 65.0}, "geometry": {"type": "LineString", "coordinates": [[121.40996252145717, 17.9853], [121.41050252145718, 17.9853]]}}, {"type": "Feature", "properties": {"id": "CTR-04277", "elevation_m": 65.0}, "geometry": {"type": "LineString", "coordinates": [[121.40120357493187, 17.984399999999997], [121.40174357493187, 17.984399999999997]]}}, {"type": "Feature", "properties": {"id": "CTR-04278", "elevation_m": 65.0}, "geometry": {"type": "LineString", "coordinates": [[121.40087454431959, 17.9835], [121.40141454431959, 17.9835]]}}, {"type": "Feature", "properties": {"id": "CTR-04279", "elevation_m": 65.0}, "geometry": {"type": "LineString", "coordinates": [[121.4006781811372, 17.982599999999998], [121.4012181811372, 17.982599999999998]]}}, {"type": "Feature", "properties": {"id": "CTR-04280", "elevation_m": 65.0}, "geometry": {"type": "LineString", "coordinates": [[121.40062499999999, 17.9817], [121.40116499999999, 17.9817]]}}, {"type": "Feature", "properties": {"id": "CTR-04281", "elevation_m": 65.0}, "geometry": {"type": "LineString", "coordinates": [[121.40074363772558, 17.9808], [121.40128363772558, 17.9808]]}}, {"type": "Feature", "properties": {"id": "CTR-04282", "elevation_m": 65.0}, "geometry": {"type": "LineString", "coordinates": [[121.40102181886279, 17.979899999999997], [121.40156181886279, 17.979899999999997]]}}, {"type": "Feature", "properties": {"id": "CTR-04283", "elevation_m": 65.0}, "geometry": {"type": "LineString", "coordinates": [[121.40148836763662, 17.979], [121.40202836763662, 17.979]]}}, {"type": "Feature", "properties": {"id": "CTR-04284", "elevation_m": 65.0}, "geometry": {"type": "LineString", "coordinates": [[121.40215814659072, 17.978099999999998], [121.40269814659072, 17.978099999999998]]}}, {"type": "Feature", "properties": {"id": "CTR-04285", "elevation_m": 65.0}, "geometry": {"type": "LineString", "coordinates": [[121.4072210488275, 17.978099999999998], [121.4077610488275, 17.978099999999998]]}}, {"type": "Feature", "properties": {"id": "CTR-04286", "elevation_m": 65.0}, "geometry": {"type": "LineString", "coordinates": [[121.4110826112917, 17.978099999999998], [121.4116226112917, 17.978099999999998]]}}, {"type": "Feature", "properties": {"id": "CTR-04287", "elevation_m": 65.0}, "geometry": {"type": "LineString", "coordinates": [[121.40344616197183, 17.9772], [121.40398616197183, 17.9772]]}}, {"type": "Feature", "properties": {"id": "CTR-04288", "elevation_m": 65.0}, "geometry": {"type": "LineString", "coordinates": [[121.40535, 17.9772], [121.40589, 17.9772]]}}, {"type": "Feature", "properties": {"id": "CTR-04289", "elevation_m": 65.0}, "geometry": {"type": "LineString", "coordinates": [[121.41195789949204, 17.9772], [121.41249789949204, 17.9772]]}}, {"type": "Feature", "properties": {"id": "CTR-04290", "elevation_m": 65.0}, "geometry": {"type": "LineString", "coordinates": [[121.41260192053757, 17.9763], [121.41314192053757, 17.9763]]}}, {"type": "Feature", "properties": {"id": "CTR-04291", "elevation_m": 65.0}, "geometry": {"type": "LineString", "coordinates": [[121.41311803537033, 17.975399999999997], [121.41365803537033, 17.975399999999997]]}}, {"type": "Feature", "properties": {"id": "CTR-04292", "elevation_m": 65.0}, "geometry": {"type": "LineString", "coordinates": [[121.41345737298947, 17.9745], [121.41399737298947, 17.9745]]}}, {"type": "Feature", "properties": {"id": "CTR-04293", "elevation_m": 65.0}, "geometry": {"type": "LineString", "coordinates": [[121.41367868649473, 17.973599999999998], [121.41421868649473, 17.973599999999998]]}}, {"type": "Feature", "properties": {"id": "CTR-04294", "elevation_m": 65.0}, "geometry": {"type": "LineString", "coordinates": [[121.4137377041799, 17.9727], [121.4142777041799, 17.9727]]}}, {"type": "Feature", "properties": {"id": "CTR-04295", "elevation_m": 65.0}, "geometry": {"type": "LineString", "coordinates": [[121.41364918328038, 17.971799999999998], [121.41418918328039, 17.971799999999998]]}}, {"type": "Feature", "properties": {"id": "CTR-04296", "elevation_m": 65.0}, "geometry": {"type": "LineString", "coordinates": [[121.41342786977512, 17.9709], [121.41396786977512, 17.9709]]}}, {"type": "Feature", "properties": {"id": "CTR-04297", "elevation_m": 70.0}, "geometry": {"type": "LineString", "coordinates": [[121.36868906015306, 18.15], [121.36922906015306, 18.15]]}}, {"type": "Feature", "properties": {"id": "CTR-04298", "elevation_m": 70.0}, "geometry": {"type": "LineString", "coordinates": [[121.36832343867344, 18.149099999999997], [121.36886343867344, 18.149099999999997]]}}, {"type": "Feature", "properties": {"id": "CTR-04299", "elevation_m": 70.0}, "geometry": {"type": "LineString", "coordinates": [[121.3680562513411, 18.1482], [121.3685962513411, 18.1482]]}}, {"type": "Feature", "properties": {"id": "CTR-04300", "elevation_m": 70.0}, "geometry": {"type": "LineString", "coordinates": [[121.3679059703022, 18.147299999999998], [121.3684459703022, 18.147299999999998]]}}, {"type": "Feature", "properties": {"id": "CTR-04301", "elevation_m": 70.0}, "geometry": {"type": "LineString", "coordinates": [[121.3679059703022, 18.1464], [121.3684459703022, 18.1464]]}}, {"type": "Feature", "properties": {"id": "CTR-04302", "elevation_m": 70.0}, "geometry": {"type": "LineString", "coordinates": [[121.3680562513411, 18.1455], [121.3685962513411, 18.1455]]}}, {"type": "Feature", "properties": {"id": "CTR-04303", "elevation_m": 70.0}, "geometry": {"type": "LineString", "coordinates": [[121.36832343867344, 18.144599999999997], [121.36886343867344, 18.144599999999997]]}}, {"type": "Feature", "properties": {"id": "CTR-04304", "elevation_m": 70.0}, "geometry": {"type": "LineString", "coordinates": [[121.36870312567055, 18.1437], [121.36924312567055, 18.1437]]}}, {"type": "Feature", "properties": {"id": "CTR-04305", "elevation_m": 70.0}, "geometry": {"type": "LineString", "coordinates": [[121.3691571463604, 18.142799999999998], [121.3696971463604, 18.142799999999998]]}}, {"type": "Feature", "properties": {"id": "CTR-04306", "elevation_m": 70.0}, "geometry": {"type": "LineString", "coordinates": [[121.3696421075879, 18.1419], [121.3701821075879, 18.1419]]}}, {"type": "Feature", "properties": {"id": "CTR-04307", "elevation_m": 70.0}, "geometry": {"type": "LineString", "coordinates": [[121.37016818039949, 18.141], [121.37070818039949, 18.141]]}}, {"type": "Feature", "properties": {"id": "CTR-04308", "elevation_m": 70.0}, "geometry": {"type": "LineString", "coordinates": [[121.370597721598, 18.1401], [121.371137721598, 18.1401]]}}, {"type": "Feature", "properties": {"id": "CTR-04309", "elevation_m": 70.0}, "geometry": {"type": "LineString", "coordinates": [[121.37621248390634, 18.1401], [121.37675248390634, 18.1401]]}}, {"type": "Feature", "properties": {"id": "CTR-04310", "elevation_m": 70.0}, "geometry": {"type": "LineString", "coordinates": [[121.379331822438, 18.1401], [121.379871822438, 18.1401]]}}, {"type": "Feature", "properties": {"id": "CTR-04311", "elevation_m": 70.0}, "geometry": {"type": "LineString", "coordinates": [[121.37094000305171, 18.1392], [121.37148000305172, 18.1392]]}}, {"type": "Feature", "properties": {"id": "CTR-04312", "elevation_m": 70.0}, "geometry": {"type": "LineString", "coordinates": [[121.3755789511725, 18.1392], [121.3761189511725, 18.1392]]}}, {"type": "Feature", "properties": {"id": "CTR-04313", "elevation_m": 70.0}, "geometry": {"type": "LineString", "coordinates": [[121.37979729880198, 18.1392], [121.38033729880198, 18.1392]]}}, {"type": "Feature", "properties": {"id": "CTR-04314", "elevation_m": 70.0}, "geometry": {"type": "LineString", "coordinates": [[121.371, 18.138299999999997], [121.37154, 18.138299999999997]]}}, {"type": "Feature", "properties": {"id": "CTR-04315", "elevation_m": 70.0}, "geometry": {"type": "LineString", "coordinates": [[121.3754368535175, 18.138299999999997], [121.3759768535175, 18.138299999999997]]}}, {"type": "Feature", "properties": {"id": "CTR-04316", "elevation_m": 70.0}, "geometry": {"type": "LineString", "coordinates": [[121.37984594193335, 18.138299999999997], [121.38038594193335, 18.138299999999997]]}}, {"type": "Feature", "properties": {"id": "CTR-04317", "elevation_m": 70.0}, "geometry": {"type": "LineString", "coordinates": [[121.37076205998422, 18.1374], [121.37130205998422, 18.1374]]}}, {"type": "Feature", "properties": {"id": "CTR-04318", "elevation_m": 70.0}, "geometry": {"type": "LineString", "coordinates": [[121.37581579327791, 18.1374], [121.37635579327791, 18.1374]]}}, {"type": "Feature", "properties": {"id": "CTR-04319", "elevation_m": 70.0}, "geometry": {"type": "LineString", "coordinates": [[121.37961819316801, 18.1374], [121.38015819316801, 18.1374]]}}, {"type": "Feature", "properties": {"id": "CTR-04320", "elevation_m": 70.0}, "geometry": {"type": "LineString", "coordinates": [[121.37039999999999, 18.136499999999998], [121.37093999999999, 18.136499999999998]]}}, {"type": "Feature", "properties": {"id": "CTR-04321", "elevation_m": 70.0}, "geometry": {"type": "LineString", "coordinates": [[121.37675999694827, 18.136499999999998], [121.37729999694827, 18.136499999999998]]}}, {"type": "Feature", "properties": {"id": "CTR-04322", "elevation_m": 70.0}, "geometry": {"type": "LineString", "coordinates": [[121.378922721598, 18.136499999999998], [121.379462721598, 18.136499999999998]]}}, {"type": "Feature", "properties": {"id": "CTR-04323", "elevation_m": 70.0}, "geometry": {"type": "LineString", "coordinates": [[121.369902278402, 18.1356], [121.370442278402, 18.1356]]}}, {"type": "Feature", "properties": {"id": "CTR-04324", "elevation_m": 70.0}, "geometry": {"type": "LineString", "coordinates": [[121.36942105580168, 18.1347], [121.36996105580168, 18.1347]]}}, {"type": "Feature", "properties": {"id": "CTR-04325", "elevation_m": 70.0}, "geometry": {"type": "LineString", "coordinates": [[121.36893213760217, 18.133799999999997], [121.36947213760217, 18.133799999999997]]}}, {"type": "Feature", "properties": {"id": "CTR-04326", "elevation_m": 70.0}, "geometry": {"type": "LineString", "coordinates": [[121.36854843716472, 18.1329], [121.36908843716472, 18.1329]]}}, {"type": "Feature", "properties": {"id": "CTR-04327", "elevation_m": 70.0}, "geometry": {"type": "LineString", "coordinates": [[121.36823906015306, 18.131999999999998], [121.36877906015306, 18.131999999999998]]}}, {"type": "Feature", "properties": {"id": "CTR-04328", "elevation_m": 70.0}, "geometry": {"type": "LineString", "coordinates": [[121.3680562513411, 18.1311], [121.3685962513411, 18.1311]]}}, {"type": "Feature", "properties": {"id": "CTR-04329", "elevation_m": 70.0}, "geometry": {"type": "LineString", "coordinates": [[121.368, 18.1302], [121.36854, 18.1302]]}}, {"type": "Feature", "properties": {"id": "CTR-04330", "elevation_m": 70.0}, "geometry": {"type": "LineString", "coordinates": [[121.368, 18.1302], [121.36854, 18.1302]]}}, {"type": "Feature", "properties": {"id": "CTR-04331", "elevation_m": 70.0}, "geometry": {"type": "LineString", "coordinates": [[121.36809843716472, 18.129299999999997], [121.36863843716472, 18.129299999999997]]}}, {"type": "Feature", "properties": {"id": "CTR-04332", "elevation_m": 70.0}, "geometry": {"type": "LineString", "coordinates": [[121.36833749731778, 18.1284], [121.36887749731778, 18.1284]]}}, {"type": "Feature", "properties": {"id": "CTR-04333", "elevation_m": 70.0}, "geometry": {"type": "LineString", "coordinates": [[121.36867499731781, 18.127499999999998], [121.36921499731781, 18.127499999999998]]}}, {"type": "Feature", "properties": {"id": "CTR-04334", "elevation_m": 70.0}, "geometry": {"type": "LineString", "coordinates": [[121.369125, 18.1266], [121.369665, 18.1266]]}}, {"type": "Feature", "properties": {"id": "CTR-04335", "elevation_m": 70.0}, "geometry": {"type": "LineString", "coordinates": [[121.36962321253405, 18.1257], [121.37016321253405, 18.1257]]}}, {"type": "Feature", "properties": {"id": "CTR-04336", "elevation_m": 70.0}, "geometry": {"type": "LineString", "coordinates": [[121.37016818039949, 18.124799999999997], [121.37070818039949, 18.124799999999997]]}}, {"type": "Feature", "properties": {"id": "CTR-04337", "elevation_m": 70.0}, "geometry": {"type": "LineString", "coordinates": [[121.37066000644263, 18.1239], [121.37120000644263, 18.1239]]}}, {"type": "Feature", "properties": {"id": "CTR-04338", "elevation_m": 70.0}, "geometry": {"type": "LineString", "coordinates": [[121.37605262206874, 18.1239], [121.37659262206874, 18.1239]]}}, {"type": "Feature", "properties": {"id": "CTR-04339", "elevation_m": 70.0}, "geometry": {"type": "LineString", "coordinates": [[121.37941363920099, 18.1239], [121.37995363920099, 18.1239]]}}, {"type": "Feature", "properties": {"id": "CTR-04340", "elevation_m": 70.0}, "geometry": {"type": "LineString", "coordinates": [[121.37115, 18.122999999999998], [121.37169, 18.122999999999998]]}}, {"type": "Feature", "properties": {"id": "CTR-04341", "elevation_m": 70.0}, "geometry": {"type": "LineString", "coordinates": [[121.37524737793125, 18.122999999999998], [121.37578737793125, 18.122999999999998]]}}, {"type": "Feature", "properties": {"id": "CTR-04342", "elevation_m": 70.0}, "geometry": {"type": "LineString", "coordinates": [[121.37994324274166, 18.122999999999998], [121.38048324274166, 18.122999999999998]]}}, {"type": "Feature", "properties": {"id": "CTR-04343", "elevation_m": 70.0}, "geometry": {"type": "LineString", "coordinates": [[121.37135999694827, 18.1221], [121.37189999694827, 18.1221]]}}, {"type": "Feature", "properties": {"id": "CTR-04344", "elevation_m": 70.0}, "geometry": {"type": "LineString", "coordinates": [[121.37493528699008, 18.1221], [121.37547528699008, 18.1221]]}}, {"type": "Feature", "properties": {"id": "CTR-04345", "elevation_m": 70.0}, "geometry": {"type": "LineString", "coordinates": [[121.38008919520794, 18.1221], [121.38062919520794, 18.1221]]}}, {"type": "Feature", "properties": {"id": "CTR-04346", "elevation_m": 70.0}, "geometry": {"type": "LineString", "coordinates": [[121.3712399954224, 18.121199999999998], [121.3717799954224, 18.121199999999998]]}}, {"type": "Feature", "properties": {"id": "CTR-04347", "elevation_m": 70.0}, "geometry": {"type": "LineString", "coordinates": [[121.37510001695418, 18.121199999999998], [121.37564001695418, 18.121199999999998]]}}, {"type": "Feature", "properties": {"id": "CTR-04348", "elevation_m": 70.0}, "geometry": {"type": "LineString", "coordinates": [[121.38001621370834, 18.121199999999998], [121.38055621370835, 18.121199999999998]]}}, {"type": "Feature", "properties": {"id": "CTR-04349", "elevation_m": 70.0}, "geometry": {"type": "LineString", "coordinates": [[121.37085000762931, 18.1203], [121.37139000762932, 18.1203]]}}, {"type": "Feature", "properties": {"id": "CTR-04350", "elevation_m": 70.0}, "geometry": {"type": "LineString", "coordinates": [[121.37576842675875, 18.1203], [121.37630842675875, 18.1203]]}}, {"type": "Feature", "properties": {"id": "CTR-04351", "elevation_m": 70.0}, "geometry": {"type": "LineString", "coordinates": [[121.379659082397, 18.1203], [121.380199082397, 18.1203]]}}, {"type": "Feature", "properties": {"id": "CTR-04352", "elevation_m": 70.0}, "geometry": {"type": "LineString", "coordinates": [[121.37035227237259, 18.1194], [121.37089227237259, 18.1194]]}}, {"type": "Feature", "properties": {"id": "CTR-04353", "elevation_m": 70.0}, "geometry": {"type": "LineString", "coordinates": [[121.377, 18.1194], [121.37754, 18.1194]]}}, {"type": "Feature", "properties": {"id": "CTR-04354", "elevation_m": 70.0}, "geometry": {"type": "LineString", "coordinates": [[121.377, 18.1194], [121.37754, 18.1194]]}}, {"type": "Feature", "properties": {"id": "CTR-04355", "elevation_m": 70.0}, "geometry": {"type": "LineString", "coordinates": [[121.37867140054496, 18.1194], [121.37921140054496, 18.1194]]}}, {"type": "Feature", "properties": {"id": "CTR-04356", "elevation_m": 70.0}, "geometry": {"type": "LineString", "coordinates": [[121.3698, 18.118499999999997], [121.37034, 18.118499999999997]]}}, {"type": "Feature", "properties": {"id": "CTR-04357", "elevation_m": 70.0}, "geometry": {"type": "LineString", "coordinates": [[121.3698, 18.118499999999997], [121.37034, 18.118499999999997]]}}, {"type": "Feature", "properties": {"id": "CTR-04358", "elevation_m": 70.0}, "geometry": {"type": "LineString", "coordinates": [[121.3693263107173, 18.1176], [121.3698663107173, 18.1176]]}}, {"type": "Feature", "properties": {"id": "CTR-04359", "elevation_m": 70.0}, "geometry": {"type": "LineString", "coordinates": [[121.36887231208037, 18.116699999999998], [121.36941231208037, 18.116699999999998]]}}, {"type": "Feature", "properties": {"id": "CTR-04360", "elevation_m": 70.0}, "geometry": {"type": "LineString", "coordinates": [[121.36853999788724, 18.1158], [121.36907999788724, 18.1158]]}}, {"type": "Feature", "properties": {"id": "CTR-04361", "elevation_m": 70.0}, "geometry": {"type": "LineString", "coordinates": [[121.36830937701166, 18.1149], [121.36884937701166, 18.1149]]}}, {"type": "Feature", "properties": {"id": "CTR-04362", "elevation_m": 70.0}, "geometry": {"type": "LineString", "coordinates": [[121.36821093984693, 18.113999999999997], [121.36875093984693, 18.113999999999997]]}}, {"type": "Feature", "properties": {"id": "CTR-04363", "elevation_m": 70.0}, "geometry": {"type": "LineString", "coordinates": [[121.36826719118804, 18.1131], [121.36880719118804, 18.1131]]}}, {"type": "Feature", "properties": {"id": "CTR-04364", "elevation_m": 70.0}, "geometry": {"type": "LineString", "coordinates": [[121.36845, 18.112199999999998], [121.36899, 18.112199999999998]]}}, {"type": "Feature", "properties": {"id": "CTR-04365", "elevation_m": 70.0}, "geometry": {"type": "LineString", "coordinates": [[121.36876154089933, 18.1113], [121.36930154089933, 18.1113]]}}, {"type": "Feature", "properties": {"id": "CTR-04366", "elevation_m": 70.0}, "geometry": {"type": "LineString", "coordinates": [[121.36920000401547, 18.1104], [121.36974000401547, 18.1104]]}}, {"type": "Feature", "properties": {"id": "CTR-04367", "elevation_m": 70.0}, "geometry": {"type": "LineString", "coordinates": [[121.36970357493188, 18.109499999999997], [121.37024357493188, 18.109499999999997]]}}, {"type": "Feature", "properties": {"id": "CTR-04368", "elevation_m": 70.0}, "geometry": {"type": "LineString", "coordinates": [[121.37030000339085, 18.1086], [121.37084000339085, 18.1086]]}}, {"type": "Feature", "properties": {"id": "CTR-04369", "elevation_m": 70.0}, "geometry": {"type": "LineString", "coordinates": [[121.37735997253166, 18.1086], [121.37789997253167, 18.1086]]}}, {"type": "Feature", "properties": {"id": "CTR-04370", "elevation_m": 70.0}, "geometry": {"type": "LineString", "coordinates": [[121.37828570027247, 18.1086], [121.37882570027247, 18.1086]]}}, {"type": "Feature", "properties": {"id": "CTR-04371", "elevation_m": 70.0}, "geometry": {"type": "LineString", "coordinates": [[121.37090999694827, 18.107699999999998], [121.37144999694827, 18.107699999999998]]}}, {"type": "Feature", "properties": {"id": "CTR-04372", "elevation_m": 70.0}, "geometry": {"type": "LineString", "coordinates": [[121.37562631008312, 18.107699999999998], [121.37616631008312, 18.107699999999998]]}}, {"type": "Feature", "properties": {"id": "CTR-04373", "elevation_m": 70.0}, "geometry": {"type": "LineString", "coordinates": [[121.37972432933995, 18.107699999999998], [121.38026432933995, 18.107699999999998]]}}, {"type": "Feature", "properties": {"id": "CTR-04374", "elevation_m": 70.0}, "geometry": {"type": "LineString", "coordinates": [[121.37154000915541, 18.1068], [121.37208000915541, 18.1068]]}}, {"type": "Feature", "properties": {"id": "CTR-04375", "elevation_m": 70.0}, "geometry": {"type": "LineString", "coordinates": [[121.37464999788072, 18.1068], [121.37518999788072, 18.1068]]}}, {"type": "Feature", "properties": {"id": "CTR-04376", "elevation_m": 70.0}, "geometry": {"type": "LineString", "coordinates": [[121.3802210488275, 18.1068], [121.3807610488275, 18.1068]]}}, {"type": "Feature", "properties": {"id": "CTR-04377", "elevation_m": 70.0}, "geometry": {"type": "LineString", "coordinates": [[121.37213999999999, 18.1059], [121.37267999999999, 18.1059]]}}, {"type": "Feature", "properties": {"id": "CTR-04378", "elevation_m": 70.0}, "geometry": {"type": "LineString", "coordinates": [[121.37393998626688, 18.1059], [121.37447998626688, 18.1059]]}}, {"type": "Feature", "properties": {"id": "CTR-04379", "elevation_m": 70.0}, "geometry": {"type": "LineString", "coordinates": [[121.38047837185805, 18.1059], [121.38101837185805, 18.1059]]}}, {"type": "Feature", "properties": {"id": "CTR-04380", "elevation_m": 70.0}, "geometry": {"type": "LineString", "coordinates": [[121.37217855040872, 18.104999999999997], [121.37271855040872, 18.104999999999997]]}}, {"type": "Feature", "properties": {"id": "CTR-04381", "elevation_m": 70.0}, "geometry": {"type": "LineString", "coordinates": [[121.373890886392, 18.104999999999997], [121.374430886392, 18.104999999999997]]}}, {"type": "Feature", "properties": {"id": "CTR-04382", "elevation_m": 70.0}, "geometry": {"type": "LineString", "coordinates": [[121.38050270119801, 18.104999999999997], [121.38104270119801, 18.104999999999997]]}}, {"type": "Feature", "properties": {"id": "CTR-04383", "elevation_m": 70.0}, "geometry": {"type": "LineString", "coordinates": [[121.3716, 18.1041], [121.37214, 18.1041]]}}, {"type": "Feature", "properties": {"id": "CTR-04384", "elevation_m": 70.0}, "geometry": {"type": "LineString", "coordinates": [[121.3716, 18.1041], [121.37214, 18.1041]]}}, {"type": "Feature", "properties": {"id": "CTR-04385", "elevation_m": 70.0}, "geometry": {"type": "LineString", "coordinates": [[121.37455001483491, 18.1041], [121.37509001483491, 18.1041]]}}, {"type": "Feature", "properties": {"id": "CTR-04386", "elevation_m": 70.0}, "geometry": {"type": "LineString", "coordinates": [[121.38026842010159, 18.1041], [121.38080842010159, 18.1041]]}}, {"type": "Feature", "properties": {"id": "CTR-04387", "elevation_m": 70.0}, "geometry": {"type": "LineString", "coordinates": [[121.37102999847413, 18.103199999999998], [121.37156999847413, 18.103199999999998]]}}, {"type": "Feature", "properties": {"id": "CTR-04388", "elevation_m": 70.0}, "geometry": {"type": "LineString", "coordinates": [[121.37548420672208, 18.103199999999998], [121.37602420672208, 18.103199999999998]]}}, {"type": "Feature", "properties": {"id": "CTR-04389", "elevation_m": 70.0}, "geometry": {"type": "LineString", "coordinates": [[121.37982162814194, 18.103199999999998], [121.38036162814194, 18.103199999999998]]}}, {"type": "Feature", "properties": {"id": "CTR-04390", "elevation_m": 70.0}, "geometry": {"type": "LineString", "coordinates": [[121.37041999932183, 18.1023], [121.37095999932183, 18.1023]]}}, {"type": "Feature", "properties": {"id": "CTR-04391", "elevation_m": 70.0}, "geometry": {"type": "LineString", "coordinates": [[121.37682000915517, 18.1023], [121.37736000915517, 18.1023]]}}, {"type": "Feature", "properties": {"id": "CTR-04392", "elevation_m": 70.0}, "geometry": {"type": "LineString", "coordinates": [[121.37888180683197, 18.1023], [121.37942180683197, 18.1023]]}}, {"type": "Feature", "properties": {"id": "CTR-04393", "elevation_m": 70.0}, "geometry": {"type": "LineString", "coordinates": [[121.36983999355735, 18.101399999999998], [121.37037999355735, 18.101399999999998]]}}, {"type": "Feature", "properties": {"id": "CTR-04394", "elevation_m": 70.0}, "geometry": {"type": "LineString", "coordinates": [[121.36936607493188, 18.1005], [121.36990607493188, 18.1005]]}}, {"type": "Feature", "properties": {"id": "CTR-04395", "elevation_m": 70.0}, "geometry": {"type": "LineString", "coordinates": [[121.36896315937412, 18.0996], [121.36950315937412, 18.0996]]}}, {"type": "Feature", "properties": {"id": "CTR-04396", "elevation_m": 70.0}, "geometry": {"type": "LineString", "coordinates": [[121.36868906015306, 18.098699999999997], [121.36922906015306, 18.098699999999997]]}}, {"type": "Feature", "properties": {"id": "CTR-04397", "elevation_m": 70.0}, "geometry": {"type": "LineString", "coordinates": [[121.36853999788724, 18.0978], [121.36907999788724, 18.0978]]}}, {"type": "Feature", "properties": {"id": "CTR-04398", "elevation_m": 70.0}, "geometry": {"type": "LineString", "coordinates": [[121.36853999788724, 18.096899999999998], [121.36907999788724, 18.096899999999998]]}}, {"type": "Feature", "properties": {"id": "CTR-04399", "elevation_m": 70.0}, "geometry": {"type": "LineString", "coordinates": [[121.36868906015306, 18.096], [121.36922906015306, 18.096]]}}, {"type": "Feature", "properties": {"id": "CTR-04400", "elevation_m": 70.0}, "geometry": {"type": "LineString", "coordinates": [[121.36896428746593, 18.0951], [121.36950428746593, 18.0951]]}}, {"type": "Feature", "properties": {"id": "CTR-04401", "elevation_m": 70.0}, "geometry": {"type": "LineString", "coordinates": [[121.36939821253405, 18.094199999999997], [121.36993821253405, 18.094199999999997]]}}, {"type": "Feature", "properties": {"id": "CTR-04402", "elevation_m": 70.0}, "geometry": {"type": "LineString", "coordinates": [[121.36991999593096, 18.0933], [121.37045999593096, 18.0933]]}}, {"type": "Feature", "properties": {"id": "CTR-04403", "elevation_m": 70.0}, "geometry": {"type": "LineString", "coordinates": [[121.37055999966091, 18.092399999999998], [121.37109999966091, 18.092399999999998]]}}, {"type": "Feature", "properties": {"id": "CTR-04404", "elevation_m": 70.0}, "geometry": {"type": "LineString", "coordinates": [[121.37640001525862, 18.092399999999998], [121.37694001525863, 18.092399999999998]]}}, {"type": "Feature", "properties": {"id": "CTR-04405", "elevation_m": 70.0}, "geometry": {"type": "LineString", "coordinates": [[121.37916817756198, 18.092399999999998], [121.37970817756198, 18.092399999999998]]}}, {"type": "Feature", "properties": {"id": "CTR-04406", "elevation_m": 70.0}, "geometry": {"type": "LineString", "coordinates": [[121.37139000305172, 18.0915], [121.37193000305172, 18.0915]]}}, {"type": "Feature", "properties": {"id": "CTR-04407", "elevation_m": 70.0}, "geometry": {"type": "LineString", "coordinates": [[121.37490001271563, 18.0915], [121.37544001271563, 18.0915]]}}, {"type": "Feature", "properties": {"id": "CTR-04408", "elevation_m": 70.0}, "geometry": {"type": "LineString", "coordinates": [[121.38008919520794, 18.0915], [121.38062919520794, 18.0915]]}}, {"type": "Feature", "properties": {"id": "CTR-04409", "elevation_m": 70.0}, "geometry": {"type": "LineString", "coordinates": [[121.38063528857373, 18.0906], [121.38117528857373, 18.0906]]}}, {"type": "Feature", "properties": {"id": "CTR-04410", "elevation_m": 70.0}, "geometry": {"type": "LineString", "coordinates": [[121.3809, 18.089699999999997], [121.38144, 18.089699999999997]]}}, {"type": "Feature", "properties": {"id": "CTR-04411", "elevation_m": 70.0}, "geometry": {"type": "LineString", "coordinates": [[121.3809882358221, 18.0888], [121.3815282358221, 18.0888]]}}, {"type": "Feature", "properties": {"id": "CTR-04412", "elevation_m": 70.0}, "geometry": {"type": "LineString", "coordinates": [[121.3809, 18.087899999999998], [121.38144, 18.087899999999998]]}}, {"type": "Feature", "properties": {"id": "CTR-04413", "elevation_m": 70.0}, "geometry": {"type": "LineString", "coordinates": [[121.38063528857373, 18.087], [121.38117528857373, 18.087]]}}, {"type": "Feature", "properties": {"id": "CTR-04414", "elevation_m": 70.0}, "geometry": {"type": "LineString", "coordinates": [[121.37139000305172, 18.0861], [121.37193000305172, 18.0861]]}}, {"type": "Feature", "properties": {"id": "CTR-04415", "elevation_m": 70.0}, "geometry": {"type": "LineString", "coordinates": [[121.37488236244502, 18.0861], [121.37542236244502, 18.0861]]}}, {"type": "Feature", "properties": {"id": "CTR-04416", "elevation_m": 70.0}, "geometry": {"type": "LineString", "coordinates": [[121.38008919520794, 18.0861], [121.38062919520794, 18.0861]]}}, {"type": "Feature", "properties": {"id": "CTR-04417", "elevation_m": 70.0}, "geometry": {"type": "LineString", "coordinates": [[121.37061818039949, 18.085199999999997], [121.37115818039949, 18.085199999999997]]}}, {"type": "Feature", "properties": {"id": "CTR-04418", "elevation_m": 70.0}, "geometry": {"type": "LineString", "coordinates": [[121.37627999084481, 18.085199999999997], [121.37681999084481, 18.085199999999997]]}}, {"type": "Feature", "properties": {"id": "CTR-04419", "elevation_m": 70.0}, "geometry": {"type": "LineString", "coordinates": [[121.37925, 18.085199999999997], [121.37979, 18.085199999999997]]}}, {"type": "Feature", "properties": {"id": "CTR-04420", "elevation_m": 70.0}, "geometry": {"type": "LineString", "coordinates": [[121.370025, 18.0843], [121.370565, 18.0843]]}}, {"type": "Feature", "properties": {"id": "CTR-04421", "elevation_m": 70.0}, "geometry": {"type": "LineString", "coordinates": [[121.36955892835248, 18.083399999999997], [121.37009892835248, 18.083399999999997]]}}, {"type": "Feature", "properties": {"id": "CTR-04422", "elevation_m": 70.0}, "geometry": {"type": "LineString", "coordinates": [[121.36921578482418, 18.0825], [121.36975578482418, 18.0825]]}}, {"type": "Feature", "properties": {"id": "CTR-04423", "elevation_m": 70.0}, "geometry": {"type": "LineString", "coordinates": [[121.3690105258931, 18.081599999999998], [121.3695505258931, 18.081599999999998]]}}, {"type": "Feature", "properties": {"id": "CTR-04424", "elevation_m": 70.0}, "geometry": {"type": "LineString", "coordinates": [[121.36894736651898, 18.0807], [121.36948736651898, 18.0807]]}}, {"type": "Feature", "properties": {"id": "CTR-04425", "elevation_m": 70.0}, "geometry": {"type": "LineString", "coordinates": [[121.36905789241209, 18.0798], [121.36959789241209, 18.0798]]}}, {"type": "Feature", "properties": {"id": "CTR-04426", "elevation_m": 70.0}, "geometry": {"type": "LineString", "coordinates": [[121.3693263107173, 18.078899999999997], [121.3698663107173, 18.078899999999997]]}}, {"type": "Feature", "properties": {"id": "CTR-04427", "elevation_m": 70.0}, "geometry": {"type": "LineString", "coordinates": [[121.36972104777074, 18.078], [121.37026104777074, 18.078]]}}, {"type": "Feature", "properties": {"id": "CTR-04428", "elevation_m": 70.0}, "geometry": {"type": "LineString", "coordinates": [[121.37031999898275, 18.077099999999998], [121.37085999898275, 18.077099999999998]]}}, {"type": "Feature", "properties": {"id": "CTR-04429", "elevation_m": 70.0}, "geometry": {"type": "LineString", "coordinates": [[121.37745, 18.077099999999998], [121.37799, 18.077099999999998]]}}, {"type": "Feature", "properties": {"id": "CTR-04430", "elevation_m": 70.0}, "geometry": {"type": "LineString", "coordinates": [[121.37828570027247, 18.077099999999998], [121.37882570027247, 18.077099999999998]]}}, {"type": "Feature", "properties": {"id": "CTR-04431", "elevation_m": 70.0}, "geometry": {"type": "LineString", "coordinates": [[121.37108999771114, 18.0762], [121.37162999771114, 18.0762]]}}, {"type": "Feature", "properties": {"id": "CTR-04432", "elevation_m": 70.0}, "geometry": {"type": "LineString", "coordinates": [[121.37538947558625, 18.0762], [121.37592947558625, 18.0762]]}}, {"type": "Feature", "properties": {"id": "CTR-04433", "elevation_m": 70.0}, "geometry": {"type": "LineString", "coordinates": [[121.37986578994919, 18.0762], [121.3804057899492, 18.0762]]}}, {"type": "Feature", "properties": {"id": "CTR-04434", "elevation_m": 70.0}, "geometry": {"type": "LineString", "coordinates": [[121.37249999999999, 18.0753], [121.37303999999999, 18.0753]]}}, {"type": "Feature", "properties": {"id": "CTR-04435", "elevation_m": 70.0}, "geometry": {"type": "LineString", "coordinates": [[121.37249999999999, 18.0753], [121.37303999999999, 18.0753]]}}, {"type": "Feature", "properties": {"id": "CTR-04436", "elevation_m": 70.0}, "geometry": {"type": "LineString", "coordinates": [[121.373481835206, 18.0753], [121.374021835206, 18.0753]]}}, {"type": "Feature", "properties": {"id": "CTR-04437", "elevation_m": 70.0}, "geometry": {"type": "LineString", "coordinates": [[121.3806, 18.0753], [121.38114, 18.0753]]}}, {"type": "Feature", "properties": {"id": "CTR-04438", "elevation_m": 70.0}, "geometry": {"type": "LineString", "coordinates": [[121.3806, 18.0753], [121.38114, 18.0753]]}}, {"type": "Feature", "properties": {"id": "CTR-04439", "elevation_m": 70.0}, "geometry": {"type": "LineString", "coordinates": [[121.38107646979624, 18.074399999999997], [121.38161646979624, 18.074399999999997]]}}, {"type": "Feature", "properties": {"id": "CTR-04440", "elevation_m": 70.0}, "geometry": {"type": "LineString", "coordinates": [[121.38140999450683, 18.0735], [121.38194999450683, 18.0735]]}}, {"type": "Feature", "properties": {"id": "CTR-04441", "elevation_m": 70.0}, "geometry": {"type": "LineString", "coordinates": [[121.38155901768516, 18.072599999999998], [121.38209901768516, 18.072599999999998]]}}, {"type": "Feature", "properties": {"id": "CTR-04442", "elevation_m": 70.0}, "geometry": {"type": "LineString", "coordinates": [[121.38154426044976, 18.0717], [121.38208426044976, 18.0717]]}}, {"type": "Feature", "properties": {"id": "CTR-04443", "elevation_m": 70.0}, "geometry": {"type": "LineString", "coordinates": [[121.3813559967041, 18.0708], [121.3818959967041, 18.0708]]}}, {"type": "Feature", "properties": {"id": "CTR-04444", "elevation_m": 70.0}, "geometry": {"type": "LineString", "coordinates": [[121.3810058865768, 18.069899999999997], [121.3815458865768, 18.069899999999997]]}}, {"type": "Feature", "properties": {"id": "CTR-04445", "elevation_m": 70.0}, "geometry": {"type": "LineString", "coordinates": [[121.37230714986376, 18.069], [121.37284714986376, 18.069]]}}, {"type": "Feature", "properties": {"id": "CTR-04446", "elevation_m": 70.0}, "geometry": {"type": "LineString", "coordinates": [[121.37372727840199, 18.069], [121.37426727840199, 18.069]]}}, {"type": "Feature", "properties": {"id": "CTR-04447", "elevation_m": 70.0}, "geometry": {"type": "LineString", "coordinates": [[121.38052702903332, 18.069], [121.38106702903332, 18.069]]}}, {"type": "Feature", "properties": {"id": "CTR-04448", "elevation_m": 70.0}, "geometry": {"type": "LineString", "coordinates": [[121.37108999771114, 18.068099999999998], [121.37162999771114, 18.068099999999998]]}}, {"type": "Feature", "properties": {"id": "CTR-04449", "elevation_m": 70.0}, "geometry": {"type": "LineString", "coordinates": [[121.37538947558625, 18.068099999999998], [121.37592947558625, 18.068099999999998]]}}, {"type": "Feature", "properties": {"id": "CTR-04450", "elevation_m": 70.0}, "geometry": {"type": "LineString", "coordinates": [[121.37984594193335, 18.068099999999998], [121.38038594193335, 18.068099999999998]]}}, {"type": "Feature", "properties": {"id": "CTR-04451", "elevation_m": 70.0}, "geometry": {"type": "LineString", "coordinates": [[121.37041363920099, 18.0672], [121.37095363920099, 18.0672]]}}, {"type": "Feature", "properties": {"id": "CTR-04452", "elevation_m": 70.0}, "geometry": {"type": "LineString", "coordinates": [[121.3768800152594, 18.0672], [121.3774200152594, 18.0672]]}}, {"type": "Feature", "properties": {"id": "CTR-04453", "elevation_m": 70.0}, "geometry": {"type": "LineString", "coordinates": [[121.37884091760299, 18.0672], [121.37938091760299, 18.0672]]}}, {"type": "Feature", "properties": {"id": "CTR-04454", "elevation_m": 70.0}, "geometry": {"type": "LineString", "coordinates": [[121.36994000033908, 18.0663], [121.37048000033909, 18.0663]]}}, {"type": "Feature", "properties": {"id": "CTR-04455", "elevation_m": 70.0}, "geometry": {"type": "LineString", "coordinates": [[121.36965536239781, 18.0654], [121.37019536239781, 18.0654]]}}, {"type": "Feature", "properties": {"id": "CTR-04456", "elevation_m": 70.0}, "geometry": {"type": "LineString", "coordinates": [[121.369547365885, 18.0645], [121.370087365885, 18.0645]]}}, {"type": "Feature", "properties": {"id": "CTR-04457", "elevation_m": 70.0}, "geometry": {"type": "LineString", "coordinates": [[121.36959474106891, 18.063599999999997], [121.37013474106891, 18.063599999999997]]}}, {"type": "Feature", "properties": {"id": "CTR-04458", "elevation_m": 70.0}, "geometry": {"type": "LineString", "coordinates": [[121.3698204588015, 18.0627], [121.3703604588015, 18.0627]]}}, {"type": "Feature", "properties": {"id": "CTR-04459", "elevation_m": 70.0}, "geometry": {"type": "LineString", "coordinates": [[121.37027999898274, 18.061799999999998], [121.37081999898274, 18.061799999999998]]}}, {"type": "Feature", "properties": {"id": "CTR-04460", "elevation_m": 70.0}, "geometry": {"type": "LineString", "coordinates": [[121.37771997253586, 18.061799999999998], [121.37825997253586, 18.061799999999998]]}}, {"type": "Feature", "properties": {"id": "CTR-04461", "elevation_m": 70.0}, "geometry": {"type": "LineString", "coordinates": [[121.37802859945504, 18.061799999999998], [121.37856859945504, 18.061799999999998]]}}, {"type": "Feature", "properties": {"id": "CTR-04462", "elevation_m": 70.0}, "geometry": {"type": "LineString", "coordinates": [[121.37094000305171, 18.0609], [121.37148000305172, 18.0609]]}}, {"type": "Feature", "properties": {"id": "CTR-04463", "elevation_m": 70.0}, "geometry": {"type": "LineString", "coordinates": [[121.37562631008312, 18.0609], [121.37616631008312, 18.0609]]}}, {"type": "Feature", "properties": {"id": "CTR-04464", "elevation_m": 70.0}, "geometry": {"type": "LineString", "coordinates": [[121.37972432933995, 18.0609], [121.38026432933995, 18.0609]]}}, {"type": "Feature", "properties": {"id": "CTR-04465", "elevation_m": 70.0}, "geometry": {"type": "LineString", "coordinates": [[121.37225999694827, 18.06], [121.37279999694827, 18.06]]}}, {"type": "Feature", "properties": {"id": "CTR-04466", "elevation_m": 70.0}, "geometry": {"type": "LineString", "coordinates": [[121.37376001373312, 18.06], [121.37430001373312, 18.06]]}}, {"type": "Feature", "properties": {"id": "CTR-04467", "elevation_m": 70.0}, "geometry": {"type": "LineString", "coordinates": [[121.38052702903332, 18.06], [121.38106702903332, 18.06]]}}, {"type": "Feature", "properties": {"id": "CTR-04468", "elevation_m": 70.0}, "geometry": {"type": "LineString", "coordinates": [[121.38111176417789, 18.059099999999997], [121.38165176417789, 18.059099999999997]]}}, {"type": "Feature", "properties": {"id": "CTR-04469", "elevation_m": 70.0}, "geometry": {"type": "LineString", "coordinates": [[121.38160327813492, 18.0582], [121.38214327813492, 18.0582]]}}, {"type": "Feature", "properties": {"id": "CTR-04470", "elevation_m": 70.0}, "geometry": {"type": "LineString", "coordinates": [[121.38193500247955, 18.057299999999998], [121.38247500247955, 18.057299999999998]]}}, {"type": "Feature", "properties": {"id": "CTR-04471", "elevation_m": 70.0}, "geometry": {"type": "LineString", "coordinates": [[121.38213442604497, 18.0564], [121.38267442604497, 18.0564]]}}, {"type": "Feature", "properties": {"id": "CTR-04472", "elevation_m": 70.0}, "geometry": {"type": "LineString", "coordinates": [[121.38217868649473, 18.0555], [121.38271868649473, 18.0555]]}}, {"type": "Feature", "properties": {"id": "CTR-04473", "elevation_m": 70.0}, "geometry": {"type": "LineString", "coordinates": [[121.3820754083598, 18.054599999999997], [121.3826154083598, 18.054599999999997]]}}, {"type": "Feature", "properties": {"id": "CTR-04474", "elevation_m": 70.0}, "geometry": {"type": "LineString", "coordinates": [[121.3818393488756, 18.0537], [121.3823793488756, 18.0537]]}}, {"type": "Feature", "properties": {"id": "CTR-04475", "elevation_m": 70.0}, "geometry": {"type": "LineString", "coordinates": [[121.38148234924529, 18.052799999999998], [121.38202234924529, 18.052799999999998]]}}, {"type": "Feature", "properties": {"id": "CTR-04476", "elevation_m": 70.0}, "geometry": {"type": "LineString", "coordinates": [[121.3810058865768, 18.0519], [121.3815458865768, 18.0519]]}}, {"type": "Feature", "properties": {"id": "CTR-04477", "elevation_m": 70.0}, "geometry": {"type": "LineString", "coordinates": [[121.37217855040872, 18.051], [121.37271855040872, 18.051]]}}, {"type": "Feature", "properties": {"id": "CTR-04478", "elevation_m": 70.0}, "geometry": {"type": "LineString", "coordinates": [[121.373890886392, 18.051], [121.374430886392, 18.051]]}}, {"type": "Feature", "properties": {"id": "CTR-04479", "elevation_m": 70.0}, "geometry": {"type": "LineString", "coordinates": [[121.38047837185805, 18.051], [121.38101837185805, 18.051]]}}, {"type": "Feature", "properties": {"id": "CTR-04480", "elevation_m": 70.0}, "geometry": {"type": "LineString", "coordinates": [[121.37113548101297, 18.050099999999997], [121.37167548101297, 18.050099999999997]]}}, {"type": "Feature", "properties": {"id": "CTR-04481", "elevation_m": 70.0}, "geometry": {"type": "LineString", "coordinates": [[121.375342097655, 18.050099999999997], [121.375882097655, 18.050099999999997]]}}, {"type": "Feature", "properties": {"id": "CTR-04482", "elevation_m": 70.0}, "geometry": {"type": "LineString", "coordinates": [[121.37988947558624, 18.050099999999997], [121.38042947558624, 18.050099999999997]]}}, {"type": "Feature", "properties": {"id": "CTR-04483", "elevation_m": 70.0}, "geometry": {"type": "LineString", "coordinates": [[121.37061818039949, 18.0492], [121.37115818039949, 18.0492]]}}, {"type": "Feature", "properties": {"id": "CTR-04484", "elevation_m": 70.0}, "geometry": {"type": "LineString", "coordinates": [[121.37622855040871, 18.0492], [121.37676855040871, 18.0492]]}}, {"type": "Feature", "properties": {"id": "CTR-04485", "elevation_m": 70.0}, "geometry": {"type": "LineString", "coordinates": [[121.37925, 18.0492], [121.37979, 18.0492]]}}, {"type": "Feature", "properties": {"id": "CTR-04486", "elevation_m": 70.0}, "geometry": {"type": "LineString", "coordinates": [[121.37041363920099, 18.048299999999998], [121.37095363920099, 18.048299999999998]]}}, {"type": "Feature", "properties": {"id": "CTR-04487", "elevation_m": 70.0}, "geometry": {"type": "LineString", "coordinates": [[121.37687144959128, 18.048299999999998], [121.37741144959128, 18.048299999999998]]}}, {"type": "Feature", "properties": {"id": "CTR-04488", "elevation_m": 70.0}, "geometry": {"type": "LineString", "coordinates": [[121.37884091760299, 18.048299999999998], [121.37938091760299, 18.048299999999998]]}}, {"type": "Feature", "properties": {"id": "CTR-04489", "elevation_m": 70.0}, "geometry": {"type": "LineString", "coordinates": [[121.37041363920099, 18.0474], [121.37095363920099, 18.0474]]}}, {"type": "Feature", "properties": {"id": "CTR-04490", "elevation_m": 70.0}, "geometry": {"type": "LineString", "coordinates": [[121.37687144959128, 18.0474], [121.37741144959128, 18.0474]]}}, {"type": "Feature", "properties": {"id": "CTR-04491", "elevation_m": 70.0}, "geometry": {"type": "LineString", "coordinates": [[121.37884091760299, 18.0474], [121.37938091760299, 18.0474]]}}, {"type": "Feature", "properties": {"id": "CTR-04492", "elevation_m": 70.0}, "geometry": {"type": "LineString", "coordinates": [[121.37061999898275, 18.046499999999998], [121.37115999898275, 18.046499999999998]]}}, {"type": "Feature", "properties": {"id": "CTR-04493", "elevation_m": 70.0}, "geometry": {"type": "LineString", "coordinates": [[121.37621998474059, 18.046499999999998], [121.37675998474059, 18.046499999999998]]}}, {"type": "Feature", "properties": {"id": "CTR-04494", "elevation_m": 70.0}, "geometry": {"type": "LineString", "coordinates": [[121.37925, 18.046499999999998], [121.37979, 18.046499999999998]]}}, {"type": "Feature", "properties": {"id": "CTR-04495", "elevation_m": 70.0}, "geometry": {"type": "LineString", "coordinates": [[121.37118000610344, 18.0456], [121.37172000610344, 18.0456]]}}, {"type": "Feature", "properties": {"id": "CTR-04496", "elevation_m": 70.0}, "geometry": {"type": "LineString", "coordinates": [[121.37524737793125, 18.0456], [121.37578737793125, 18.0456]]}}, {"type": "Feature", "properties": {"id": "CTR-04497", "elevation_m": 70.0}, "geometry": {"type": "LineString", "coordinates": [[121.37991891290002, 18.0456], [121.38045891290002, 18.0456]]}}, {"type": "Feature", "properties": {"id": "CTR-04498", "elevation_m": 70.0}, "geometry": {"type": "LineString", "coordinates": [[121.37243998779309, 18.0447], [121.37297998779309, 18.0447]]}}, {"type": "Feature", "properties": {"id": "CTR-04499", "elevation_m": 70.0}, "geometry": {"type": "LineString", "coordinates": [[121.37349002059968, 18.0447], [121.37403002059968, 18.0447]]}}, {"type": "Feature", "properties": {"id": "CTR-04500", "elevation_m": 70.0}, "geometry": {"type": "LineString", "coordinates": [[121.3806, 18.0447], [121.38114, 18.0447]]}}, {"type": "Feature", "properties": {"id": "CTR-04501", "elevation_m": 70.0}, "geometry": {"type": "LineString", "coordinates": [[121.3806, 18.0447], [121.38114, 18.0447]]}}, {"type": "Feature", "properties": {"id": "CTR-04502", "elevation_m": 70.0}, "geometry": {"type": "LineString", "coordinates": [[121.38116470297844, 18.043799999999997], [121.38170470297844, 18.043799999999997]]}}, {"type": "Feature", "properties": {"id": "CTR-04503", "elevation_m": 70.0}, "geometry": {"type": "LineString", "coordinates": [[121.38170655626985, 18.0429], [121.38224655626985, 18.0429]]}}, {"type": "Feature", "properties": {"id": "CTR-04504", "elevation_m": 70.0}, "geometry": {"type": "LineString", "coordinates": [[121.38217499713896, 18.041999999999998], [121.38271499713896, 18.041999999999998]]}}, {"type": "Feature", "properties": {"id": "CTR-04505", "elevation_m": 70.0}, "geometry": {"type": "LineString", "coordinates": [[121.38253636237529, 18.0411], [121.38307636237529, 18.0411]]}}, {"type": "Feature", "properties": {"id": "CTR-04506", "elevation_m": 70.0}, "geometry": {"type": "LineString", "coordinates": [[121.38276817945368, 18.0402], [121.38330817945368, 18.0402]]}}, {"type": "Feature", "properties": {"id": "CTR-04507", "elevation_m": 70.0}, "geometry": {"type": "LineString", "coordinates": [[121.38287727351543, 18.039299999999997], [121.38341727351543, 18.039299999999997]]}}, {"type": "Feature", "properties": {"id": "CTR-04508", "elevation_m": 70.0}, "geometry": {"type": "LineString", "coordinates": [[121.38283636584322, 18.0384], [121.38337636584322, 18.0384]]}}, {"type": "Feature", "properties": {"id": "CTR-04509", "elevation_m": 70.0}, "geometry": {"type": "LineString", "coordinates": [[121.38265909280067, 18.037499999999998], [121.38319909280067, 18.037499999999998]]}}, {"type": "Feature", "properties": {"id": "CTR-04510", "elevation_m": 70.0}, "geometry": {"type": "LineString", "coordinates": [[121.38238524276458, 18.0366], [121.38292524276459, 18.0366]]}}, {"type": "Feature", "properties": {"id": "CTR-04511", "elevation_m": 70.0}, "geometry": {"type": "LineString", "coordinates": [[121.38200163971332, 18.0357], [121.38254163971332, 18.0357]]}}, {"type": "Feature", "properties": {"id": "CTR-04512", "elevation_m": 70.0}, "geometry": {"type": "LineString", "coordinates": [[121.38158999656676, 18.034799999999997], [121.38212999656676, 18.034799999999997]]}}, {"type": "Feature", "properties": {"id": "CTR-04513", "elevation_m": 70.0}, "geometry": {"type": "LineString", "coordinates": [[121.38115799560546, 18.0339], [121.38169799560546, 18.0339]]}}, {"type": "Feature", "properties": {"id": "CTR-04514", "elevation_m": 70.0}, "geometry": {"type": "LineString", "coordinates": [[121.38077999725341, 18.032999999999998], [121.38131999725341, 18.032999999999998]]}}, {"type": "Feature", "properties": {"id": "CTR-04515", "elevation_m": 70.0}, "geometry": {"type": "LineString", "coordinates": [[121.37230714986376, 18.0321], [121.37284714986376, 18.0321]]}}, {"type": "Feature", "properties": {"id": "CTR-04516", "elevation_m": 70.0}, "geometry": {"type": "LineString", "coordinates": [[121.37372727840199, 18.0321], [121.37426727840199, 18.0321]]}}, {"type": "Feature", "properties": {"id": "CTR-04517", "elevation_m": 70.0}, "geometry": {"type": "LineString", "coordinates": [[121.38052894974601, 18.0321], [121.38106894974601, 18.0321]]}}, {"type": "Feature", "properties": {"id": "CTR-04518", "elevation_m": 70.0}, "geometry": {"type": "LineString", "coordinates": [[121.37208000610345, 18.0312], [121.37262000610345, 18.0312]]}}, {"type": "Feature", "properties": {"id": "CTR-04519", "elevation_m": 70.0}, "geometry": {"type": "LineString", "coordinates": [[121.37403000686655, 18.0312], [121.37457000686655, 18.0312]]}}, {"type": "Feature", "properties": {"id": "CTR-04520", "elevation_m": 70.0}, "geometry": {"type": "LineString", "coordinates": [[121.38045405806663, 18.0312], [121.38099405806663, 18.0312]]}}, {"type": "Feature", "properties": {"id": "CTR-04521", "elevation_m": 70.0}, "geometry": {"type": "LineString", "coordinates": [[121.37249999999999, 18.030299999999997], [121.37303999999999, 18.030299999999997]]}}, {"type": "Feature", "properties": {"id": "CTR-04522", "elevation_m": 70.0}, "geometry": {"type": "LineString", "coordinates": [[121.37339999999999, 18.030299999999997], [121.37393999999999, 18.030299999999997]]}}, {"type": "Feature", "properties": {"id": "CTR-04523", "elevation_m": 70.0}, "geometry": {"type": "LineString", "coordinates": [[121.3806176507547, 18.030299999999997], [121.3811576507547, 18.030299999999997]]}}, {"type": "Feature", "properties": {"id": "CTR-04524", "elevation_m": 70.0}, "geometry": {"type": "LineString", "coordinates": [[121.38091764626684, 18.0294], [121.38145764626684, 18.0294]]}}, {"type": "Feature", "properties": {"id": "CTR-04525", "elevation_m": 70.0}, "geometry": {"type": "LineString", "coordinates": [[121.3813764716442, 18.028499999999998], [121.3819164716442, 18.028499999999998]]}}, {"type": "Feature", "properties": {"id": "CTR-04526", "elevation_m": 70.0}, "geometry": {"type": "LineString", "coordinates": [[121.38185409485453, 18.0276], [121.38239409485453, 18.0276]]}}, {"type": "Feature", "properties": {"id": "CTR-04527", "elevation_m": 70.0}, "geometry": {"type": "LineString", "coordinates": [[121.38235573955023, 18.026699999999998], [121.38289573955024, 18.026699999999998]]}}, {"type": "Feature", "properties": {"id": "CTR-04528", "elevation_m": 70.0}, "geometry": {"type": "LineString", "coordinates": [[121.38280909280066, 18.0258], [121.38334909280066, 18.0258]]}}, {"type": "Feature", "properties": {"id": "CTR-04529", "elevation_m": 70.0}, "geometry": {"type": "LineString", "coordinates": [[121.38319090719934, 18.0249], [121.38373090719934, 18.0249]]}}, {"type": "Feature", "properties": {"id": "CTR-04530", "elevation_m": 70.0}, "geometry": {"type": "LineString", "coordinates": [[121.3834772700475, 18.023999999999997], [121.38401727004751, 18.023999999999997]]}}, {"type": "Feature", "properties": {"id": "CTR-04531", "elevation_m": 70.0}, "geometry": {"type": "LineString", "coordinates": [[121.38364090719932, 18.0231], [121.38418090719932, 18.0231]]}}, {"type": "Feature", "properties": {"id": "CTR-04532", "elevation_m": 70.0}, "geometry": {"type": "LineString", "coordinates": [[121.38365454640032, 18.022199999999998], [121.38419454640032, 18.022199999999998]]}}, {"type": "Feature", "properties": {"id": "CTR-04533", "elevation_m": 70.0}, "geometry": {"type": "LineString", "coordinates": [[121.38354545359967, 18.0213], [121.38408545359967, 18.0213]]}}, {"type": "Feature", "properties": {"id": "CTR-04534", "elevation_m": 70.0}, "geometry": {"type": "LineString", "coordinates": [[121.38329999999999, 18.0204], [121.38383999999999, 18.0204]]}}, {"type": "Feature", "properties": {"id": "CTR-04535", "elevation_m": 70.0}, "geometry": {"type": "LineString", "coordinates": [[121.38329999999999, 18.0204], [121.38383999999999, 18.0204]]}}, {"type": "Feature", "properties": {"id": "CTR-04536", "elevation_m": 70.0}, "geometry": {"type": "LineString", "coordinates": [[121.3829776139288, 18.019499999999997], [121.3835176139288, 18.019499999999997]]}}, {"type": "Feature", "properties": {"id": "CTR-04537", "elevation_m": 70.0}, "geometry": {"type": "LineString", "coordinates": [[121.38261818560133, 18.0186], [121.38315818560133, 18.0186]]}}, {"type": "Feature", "properties": {"id": "CTR-04538", "elevation_m": 70.0}, "geometry": {"type": "LineString", "coordinates": [[121.3822377041799, 18.017699999999998], [121.3827777041799, 18.017699999999998]]}}, {"type": "Feature", "properties": {"id": "CTR-04539", "elevation_m": 70.0}, "geometry": {"type": "LineString", "coordinates": [[121.38190499599455, 18.0168], [121.38244499599455, 18.0168]]}}, {"type": "Feature", "properties": {"id": "CTR-04540", "elevation_m": 70.0}, "geometry": {"type": "LineString", "coordinates": [[121.3816770530555, 18.0159], [121.3822170530555, 18.0159]]}}, {"type": "Feature", "properties": {"id": "CTR-04541", "elevation_m": 70.0}, "geometry": {"type": "LineString", "coordinates": [[121.38157377492057, 18.014999999999997], [121.38211377492057, 18.014999999999997]]}}, {"type": "Feature", "properties": {"id": "CTR-04542", "elevation_m": 70.0}, "geometry": {"type": "LineString", "coordinates": [[121.38163278301002, 18.0141], [121.38217278301002, 18.0141]]}}, {"type": "Feature", "properties": {"id": "CTR-04543", "elevation_m": 70.0}, "geometry": {"type": "LineString", "coordinates": [[121.38183000267028, 18.013199999999998], [121.38237000267029, 18.013199999999998]]}}, {"type": "Feature", "properties": {"id": "CTR-04544", "elevation_m": 70.0}, "geometry": {"type": "LineString", "coordinates": [[121.38217499713896, 18.0123], [121.38271499713896, 18.0123]]}}, {"type": "Feature", "properties": {"id": "CTR-04545", "elevation_m": 70.0}, "geometry": {"type": "LineString", "coordinates": [[121.38260149513766, 18.0114], [121.38314149513766, 18.0114]]}}, {"type": "Feature", "properties": {"id": "CTR-04546", "elevation_m": 70.0}, "geometry": {"type": "LineString", "coordinates": [[121.38305454640033, 18.010499999999997], [121.38359454640033, 18.010499999999997]]}}, {"type": "Feature", "properties": {"id": "CTR-04547", "elevation_m": 70.0}, "geometry": {"type": "LineString", "coordinates": [[121.38351818560133, 18.0096], [121.38405818560133, 18.0096]]}}, {"type": "Feature", "properties": {"id": "CTR-04548", "elevation_m": 70.0}, "geometry": {"type": "LineString", "coordinates": [[121.38394090719933, 18.008699999999997], [121.38448090719933, 18.008699999999997]]}}, {"type": "Feature", "properties": {"id": "CTR-04549", "elevation_m": 70.0}, "geometry": {"type": "LineString", "coordinates": [[121.38428852089952, 18.0078], [121.38482852089952, 18.0078]]}}, {"type": "Feature", "properties": {"id": "CTR-04550", "elevation_m": 70.0}, "geometry": {"type": "LineString", "coordinates": [[121.3845149994278, 18.006899999999998], [121.3850549994278, 18.006899999999998]]}}, {"type": "Feature", "properties": {"id": "CTR-04551", "elevation_m": 70.0}, "geometry": {"type": "LineString", "coordinates": [[121.38460499599455, 18.006], [121.38514499599455, 18.006]]}}, {"type": "Feature", "properties": {"id": "CTR-04552", "elevation_m": 70.0}, "geometry": {"type": "LineString", "coordinates": [[121.38453000267029, 18.0051], [121.38507000267029, 18.0051]]}}, {"type": "Feature", "properties": {"id": "CTR-04553", "elevation_m": 70.0}, "geometry": {"type": "LineString", "coordinates": [[121.38432000305176, 18.004199999999997], [121.38486000305176, 18.004199999999997]]}}, {"type": "Feature", "properties": {"id": "CTR-04554", "elevation_m": 70.0}, "geometry": {"type": "LineString", "coordinates": [[121.38402272995248, 18.0033], [121.38456272995248, 18.0033]]}}, {"type": "Feature", "properties": {"id": "CTR-04555", "elevation_m": 70.0}, "geometry": {"type": "LineString", "coordinates": [[121.38366817945368, 18.002399999999998], [121.38420817945368, 18.002399999999998]]}}, {"type": "Feature", "properties": {"id": "CTR-04556", "elevation_m": 70.0}, "geometry": {"type": "LineString", "coordinates": [[121.38331363920099, 18.0015], [121.38385363920099, 18.0015]]}}, {"type": "Feature", "properties": {"id": "CTR-04557", "elevation_m": 70.0}, "geometry": {"type": "LineString", "coordinates": [[121.382986360799, 18.0006], [121.383526360799, 18.0006]]}}, {"type": "Feature", "properties": {"id": "CTR-04558", "elevation_m": 70.0}, "geometry": {"type": "LineString", "coordinates": [[121.38274090719933, 17.999699999999997], [121.38328090719934, 17.999699999999997]]}}, {"type": "Feature", "properties": {"id": "CTR-04559", "elevation_m": 70.0}, "geometry": {"type": "LineString", "coordinates": [[121.38260454640033, 17.9988], [121.38314454640033, 17.9988]]}}, {"type": "Feature", "properties": {"id": "CTR-04560", "elevation_m": 70.0}, "geometry": {"type": "LineString", "coordinates": [[121.38260454640033, 17.997899999999998], [121.38314454640033, 17.997899999999998]]}}, {"type": "Feature", "properties": {"id": "CTR-04561", "elevation_m": 70.0}, "geometry": {"type": "LineString", "coordinates": [[121.38274090719933, 17.997], [121.38328090719934, 17.997]]}}, {"type": "Feature", "properties": {"id": "CTR-04562", "elevation_m": 70.0}, "geometry": {"type": "LineString", "coordinates": [[121.38302727524939, 17.9961], [121.38356727524939, 17.9961]]}}, {"type": "Feature", "properties": {"id": "CTR-04563", "elevation_m": 70.0}, "geometry": {"type": "LineString", "coordinates": [[121.38340909280066, 17.995199999999997], [121.38394909280066, 17.995199999999997]]}}, {"type": "Feature", "properties": {"id": "CTR-04564", "elevation_m": 70.0}, "geometry": {"type": "LineString", "coordinates": [[121.38385909280066, 17.9943], [121.38439909280066, 17.9943]]}}, {"type": "Feature", "properties": {"id": "CTR-04565", "elevation_m": 70.0}, "geometry": {"type": "LineString", "coordinates": [[121.38434753858468, 17.993399999999998], [121.38488753858468, 17.993399999999998]]}}, {"type": "Feature", "properties": {"id": "CTR-04566", "elevation_m": 70.0}, "geometry": {"type": "LineString", "coordinates": [[121.38482999885558, 17.9925], [121.38536999885558, 17.9925]]}}, {"type": "Feature", "properties": {"id": "CTR-04567", "elevation_m": 70.0}, "geometry": {"type": "LineString", "coordinates": [[121.38527646715633, 17.9916], [121.38581646715633, 17.9916]]}}, {"type": "Feature", "properties": {"id": "CTR-04568", "elevation_m": 70.0}, "geometry": {"type": "LineString", "coordinates": [[121.38562200164795, 17.990699999999997], [121.38616200164795, 17.990699999999997]]}}, {"type": "Feature", "properties": {"id": "CTR-04569", "elevation_m": 70.0}, "geometry": {"type": "LineString", "coordinates": [[121.38580199890136, 17.9898], [121.38634199890136, 17.9898]]}}, {"type": "Feature", "properties": {"id": "CTR-04570", "elevation_m": 70.0}, "geometry": {"type": "LineString", "coordinates": [[121.38580199890136, 17.988899999999997], [121.38634199890136, 17.988899999999997]]}}, {"type": "Feature", "properties": {"id": "CTR-04571", "elevation_m": 70.0}, "geometry": {"type": "LineString", "coordinates": [[121.3856117641779, 17.988], [121.3861517641779, 17.988]]}}, {"type": "Feature", "properties": {"id": "CTR-04572", "elevation_m": 70.0}, "geometry": {"type": "LineString", "coordinates": [[121.3852799972534, 17.987099999999998], [121.3858199972534, 17.987099999999998]]}}, {"type": "Feature", "properties": {"id": "CTR-04573", "elevation_m": 70.0}, "geometry": {"type": "LineString", "coordinates": [[121.38489000038146, 17.9862], [121.38543000038146, 17.9862]]}}, {"type": "Feature", "properties": {"id": "CTR-04574", "elevation_m": 70.0}, "geometry": {"type": "LineString", "coordinates": [[121.38449999618528, 17.9853], [121.38503999618528, 17.9853]]}}, {"type": "Feature", "properties": {"id": "CTR-04575", "elevation_m": 70.0}, "geometry": {"type": "LineString", "coordinates": [[121.38413181439866, 17.984399999999997], [121.38467181439866, 17.984399999999997]]}}, {"type": "Feature", "properties": {"id": "CTR-04576", "elevation_m": 70.0}, "geometry": {"type": "LineString", "coordinates": [[121.38385909280066, 17.9835], [121.38439909280066, 17.9835]]}}, {"type": "Feature", "properties": {"id": "CTR-04577", "elevation_m": 70.0}, "geometry": {"type": "LineString", "coordinates": [[121.38368181881235, 17.982599999999998], [121.38422181881235, 17.982599999999998]]}}, {"type": "Feature", "properties": {"id": "CTR-04578", "elevation_m": 70.0}, "geometry": {"type": "LineString", "coordinates": [[121.38363230395436, 17.9817], [121.38417230395436, 17.9817]]}}, {"type": "Feature", "properties": {"id": "CTR-04579", "elevation_m": 70.0}, "geometry": {"type": "LineString", "coordinates": [[121.38373636584322, 17.9808], [121.38427636584322, 17.9808]]}}, {"type": "Feature", "properties": {"id": "CTR-04580", "elevation_m": 70.0}, "geometry": {"type": "LineString", "coordinates": [[121.3839681829216, 17.979899999999997], [121.3845081829216, 17.979899999999997]]}}, {"type": "Feature", "properties": {"id": "CTR-04581", "elevation_m": 70.0}, "geometry": {"type": "LineString", "coordinates": [[121.38433278301001, 17.979], [121.38487278301001, 17.979]]}}, {"type": "Feature", "properties": {"id": "CTR-04582", "elevation_m": 70.0}, "geometry": {"type": "LineString", "coordinates": [[121.38480492283063, 17.978099999999998], [121.38534492283063, 17.978099999999998]]}}, {"type": "Feature", "properties": {"id": "CTR-04583", "elevation_m": 70.0}, "geometry": {"type": "LineString", "coordinates": [[121.38537000274658, 17.9772], [121.38591000274658, 17.9772]]}}, {"type": "Feature", "properties": {"id": "CTR-04584", "elevation_m": 70.0}, "geometry": {"type": "LineString", "coordinates": [[121.386, 17.9763], [121.38654, 17.9763]]}}, {"type": "Feature", "properties": {"id": "CTR-04585", "elevation_m": 70.0}, "geometry": {"type": "LineString", "coordinates": [[121.386, 17.9763], [121.38654, 17.9763]]}}, {"type": "Feature", "properties": {"id": "CTR-04586", "elevation_m": 70.0}, "geometry": {"type": "LineString", "coordinates": [[121.39270911360798, 17.9763], [121.39324911360798, 17.9763]]}}, {"type": "Feature", "properties": {"id": "CTR-04587", "elevation_m": 70.0}, "geometry": {"type": "LineString", "coordinates": [[121.39442144959128, 17.9763], [121.39496144959128, 17.9763]]}}, {"type": "Feature", "properties": {"id": "CTR-04588", "elevation_m": 70.0}, "geometry": {"type": "LineString", "coordinates": [[121.38675000635781, 17.975399999999997], [121.38729000635782, 17.975399999999997]]}}, {"type": "Feature", "properties": {"id": "CTR-04589", "elevation_m": 70.0}, "geometry": {"type": "LineString", "coordinates": [[121.39103999999999, 17.975399999999997], [121.39157999999999, 17.975399999999997]]}}, {"type": "Feature", "properties": {"id": "CTR-04590", "elevation_m": 70.0}, "geometry": {"type": "LineString", "coordinates": [[121.39563000686655, 17.975399999999997], [121.39617000686656, 17.975399999999997]]}}, {"type": "Feature", "properties": {"id": "CTR-04591", "elevation_m": 70.0}, "geometry": {"type": "LineString", "coordinates": [[121.38762856675748, 17.9745], [121.38816856675749, 17.9745]]}}, {"type": "Feature", "properties": {"id": "CTR-04592", "elevation_m": 70.0}, "geometry": {"type": "LineString", "coordinates": [[121.38982499999999, 17.9745], [121.39036499999999, 17.9745]]}}, {"type": "Feature", "properties": {"id": "CTR-04593", "elevation_m": 70.0}, "geometry": {"type": "LineString", "coordinates": [[121.39618636079899, 17.9745], [121.396726360799, 17.9745]]}}, {"type": "Feature", "properties": {"id": "CTR-04594", "elevation_m": 70.0}, "geometry": {"type": "LineString", "coordinates": [[121.39647999593103, 17.973599999999998], [121.39701999593103, 17.973599999999998]]}}, {"type": "Feature", "properties": {"id": "CTR-04595", "elevation_m": 70.0}, "geometry": {"type": "LineString", "coordinates": [[121.3965545411985, 17.9727], [121.3970945411985, 17.9727]]}}, {"type": "Feature", "properties": {"id": "CTR-04596", "elevation_m": 70.0}, "geometry": {"type": "LineString", "coordinates": [[121.3964318196005, 17.971799999999998], [121.3969718196005, 17.971799999999998]]}}, {"type": "Feature", "properties": {"id": "CTR-04597", "elevation_m": 70.0}, "geometry": {"type": "LineString", "coordinates": [[121.38745713351499, 17.9709], [121.38799713351499, 17.9709]]}}, {"type": "Feature", "properties": {"id": "CTR-04598", "elevation_m": 70.0}, "geometry": {"type": "LineString", "coordinates": [[121.39004999999999, 17.9709], [121.39058999999999, 17.9709]]}}, {"type": "Feature", "properties": {"id": "CTR-04599", "elevation_m": 70.0}, "geometry": {"type": "LineString", "coordinates": [[121.39612000271269, 17.9709], [121.3966600027127, 17.9709]]}}, {"type": "Feature", "properties": {"id": "CTR-04600", "elevation_m": 75.0}, "geometry": {"type": "LineString", "coordinates": [[121.35177273168645, 18.15], [121.35231273168645, 18.15]]}}, {"type": "Feature", "properties": {"id": "CTR-04601", "elevation_m": 75.0}, "geometry": {"type": "LineString", "coordinates": [[121.35141818118764, 18.149099999999997], [121.35195818118764, 18.149099999999997]]}}, {"type": "Feature", "properties": {"id": "CTR-04602", "elevation_m": 75.0}, "geometry": {"type": "LineString", "coordinates": [[121.35115909280066, 18.1482], [121.35169909280066, 18.1482]]}}, {"type": "Feature", "properties": {"id": "CTR-04603", "elevation_m": 75.0}, "geometry": {"type": "LineString", "coordinates": [[121.35101077150604, 18.147299999999998], [121.35155077150604, 18.147299999999998]]}}, {"type": "Feature", "properties": {"id": "CTR-04604", "elevation_m": 75.0}, "geometry": {"type": "LineString", "coordinates": [[121.35102272301663, 18.1464], [121.35156272301663, 18.1464]]}}, {"type": "Feature", "properties": {"id": "CTR-04605", "elevation_m": 75.0}, "geometry": {"type": "LineString", "coordinates": [[121.35115909280066, 18.1455], [121.35169909280066, 18.1455]]}}, {"type": "Feature", "properties": {"id": "CTR-04606", "elevation_m": 75.0}, "geometry": {"type": "LineString", "coordinates": [[121.35143182054631, 18.144599999999997], [121.35197182054631, 18.144599999999997]]}}, {"type": "Feature", "properties": {"id": "CTR-04607", "elevation_m": 75.0}, "geometry": {"type": "LineString", "coordinates": [[121.351786360799, 18.1437], [121.352326360799, 18.1437]]}}, {"type": "Feature", "properties": {"id": "CTR-04608", "elevation_m": 75.0}, "geometry": {"type": "LineString", "coordinates": [[121.35220909280066, 18.142799999999998], [121.35274909280066, 18.142799999999998]]}}, {"type": "Feature", "properties": {"id": "CTR-04609", "elevation_m": 75.0}, "geometry": {"type": "LineString", "coordinates": [[121.35261940604431, 18.1419], [121.35315940604431, 18.1419]]}}, {"type": "Feature", "properties": {"id": "CTR-04610", "elevation_m": 75.0}, "geometry": {"type": "LineString", "coordinates": [[121.35302459164019, 18.141], [121.3535645916402, 18.141]]}}, {"type": "Feature", "properties": {"id": "CTR-04611", "elevation_m": 75.0}, "geometry": {"type": "LineString", "coordinates": [[121.35334918328039, 18.1401], [121.35388918328039, 18.1401]]}}, {"type": "Feature", "properties": {"id": "CTR-04612", "elevation_m": 75.0}, "geometry": {"type": "LineString", "coordinates": [[121.35352622507942, 18.1392], [121.35406622507942, 18.1392]]}}, {"type": "Feature", "properties": {"id": "CTR-04613", "elevation_m": 75.0}, "geometry": {"type": "LineString", "coordinates": [[121.35357049641664, 18.138299999999997], [121.35411049641664, 18.138299999999997]]}}, {"type": "Feature", "properties": {"id": "CTR-04614", "elevation_m": 75.0}, "geometry": {"type": "LineString", "coordinates": [[121.35345483978145, 18.1374], [121.35399483978145, 18.1374]]}}, {"type": "Feature", "properties": {"id": "CTR-04615", "elevation_m": 75.0}, "geometry": {"type": "LineString", "coordinates": [[121.35320163971332, 18.136499999999998], [121.35374163971332, 18.136499999999998]]}}, {"type": "Feature", "properties": {"id": "CTR-04616", "elevation_m": 75.0}, "geometry": {"type": "LineString", "coordinates": [[121.35284753858468, 18.1356], [121.35338753858468, 18.1356]]}}, {"type": "Feature", "properties": {"id": "CTR-04617", "elevation_m": 75.0}, "geometry": {"type": "LineString", "coordinates": [[121.35244090719932, 18.1347], [121.35298090719932, 18.1347]]}}, {"type": "Feature", "properties": {"id": "CTR-04618", "elevation_m": 75.0}, "geometry": {"type": "LineString", "coordinates": [[121.35203181707838, 18.133799999999997], [121.35257181707838, 18.133799999999997]]}}, {"type": "Feature", "properties": {"id": "CTR-04619", "elevation_m": 75.0}, "geometry": {"type": "LineString", "coordinates": [[121.3516636376247, 18.1329], [121.3522036376247, 18.1329]]}}, {"type": "Feature", "properties": {"id": "CTR-04620", "elevation_m": 75.0}, "geometry": {"type": "LineString", "coordinates": [[121.35136363415677, 18.131999999999998], [121.35190363415677, 18.131999999999998]]}}, {"type": "Feature", "properties": {"id": "CTR-04621", "elevation_m": 75.0}, "geometry": {"type": "LineString", "coordinates": [[121.35118636410925, 18.1311], [121.35172636410925, 18.1311]]}}, {"type": "Feature", "properties": {"id": "CTR-04622", "elevation_m": 75.0}, "geometry": {"type": "LineString", "coordinates": [[121.35113538152751, 18.1302], [121.35167538152751, 18.1302]]}}, {"type": "Feature", "properties": {"id": "CTR-04623", "elevation_m": 75.0}, "geometry": {"type": "LineString", "coordinates": [[121.35124090719933, 18.129299999999997], [121.35178090719933, 18.129299999999997]]}}, {"type": "Feature", "properties": {"id": "CTR-04624", "elevation_m": 75.0}, "geometry": {"type": "LineString", "coordinates": [[121.35145909280067, 18.1284], [121.35199909280067, 18.1284]]}}, {"type": "Feature", "properties": {"id": "CTR-04625", "elevation_m": 75.0}, "geometry": {"type": "LineString", "coordinates": [[121.3518, 18.127499999999998], [121.35234, 18.127499999999998]]}}, {"type": "Feature", "properties": {"id": "CTR-04626", "elevation_m": 75.0}, "geometry": {"type": "LineString", "coordinates": [[121.3518, 18.127499999999998], [121.35234, 18.127499999999998]]}}, {"type": "Feature", "properties": {"id": "CTR-04627", "elevation_m": 75.0}, "geometry": {"type": "LineString", "coordinates": [[121.35220298568646, 18.1266], [121.35274298568646, 18.1266]]}}, {"type": "Feature", "properties": {"id": "CTR-04628", "elevation_m": 75.0}, "geometry": {"type": "LineString", "coordinates": [[121.35263181439866, 18.1257], [121.35317181439866, 18.1257]]}}, {"type": "Feature", "properties": {"id": "CTR-04629", "elevation_m": 75.0}, "geometry": {"type": "LineString", "coordinates": [[121.35306290161816, 18.124799999999997], [121.35360290161816, 18.124799999999997]]}}, {"type": "Feature", "properties": {"id": "CTR-04630", "elevation_m": 75.0}, "geometry": {"type": "LineString", "coordinates": [[121.35342294694449, 18.1239], [121.35396294694449, 18.1239]]}}, {"type": "Feature", "properties": {"id": "CTR-04631", "elevation_m": 75.0}, "geometry": {"type": "LineString", "coordinates": [[121.35367058955525, 18.122999999999998], [121.35421058955525, 18.122999999999998]]}}, {"type": "Feature", "properties": {"id": "CTR-04632", "elevation_m": 75.0}, "geometry": {"type": "LineString", "coordinates": [[121.35379411791105, 18.1221], [121.35433411791105, 18.1221]]}}, {"type": "Feature", "properties": {"id": "CTR-04633", "elevation_m": 75.0}, "geometry": {"type": "LineString", "coordinates": [[121.35373846356994, 18.121199999999998], [121.35427846356994, 18.121199999999998]]}}, {"type": "Feature", "properties": {"id": "CTR-04634", "elevation_m": 75.0}, "geometry": {"type": "LineString", "coordinates": [[121.35351290608386, 18.1203], [121.35405290608387, 18.1203]]}}, {"type": "Feature", "properties": {"id": "CTR-04635", "elevation_m": 75.0}, "geometry": {"type": "LineString", "coordinates": [[121.35320163971332, 18.1194], [121.35374163971332, 18.1194]]}}, {"type": "Feature", "properties": {"id": "CTR-04636", "elevation_m": 75.0}, "geometry": {"type": "LineString", "coordinates": [[121.35280327813493, 18.118499999999997], [121.35334327813493, 18.118499999999997]]}}, {"type": "Feature", "properties": {"id": "CTR-04637", "elevation_m": 75.0}, "geometry": {"type": "LineString", "coordinates": [[121.35239104294058, 18.1176], [121.35293104294058, 18.1176]]}}, {"type": "Feature", "properties": {"id": "CTR-04638", "elevation_m": 75.0}, "geometry": {"type": "LineString", "coordinates": [[121.35200454640032, 18.116699999999998], [121.35254454640032, 18.116699999999998]]}}, {"type": "Feature", "properties": {"id": "CTR-04639", "elevation_m": 75.0}, "geometry": {"type": "LineString", "coordinates": [[121.35167727698337, 18.1158], [121.35221727698337, 18.1158]]}}, {"type": "Feature", "properties": {"id": "CTR-04640", "elevation_m": 75.0}, "geometry": {"type": "LineString", "coordinates": [[121.35145909280067, 18.1149], [121.35199909280067, 18.1149]]}}, {"type": "Feature", "properties": {"id": "CTR-04641", "elevation_m": 75.0}, "geometry": {"type": "LineString", "coordinates": [[121.35136363415677, 18.113999999999997], [121.35190363415677, 18.113999999999997]]}}, {"type": "Feature", "properties": {"id": "CTR-04642", "elevation_m": 75.0}, "geometry": {"type": "LineString", "coordinates": [[121.35141818118764, 18.1131], [121.35195818118764, 18.1131]]}}, {"type": "Feature", "properties": {"id": "CTR-04643", "elevation_m": 75.0}, "geometry": {"type": "LineString", "coordinates": [[121.35159545359966, 18.112199999999998], [121.35213545359966, 18.112199999999998]]}}, {"type": "Feature", "properties": {"id": "CTR-04644", "elevation_m": 75.0}, "geometry": {"type": "LineString", "coordinates": [[121.35190746543988, 18.1113], [121.35244746543988, 18.1113]]}}, {"type": "Feature", "properties": {"id": "CTR-04645", "elevation_m": 75.0}, "geometry": {"type": "LineString", "coordinates": [[121.35229090719933, 18.1104], [121.35283090719933, 18.1104]]}}, {"type": "Feature", "properties": {"id": "CTR-04646", "elevation_m": 75.0}, "geometry": {"type": "LineString", "coordinates": [[121.35272902761369, 18.109499999999997], [121.35326902761369, 18.109499999999997]]}}, {"type": "Feature", "properties": {"id": "CTR-04647", "elevation_m": 75.0}, "geometry": {"type": "LineString", "coordinates": [[121.35317903279395, 18.1086], [121.35371903279395, 18.1086]]}}, {"type": "Feature", "properties": {"id": "CTR-04648", "elevation_m": 75.0}, "geometry": {"type": "LineString", "coordinates": [[121.3535709723863, 18.107699999999998], [121.3541109723863, 18.107699999999998]]}}, {"type": "Feature", "properties": {"id": "CTR-04649", "elevation_m": 75.0}, "geometry": {"type": "LineString", "coordinates": [[121.35392884767745, 18.1068], [121.35446884767745, 18.1068]]}}, {"type": "Feature", "properties": {"id": "CTR-04650", "elevation_m": 75.0}, "geometry": {"type": "LineString", "coordinates": [[121.35411923178496, 18.1059], [121.35465923178496, 18.1059]]}}, {"type": "Feature", "properties": {"id": "CTR-04651", "elevation_m": 75.0}, "geometry": {"type": "LineString", "coordinates": [[121.3541294149326, 18.104999999999997], [121.3546694149326, 18.104999999999997]]}}, {"type": "Feature", "properties": {"id": "CTR-04652", "elevation_m": 75.0}, "geometry": {"type": "LineString", "coordinates": [[121.35396346230027, 18.1041], [121.35450346230027, 18.1041]]}}, {"type": "Feature", "properties": {"id": "CTR-04653", "elevation_m": 75.0}, "geometry": {"type": "LineString", "coordinates": [[121.35363528857373, 18.103199999999998], [121.35417528857373, 18.103199999999998]]}}, {"type": "Feature", "properties": {"id": "CTR-04654", "elevation_m": 75.0}, "geometry": {"type": "LineString", "coordinates": [[121.35326612563834, 18.1023], [121.35380612563834, 18.1023]]}}, {"type": "Feature", "properties": {"id": "CTR-04655", "elevation_m": 75.0}, "geometry": {"type": "LineString", "coordinates": [[121.35284753858468, 18.101399999999998], [121.35338753858468, 18.101399999999998]]}}, {"type": "Feature", "properties": {"id": "CTR-04656", "elevation_m": 75.0}, "geometry": {"type": "LineString", "coordinates": [[121.35244477504867, 18.1005], [121.35298477504867, 18.1005]]}}, {"type": "Feature", "properties": {"id": "CTR-04657", "elevation_m": 75.0}, "geometry": {"type": "LineString", "coordinates": [[121.3521, 18.0996], [121.35264, 18.0996]]}}, {"type": "Feature", "properties": {"id": "CTR-04658", "elevation_m": 75.0}, "geometry": {"type": "LineString", "coordinates": [[121.35184090767221, 18.098699999999997], [121.35238090767221, 18.098699999999997]]}}, {"type": "Feature", "properties": {"id": "CTR-04659", "elevation_m": 75.0}, "geometry": {"type": "LineString", "coordinates": [[121.35170454529691, 18.0978], [121.35224454529691, 18.0978]]}}, {"type": "Feature", "properties": {"id": "CTR-04660", "elevation_m": 75.0}, "geometry": {"type": "LineString", "coordinates": [[121.35170454529691, 18.096899999999998], [121.35224454529691, 18.096899999999998]]}}, {"type": "Feature", "properties": {"id": "CTR-04661", "elevation_m": 75.0}, "geometry": {"type": "LineString", "coordinates": [[121.35184090767221, 18.096], [121.35238090767221, 18.096]]}}, {"type": "Feature", "properties": {"id": "CTR-04662", "elevation_m": 75.0}, "geometry": {"type": "LineString", "coordinates": [[121.352113639201, 18.0951], [121.352653639201, 18.0951]]}}, {"type": "Feature", "properties": {"id": "CTR-04663", "elevation_m": 75.0}, "geometry": {"type": "LineString", "coordinates": [[121.35248181439866, 18.094199999999997], [121.35302181439866, 18.094199999999997]]}}, {"type": "Feature", "properties": {"id": "CTR-04664", "elevation_m": 75.0}, "geometry": {"type": "LineString", "coordinates": [[121.35291774318587, 18.0933], [121.35345774318587, 18.0933]]}}, {"type": "Feature", "properties": {"id": "CTR-04665", "elevation_m": 75.0}, "geometry": {"type": "LineString", "coordinates": [[121.35338225681411, 18.092399999999998], [121.35392225681412, 18.092399999999998]]}}, {"type": "Feature", "properties": {"id": "CTR-04666", "elevation_m": 75.0}, "geometry": {"type": "LineString", "coordinates": [[121.35385961589247, 18.0915], [121.35439961589248, 18.0915]]}}, {"type": "Feature", "properties": {"id": "CTR-04667", "elevation_m": 75.0}, "geometry": {"type": "LineString", "coordinates": [[121.35427059061125, 18.0906], [121.35481059061125, 18.0906]]}}, {"type": "Feature", "properties": {"id": "CTR-04668", "elevation_m": 75.0}, "geometry": {"type": "LineString", "coordinates": [[121.3545461461716, 18.089699999999997], [121.3550861461716, 18.089699999999997]]}}, {"type": "Feature", "properties": {"id": "CTR-04669", "elevation_m": 75.0}, "geometry": {"type": "LineString", "coordinates": [[121.3617, 18.089699999999997], [121.36224, 18.089699999999997]]}}, {"type": "Feature", "properties": {"id": "CTR-04670", "elevation_m": 75.0}, "geometry": {"type": "LineString", "coordinates": [[121.3626, 18.089699999999997], [121.36314, 18.089699999999997]]}}, {"type": "Feature", "properties": {"id": "CTR-04671", "elevation_m": 75.0}, "geometry": {"type": "LineString", "coordinates": [[121.3546657899492, 18.0888], [121.3552057899492, 18.0888]]}}, {"type": "Feature", "properties": {"id": "CTR-04672", "elevation_m": 75.0}, "geometry": {"type": "LineString", "coordinates": [[121.3613249856952, 18.0888], [121.3618649856952, 18.0888]]}}, {"type": "Feature", "properties": {"id": "CTR-04673", "elevation_m": 75.0}, "geometry": {"type": "LineString", "coordinates": [[121.36292144959127, 18.0888], [121.36346144959127, 18.0888]]}}, {"type": "Feature", "properties": {"id": "CTR-04674", "elevation_m": 75.0}, "geometry": {"type": "LineString", "coordinates": [[121.35452368896563, 18.087899999999998], [121.35506368896563, 18.087899999999998]]}}, {"type": "Feature", "properties": {"id": "CTR-04675", "elevation_m": 75.0}, "geometry": {"type": "LineString", "coordinates": [[121.3626, 18.087899999999998], [121.36314, 18.087899999999998]]}}, {"type": "Feature", "properties": {"id": "CTR-04676", "elevation_m": 75.0}, "geometry": {"type": "LineString", "coordinates": [[121.3626, 18.087899999999998], [121.36314, 18.087899999999998]]}}, {"type": "Feature", "properties": {"id": "CTR-04677", "elevation_m": 75.0}, "geometry": {"type": "LineString", "coordinates": [[121.35425769179982, 18.087], [121.35479769179982, 18.087]]}}, {"type": "Feature", "properties": {"id": "CTR-04678", "elevation_m": 75.0}, "geometry": {"type": "LineString", "coordinates": [[121.3538647074663, 18.0861], [121.3544047074663, 18.0861]]}}, {"type": "Feature", "properties": {"id": "CTR-04679", "elevation_m": 75.0}, "geometry": {"type": "LineString", "coordinates": [[121.35342294694449, 18.085199999999997], [121.35396294694449, 18.085199999999997]]}}, {"type": "Feature", "properties": {"id": "CTR-04680", "elevation_m": 75.0}, "geometry": {"type": "LineString", "coordinates": [[121.35300483603027, 18.0843], [121.35354483603027, 18.0843]]}}, {"type": "Feature", "properties": {"id": "CTR-04681", "elevation_m": 75.0}, "geometry": {"type": "LineString", "coordinates": [[121.35261818465557, 18.083399999999997], [121.35315818465557, 18.083399999999997]]}}, {"type": "Feature", "properties": {"id": "CTR-04682", "elevation_m": 75.0}, "geometry": {"type": "LineString", "coordinates": [[121.35233182054631, 18.0825], [121.35287182054631, 18.0825]]}}, {"type": "Feature", "properties": {"id": "CTR-04683", "elevation_m": 75.0}, "geometry": {"type": "LineString", "coordinates": [[121.35214925357838, 18.081599999999998], [121.35268925357838, 18.081599999999998]]}}, {"type": "Feature", "properties": {"id": "CTR-04684", "elevation_m": 75.0}, "geometry": {"type": "LineString", "coordinates": [[121.3521, 18.0807], [121.35264, 18.0807]]}}, {"type": "Feature", "properties": {"id": "CTR-04685", "elevation_m": 75.0}, "geometry": {"type": "LineString", "coordinates": [[121.35219545359966, 18.0798], [121.35273545359966, 18.0798]]}}, {"type": "Feature", "properties": {"id": "CTR-04686", "elevation_m": 75.0}, "geometry": {"type": "LineString", "coordinates": [[121.3524272752494, 18.078899999999997], [121.3529672752494, 18.078899999999997]]}}, {"type": "Feature", "properties": {"id": "CTR-04687", "elevation_m": 75.0}, "geometry": {"type": "LineString", "coordinates": [[121.35277258475358, 18.078], [121.35331258475358, 18.078]]}}, {"type": "Feature", "properties": {"id": "CTR-04688", "elevation_m": 75.0}, "geometry": {"type": "LineString", "coordinates": [[121.35321639067463, 18.077099999999998], [121.35375639067463, 18.077099999999998]]}}, {"type": "Feature", "properties": {"id": "CTR-04689", "elevation_m": 75.0}, "geometry": {"type": "LineString", "coordinates": [[121.35370587918499, 18.0762], [121.35424587918499, 18.0762]]}}, {"type": "Feature", "properties": {"id": "CTR-04690", "elevation_m": 75.0}, "geometry": {"type": "LineString", "coordinates": [[121.3542529432884, 18.0753], [121.3547929432884, 18.0753]]}}, {"type": "Feature", "properties": {"id": "CTR-04691", "elevation_m": 75.0}, "geometry": {"type": "LineString", "coordinates": [[121.35478421337938, 18.074399999999997], [121.35532421337938, 18.074399999999997]]}}, {"type": "Feature", "properties": {"id": "CTR-04692", "elevation_m": 75.0}, "geometry": {"type": "LineString", "coordinates": [[121.36088183520599, 18.074399999999997], [121.36142183520599, 18.074399999999997]]}}, {"type": "Feature", "properties": {"id": "CTR-04693", "elevation_m": 75.0}, "geometry": {"type": "LineString", "coordinates": [[121.36324285013623, 18.074399999999997], [121.36378285013623, 18.074399999999997]]}}, {"type": "Feature", "properties": {"id": "CTR-04694", "elevation_m": 75.0}, "geometry": {"type": "LineString", "coordinates": [[121.3552342100508, 18.0735], [121.3557742100508, 18.0735]]}}, {"type": "Feature", "properties": {"id": "CTR-04695", "elevation_m": 75.0}, "geometry": {"type": "LineString", "coordinates": [[121.3599, 18.0735], [121.36044, 18.0735]]}}, {"type": "Feature", "properties": {"id": "CTR-04696", "elevation_m": 75.0}, "geometry": {"type": "LineString", "coordinates": [[121.3599, 18.0735], [121.36044, 18.0735]]}}, {"type": "Feature", "properties": {"id": "CTR-04697", "elevation_m": 75.0}, "geometry": {"type": "LineString", "coordinates": [[121.36396552050722, 18.0735], [121.36450552050722, 18.0735]]}}, {"type": "Feature", "properties": {"id": "CTR-04698", "elevation_m": 75.0}, "geometry": {"type": "LineString", "coordinates": [[121.35547824918729, 18.072599999999998], [121.35601824918729, 18.072599999999998]]}}, {"type": "Feature", "properties": {"id": "CTR-04699", "elevation_m": 75.0}, "geometry": {"type": "LineString", "coordinates": [[121.35947368991687, 18.072599999999998], [121.36001368991687, 18.072599999999998]]}}, {"type": "Feature", "properties": {"id": "CTR-04700", "elevation_m": 75.0}, "geometry": {"type": "LineString", "coordinates": [[121.36424481860513, 18.072599999999998], [121.36478481860513, 18.072599999999998]]}}, {"type": "Feature", "properties": {"id": "CTR-04701", "elevation_m": 75.0}, "geometry": {"type": "LineString", "coordinates": [[121.3554391382227, 18.0717], [121.35597913822271, 18.0717]]}}, {"type": "Feature", "properties": {"id": "CTR-04702", "elevation_m": 75.0}, "geometry": {"type": "LineString", "coordinates": [[121.35952104882749, 18.0717], [121.36006104882749, 18.0717]]}}, {"type": "Feature", "properties": {"id": "CTR-04703", "elevation_m": 75.0}, "geometry": {"type": "LineString", "coordinates": [[121.36421380126805, 18.0717], [121.36475380126805, 18.0717]]}}, {"type": "Feature", "properties": {"id": "CTR-04704", "elevation_m": 75.0}, "geometry": {"type": "LineString", "coordinates": [[121.35516315979682, 18.0708], [121.35570315979682, 18.0708]]}}, {"type": "Feature", "properties": {"id": "CTR-04705", "elevation_m": 75.0}, "geometry": {"type": "LineString", "coordinates": [[121.36005881877749, 18.0708], [121.36059881877749, 18.0708]]}}, {"type": "Feature", "properties": {"id": "CTR-04706", "elevation_m": 75.0}, "geometry": {"type": "LineString", "coordinates": [[121.36387242114124, 18.0708], [121.36441242114124, 18.0708]]}}, {"type": "Feature", "properties": {"id": "CTR-04707", "elevation_m": 75.0}, "geometry": {"type": "LineString", "coordinates": [[121.35468947558624, 18.069899999999997], [121.35522947558624, 18.069899999999997]]}}, {"type": "Feature", "properties": {"id": "CTR-04708", "elevation_m": 75.0}, "geometry": {"type": "LineString", "coordinates": [[121.36120911360798, 18.069899999999997], [121.36174911360798, 18.069899999999997]]}}, {"type": "Feature", "properties": {"id": "CTR-04709", "elevation_m": 75.0}, "geometry": {"type": "LineString", "coordinates": [[121.36301537648923, 18.069899999999997], [121.36355537648923, 18.069899999999997]]}}, {"type": "Feature", "properties": {"id": "CTR-04710", "elevation_m": 75.0}, "geometry": {"type": "LineString", "coordinates": [[121.35419999999999, 18.069], [121.35473999999999, 18.069]]}}, {"type": "Feature", "properties": {"id": "CTR-04711", "elevation_m": 75.0}, "geometry": {"type": "LineString", "coordinates": [[121.3537038425987, 18.068099999999998], [121.3542438425987, 18.068099999999998]]}}, {"type": "Feature", "properties": {"id": "CTR-04712", "elevation_m": 75.0}, "geometry": {"type": "LineString", "coordinates": [[121.35328064480403, 18.0672], [121.35382064480403, 18.0672]]}}, {"type": "Feature", "properties": {"id": "CTR-04713", "elevation_m": 75.0}, "geometry": {"type": "LineString", "coordinates": [[121.35294677347902, 18.0663], [121.35348677347902, 18.0663]]}}, {"type": "Feature", "properties": {"id": "CTR-04714", "elevation_m": 75.0}, "geometry": {"type": "LineString", "coordinates": [[121.3527, 18.0654], [121.35324, 18.0654]]}}, {"type": "Feature", "properties": {"id": "CTR-04715", "elevation_m": 75.0}, "geometry": {"type": "LineString", "coordinates": [[121.3527, 18.0654], [121.35324, 18.0654]]}}, {"type": "Feature", "properties": {"id": "CTR-04716", "elevation_m": 75.0}, "geometry": {"type": "LineString", "coordinates": [[121.35261818465557, 18.0645], [121.35315818465557, 18.0645]]}}, {"type": "Feature", "properties": {"id": "CTR-04717", "elevation_m": 75.0}, "geometry": {"type": "LineString", "coordinates": [[121.35265970302216, 18.063599999999997], [121.35319970302216, 18.063599999999997]]}}, {"type": "Feature", "properties": {"id": "CTR-04718", "elevation_m": 75.0}, "geometry": {"type": "LineString", "coordinates": [[121.35285967759798, 18.0627], [121.35339967759798, 18.0627]]}}, {"type": "Feature", "properties": {"id": "CTR-04719", "elevation_m": 75.0}, "geometry": {"type": "LineString", "coordinates": [[121.35318688746028, 18.061799999999998], [121.35372688746028, 18.061799999999998]]}}, {"type": "Feature", "properties": {"id": "CTR-04720", "elevation_m": 75.0}, "geometry": {"type": "LineString", "coordinates": [[121.35361731124739, 18.0609], [121.35415731124739, 18.0609]]}}, {"type": "Feature", "properties": {"id": "CTR-04721", "elevation_m": 75.0}, "geometry": {"type": "LineString", "coordinates": [[121.35418845899908, 18.06], [121.35472845899908, 18.06]]}}, {"type": "Feature", "properties": {"id": "CTR-04722", "elevation_m": 75.0}, "geometry": {"type": "LineString", "coordinates": [[121.35484615790915, 18.059099999999997], [121.35538615790915, 18.059099999999997]]}}, {"type": "Feature", "properties": {"id": "CTR-04723", "elevation_m": 75.0}, "geometry": {"type": "LineString", "coordinates": [[121.36074998940363, 18.059099999999997], [121.36128998940363, 18.059099999999997]]}}, {"type": "Feature", "properties": {"id": "CTR-04724", "elevation_m": 75.0}, "geometry": {"type": "LineString", "coordinates": [[121.36343570027248, 18.059099999999997], [121.36397570027248, 18.059099999999997]]}}, {"type": "Feature", "properties": {"id": "CTR-04725", "elevation_m": 75.0}, "geometry": {"type": "LineString", "coordinates": [[121.35559566125983, 18.0582], [121.35613566125983, 18.0582]]}}, {"type": "Feature", "properties": {"id": "CTR-04726", "elevation_m": 75.0}, "geometry": {"type": "LineString", "coordinates": [[121.35929998728436, 18.0582], [121.35983998728436, 18.0582]]}}, {"type": "Feature", "properties": {"id": "CTR-04727", "elevation_m": 75.0}, "geometry": {"type": "LineString", "coordinates": [[121.36436895898555, 18.0582], [121.36490895898555, 18.0582]]}}, {"type": "Feature", "properties": {"id": "CTR-04728", "elevation_m": 75.0}, "geometry": {"type": "LineString", "coordinates": [[121.35681429972752, 18.057299999999998], [121.35735429972752, 18.057299999999998]]}}, {"type": "Feature", "properties": {"id": "CTR-04729", "elevation_m": 75.0}, "geometry": {"type": "LineString", "coordinates": [[121.35774002746832, 18.057299999999998], [121.35828002746833, 18.057299999999998]]}}, {"type": "Feature", "properties": {"id": "CTR-04730", "elevation_m": 75.0}, "geometry": {"type": "LineString", "coordinates": [[121.3648295411985, 18.057299999999998], [121.3653695411985, 18.057299999999998]]}}, {"type": "Feature", "properties": {"id": "CTR-04731", "elevation_m": 75.0}, "geometry": {"type": "LineString", "coordinates": [[121.36511163236337, 18.0564], [121.36565163236337, 18.0564]]}}, {"type": "Feature", "properties": {"id": "CTR-04732", "elevation_m": 75.0}, "geometry": {"type": "LineString", "coordinates": [[121.3651744238037, 18.0555], [121.3657144238037, 18.0555]]}}, {"type": "Feature", "properties": {"id": "CTR-04733", "elevation_m": 75.0}, "geometry": {"type": "LineString", "coordinates": [[121.3650279129185, 18.054599999999997], [121.36556791291851, 18.054599999999997]]}}, {"type": "Feature", "properties": {"id": "CTR-04734", "elevation_m": 75.0}, "geometry": {"type": "LineString", "coordinates": [[121.35622175081271, 18.0537], [121.35676175081271, 18.0537]]}}, {"type": "Feature", "properties": {"id": "CTR-04735", "elevation_m": 75.0}, "geometry": {"type": "LineString", "coordinates": [[121.35842144959128, 18.0537], [121.35896144959128, 18.0537]]}}, {"type": "Feature", "properties": {"id": "CTR-04736", "elevation_m": 75.0}, "geometry": {"type": "LineString", "coordinates": [[121.364686360799, 18.0537], [121.365226360799, 18.0537]]}}, {"type": "Feature", "properties": {"id": "CTR-04737", "elevation_m": 75.0}, "geometry": {"type": "LineString", "coordinates": [[121.35533077193944, 18.052799999999998], [121.35587077193944, 18.052799999999998]]}}, {"type": "Feature", "properties": {"id": "CTR-04738", "elevation_m": 75.0}, "geometry": {"type": "LineString", "coordinates": [[121.35969999576145, 18.052799999999998], [121.36023999576145, 18.052799999999998]]}}, {"type": "Feature", "properties": {"id": "CTR-04739", "elevation_m": 75.0}, "geometry": {"type": "LineString", "coordinates": [[121.36412069455406, 18.052799999999998], [121.36466069455406, 18.052799999999998]]}}, {"type": "Feature", "properties": {"id": "CTR-04740", "elevation_m": 75.0}, "geometry": {"type": "LineString", "coordinates": [[121.35468947558624, 18.0519], [121.35522947558624, 18.0519]]}}, {"type": "Feature", "properties": {"id": "CTR-04741", "elevation_m": 75.0}, "geometry": {"type": "LineString", "coordinates": [[121.36120911360798, 18.0519], [121.36174911360798, 18.0519]]}}, {"type": "Feature", "properties": {"id": "CTR-04742", "elevation_m": 75.0}, "geometry": {"type": "LineString", "coordinates": [[121.36301537648923, 18.0519], [121.36355537648923, 18.0519]]}}, {"type": "Feature", "properties": {"id": "CTR-04743", "elevation_m": 75.0}, "geometry": {"type": "LineString", "coordinates": [[121.3541538492011, 18.051], [121.3546938492011, 18.051]]}}, {"type": "Feature", "properties": {"id": "CTR-04744", "elevation_m": 75.0}, "geometry": {"type": "LineString", "coordinates": [[121.35372352835579, 18.050099999999997], [121.35426352835579, 18.050099999999997]]}}, {"type": "Feature", "properties": {"id": "CTR-04745", "elevation_m": 75.0}, "geometry": {"type": "LineString", "coordinates": [[121.35342580323632, 18.0492], [121.35396580323632, 18.0492]]}}, {"type": "Feature", "properties": {"id": "CTR-04746", "elevation_m": 75.0}, "geometry": {"type": "LineString", "coordinates": [[121.35328064480403, 18.048299999999998], [121.35382064480403, 18.048299999999998]]}}, {"type": "Feature", "properties": {"id": "CTR-04747", "elevation_m": 75.0}, "geometry": {"type": "LineString", "coordinates": [[121.35328064480403, 18.0474], [121.35382064480403, 18.0474]]}}, {"type": "Feature", "properties": {"id": "CTR-04748", "elevation_m": 75.0}, "geometry": {"type": "LineString", "coordinates": [[121.3534377041799, 18.046499999999998], [121.3539777041799, 18.046499999999998]]}}, {"type": "Feature", "properties": {"id": "CTR-04749", "elevation_m": 75.0}, "geometry": {"type": "LineString", "coordinates": [[121.35375576389805, 18.0456], [121.35429576389805, 18.0456]]}}, {"type": "Feature", "properties": {"id": "CTR-04750", "elevation_m": 75.0}, "geometry": {"type": "LineString", "coordinates": [[121.35423529253369, 18.0447], [121.35477529253369, 18.0447]]}}, {"type": "Feature", "properties": {"id": "CTR-04751", "elevation_m": 75.0}, "geometry": {"type": "LineString", "coordinates": [[121.35489230408075, 18.043799999999997], [121.35543230408075, 18.043799999999997]]}}, {"type": "Feature", "properties": {"id": "CTR-04752", "elevation_m": 75.0}, "geometry": {"type": "LineString", "coordinates": [[121.3606411812225, 18.043799999999997], [121.3611811812225, 18.043799999999997]]}}, {"type": "Feature", "properties": {"id": "CTR-04753", "elevation_m": 75.0}, "geometry": {"type": "LineString", "coordinates": [[121.36353104101444, 18.043799999999997], [121.36407104101444, 18.043799999999997]]}}, {"type": "Feature", "properties": {"id": "CTR-04754", "elevation_m": 75.0}, "geometry": {"type": "LineString", "coordinates": [[121.35586956911135, 18.0429], [121.35640956911135, 18.0429]]}}, {"type": "Feature", "properties": {"id": "CTR-04755", "elevation_m": 75.0}, "geometry": {"type": "LineString", "coordinates": [[121.359, 18.0429], [121.35954, 18.0429]]}}, {"type": "Feature", "properties": {"id": "CTR-04756", "elevation_m": 75.0}, "geometry": {"type": "LineString", "coordinates": [[121.359, 18.0429], [121.35954, 18.0429]]}}, {"type": "Feature", "properties": {"id": "CTR-04757", "elevation_m": 75.0}, "geometry": {"type": "LineString", "coordinates": [[121.3645046574759, 18.0429], [121.3650446574759, 18.0429]]}}, {"type": "Feature", "properties": {"id": "CTR-04758", "elevation_m": 75.0}, "geometry": {"type": "LineString", "coordinates": [[121.3651534891148, 18.041999999999998], [121.3656934891148, 18.041999999999998]]}}, {"type": "Feature", "properties": {"id": "CTR-04759", "elevation_m": 75.0}, "geometry": {"type": "LineString", "coordinates": [[121.36558928746594, 18.0411], [121.36612928746594, 18.0411]]}}, {"type": "Feature", "properties": {"id": "CTR-04760", "elevation_m": 75.0}, "geometry": {"type": "LineString", "coordinates": [[121.36587857493187, 18.0402], [121.36641857493187, 18.0402]]}}, {"type": "Feature", "properties": {"id": "CTR-04761", "elevation_m": 75.0}, "geometry": {"type": "LineString", "coordinates": [[121.36599107493187, 18.039299999999997], [121.36653107493187, 18.039299999999997]]}}, {"type": "Feature", "properties": {"id": "CTR-04762", "elevation_m": 75.0}, "geometry": {"type": "LineString", "coordinates": [[121.3659428536396, 18.0384], [121.3664828536396, 18.0384]]}}, {"type": "Feature", "properties": {"id": "CTR-04763", "elevation_m": 75.0}, "geometry": {"type": "LineString", "coordinates": [[121.36573392506811, 18.037499999999998], [121.36627392506811, 18.037499999999998]]}}, {"type": "Feature", "properties": {"id": "CTR-04764", "elevation_m": 75.0}, "geometry": {"type": "LineString", "coordinates": [[121.36541249999999, 18.0366], [121.36595249999999, 18.0366]]}}, {"type": "Feature", "properties": {"id": "CTR-04765", "elevation_m": 75.0}, "geometry": {"type": "LineString", "coordinates": [[121.35719999999999, 18.0357], [121.35773999999999, 18.0357]]}}, {"type": "Feature", "properties": {"id": "CTR-04766", "elevation_m": 75.0}, "geometry": {"type": "LineString", "coordinates": [[121.35719999999999, 18.0357], [121.35773999999999, 18.0357]]}}, {"type": "Feature", "properties": {"id": "CTR-04767", "elevation_m": 75.0}, "geometry": {"type": "LineString", "coordinates": [[121.364911360799, 18.0357], [121.365451360799, 18.0357]]}}, {"type": "Feature", "properties": {"id": "CTR-04768", "elevation_m": 75.0}, "geometry": {"type": "LineString", "coordinates": [[121.35551738870828, 18.034799999999997], [121.35605738870828, 18.034799999999997]]}}, {"type": "Feature", "properties": {"id": "CTR-04769", "elevation_m": 75.0}, "geometry": {"type": "LineString", "coordinates": [[121.35940000847708, 18.034799999999997], [121.35994000847708, 18.034799999999997]]}}, {"type": "Feature", "properties": {"id": "CTR-04770", "elevation_m": 75.0}, "geometry": {"type": "LineString", "coordinates": [[121.36430690063402, 18.034799999999997], [121.36484690063402, 18.034799999999997]]}}, {"type": "Feature", "properties": {"id": "CTR-04771", "elevation_m": 75.0}, "geometry": {"type": "LineString", "coordinates": [[121.35485526220687, 18.0339], [121.35539526220687, 18.0339]]}}, {"type": "Feature", "properties": {"id": "CTR-04772", "elevation_m": 75.0}, "geometry": {"type": "LineString", "coordinates": [[121.36069413427879, 18.0339], [121.36123413427879, 18.0339]]}}, {"type": "Feature", "properties": {"id": "CTR-04773", "elevation_m": 75.0}, "geometry": {"type": "LineString", "coordinates": [[121.36349999999999, 18.0339], [121.36403999999999, 18.0339]]}}, {"type": "Feature", "properties": {"id": "CTR-04774", "elevation_m": 75.0}, "geometry": {"type": "LineString", "coordinates": [[121.36349999999999, 18.0339], [121.36403999999999, 18.0339]]}}, {"type": "Feature", "properties": {"id": "CTR-04775", "elevation_m": 75.0}, "geometry": {"type": "LineString", "coordinates": [[121.35441175969004, 18.032999999999998], [121.35495175969004, 18.032999999999998]]}}, {"type": "Feature", "properties": {"id": "CTR-04776", "elevation_m": 75.0}, "geometry": {"type": "LineString", "coordinates": [[121.35417115232254, 18.0321], [121.35471115232254, 18.0321]]}}, {"type": "Feature", "properties": {"id": "CTR-04777", "elevation_m": 75.0}, "geometry": {"type": "LineString", "coordinates": [[121.35411923178496, 18.0312], [121.35465923178496, 18.0312]]}}, {"type": "Feature", "properties": {"id": "CTR-04778", "elevation_m": 75.0}, "geometry": {"type": "LineString", "coordinates": [[121.35423529253369, 18.030299999999997], [121.35477529253369, 18.030299999999997]]}}, {"type": "Feature", "properties": {"id": "CTR-04779", "elevation_m": 75.0}, "geometry": {"type": "LineString", "coordinates": [[121.35454736081273, 18.0294], [121.35508736081273, 18.0294]]}}, {"type": "Feature", "properties": {"id": "CTR-04780", "elevation_m": 75.0}, "geometry": {"type": "LineString", "coordinates": [[121.3617, 18.0294], [121.36224, 18.0294]]}}, {"type": "Feature", "properties": {"id": "CTR-04781", "elevation_m": 75.0}, "geometry": {"type": "LineString", "coordinates": [[121.3626, 18.0294], [121.36314, 18.0294]]}}, {"type": "Feature", "properties": {"id": "CTR-04782", "elevation_m": 75.0}, "geometry": {"type": "LineString", "coordinates": [[121.35513947035557, 18.028499999999998], [121.35567947035557, 18.028499999999998]]}}, {"type": "Feature", "properties": {"id": "CTR-04783", "elevation_m": 75.0}, "geometry": {"type": "LineString", "coordinates": [[121.36010000423855, 18.028499999999998], [121.36064000423855, 18.028499999999998]]}}, {"type": "Feature", "properties": {"id": "CTR-04784", "elevation_m": 75.0}, "geometry": {"type": "LineString", "coordinates": [[121.36387242114124, 18.028499999999998], [121.36441242114124, 18.028499999999998]]}}, {"type": "Feature", "properties": {"id": "CTR-04785", "elevation_m": 75.0}, "geometry": {"type": "LineString", "coordinates": [[121.35618261129171, 18.0276], [121.35672261129172, 18.0276]]}}, {"type": "Feature", "properties": {"id": "CTR-04786", "elevation_m": 75.0}, "geometry": {"type": "LineString", "coordinates": [[121.35846, 18.0276], [121.359, 18.0276]]}}, {"type": "Feature", "properties": {"id": "CTR-04787", "elevation_m": 75.0}, "geometry": {"type": "LineString", "coordinates": [[121.36469302177036, 18.0276], [121.36523302177036, 18.0276]]}}, {"type": "Feature", "properties": {"id": "CTR-04788", "elevation_m": 75.0}, "geometry": {"type": "LineString", "coordinates": [[121.36536428746594, 18.026699999999998], [121.36590428746594, 18.026699999999998]]}}, {"type": "Feature", "properties": {"id": "CTR-04789", "elevation_m": 75.0}, "geometry": {"type": "LineString", "coordinates": [[121.36589464176237, 18.0258], [121.36643464176237, 18.0258]]}}, {"type": "Feature", "properties": {"id": "CTR-04790", "elevation_m": 75.0}, "geometry": {"type": "LineString", "coordinates": [[121.36632856675749, 18.0249], [121.36686856675749, 18.0249]]}}, {"type": "Feature", "properties": {"id": "CTR-04791", "elevation_m": 75.0}, "geometry": {"type": "LineString", "coordinates": [[121.3666359344825, 18.023999999999997], [121.3671759344825, 18.023999999999997]]}}, {"type": "Feature", "properties": {"id": "CTR-04792", "elevation_m": 75.0}, "geometry": {"type": "LineString", "coordinates": [[121.36679062298833, 18.0231], [121.36733062298833, 18.0231]]}}, {"type": "Feature", "properties": {"id": "CTR-04793", "elevation_m": 75.0}, "geometry": {"type": "LineString", "coordinates": [[121.36681428882834, 18.022199999999998], [121.36735428882834, 18.022199999999998]]}}, {"type": "Feature", "properties": {"id": "CTR-04794", "elevation_m": 75.0}, "geometry": {"type": "LineString", "coordinates": [[121.36669218582361, 18.0213], [121.36723218582361, 18.0213]]}}, {"type": "Feature", "properties": {"id": "CTR-04795", "elevation_m": 75.0}, "geometry": {"type": "LineString", "coordinates": [[121.36643906015306, 18.0204], [121.36697906015306, 18.0204]]}}, {"type": "Feature", "properties": {"id": "CTR-04796", "elevation_m": 75.0}, "geometry": {"type": "LineString", "coordinates": [[121.36608749999999, 18.019499999999997], [121.36662749999999, 18.019499999999997]]}}, {"type": "Feature", "properties": {"id": "CTR-04797", "elevation_m": 75.0}, "geometry": {"type": "LineString", "coordinates": [[121.36565357493187, 18.0186], [121.36619357493187, 18.0186]]}}, {"type": "Feature", "properties": {"id": "CTR-04798", "elevation_m": 75.0}, "geometry": {"type": "LineString", "coordinates": [[121.36521627721297, 18.017699999999998], [121.36575627721297, 18.017699999999998]]}}, {"type": "Feature", "properties": {"id": "CTR-04799", "elevation_m": 75.0}, "geometry": {"type": "LineString", "coordinates": [[121.35626086177729, 18.0168], [121.35680086177729, 18.0168]]}}, {"type": "Feature", "properties": {"id": "CTR-04800", "elevation_m": 75.0}, "geometry": {"type": "LineString", "coordinates": [[121.35834000305172, 18.0168], [121.35888000305172, 18.0168]]}}, {"type": "Feature", "properties": {"id": "CTR-04801", "elevation_m": 75.0}, "geometry": {"type": "LineString", "coordinates": [[121.3647477276274, 18.0168], [121.3652877276274, 18.0168]]}}, {"type": "Feature", "properties": {"id": "CTR-04802", "elevation_m": 75.0}, "geometry": {"type": "LineString", "coordinates": [[121.35563477741657, 18.0159], [121.35617477741657, 18.0159]]}}, {"type": "Feature", "properties": {"id": "CTR-04803", "elevation_m": 75.0}, "geometry": {"type": "LineString", "coordinates": [[121.3592368535175, 18.0159], [121.3597768535175, 18.0159]]}}, {"type": "Feature", "properties": {"id": "CTR-04804", "elevation_m": 75.0}, "geometry": {"type": "LineString", "coordinates": [[121.36442045880149, 18.0159], [121.36496045880149, 18.0159]]}}, {"type": "Feature", "properties": {"id": "CTR-04805", "elevation_m": 75.0}, "geometry": {"type": "LineString", "coordinates": [[121.35537631103436, 18.014999999999997], [121.35591631103436, 18.014999999999997]]}}, {"type": "Feature", "properties": {"id": "CTR-04806", "elevation_m": 75.0}, "geometry": {"type": "LineString", "coordinates": [[121.35956842675874, 18.014999999999997], [121.36010842675874, 18.014999999999997]]}}, {"type": "Feature", "properties": {"id": "CTR-04807", "elevation_m": 75.0}, "geometry": {"type": "LineString", "coordinates": [[121.36421380126805, 18.014999999999997], [121.36475380126805, 18.014999999999997]]}}, {"type": "Feature", "properties": {"id": "CTR-04808", "elevation_m": 75.0}, "geometry": {"type": "LineString", "coordinates": [[121.35551738870828, 18.0141], [121.35605738870828, 18.0141]]}}, {"type": "Feature", "properties": {"id": "CTR-04809", "elevation_m": 75.0}, "geometry": {"type": "LineString", "coordinates": [[121.35940000847708, 18.0141], [121.35994000847708, 18.0141]]}}, {"type": "Feature", "properties": {"id": "CTR-04810", "elevation_m": 75.0}, "geometry": {"type": "LineString", "coordinates": [[121.36430690063402, 18.0141], [121.36484690063402, 18.0141]]}}, {"type": "Feature", "properties": {"id": "CTR-04811", "elevation_m": 75.0}, "geometry": {"type": "LineString", "coordinates": [[121.35606522258342, 18.013199999999998], [121.35660522258343, 18.013199999999998]]}}, {"type": "Feature", "properties": {"id": "CTR-04812", "elevation_m": 75.0}, "geometry": {"type": "LineString", "coordinates": [[121.35867855040871, 18.013199999999998], [121.35921855040871, 18.013199999999998]]}}, {"type": "Feature", "properties": {"id": "CTR-04813", "elevation_m": 75.0}, "geometry": {"type": "LineString", "coordinates": [[121.36463023367222, 18.013199999999998], [121.36517023367222, 18.013199999999998]]}}, {"type": "Feature", "properties": {"id": "CTR-04814", "elevation_m": 75.0}, "geometry": {"type": "LineString", "coordinates": [[121.36511163236337, 18.0123], [121.36565163236337, 18.0123]]}}, {"type": "Feature", "properties": {"id": "CTR-04815", "elevation_m": 75.0}, "geometry": {"type": "LineString", "coordinates": [[121.36562727045735, 18.0114], [121.36616727045735, 18.0114]]}}, {"type": "Feature", "properties": {"id": "CTR-04816", "elevation_m": 75.0}, "geometry": {"type": "LineString", "coordinates": [[121.36616786239782, 18.010499999999997], [121.36670786239782, 18.010499999999997]]}}, {"type": "Feature", "properties": {"id": "CTR-04817", "elevation_m": 75.0}, "geometry": {"type": "LineString", "coordinates": [[121.36664999999999, 18.0096], [121.36719, 18.0096]]}}, {"type": "Feature", "properties": {"id": "CTR-04818", "elevation_m": 75.0}, "geometry": {"type": "LineString", "coordinates": [[121.3670859344825, 18.008699999999997], [121.3676259344825, 18.008699999999997]]}}, {"type": "Feature", "properties": {"id": "CTR-04819", "elevation_m": 75.0}, "geometry": {"type": "LineString", "coordinates": [[121.36741363920099, 18.0078], [121.36795363920099, 18.0078]]}}, {"type": "Feature", "properties": {"id": "CTR-04820", "elevation_m": 75.0}, "geometry": {"type": "LineString", "coordinates": [[121.36762388120886, 18.006899999999998], [121.36816388120886, 18.006899999999998]]}}, {"type": "Feature", "properties": {"id": "CTR-04821", "elevation_m": 75.0}, "geometry": {"type": "LineString", "coordinates": [[121.36770447516454, 18.006], [121.36824447516454, 18.006]]}}, {"type": "Feature", "properties": {"id": "CTR-04822", "elevation_m": 75.0}, "geometry": {"type": "LineString", "coordinates": [[121.36763731695096, 18.0051], [121.36817731695096, 18.0051]]}}, {"type": "Feature", "properties": {"id": "CTR-04823", "elevation_m": 75.0}, "geometry": {"type": "LineString", "coordinates": [[121.36744925357837, 18.004199999999997], [121.36798925357837, 18.004199999999997]]}}, {"type": "Feature", "properties": {"id": "CTR-04824", "elevation_m": 75.0}, "geometry": {"type": "LineString", "coordinates": [[121.36715454640033, 18.0033], [121.36769454640033, 18.0033]]}}, {"type": "Feature", "properties": {"id": "CTR-04825", "elevation_m": 75.0}, "geometry": {"type": "LineString", "coordinates": [[121.3668, 18.002399999999998], [121.36734, 18.002399999999998]]}}, {"type": "Feature", "properties": {"id": "CTR-04826", "elevation_m": 75.0}, "geometry": {"type": "LineString", "coordinates": [[121.36642500268218, 18.0015], [121.36696500268218, 18.0015]]}}, {"type": "Feature", "properties": {"id": "CTR-04827", "elevation_m": 75.0}, "geometry": {"type": "LineString", "coordinates": [[121.3660690886392, 18.0006], [121.3666090886392, 18.0006]]}}, {"type": "Feature", "properties": {"id": "CTR-04828", "elevation_m": 75.0}, "geometry": {"type": "LineString", "coordinates": [[121.36576607493187, 17.999699999999997], [121.36630607493187, 17.999699999999997]]}}, {"type": "Feature", "properties": {"id": "CTR-04829", "elevation_m": 75.0}, "geometry": {"type": "LineString", "coordinates": [[121.36560535823762, 17.9988], [121.36614535823762, 17.9988]]}}, {"type": "Feature", "properties": {"id": "CTR-04830", "elevation_m": 75.0}, "geometry": {"type": "LineString", "coordinates": [[121.36560535823762, 17.997899999999998], [121.36614535823762, 17.997899999999998]]}}, {"type": "Feature", "properties": {"id": "CTR-04831", "elevation_m": 75.0}, "geometry": {"type": "LineString", "coordinates": [[121.36577454431959, 17.997], [121.3663145443196, 17.997]]}}, {"type": "Feature", "properties": {"id": "CTR-04832", "elevation_m": 75.0}, "geometry": {"type": "LineString", "coordinates": [[121.36610357493187, 17.9961], [121.36664357493187, 17.9961]]}}, {"type": "Feature", "properties": {"id": "CTR-04833", "elevation_m": 75.0}, "geometry": {"type": "LineString", "coordinates": [[121.36650937701165, 17.995199999999997], [121.36704937701165, 17.995199999999997]]}}, {"type": "Feature", "properties": {"id": "CTR-04834", "elevation_m": 75.0}, "geometry": {"type": "LineString", "coordinates": [[121.36697344252914, 17.9943], [121.36751344252914, 17.9943]]}}, {"type": "Feature", "properties": {"id": "CTR-04835", "elevation_m": 75.0}, "geometry": {"type": "LineString", "coordinates": [[121.36744925357837, 17.993399999999998], [121.36798925357837, 17.993399999999998]]}}, {"type": "Feature", "properties": {"id": "CTR-04836", "elevation_m": 75.0}, "geometry": {"type": "LineString", "coordinates": [[121.36789090719932, 17.9925], [121.36843090719933, 17.9925]]}}, {"type": "Feature", "properties": {"id": "CTR-04837", "elevation_m": 75.0}, "geometry": {"type": "LineString", "coordinates": [[121.36826719118804, 17.9916], [121.36880719118804, 17.9916]]}}, {"type": "Feature", "properties": {"id": "CTR-04838", "elevation_m": 75.0}, "geometry": {"type": "LineString", "coordinates": [[121.36854843716472, 17.990699999999997], [121.36908843716472, 17.990699999999997]]}}, {"type": "Feature", "properties": {"id": "CTR-04839", "elevation_m": 75.0}, "geometry": {"type": "LineString", "coordinates": [[121.36867845698792, 17.9898], [121.36921845698792, 17.9898]]}}, {"type": "Feature", "properties": {"id": "CTR-04840", "elevation_m": 75.0}, "geometry": {"type": "LineString", "coordinates": [[121.36867499731781, 17.988899999999997], [121.36921499731781, 17.988899999999997]]}}, {"type": "Feature", "properties": {"id": "CTR-04841", "elevation_m": 75.0}, "geometry": {"type": "LineString", "coordinates": [[121.3685261549838, 17.988], [121.3690661549838, 17.988]]}}, {"type": "Feature", "properties": {"id": "CTR-04842", "elevation_m": 75.0}, "geometry": {"type": "LineString", "coordinates": [[121.36826719118804, 17.987099999999998], [121.36880719118804, 17.987099999999998]]}}, {"type": "Feature", "properties": {"id": "CTR-04843", "elevation_m": 75.0}, "geometry": {"type": "LineString", "coordinates": [[121.36793181439866, 17.9862], [121.36847181439866, 17.9862]]}}, {"type": "Feature", "properties": {"id": "CTR-04844", "elevation_m": 75.0}, "geometry": {"type": "LineString", "coordinates": [[121.36757014848891, 17.9853], [121.36811014848891, 17.9853]]}}, {"type": "Feature", "properties": {"id": "CTR-04845", "elevation_m": 75.0}, "geometry": {"type": "LineString", "coordinates": [[121.36723432667561, 17.984399999999997], [121.36777432667562, 17.984399999999997]]}}, {"type": "Feature", "properties": {"id": "CTR-04846", "elevation_m": 75.0}, "geometry": {"type": "LineString", "coordinates": [[121.36694531149416, 17.9835], [121.36748531149416, 17.9835]]}}, {"type": "Feature", "properties": {"id": "CTR-04847", "elevation_m": 75.0}, "geometry": {"type": "LineString", "coordinates": [[121.3667625026822, 17.982599999999998], [121.36730250268221, 17.982599999999998]]}}, {"type": "Feature", "properties": {"id": "CTR-04848", "elevation_m": 75.0}, "geometry": {"type": "LineString", "coordinates": [[121.36672031685859, 17.9817], [121.36726031685859, 17.9817]]}}, {"type": "Feature", "properties": {"id": "CTR-04849", "elevation_m": 75.0}, "geometry": {"type": "LineString", "coordinates": [[121.36681875402331, 17.9808], [121.36735875402331, 17.9808]]}}, {"type": "Feature", "properties": {"id": "CTR-04850", "elevation_m": 75.0}, "geometry": {"type": "LineString", "coordinates": [[121.36705781417638, 17.979899999999997], [121.36759781417638, 17.979899999999997]]}}, {"type": "Feature", "properties": {"id": "CTR-04851", "elevation_m": 75.0}, "geometry": {"type": "LineString", "coordinates": [[121.3674089570594, 17.979], [121.3679489570594, 17.979]]}}, {"type": "Feature", "properties": {"id": "CTR-04852", "elevation_m": 75.0}, "geometry": {"type": "LineString", "coordinates": [[121.36783636079899, 17.978099999999998], [121.36837636079899, 17.978099999999998]]}}, {"type": "Feature", "properties": {"id": "CTR-04853", "elevation_m": 75.0}, "geometry": {"type": "LineString", "coordinates": [[121.36832343867344, 17.9772], [121.36886343867344, 17.9772]]}}, {"type": "Feature", "properties": {"id": "CTR-04854", "elevation_m": 75.0}, "geometry": {"type": "LineString", "coordinates": [[121.36880156283527, 17.9763], [121.36934156283527, 17.9763]]}}, {"type": "Feature", "properties": {"id": "CTR-04855", "elevation_m": 75.0}, "geometry": {"type": "LineString", "coordinates": [[121.36926964482772, 17.975399999999997], [121.36980964482773, 17.975399999999997]]}}, {"type": "Feature", "properties": {"id": "CTR-04856", "elevation_m": 75.0}, "geometry": {"type": "LineString", "coordinates": [[121.36963928746593, 17.9745], [121.37017928746593, 17.9745]]}}, {"type": "Feature", "properties": {"id": "CTR-04857", "elevation_m": 75.0}, "geometry": {"type": "LineString", "coordinates": [[121.3698818196005, 17.973599999999998], [121.3704218196005, 17.973599999999998]]}}, {"type": "Feature", "properties": {"id": "CTR-04858", "elevation_m": 75.0}, "geometry": {"type": "LineString", "coordinates": [[121.36996000203447, 17.9727], [121.37050000203448, 17.9727]]}}, {"type": "Feature", "properties": {"id": "CTR-04859", "elevation_m": 75.0}, "geometry": {"type": "LineString", "coordinates": [[121.3698204588015, 17.971799999999998], [121.3703604588015, 17.971799999999998]]}}, {"type": "Feature", "properties": {"id": "CTR-04860", "elevation_m": 75.0}, "geometry": {"type": "LineString", "coordinates": [[121.369575, 17.9709], [121.370115, 17.9709]]}}, {"type": "Feature", "properties": {"id": "CTR-04861", "elevation_m": 80.0}, "geometry": {"type": "LineString", "coordinates": [[121.35014999809265, 18.008699999999997], [121.35068999809265, 18.008699999999997]]}}, {"type": "Feature", "properties": {"id": "CTR-04862", "elevation_m": 80.0}, "geometry": {"type": "LineString", "coordinates": [[121.35052499904631, 18.0078], [121.35106499904632, 18.0078]]}}, {"type": "Feature", "properties": {"id": "CTR-04863", "elevation_m": 80.0}, "geometry": {"type": "LineString", "coordinates": [[121.35075000190734, 18.006899999999998], [121.35129000190734, 18.006899999999998]]}}, {"type": "Feature", "properties": {"id": "CTR-04864", "elevation_m": 80.0}, "geometry": {"type": "LineString", "coordinates": [[121.35083999847411, 18.006], [121.35137999847412, 18.006]]}}, {"type": "Feature", "properties": {"id": "CTR-04865", "elevation_m": 80.0}, "geometry": {"type": "LineString", "coordinates": [[121.35076500514985, 18.0051], [121.35130500514985, 18.0051]]}}, {"type": "Feature", "properties": {"id": "CTR-04866", "elevation_m": 80.0}, "geometry": {"type": "LineString", "coordinates": [[121.35055499847414, 18.004199999999997], [121.35109499847414, 18.004199999999997]]}}, {"type": "Feature", "properties": {"id": "CTR-04867", "elevation_m": 80.0}, "geometry": {"type": "LineString", "coordinates": [[121.35022500286102, 18.0033], [121.35076500286102, 18.0033]]}}, {"type": "Feature", "properties": {"id": "CTR-04868", "elevation_m": 80.0}, "geometry": {"type": "LineString", "coordinates": [[121.35001500324249, 17.9943], [121.35055500324249, 17.9943]]}}, {"type": "Feature", "properties": {"id": "CTR-04869", "elevation_m": 80.0}, "geometry": {"type": "LineString", "coordinates": [[121.35052499904631, 17.993399999999998], [121.35106499904632, 17.993399999999998]]}}, {"type": "Feature", "properties": {"id": "CTR-04870", "elevation_m": 80.0}, "geometry": {"type": "LineString", "coordinates": [[121.35100909280067, 17.9925], [121.35154909280067, 17.9925]]}}, {"type": "Feature", "properties": {"id": "CTR-04871", "elevation_m": 80.0}, "geometry": {"type": "LineString", "coordinates": [[121.35138461213423, 17.9916], [121.35192461213423, 17.9916]]}}, {"type": "Feature", "properties": {"id": "CTR-04872", "elevation_m": 80.0}, "geometry": {"type": "LineString", "coordinates": [[121.35164999999999, 17.990699999999997], [121.35219, 17.990699999999997]]}}, {"type": "Feature", "properties": {"id": "CTR-04873", "elevation_m": 80.0}, "geometry": {"type": "LineString", "coordinates": [[121.351786360799, 17.9898], [121.352326360799, 17.9898]]}}, {"type": "Feature", "properties": {"id": "CTR-04874", "elevation_m": 80.0}, "geometry": {"type": "LineString", "coordinates": [[121.35177273168645, 17.988899999999997], [121.35231273168645, 17.988899999999997]]}}, {"type": "Feature", "properties": {"id": "CTR-04875", "elevation_m": 80.0}, "geometry": {"type": "LineString", "coordinates": [[121.35163384274094, 17.988], [121.35217384274094, 17.988]]}}, {"type": "Feature", "properties": {"id": "CTR-04876", "elevation_m": 80.0}, "geometry": {"type": "LineString", "coordinates": [[121.35137727351544, 17.987099999999998], [121.35191727351544, 17.987099999999998]]}}, {"type": "Feature", "properties": {"id": "CTR-04877", "elevation_m": 80.0}, "geometry": {"type": "LineString", "coordinates": [[121.35103845910066, 17.9862], [121.35157845910066, 17.9862]]}}, {"type": "Feature", "properties": {"id": "CTR-04878", "elevation_m": 80.0}, "geometry": {"type": "LineString", "coordinates": [[121.35065999694827, 17.9853], [121.35119999694827, 17.9853]]}}, {"type": "Feature", "properties": {"id": "CTR-04879", "elevation_m": 80.0}, "geometry": {"type": "LineString", "coordinates": [[121.35027000114441, 17.984399999999997], [121.35081000114441, 17.984399999999997]]}}, {"type": "Feature", "properties": {"id": "CTR-04880", "elevation_m": 80.0}, "geometry": {"type": "LineString", "coordinates": [[121.35007500381465, 17.979899999999997], [121.35061500381465, 17.979899999999997]]}}, {"type": "Feature", "properties": {"id": "CTR-04881", "elevation_m": 80.0}, "geometry": {"type": "LineString", "coordinates": [[121.35046499752043, 17.979], [121.35100499752043, 17.979]]}}, {"type": "Feature", "properties": {"id": "CTR-04882", "elevation_m": 80.0}, "geometry": {"type": "LineString", "coordinates": [[121.35092768791961, 17.978099999999998], [121.35146768791961, 17.978099999999998]]}}, {"type": "Feature", "properties": {"id": "CTR-04883", "elevation_m": 80.0}, "geometry": {"type": "LineString", "coordinates": [[121.35140454640033, 17.9772], [121.35194454640033, 17.9772]]}}, {"type": "Feature", "properties": {"id": "CTR-04884", "elevation_m": 80.0}, "geometry": {"type": "LineString", "coordinates": [[121.35186818560133, 17.9763], [121.35240818560133, 17.9763]]}}, {"type": "Feature", "properties": {"id": "CTR-04885", "elevation_m": 80.0}, "geometry": {"type": "LineString", "coordinates": [[121.35227727351543, 17.975399999999997], [121.35281727351543, 17.975399999999997]]}}, {"type": "Feature", "properties": {"id": "CTR-04886", "elevation_m": 80.0}, "geometry": {"type": "LineString", "coordinates": [[121.35259090719933, 17.9745], [121.35313090719933, 17.9745]]}}, {"type": "Feature", "properties": {"id": "CTR-04887", "elevation_m": 80.0}, "geometry": {"type": "LineString", "coordinates": [[121.35278852089951, 17.973599999999998], [121.35332852089951, 17.973599999999998]]}}, {"type": "Feature", "properties": {"id": "CTR-04888", "elevation_m": 80.0}, "geometry": {"type": "LineString", "coordinates": [[121.35284753858468, 17.9727], [121.35338753858468, 17.9727]]}}, {"type": "Feature", "properties": {"id": "CTR-04889", "elevation_m": 80.0}, "geometry": {"type": "LineString", "coordinates": [[121.35274426044975, 17.971799999999998], [121.35328426044975, 17.971799999999998]]}}, {"type": "Feature", "properties": {"id": "CTR-04890", "elevation_m": 80.0}, "geometry": {"type": "LineString", "coordinates": [[121.35252537634653, 17.9709], [121.35306537634654, 17.9709]]}}]}