{
  "type": "FeatureCollection",
  "features": [
    {
      "type": "Feature",
      "properties": {
        "name": "Lasam, Cagayan",
        "admin_level": "6",
        "data_source": "OpenStreetMap"
      },
      "geometry": {
        "type": "Polygon",
        "coordinates": [
          [
            [
              121.4036639,
              18.0274307
            ],
            [
              121.4043396,
              18.0259843
            ],
            [
              121.4044255,
              18.0241479
            ],
            [
              121.4048975,
              18.0232501
            ],
            [
              121.4075154,
              18.0220666
            ],
            [
              121.4086526,
              18.0223114
            ],
            [
              121.4112705,
              18.021332
            ],
            [
              121.4138668,
              18.0207811
            ],
            [
              121.4139312,
              18.0197608
            ],
            [
              121.4164203,
              18.0183529
            ],
            [
              121.418094,
              18.0167408
            ],
            [
              121.4185661,
              18.0179447
            ],
            [
              121.4192098,
              18.0182304
            ],
            [
              121.4202827,
              18.0175979
            ],
            [
              121.4208835,
              18.0169449
            ],
            [
              121.42039,
              18.0161287
            ],
            [
              121.4215272,
              18.0157205
            ],
            [
              121.4236515,
              18.014537
            ],
            [
              121.4246815,
              18.0144758
            ],
            [
              121.4249819,
              18.0135167
            ],
            [
              121.4275602,
              18.0136785
            ],
            [
              121.4284237,
              18.0133285
            ],
            [
              121.4302924,
              18.0117533
            ],
            [
              121.4326142,
              18.0109052
            ],
            [
              121.4335451,
              18.0107224
            ],
            [
              121.433846,
              18.0109699
            ],
            [
              121.4343094,
              18.0110163
            ],
            [
              121.4344233,
              18.0106915
            ],
            [
              121.4343989,
              18.0103204
            ],
            [
              121.4350006,
              18.0097404
            ],
            [
              121.4357161,
              18.0086888
            ],
            [
              121.436269,
              18.008944
            ],
            [
              121.4367487,
              18.0088976
            ],
            [
              121.4375618,
              18.0084027
            ],
            [
              121.4380334,
              18.0081475
            ],
            [
              121.4386432,
              18.0078769
            ],
            [
              121.4392124,
              18.0079233
            ],
            [
              121.4398547,
              18.0079387
            ],
            [
              121.4403426,
              18.0076139
            ],
            [
              121.4410825,
              18.0068871
            ],
            [
              121.4415541,
              18.0065855
            ],
            [
              121.4419688,
              18.0065004
            ],
            [
              121.442229,
              18.0064695
            ],
            [
              121.4425461,
              18.0067015
            ],
            [
              121.4433592,
              18.0064927
            ],
            [
              121.4442698,
              18.0058818
            ],
            [
              121.4448959,
              18.005588
            ],
            [
              121.4454,
              18.0053251
            ],
            [
              121.4460993,
              18.0053019
            ],
            [
              121.4469774,
              18.0048534
            ],
            [
              121.44701,
              18.0042657
            ],
            [
              121.4471238,
              18.00391
            ],
            [
              121.4474988,
              18.0034742
            ],
            [
              121.4480354,
              18.0029406
            ],
            [
              121.4484501,
              18.0025927
            ],
            [
              121.4488566,
              18.0028788
            ],
            [
              121.4494746,
              18.0031803
            ],
            [
              121.4504097,
              18.0032499
            ],
            [
              121.4505885,
              18.0035361
            ],
            [
              121.4512878,
              18.0036057
            ],
            [
              121.4517187,
              18.0038144
            ],
            [
              121.4519871,
              18.0038067
            ],
            [
              121.4526294,
              18.0037912
            ],
            [
              121.4531823,
              18.0036134
            ],
            [
              121.45341,
              18.0039536
            ],
            [
              121.453849,
              18.0040774
            ],
            [
              121.4541499,
              18.0038686
            ],
            [
              121.4545727,
              18.0042861
            ],
            [
              121.4551906,
              18.0045877
            ],
            [
              121.4553939,
              18.0043093
            ],
            [
              121.4553045,
              18.0038531
            ],
            [
              121.455524,
              18.0036907
            ],
            [
              121.4561664,
              18.0035283
            ],
            [
              121.4563778,
              18.0032035
            ],
            [
              121.4569795,
              18.0032963
            ],
            [
              121.4572966,
              18.0029406
            ],
            [
              121.4580121,
              18.0032422
            ],
            [
              121.4584674,
              18.002871
            ],
            [
              121.4589063,
              18.002815
            ],
            [
              121.460145,
              18.0019803
            ],
            [
              121.4600846,
              18.0011105
            ],
            [
              121.4601275,
              18.0006666
            ],
            [
              121.4602723,
              18.000386
            ],
            [
              121.4605245,
              18.0001513
            ],
            [
              121.4607766,
              18.0000493
            ],
            [
              121.4612969,
              18.0001921
            ],
            [
              121.4616242,
              18.0007176
            ],
            [
              121.4620104,
              18.0007992
            ],
            [
              121.4626327,
              18.0006921
            ],
            [
              121.4630726,
              18.000488
            ],
            [
              121.4636412,
              18.0002482
            ],
            [
              121.4639792,
              18.000335
            ],
            [
              121.4647892,
              18.0006462
            ],
            [
              121.4649716,
              18.0006972
            ],
            [
              121.4651647,
              18.0005799
            ],
            [
              121.4653739,
              18.000687
            ],
            [
              121.4654758,
              18.0006105
            ],
            [
              121.4654812,
              18.0005033
            ],
            [
              121.4653256,
              18.0005084
            ],
            [
              121.4653095,
              18.0004166
            ],
            [
              121.4653524,
              18.0003248
            ],
            [
              121.4654705,
              18.0003299
            ],
            [
              121.4655724,
              18.0002278
            ],
            [
              121.4655938,
              18.0001156
            ],
            [
              121.4654812,
              17.9999778
            ],
            [
              121.465508,
              17.9998758
            ],
            [
              121.4656368,
              17.9997585
            ],
            [
              121.4656007,
              17.9996355
            ],
            [
              121.4658121,
              17.9993107
            ],
            [
              121.4665317,
              17.9992798
            ],
            [
              121.4669382,
              17.999129
            ],
            [
              121.4670561,
              17.9992141
            ],
            [
              121.4674261,
              17.9991715
            ],
            [
              121.467908,
              17.9995166
            ],
            [
              121.4683479,
              17.9997003
            ],
            [
              121.4689165,
              17.9997207
            ],
            [
              121.469587,
              17.999537
            ],
            [
              121.4699143,
              17.9994299
            ],
            [
              121.4703541,
              17.9993125
            ],
            [
              121.4707458,
              17.9992564
            ],
            [
              121.4709442,
              17.9993942
            ],
            [
              121.4710462,
              17.9995829
            ],
            [
              121.4713734,
              17.9994656
            ],
            [
              121.4716255,
              17.9991952
            ],
            [
              121.4718025,
              17.9991187
            ],
            [
              121.4720118,
              17.999236
            ],
            [
              121.4722317,
              17.9992411
            ],
            [
              121.4723175,
              17.999333
            ],
            [
              121.4727306,
              17.9989758
            ],
            [
              121.4729559,
              17.9989401
            ],
            [
              121.473385,
              17.9991187
            ],
            [
              121.4736479,
              17.9993023
            ],
            [
              121.4737766,
              17.9992972
            ],
            [
              121.4738196,
              17.9994503
            ],
            [
              121.4739966,
              17.9995166
            ],
            [
              121.4741092,
              17.999333
            ],
            [
              121.474121,
              17.9992892
            ],
            [
              121.4742631,
              17.9990137
            ],
            [
              121.4744375,
              17.9988351
            ],
            [
              121.4745528,
              17.9988122
            ],
            [
              121.4746842,
              17.9988555
            ],
            [
              121.4748183,
              17.9987458
            ],
            [
              121.4751053,
              17.9982892
            ],
            [
              121.4753441,
              17.9983275
            ],
            [
              121.4755506,
              17.9982943
            ],
            [
              121.475572,
              17.9981617
            ],
            [
              121.4756981,
              17.9980775
            ],
            [
              121.4758724,
              17.9980571
            ],
            [
              121.4761108,
              17.9979921
            ],
            [
              121.4763111,
              17.997828
            ],
            [
              121.4765113,
              17.9977929
            ],
            [
              121.4767886,
              17.9978925
            ],
            [
              121.477106,
              17.9979951
            ],
            [
              121.4774489,
              17.9981539
            ],
            [
              121.4775563,
              17.9983582
            ],
            [
              121.4774863,
              17.9985936
            ],
            [
              121.4774536,
              17.9988156
            ],
            [
              121.477589,
              17.9988778
            ],
            [
              121.478,
              17.9988023
            ],
            [
              121.4781588,
              17.9987179
            ],
            [
              121.4783456,
              17.9988734
            ],
            [
              121.478453,
              17.9989667
            ],
            [
              121.4787425,
              17.9988556
            ],
            [
              121.4790134,
              17.9990599
            ],
            [
              121.4792048,
              17.9993042
            ],
            [
              121.4794944,
              17.9993042
            ],
            [
              121.4795738,
              17.9994907
            ],
            [
              121.4797232,
              17.9997173
            ],
            [
              121.4797419,
              18.0000415
            ],
            [
              121.4797559,
              18.0002636
            ],
            [
              121.4797933,
              18.0003924
            ],
            [
              121.4797933,
              18.0004545
            ],
            [
              121.4800781,
              18.0005878
            ],
            [
              121.4804564,
              18.0006633
            ],
            [
              121.480886,
              18.0005345
            ],
            [
              121.4811055,
              18.0004767
            ],
            [
              121.4813717,
              18.0005256
            ],
            [
              121.4816146,
              18.0006988
            ],
            [
              121.4819274,
              18.0008676
            ],
            [
              121.4824925,
              18.0006189
            ],
            [
              121.4831603,
              18.0002325
            ],
            [
              121.4834172,
              18.000077
            ],
            [
              121.4838608,
              18.0004368
            ],
            [
              121.4842578,
              18.0005611
            ],
            [
              121.4845893,
              18.0004456
            ],
            [
              121.4849022,
              18.00053
            ],
            [
              121.4853365,
              18.0006322
            ],
            [
              121.4855981,
              18.0005967
            ],
            [
              121.4857662,
              18.000268
            ],
            [
              121.4863219,
              18.0002325
            ],
            [
              121.4866208,
              18.0000681
            ],
            [
              121.4867749,
              17.9996551
            ],
            [
              121.4872232,
              17.9996506
            ],
            [
              121.487877,
              17.9994819
            ],
            [
              121.488302,
              17.9994819
            ],
            [
              121.4886522,
              17.9993664
            ],
            [
              121.4891099,
              17.9993708
            ],
            [
              121.4893341,
              17.9990732
            ],
            [
              121.4899039,
              17.9987784
            ],
            [
              121.4905879,
              17.9986612
            ],
            [
              121.4913151,
              17.9984209
            ],
            [
              121.491882,
              17.9985264
            ],
            [
              121.4924304,
              17.9986963
            ],
            [
              121.493367,
              17.9984033
            ],
            [
              121.4937183,
              17.9980634
            ],
            [
              121.4938908,
              17.9977176
            ],
            [
              121.4940017,
              17.9973777
            ],
            [
              121.4943776,
              17.997114
            ],
            [
              121.4950246,
              17.9968092
            ],
            [
              121.497206,
              17.9971726
            ],
            [
              121.4975757,
              17.9975067
            ],
            [
              121.4985124,
              17.997366
            ],
            [
              121.4988143,
              17.997073
            ],
            [
              121.4994737,
              17.9968854
            ],
            [
              121.499942,
              17.9966041
            ],
            [
              121.500589,
              17.9965983
            ],
            [
              121.501464,
              17.9963404
            ],
            [
              121.5042375,
              17.9969508
            ],
            [
              121.5055399,
              17.9979337
            ],
            [
              121.5077533,
              17.9994917
            ],
            [
              121.509412,
              18.0012548
            ],
            [
              121.5114773,
              18.0028323
            ],
            [
              121.5133148,
              18.0041779
            ],
            [
              121.5156403,
              18.0060492
            ],
            [
              121.517608,
              18.0076576
            ],
            [
              121.5184699,
              18.0083999
            ],
            [
              121.5193996,
              18.009658
            ],
            [
              121.5195978,
              18.0103244
            ],
            [
              121.5198951,
              18.0112331
            ],
            [
              121.5203127,
              18.0117717
            ],
            [
              121.5207515,
              18.0122429
            ],
            [
              121.5212824,
              18.0121755
            ],
            [
              121.5218487,
              18.0123775
            ],
            [
              121.5222097,
              18.0126131
            ],
            [
              121.5229954,
              18.0124785
            ],
            [
              121.5235192,
              18.0128689
            ],
            [
              121.5236608,
              18.0127814
            ],
            [
              121.523958,
              18.0127275
            ],
            [
              121.5242837,
              18.0125458
            ],
            [
              121.5244677,
              18.0125458
            ],
            [
              121.5247084,
              18.0126669
            ],
            [
              121.5250906,
              18.0124919
            ],
            [
              121.5254728,
              18.012741
            ],
            [
              121.5257276,
              18.0125525
            ],
            [
              121.525848,
              18.0124515
            ],
            [
              121.5259046,
              18.0121688
            ],
            [
              121.5260533,
              18.0119399
            ],
            [
              121.5266832,
              18.0113678
            ],
            [
              121.5272778,
              18.0109235
            ],
            [
              121.527476,
              18.0105802
            ],
            [
              121.5283891,
              18.0099945
            ],
            [
              121.5284741,
              18.009833
            ],
            [
              121.5290828,
              18.009557
            ],
            [
              121.529281,
              18.0095301
            ],
            [
              121.529642,
              18.0093281
            ],
            [
              121.530272,
              18.009106
            ],
            [
              121.530548,
              18.0092069
            ],
            [
              121.5308949,
              18.0093887
            ],
            [
              121.5312276,
              18.0095099
            ],
            [
              121.5318151,
              18.0093079
            ],
            [
              121.5320557,
              18.0089377
            ],
            [
              121.5322185,
              18.0087088
            ],
            [
              121.5320628,
              18.0082039
            ],
            [
              121.5321053,
              18.0080154
            ],
            [
              121.5324167,
              18.0078741
            ],
            [
              121.5326078,
              18.0078
            ],
            [
              121.5331175,
              18.0077866
            ],
            [
              121.533344,
              18.0076923
            ],
            [
              121.5335776,
              18.0077462
            ],
            [
              121.5340306,
              18.0075577
            ],
            [
              121.5342571,
              18.0076519
            ],
            [
              121.5343916,
              18.0076183
            ],
            [
              121.5346606,
              18.0076654
            ],
            [
              121.5348092,
              18.0074163
            ],
            [
              121.5350357,
              18.0073423
            ],
            [
              121.5354321,
              18.0073423
            ],
            [
              121.5356374,
              18.0071807
            ],
            [
              121.5358144,
              18.0071605
            ],
            [
              121.5364231,
              18.0067499
            ],
            [
              121.536508,
              18.0065681
            ],
            [
              121.5367487,
              18.0065547
            ],
            [
              121.5370743,
              18.0068374
            ],
            [
              121.5380865,
              18.0065749
            ],
            [
              121.5384971,
              18.0067028
            ],
            [
              121.5387448,
              18.0066153
            ],
            [
              121.5389784,
              18.0064268
            ],
            [
              121.539212,
              18.0063796
            ],
            [
              121.5395376,
              18.0064739
            ],
            [
              121.5397145,
              18.0064133
            ],
            [
              121.5398632,
              18.0062114
            ],
            [
              121.5407268,
              18.0060094
            ],
            [
              121.54147,
              18.0061238
            ],
            [
              121.5423619,
              18.0061238
            ],
            [
              121.5429069,
              18.0060296
            ],
            [
              121.5434484,
              18.0061406
            ],
            [
              121.543722,
              18.0063753
            ],
            [
              121.5440171,
              18.0066763
            ],
            [
              121.5440063,
              18.0070232
            ],
            [
              121.5441297,
              18.0072936
            ],
            [
              121.5444838,
              18.007462
            ],
            [
              121.5448593,
              18.0074467
            ],
            [
              121.5451007,
              18.0073395
            ],
            [
              121.545385,
              18.0071048
            ],
            [
              121.5457551,
              18.0067171
            ],
            [
              121.5461575,
              18.0061814
            ],
            [
              121.5464042,
              18.0062018
            ],
            [
              121.5466295,
              18.0063651
            ],
            [
              121.5466885,
              18.0066712
            ],
            [
              121.5465973,
              18.0069263
            ],
            [
              121.5467958,
              18.007115
            ],
            [
              121.5477829,
              18.007314
            ],
            [
              121.5480136,
              18.0072579
            ],
            [
              121.5486305,
              18.007314
            ],
            [
              121.5491562,
              18.0073089
            ],
            [
              121.5497463,
              18.0069314
            ],
            [
              121.5501486,
              18.0070946
            ],
            [
              121.5504758,
              18.0073701
            ],
            [
              121.5504544,
              18.0075232
            ],
            [
              121.5505777,
              18.0077987
            ],
            [
              121.5507548,
              18.0078395
            ],
            [
              121.5510444,
              18.0076099
            ],
            [
              121.5512805,
              18.0074262
            ],
            [
              121.5516828,
              18.0070895
            ],
            [
              121.552171,
              18.0072477
            ],
            [
              121.5524016,
              18.0074415
            ],
            [
              121.5527235,
              18.0081303
            ],
            [
              121.5533082,
              18.0078548
            ],
            [
              121.5537663,
              18.0079677
            ],
            [
              121.5549195,
              18.0085328
            ],
            [
              121.5552091,
              18.0087028
            ],
            [
              121.555545,
              18.0088962
            ],
            [
              121.5558746,
              18.0089196
            ],
            [
              121.556192,
              18.0088522
            ],
            [
              121.5566203,
              18.0087409
            ],
            [
              121.5569068,
              18.0086852
            ],
            [
              121.5568637,
              18.0085504
            ],
            [
              121.5568914,
              18.0083951
            ],
            [
              121.5569499,
              18.00819
            ],
            [
              121.5570331,
              18.0080728
            ],
            [
              121.5571594,
              18.0080376
            ],
            [
              121.557332,
              18.0080025
            ],
            [
              121.557409,
              18.007897
            ],
            [
              121.5576093,
              18.0078677
            ],
            [
              121.5578465,
              18.0079292
            ],
            [
              121.5581238,
              18.0079527
            ],
            [
              121.5584134,
              18.0078677
            ],
            [
              121.5587462,
              18.007897
            ],
            [
              121.5590604,
              18.0078062
            ],
            [
              121.5594178,
              18.0074633
            ],
            [
              121.5594856,
              18.0072905
            ],
            [
              121.5596181,
              18.0071557
            ],
            [
              121.5598061,
              18.0070355
            ],
            [
              121.5599817,
              18.0069183
            ],
            [
              121.5600587,
              18.0069652
            ],
            [
              121.5600679,
              18.0071059
            ],
            [
              121.5599909,
              18.0073227
            ],
            [
              121.5599108,
              18.0074721
            ],
            [
              121.5599694,
              18.0075542
            ],
            [
              121.5601326,
              18.0075366
            ],
            [
              121.5603483,
              18.0073549
            ],
            [
              121.5604346,
              18.0071732
            ],
            [
              121.5603637,
              18.0068744
            ],
            [
              121.5603114,
              18.0065931
            ],
            [
              121.5603545,
              18.0062297
            ],
            [
              121.5605517,
              18.0060715
            ],
            [
              121.5607335,
              18.0059045
            ],
            [
              121.560943,
              18.0057902
            ],
            [
              121.5610724,
              18.0056232
            ],
            [
              121.561211,
              18.0055441
            ],
            [
              121.5613466,
              18.0056056
            ],
            [
              121.5614513,
              18.0058049
            ],
            [
              121.5616886,
              18.0059572
            ],
            [
              121.561908,
              18.006081
            ],
            [
              121.5621926,
              18.0063091
            ],
            [
              121.5622251,
              18.0064212
            ],
            [
              121.5621397,
              18.0065333
            ],
            [
              121.5622617,
              18.0068504
            ],
            [
              121.5623999,
              18.0070514
            ],
            [
              121.5625625,
              18.007005
            ],
            [
              121.562839,
              18.0068736
            ],
            [
              121.5629854,
              18.0068774
            ],
            [
              121.5632211,
              18.0069934
            ],
            [
              121.5632862,
              18.0071094
            ],
            [
              121.5632415,
              18.0071906
            ],
            [
              121.563087,
              18.007237
            ],
            [
              121.562965,
              18.0073646
            ],
            [
              121.5628593,
              18.007527
            ],
            [
              121.5628878,
              18.0076159
            ],
            [
              121.5631154,
              18.0076623
            ],
            [
              121.5631642,
              18.0077396
            ],
            [
              121.5632496,
              18.0078324
            ],
            [
              121.5633106,
              18.0079252
            ],
            [
              121.5636033,
              18.0081224
            ],
            [
              121.5636277,
              18.008335
            ],
            [
              121.5635139,
              18.0085786
            ],
            [
              121.5634935,
              18.0087603
            ],
            [
              121.5639814,
              18.0092011
            ],
            [
              121.564083,
              18.0093983
            ],
            [
              121.5639611,
              18.0095297
            ],
            [
              121.5635992,
              18.0099125
            ],
            [
              121.5634651,
              18.0102179
            ],
            [
              121.5636602,
              18.0106857
            ],
            [
              121.5639853,
              18.0111403
            ],
            [
              121.5641479,
              18.0112447
            ],
            [
              121.5643167,
              18.0115057
            ],
            [
              121.5645525,
              18.0115985
            ],
            [
              121.5647618,
              18.0116352
            ],
            [
              121.5650566,
              18.0115096
            ],
            [
              121.5654408,
              18.0113163
            ],
            [
              121.565644,
              18.0111307
            ],
            [
              121.5656766,
              18.0109876
            ],
            [
              121.5656257,
              18.0108639
            ],
            [
              121.5656806,
              18.0107189
            ],
            [
              121.565766,
              18.0106648
            ],
            [
              121.5658697,
              18.0106938
            ],
            [
              121.5659805,
              18.0107355
            ],
            [
              121.5659295,
              18.0108286
            ],
            [
              121.5658973,
              18.0109523
            ],
            [
              121.5658624,
              18.0110786
            ],
            [
              121.5658236,
              18.0112099
            ],
            [
              121.5657954,
              18.0113464
            ],
            [
              121.5657619,
              18.0114893
            ],
            [
              121.5657002,
              18.0116461
            ],
            [
              121.5656626,
              18.0117711
            ],
            [
              121.5656452,
              18.0119127
            ],
            [
              121.5656519,
              18.0120428
            ],
            [
              121.5656801,
              18.012178
            ],
            [
              121.565727,
              18.0123195
            ],
            [
              121.5657538,
              18.0123922
            ],
            [
              121.5658034,
              18.0125083
            ],
            [
              121.5658557,
              18.0125682
            ],
            [
              121.5659563,
              18.012609
            ],
            [
              121.566022,
              18.0126282
            ],
            [
              121.5661038,
              18.012632
            ],
            [
              121.5662071,
              18.0125912
            ],
            [
              121.566301,
              18.0125823
            ],
            [
              121.5663882,
              18.0125886
            ],
            [
              121.566478,
              18.0125912
            ],
            [
              121.5666027,
              18.0125618
            ],
            [
              121.5667315,
              18.0125134
            ],
            [
              121.5668495,
              18.0124789
            ],
            [
              121.5669554,
              18.0124483
            ],
            [
              121.5670735,
              18.0124267
            ],
            [
              121.5671781,
              18.0124101
            ],
            [
              121.567288,
              18.0124152
            ],
            [
              121.5673712,
              18.0124203
            ],
            [
              121.5674248,
              18.0124547
            ],
            [
              121.5674476,
              18.0124981
            ],
            [
              121.567461,
              18.0125427
            ],
            [
              121.5674423,
              18.0125937
            ],
            [
              121.5673685,
              18.0126358
            ],
            [
              121.5672411,
              18.0127149
            ],
            [
              121.5671284,
              18.0128093
            ],
            [
              121.5670399,
              18.0128985
            ],
            [
              121.5669474,
              18.0129942
            ],
            [
              121.5668616,
              18.0131077
            ],
            [
              121.566816,
              18.0132365
            ],
            [
              121.566816,
              18.0133334
            ],
            [
              121.5668602,
              18.0134151
            ],
            [
              121.5669769,
              18.0134992
            ],
            [
              121.5671499,
              18.0135834
            ],
            [
              121.5673377,
              18.0136255
            ],
            [
              121.5674919,
              18.0136064
            ],
            [
              121.5676622,
              18.0135656
            ],
            [
              121.5678526,
              18.013526
            ],
            [
              121.5680699,
              18.0134776
            ],
            [
              121.5682201,
              18.0134572
            ],
            [
              121.5684159,
              18.0134839
            ],
            [
              121.5685661,
              18.013526
            ],
            [
              121.568727,
              18.0136013
            ],
            [
              121.5688357,
              18.0136752
            ],
            [
              121.5689617,
              18.0137964
            ],
            [
              121.5691093,
              18.0139278
            ],
            [
              121.5692206,
              18.0140591
            ],
            [
              121.5693024,
              18.014179
            ],
            [
              121.5693922,
              18.014327
            ],
            [
              121.5694445,
              18.0144175
            ],
            [
              121.5695196,
              18.0145068
            ],
            [
              121.5695934,
              18.014568
            ],
            [
              121.5697181,
              18.0146203
            ],
            [
              121.5698361,
              18.0146445
            ],
            [
              121.5699676,
              18.0146394
            ],
            [
              121.5701111,
              18.0146152
            ],
            [
              121.5702479,
              18.014568
            ],
            [
              121.5703806,
              18.0145106
            ],
            [
              121.5705067,
              18.0144596
            ],
            [
              121.5706542,
              18.0144341
            ],
            [
              121.5707776,
              18.0144277
            ],
            [
              121.570905,
              18.0144519
            ],
            [
              121.5710136,
              18.0144991
            ],
            [
              121.571141,
              18.0145757
            ],
            [
              121.5712953,
              18.014679
            ],
            [
              121.5713878,
              18.0147695
            ],
            [
              121.5714481,
              18.0148626
            ],
            [
              121.571487,
              18.0149634
            ],
            [
              121.5715031,
              18.0150934
            ],
            [
              121.5714951,
              18.0152401
            ],
            [
              121.5714709,
              18.0153536
            ],
            [
              121.5713945,
              18.0154875
            ],
            [
              121.5712979,
              18.0156151
            ],
            [
              121.5711786,
              18.0157362
            ],
            [
              121.5710673,
              18.0158204
            ],
            [
              121.570913,
              18.0159275
            ],
            [
              121.5707709,
              18.01599
            ],
            [
              121.5706582,
              18.016041
            ],
            [
              121.5705898,
              18.0161163
            ],
            [
              121.570563,
              18.0162017
            ],
            [
              121.570563,
              18.016291
            ],
            [
              121.5705939,
              18.0163701
            ],
            [
              121.5706529,
              18.0164504
            ],
            [
              121.5707481,
              18.016518
            ],
            [
              121.57085,
              18.0165639
            ],
            [
              121.5710136,
              18.0166124
            ],
            [
              121.5711826,
              18.0166341
            ],
            [
              121.5713677,
              18.0166481
            ],
            [
              121.5715474,
              18.0166647
            ],
            [
              121.5717566,
              18.0167004
            ],
            [
              121.57188,
              18.0167297
            ],
            [
              121.5720074,
              18.0167833
            ],
            [
              121.5721428,
              18.0168547
            ],
            [
              121.5722796,
              18.0169287
            ],
            [
              121.5724325,
              18.0170231
            ],
            [
              121.5725559,
              18.0171136
            ],
            [
              121.5726377,
              18.0172105
            ],
            [
              121.572745,
              18.0173661
            ],
            [
              121.5728402,
              18.0174503
            ],
            [
              121.572922,
              18.017523
            ],
            [
              121.5730374,
              18.0176008
            ],
            [
              121.5731688,
              18.0176888
            ],
            [
              121.5733471,
              18.0177793
            ],
            [
              121.5735188,
              18.0178354
            ],
            [
              121.5736409,
              18.0178814
            ],
            [
              121.5737656,
              18.0179273
            ],
            [
              121.5738863,
              18.0179783
            ],
            [
              121.5740257,
              18.0180446
            ],
            [
              121.5741733,
              18.0181466
            ],
            [
              121.5742779,
              18.0182436
            ],
            [
              121.5743892,
              18.0183366
            ],
            [
              121.5745153,
              18.0184017
            ],
            [
              121.5746588,
              18.018468
            ],
            [
              121.5747982,
              18.0185535
            ],
            [
              121.5749095,
              18.01863
            ],
            [
              121.5750584,
              18.0187052
            ],
            [
              121.5752166,
              18.0187881
            ],
            [
              121.5753923,
              18.0188927
            ],
            [
              121.5755318,
              18.0189807
            ],
            [
              121.5756807,
              18.0190942
            ],
            [
              121.5758081,
              18.0192192
            ],
            [
              121.57591,
              18.0193352
            ],
            [
              121.5759972,
              18.0194908
            ],
            [
              121.5760656,
              18.0196158
            ],
            [
              121.5761514,
              18.0197408
            ],
            [
              121.5762171,
              18.0198237
            ],
            [
              121.576311,
              18.0199079
            ],
            [
              121.5764116,
              18.0199499
            ],
            [
              121.5765296,
              18.0199856
            ],
            [
              121.5766503,
              18.0199844
            ],
            [
              121.5767415,
              18.0199257
            ],
            [
              121.5768193,
              18.0198466
            ],
            [
              121.5768541,
              18.0196859
            ],
            [
              121.5768917,
              18.0195138
            ],
            [
              121.576885,
              18.0194054
            ],
            [
              121.5768313,
              18.019274
            ],
            [
              121.5767871,
              18.0191184
            ],
            [
              121.5767442,
              18.018973
            ],
            [
              121.5766818,
              18.0188653
            ],
            [
              121.5765738,
              18.0186899
            ],
            [
              121.5764961,
              18.0184489
            ],
            [
              121.5764599,
              18.0182805
            ],
            [
              121.5764317,
              18.0180535
            ],
            [
              121.5764049,
              18.0178584
            ],
            [
              121.5763727,
              18.0176492
            ],
            [
              121.576311,
              18.017472
            ],
            [
              121.576256,
              18.0173049
            ],
            [
              121.5762117,
              18.0171238
            ],
            [
              121.5761729,
              18.0169185
            ],
            [
              121.5761581,
              18.0167578
            ],
            [
              121.5761568,
              18.0166532
            ],
            [
              121.5761715,
              18.0165729
            ],
            [
              121.5762198,
              18.016504
            ],
            [
              121.576307,
              18.0164517
            ],
            [
              121.5764438,
              18.016402
            ],
            [
              121.5765564,
              18.0163918
            ],
            [
              121.5766691,
              18.0164058
            ],
            [
              121.5768072,
              18.01643
            ],
            [
              121.5768675,
              18.0164574
            ],
            [
              121.576946,
              18.0164893
            ],
            [
              121.5770372,
              18.0165333
            ],
            [
              121.5771069,
              18.0165786
            ],
            [
              121.5771431,
              18.0166347
            ],
            [
              121.5771727,
              18.0167227
            ],
            [
              121.5772068,
              18.01687
            ],
            [
              121.5772538,
              18.0170307
            ],
            [
              121.5773222,
              18.0171353
            ],
            [
              121.5773933,
              18.0172182
            ],
            [
              121.5775086,
              18.01731
            ],
            [
              121.57764,
              18.0173738
            ],
            [
              121.5777607,
              18.0174018
            ],
            [
              121.5778626,
              18.0173929
            ],
            [
              121.5779726,
              18.0173457
            ],
            [
              121.5780611,
              18.0172756
            ],
            [
              121.5781081,
              18.0171876
            ],
            [
              121.5781343,
              18.0170793
            ],
            [
              121.5781617,
              18.0169465
            ],
            [
              121.5781966,
              18.0168458
            ],
            [
              121.5782677,
              18.0167616
            ],
            [
              121.5783414,
              18.0167259
            ],
            [
              121.5784326,
              18.0167425
            ],
            [
              121.578548,
              18.0167718
            ],
            [
              121.5786915,
              18.0168611
            ],
            [
              121.5788336,
              18.0169606
            ],
            [
              121.5789624,
              18.017032
            ],
            [
              121.5791193,
              18.0171264
            ],
            [
              121.5792708,
              18.0172118
            ],
            [
              121.5794425,
              18.0172807
            ],
            [
              121.5795846,
              18.0173508
            ],
            [
              121.5796933,
              18.0174261
            ],
            [
              121.5798019,
              18.0175128
            ],
            [
              121.579932,
              18.017639
            ],
            [
              121.5800728,
              18.0177895
            ],
            [
              121.5801854,
              18.0178941
            ],
            [
              121.5802659,
              18.0179987
            ],
            [
              121.5803558,
              18.0180727
            ],
            [
              121.580455,
              18.0181109
            ],
            [
              121.5805596,
              18.0181186
            ],
            [
              121.5807259,
              18.0180969
            ],
            [
              121.5808801,
              18.0180523
            ],
            [
              121.5809633,
              18.0180114
            ],
            [
              121.5810022,
              18.0179655
            ],
            [
              121.581029,
              18.0178852
            ],
            [
              121.5810397,
              18.0177832
            ],
            [
              121.5809727,
              18.0176467
            ],
            [
              121.5809244,
              18.0175587
            ],
            [
              121.58086,
              18.0174745
            ],
            [
              121.5807742,
              18.0173801
            ],
            [
              121.580683,
              18.0172921
            ],
            [
              121.580573,
              18.0171825
            ],
            [
              121.5804993,
              18.0170792
            ],
            [
              121.5804121,
              18.0169376
            ],
            [
              121.5803169,
              18.016782
            ],
            [
              121.5802015,
              18.0166417
            ],
            [
              121.5801117,
              18.0165167
            ],
            [
              121.5800084,
              18.0163535
            ],
            [
              121.5799481,
              18.0162056
            ],
            [
              121.5799186,
              18.0160538
            ],
            [
              121.5799078,
              18.0159441
            ],
            [
              121.5799078,
              18.015837
            ],
            [
              121.5799212,
              18.015735
            ],
            [
              121.5799521,
              18.0156342
            ],
            [
              121.5800031,
              18.0155666
            ],
            [
              121.5800889,
              18.0154952
            ],
            [
              121.5802015,
              18.015397
            ],
            [
              121.5803437,
              18.0153115
            ],
            [
              121.5804349,
              18.0152631
            ],
            [
              121.5805086,
              18.0152197
            ],
            [
              121.5805931,
              18.0151993
            ],
            [
              121.5806897,
              18.0152248
            ],
            [
              121.5807715,
              18.0152541
            ],
            [
              121.5808976,
              18.0152733
            ],
            [
              121.5810196,
              18.0152771
            ],
            [
              121.5811846,
              18.0152694
            ],
            [
              121.5814367,
              18.0152848
            ],
            [
              121.5816727,
              18.0153115
            ],
            [
              121.5818605,
              18.0153294
            ],
            [
              121.582114,
              18.015346
            ],
            [
              121.5822883,
              18.0153268
            ],
            [
              121.5824801,
              18.015286
            ],
            [
              121.5826236,
              18.0152452
            ],
            [
              121.5827791,
              18.0151738
            ],
            [
              121.5829293,
              18.0151215
            ],
            [
              121.5830769,
              18.0151036
            ],
            [
              121.5832096,
              18.0151126
            ],
            [
              121.5833558,
              18.0151878
            ],
            [
              121.5834215,
              18.0152899
            ],
            [
              121.5834886,
              18.0154238
            ],
            [
              121.5835141,
              18.0155283
            ],
            [
              121.5835235,
              18.0156355
            ],
            [
              121.5834698,
              18.0157847
            ],
            [
              121.5834282,
              18.0159058
            ],
            [
              121.5833665,
              18.0160092
            ],
            [
              121.5832794,
              18.016115
            ],
            [
              121.5831707,
              18.0162285
            ],
            [
              121.58305,
              18.0163701
            ],
            [
              121.5828998,
              18.0165563
            ],
            [
              121.58281,
              18.0166889
            ],
            [
              121.5826893,
              18.0168993
            ],
            [
              121.5825967,
              18.017083
            ],
            [
              121.5825337,
              18.0172424
            ],
            [
              121.582464,
              18.0173891
            ],
            [
              121.582358,
              18.0175842
            ],
            [
              121.5822709,
              18.0177525
            ],
            [
              121.5821984,
              18.0179451
            ],
            [
              121.5821676,
              18.0180969
            ],
            [
              121.582177,
              18.0181811
            ],
            [
              121.5822145,
              18.0182805
            ],
            [
              121.5823393,
              18.0184004
            ],
            [
              121.5824734,
              18.0185139
            ],
            [
              121.5826826,
              18.0186657
            ],
            [
              121.5828153,
              18.0187652
            ],
            [
              121.582932,
              18.0188366
            ],
            [
              121.5830688,
              18.0188787
            ],
            [
              121.5832405,
              18.0189144
            ],
            [
              121.5833786,
              18.0189322
            ],
            [
              121.5835114,
              18.018959
            ],
            [
              121.583616,
              18.0190177
            ],
            [
              121.5837032,
              18.0190687
            ],
            [
              121.5838104,
              18.0191529
            ],
            [
              121.5839647,
              18.0192957
            ],
            [
              121.5841149,
              18.0194309
            ],
            [
              121.5842973,
              18.0195941
            ],
            [
              121.5844475,
              18.0197382
            ],
            [
              121.5845883,
              18.0198658
            ],
            [
              121.5847036,
              18.0199729
            ],
            [
              121.584831,
              18.0200851
            ],
            [
              121.5849544,
              18.0202088
            ],
            [
              121.5850791,
              18.0202981
            ],
            [
              121.5852173,
              18.0203619
            ],
            [
              121.5853554,
              18.0204103
            ],
            [
              121.5855123,
              18.0204244
            ],
            [
              121.5856598,
              18.0204014
            ],
            [
              121.5857497,
              18.0203631
            ],
            [
              121.5858141,
              18.0202828
            ],
            [
              121.5858583,
              18.0201667
            ],
            [
              121.5858731,
              18.0200392
            ],
            [
              121.5858744,
              18.0199155
            ],
            [
              121.5858489,
              18.0197433
            ],
            [
              121.5858529,
              18.0195763
            ],
            [
              121.5858597,
              18.0194156
            ],
            [
              121.5858784,
              18.0192523
            ],
            [
              121.5859093,
              18.0191172
            ],
            [
              121.5859468,
              18.0189909
            ],
            [
              121.5859877,
              18.0188822
            ],
            [
              121.5860132,
              18.0188321
            ],
            [
              121.5860561,
              18.0187805
            ],
            [
              121.5861218,
              18.0187307
            ],
            [
              121.5862036,
              18.0186804
            ],
            [
              121.5862747,
              18.0186287
            ],
            [
              121.5863391,
              18.0185834
            ],
            [
              121.5864155,
              18.0185445
            ],
            [
              121.586502,
              18.0185152
            ],
            [
              121.5865912,
              18.0184954
            ],
            [
              121.5866764,
              18.0184776
            ],
            [
              121.5867428,
              18.0184546
            ],
            [
              121.5868118,
              18.0184144
            ],
            [
              121.5869044,
              18.0183226
            ],
            [
              121.5870492,
              18.0181785
            ],
            [
              121.5871525,
              18.0180382
            ],
            [
              121.5872021,
              18.0179247
            ],
            [
              121.5872423,
              18.017787
            ],
            [
              121.5872812,
              18.0176148
            ],
            [
              121.5873201,
              18.017486
            ],
            [
              121.5873764,
              18.0173942
            ],
            [
              121.5874583,
              18.0173381
            ],
            [
              121.5875722,
              18.0173075
            ],
            [
              121.5876567,
              18.0173342
            ],
            [
              121.5877801,
              18.0174184
            ],
            [
              121.587933,
              18.0175319
            ],
            [
              121.5880845,
              18.017685
            ],
            [
              121.5882146,
              18.017852
            ],
            [
              121.5883394,
              18.0180229
            ],
            [
              121.5884614,
              18.0181785
            ],
            [
              121.5886022,
              18.0183392
            ],
            [
              121.5886324,
              18.0184081
            ],
            [
              121.5886478,
              18.0184808
            ],
            [
              121.5886485,
              18.0185783
            ],
            [
              121.5886391,
              18.0186791
            ],
            [
              121.5886471,
              18.0187805
            ],
            [
              121.5886579,
              18.018878
            ],
            [
              121.588676,
              18.0189692
            ],
            [
              121.5886948,
              18.0190617
            ],
            [
              121.5887209,
              18.0191618
            ],
            [
              121.5887591,
              18.0192415
            ],
            [
              121.5887973,
              18.0192906
            ],
            [
              121.5888496,
              18.0193269
            ],
            [
              121.5889221,
              18.0193429
            ],
            [
              121.5890401,
              18.0193416
            ],
            [
              121.5891313,
              18.0193263
            ],
            [
              121.5892366,
              18.0192989
            ],
            [
              121.5893217,
              18.0192498
            ],
            [
              121.589421,
              18.0191682
            ],
            [
              121.5894692,
              18.0191184
            ],
            [
              121.5895276,
              18.0190521
            ],
            [
              121.5895792,
              18.0189877
            ],
            [
              121.5896235,
              18.0189125
            ],
            [
              121.5896597,
              18.0188264
            ],
            [
              121.5896811,
              18.0187486
            ],
            [
              121.5896999,
              18.0186638
            ],
            [
              121.5897314,
              18.0185809
            ],
            [
              121.5897616,
              18.018519
            ],
            [
              121.5898038,
              18.0184674
            ],
            [
              121.5898642,
              18.0184246
            ],
            [
              121.589952,
              18.0183743
            ],
            [
              121.5900667,
              18.0182978
            ],
            [
              121.5901391,
              18.0182633
            ],
            [
              121.5901988,
              18.0182474
            ],
            [
              121.5902652,
              18.0182365
            ],
            [
              121.5903564,
              18.0182187
            ],
            [
              121.590406,
              18.0181996
            ],
            [
              121.5905307,
              18.0181275
            ],
            [
              121.5906662,
              18.018065
            ],
            [
              121.5907788,
              18.0180038
            ],
            [
              121.5909277,
              18.0179005
            ],
            [
              121.5910926,
              18.0177883
            ],
            [
              121.5912884,
              18.0176594
            ],
            [
              121.591499,
              18.0175179
            ],
            [
              121.5916546,
              18.0174273
            ],
            [
              121.5918142,
              18.017347
            ],
            [
              121.5919644,
              18.017236
            ],
            [
              121.5921146,
              18.0171251
            ],
            [
              121.5922634,
              18.0170677
            ],
            [
              121.592423,
              18.0170103
            ],
            [
              121.5925853,
              18.0169593
            ],
            [
              121.5927476,
              18.0169223
            ],
            [
              121.5929072,
              18.0169057
            ],
            [
              121.5930621,
              18.0168738
            ],
            [
              121.593219,
              18.0168515
            ],
            [
              121.5933598,
              18.0168311
            ],
            [
              121.5935019,
              18.0168145
            ],
            [
              121.5937038,
              18.0168037
            ],
            [
              121.5939264,
              18.0168305
            ],
            [
              121.5941209,
              18.0168573
            ],
            [
              121.5943032,
              18.0168662
            ],
            [
              121.5945366,
              18.0168279
            ],
            [
              121.5947069,
              18.0167769
            ],
            [
              121.5949322,
              18.0167093
            ],
            [
              121.595175,
              18.016643
            ],
            [
              121.5953292,
              18.0166162
            ],
            [
              121.5954955,
              18.0165869
            ],
            [
              121.5955813,
              18.0165486
            ],
            [
              121.5956618,
              18.016481
            ],
            [
              121.595757,
              18.0164351
            ],
            [
              121.5958992,
              18.0164032
            ],
            [
              121.5960789,
              18.0163599
            ],
            [
              121.5961996,
              18.0163012
            ],
            [
              121.5964678,
              18.0161609
            ],
            [
              121.5967467,
              18.0160028
            ],
            [
              121.5970069,
              18.0158727
            ],
            [
              121.5972993,
              18.0157936
            ],
            [
              121.5975809,
              18.0157758
            ],
            [
              121.5978813,
              18.0158064
            ],
            [
              121.5981737,
              18.0158982
            ],
            [
              121.5983695,
              18.016013
            ],
            [
              121.5985626,
              18.0161635
            ],
            [
              121.5987208,
              18.0163165
            ],
            [
              121.598863,
              18.0164504
            ],
            [
              121.5989703,
              18.0165805
            ],
            [
              121.5990736,
              18.0167208
            ],
            [
              121.5991768,
              18.0168343
            ],
            [
              121.5993069,
              18.0169261
            ],
            [
              121.599441,
              18.0169886
            ],
            [
              121.5996073,
              18.0170447
            ],
            [
              121.5997455,
              18.0170753
            ],
            [
              121.5998755,
              18.0170957
            ],
            [
              121.5999788,
              18.0170957
            ],
            [
              121.6000767,
              18.017083
            ],
            [
              121.6001773,
              18.0170409
            ],
            [
              121.6002899,
              18.0169491
            ],
            [
              121.6003999,
              18.0168152
            ],
            [
              121.6004951,
              18.0167068
            ],
            [
              121.6005796,
              18.016569
            ],
            [
              121.6006735,
              18.0164249
            ],
            [
              121.6008116,
              18.0162413
            ],
            [
              121.6009417,
              18.0160653
            ],
            [
              121.6010718,
              18.0159071
            ],
            [
              121.6012005,
              18.0157719
            ],
            [
              121.6013534,
              18.0156125
            ],
            [
              121.6015305,
              18.0154824
            ],
            [
              121.6016552,
              18.015383
            ],
            [
              121.6017544,
              18.0152835
            ],
            [
              121.6018322,
              18.0152299
            ],
            [
              121.6019744,
              18.0151674
            ],
            [
              121.6021031,
              18.0150998
            ],
            [
              121.6021956,
              18.0150169
            ],
            [
              121.6022587,
              18.0149225
            ],
            [
              121.6023311,
              18.0148001
            ],
            [
              121.6024089,
              18.014656
            ],
            [
              121.6024598,
              18.0145195
            ],
            [
              121.6024987,
              18.0143601
            ],
            [
              121.6025068,
              18.0142109
            ],
            [
              121.6024679,
              18.0141063
            ],
            [
              121.602378,
              18.013989
            ],
            [
              121.6022506,
              18.0138742
            ],
            [
              121.6020897,
              18.0137377
            ],
            [
              121.60191,
              18.0136064
            ],
            [
              121.6017759,
              18.0135005
            ],
            [
              121.6016753,
              18.0133908
            ],
            [
              121.6015385,
              18.0132327
            ],
            [
              121.6013789,
              18.0130529
            ],
            [
              121.6011684,
              18.0128144
            ],
            [
              121.6009739,
              18.0125937
            ],
            [
              121.6008264,
              18.0124203
            ],
            [
              121.6006628,
              18.0122277
            ],
            [
              121.6005206,
              18.0120555
            ],
            [
              121.6003355,
              18.0118323
            ],
            [
              121.6001317,
              18.0115913
            ],
            [
              121.5999748,
              18.0114012
            ],
            [
              121.5998541,
              18.0112597
            ],
            [
              121.5997133,
              18.0110901
            ],
            [
              121.599551,
              18.0109102
            ],
            [
              121.5994062,
              18.0107546
            ],
            [
              121.59926,
              18.0106245
            ],
            [
              121.5990977,
              18.0105059
            ],
            [
              121.5989569,
              18.0104103
            ],
            [
              121.5987986,
              18.0103006
            ],
            [
              121.5985961,
              18.0101565
            ],
            [
              121.5984312,
              18.0100162
            ],
            [
              121.5983279,
              18.0099078
            ],
            [
              121.5982474,
              18.0097866
            ],
            [
              121.5981938,
              18.0096578
            ],
            [
              121.5981629,
              18.0095149
            ],
            [
              121.5981603,
              18.0093734
            ],
            [
              121.5981978,
              18.0092242
            ],
            [
              121.5982702,
              18.0091119
            ],
            [
              121.5983708,
              18.0090048
            ],
            [
              121.5984862,
              18.0088989
            ],
            [
              121.5986243,
              18.0087892
            ],
            [
              121.5987691,
              18.0086719
            ],
            [
              121.5988858,
              18.008603
            ],
            [
              121.5990119,
              18.008552
            ],
            [
              121.5991446,
              18.0085201
            ],
            [
              121.5992935,
              18.0085112
            ],
            [
              121.5994517,
              18.0085291
            ],
            [
              121.5996046,
              18.0085558
            ],
            [
              121.5997964,
              18.0086069
            ],
            [
              121.6000016,
              18.0086694
            ],
            [
              121.6002376,
              18.0087472
            ],
            [
              121.6004603,
              18.0088071
            ],
            [
              121.6007191,
              18.0088823
            ],
            [
              121.600931,
              18.0089436
            ],
            [
              121.6011871,
              18.0090099
            ],
            [
              121.6014259,
              18.0090711
            ],
            [
              121.6016485,
              18.0091183
            ],
            [
              121.6018671,
              18.0091489
            ],
            [
              121.6020522,
              18.009168
            ],
            [
              121.602248,
              18.0091731
            ],
            [
              121.6025028,
              18.0091668
            ],
            [
              121.6026342,
              18.0091642
            ],
            [
              121.6036351,
              18.0091541
            ],
            [
              121.6057133,
              18.0093249
            ],
            [
              121.6063142,
              18.010182
            ],
            [
              121.6071081,
              18.0114472
            ],
            [
              121.6081166,
              18.012998
            ],
            [
              121.6091251,
              18.0149162
            ],
            [
              121.6106858,
              18.0177395
            ],
            [
              121.6144625,
              18.0233916
            ],
            [
              121.6230511,
              18.0334436
            ],
            [
              121.6245532,
              18.0353411
            ],
            [
              121.6250253,
              18.0363817
            ],
            [
              121.6259265,
              18.038422
            ],
            [
              121.6271925,
              18.0411152
            ],
            [
              121.6292953,
              18.0442572
            ],
            [
              121.6312909,
              18.0469911
            ],
            [
              121.6335976,
              18.0494801
            ],
            [
              121.6348421,
              18.0510816
            ],
            [
              121.6366926,
              18.0547714
            ],
            [
              121.637814,
              18.0586198
            ],
            [
              121.6387954,
              18.061728
            ],
            [
              121.6400671,
              18.0661679
            ],
            [
              121.6417136,
              18.0704795
            ],
            [
              121.6436934,
              18.07445
            ],
            [
              121.645576,
              18.0797201
            ],
            [
              121.6492787,
              18.0845088
            ],
            [
              121.6506396,
              18.0906548
            ],
            [
              121.6512038,
              18.0978031
            ],
            [
              121.651734,
              18.1005345
            ],
            [
              121.6522922,
              18.102993
            ],
            [
              121.6534445,
              18.1045046
            ],
            [
              121.6505409,
              18.1061058
            ],
            [
              121.6502879,
              18.1062505
            ],
            [
              121.6501056,
              18.1062286
            ],
            [
              121.6499641,
              18.1062455
            ],
            [
              121.6497853,
              18.1064456
            ],
            [
              121.6496278,
              18.1065516
            ],
            [
              121.6495146,
              18.1067383
            ],
            [
              121.6493748,
              18.1067534
            ],
            [
              121.649258,
              18.106787
            ],
            [
              121.6491571,
              18.10693
            ],
            [
              121.6490032,
              18.1071604
            ],
            [
              121.64892,
              18.1074111
            ],
            [
              121.6487129,
              18.1075473
            ],
            [
              121.6486988,
              18.1076566
            ],
            [
              121.648789,
              18.1077323
            ],
            [
              121.648759,
              18.1079056
            ],
            [
              121.6486882,
              18.1080367
            ],
            [
              121.6485077,
              18.1082419
            ],
            [
              121.6483785,
              18.1083715
            ],
            [
              121.6483378,
              18.1084875
            ],
            [
              121.6482599,
              18.1085716
            ],
            [
              121.6480193,
              18.1086927
            ],
            [
              121.6478423,
              18.1088693
            ],
            [
              121.6477397,
              18.1091081
            ],
            [
              121.6476069,
              18.1092595
            ],
            [
              121.6475008,
              18.109352
            ],
            [
              121.6474296,
              18.1093104
            ],
            [
              121.6471653,
              18.1092466
            ],
            [
              121.6469844,
              18.1091906
            ],
            [
              121.6466673,
              18.1092659
            ],
            [
              121.6464519,
              18.1094958
            ],
            [
              121.6462933,
              18.1094089
            ],
            [
              121.646214,
              18.10932
            ],
            [
              121.6460087,
              18.1092833
            ],
            [
              121.6455473,
              18.1091674
            ],
            [
              121.6454111,
              18.1091906
            ],
            [
              121.6451306,
              18.1092601
            ],
            [
              121.6449639,
              18.1093046
            ],
            [
              121.6447972,
              18.1092253
            ],
            [
              121.6445655,
              18.1090495
            ],
            [
              121.6444395,
              18.1089722
            ],
            [
              121.6441915,
              18.1090689
            ],
            [
              121.6439191,
              18.109092
            ],
            [
              121.6437056,
              18.1089239
            ],
            [
              121.6435674,
              18.1087926
            ],
            [
              121.6433418,
              18.1088776
            ],
            [
              121.6431609,
              18.1088795
            ],
            [
              121.6428173,
              18.1088737
            ],
            [
              121.6427462,
              18.108779
            ],
            [
              121.642612,
              18.1086786
            ],
            [
              121.642299,
              18.1085974
            ],
            [
              121.6418965,
              18.1085182
            ],
            [
              121.6417461,
              18.1084796
            ],
            [
              121.6416038,
              18.1087462
            ],
            [
              121.6414879,
              18.1088119
            ],
            [
              121.6413497,
              18.1087501
            ],
            [
              121.641246,
              18.1086303
            ],
            [
              121.6411159,
              18.1086032
            ],
            [
              121.6407378,
              18.1086844
            ],
            [
              121.6405386,
              18.1086766
            ],
            [
              121.6403191,
              18.1086882
            ],
            [
              121.6401504,
              18.1087926
            ],
            [
              121.6401585,
              18.1090012
            ],
            [
              121.6400914,
              18.109092
            ],
            [
              121.6400894,
              18.1092118
            ],
            [
              121.6399004,
              18.1093181
            ],
            [
              121.6398251,
              18.109519
            ],
            [
              121.6396971,
              18.1096176
            ],
            [
              121.6395711,
              18.1095847
            ],
            [
              121.6392865,
              18.1095886
            ],
            [
              121.6391462,
              18.1094301
            ],
            [
              121.6391117,
              18.1092369
            ],
            [
              121.6390385,
              18.1092756
            ],
            [
              121.6386258,
              18.1092833
            ],
            [
              121.6382681,
              18.109208
            ],
            [
              121.6379977,
              18.1091345
            ],
            [
              121.6376684,
              18.1089549
            ],
            [
              121.6373859,
              18.1088409
            ],
            [
              121.6371968,
              18.1087559
            ],
            [
              121.636878,
              18.1086542
            ],
            [
              121.6365559,
              18.1086725
            ],
            [
              121.6363559,
              18.1087398
            ],
            [
              121.6362356,
              18.1088474
            ],
            [
              121.635864,
              18.1089416
            ],
            [
              121.6356109,
              18.1088929
            ],
            [
              121.6354782,
              18.1087684
            ],
            [
              121.635303,
              18.1086086
            ],
            [
              121.6351313,
              18.1086776
            ],
            [
              121.634765,
              18.1089652
            ],
            [
              121.6341917,
              18.1094193
            ],
            [
              121.6340713,
              18.1095488
            ],
            [
              121.6338395,
              18.1095589
            ],
            [
              121.633629,
              18.1096918
            ],
            [
              121.6335086,
              18.1098785
            ],
            [
              121.6333529,
              18.109971
            ],
            [
              121.6331901,
              18.1099962
            ],
            [
              121.6330574,
              18.1099727
            ],
            [
              121.6328751,
              18.1100383
            ],
            [
              121.6327565,
              18.1099811
            ],
            [
              121.6325796,
              18.1097406
            ],
            [
              121.6327459,
              18.1095387
            ],
            [
              121.6327795,
              18.1093604
            ],
            [
              121.6327672,
              18.1091636
            ],
            [
              121.6326893,
              18.109019
            ],
            [
              121.6325424,
              18.1089702
            ],
            [
              121.6323927,
              18.1089672
            ],
            [
              121.6322706,
              18.1089369
            ],
            [
              121.6320317,
              18.1088276
            ],
            [
              121.6317097,
              18.1090109
            ],
            [
              121.6315469,
              18.109238
            ],
            [
              121.6312159,
              18.1095071
            ],
            [
              121.6309965,
              18.1095828
            ],
            [
              121.6308196,
              18.1095559
            ],
            [
              121.6307346,
              18.1094062
            ],
            [
              121.6306621,
              18.1091909
            ],
            [
              121.6305417,
              18.1090227
            ],
            [
              121.6303683,
              18.1089487
            ],
            [
              121.6300675,
              18.1089117
            ],
            [
              121.6299507,
              18.1089319
            ],
            [
              121.6295614,
              18.1090328
            ],
            [
              121.6293384,
              18.1090378
            ],
            [
              121.6290942,
              18.1089538
            ],
            [
              121.6286306,
              18.1090463
            ],
            [
              121.6285368,
              18.109275
            ],
            [
              121.6283103,
              18.1096602
            ],
            [
              121.6281545,
              18.1100184
            ],
            [
              121.6280898,
              18.1099983
            ],
            [
              121.6279696,
              18.1099837
            ],
            [
              121.6277324,
              18.1101477
            ],
            [
              121.6274181,
              18.1102443
            ],
            [
              121.6272222,
              18.1102437
            ],
            [
              121.6270506,
              18.1102386
            ],
            [
              121.626895,
              18.1103941
            ],
            [
              121.6267931,
              18.1102717
            ],
            [
              121.6265919,
              18.1099811
            ],
            [
              121.6265168,
              18.109823
            ],
            [
              121.626144,
              18.110027
            ],
            [
              121.6258006,
              18.1100932
            ],
            [
              121.6253822,
              18.1101187
            ],
            [
              121.6249048,
              18.1101136
            ],
            [
              121.6245507,
              18.1101723
            ],
            [
              121.62443,
              18.1102615
            ],
            [
              121.6243469,
              18.1105011
            ],
            [
              121.6243093,
              18.1106719
            ],
            [
              121.6242181,
              18.1108784
            ],
            [
              121.6239419,
              18.1109192
            ],
            [
              121.6238239,
              18.1109983
            ],
            [
              121.6235208,
              18.1110875
            ],
            [
              121.6231184,
              18.1110722
            ],
            [
              121.6228985,
              18.1109855
            ],
            [
              121.6228046,
              18.1110492
            ],
            [
              121.6226196,
              18.1111861
            ],
            [
              121.6224667,
              18.1112728
            ],
            [
              121.622118,
              18.1114946
            ],
            [
              121.6219249,
              18.1116272
            ],
            [
              121.6217103,
              18.1116909
            ],
            [
              121.6212811,
              18.1117164
            ],
            [
              121.621198,
              18.1115966
            ],
            [
              121.6210719,
              18.1113009
            ],
            [
              121.6209539,
              18.1112805
            ],
            [
              121.6206159,
              18.1110918
            ],
            [
              121.6204094,
              18.1109389
            ],
            [
              121.6201573,
              18.1109796
            ],
            [
              121.6199803,
              18.1111708
            ],
            [
              121.619996,
              18.1114118
            ],
            [
              121.6195854,
              18.1113886
            ],
            [
              121.6193821,
              18.1112533
            ],
            [
              121.6192723,
              18.1110601
            ],
            [
              121.6190487,
              18.1109442
            ],
            [
              121.6188048,
              18.1109635
            ],
            [
              121.6184023,
              18.1111683
            ],
            [
              121.6180486,
              18.1113499
            ],
            [
              121.6179429,
              18.1116822
            ],
            [
              121.6174876,
              18.1118329
            ],
            [
              121.6171623,
              18.1119759
            ],
            [
              121.6168086,
              18.1121498
            ],
            [
              121.6164509,
              18.1120107
            ],
            [
              121.6162191,
              18.11203
            ],
            [
              121.615902,
              18.1118175
            ],
            [
              121.6157272,
              18.1119102
            ],
            [
              121.6154996,
              18.1120918
            ],
            [
              121.6152922,
              18.1120841
            ],
            [
              121.6150076,
              18.1121073
            ],
            [
              121.6148044,
              18.1120261
            ],
            [
              121.6146336,
              18.1118175
            ],
            [
              121.6145035,
              18.1117866
            ],
            [
              121.6144141,
              18.11186
            ],
            [
              121.6141336,
              18.1115702
            ],
            [
              121.6138124,
              18.1111336
            ],
            [
              121.6135245,
              18.1104153
            ],
            [
              121.6134218,
              18.1103309
            ],
            [
              121.6131463,
              18.1100047
            ],
            [
              121.6126956,
              18.1095497
            ],
            [
              121.6124154,
              18.1093034
            ],
            [
              121.6122986,
              18.1094521
            ],
            [
              121.6122543,
              18.1096008
            ],
            [
              121.6123267,
              18.1097894
            ],
            [
              121.612266,
              18.1099071
            ],
            [
              121.6121375,
              18.1099426
            ],
            [
              121.6119788,
              18.1099359
            ],
            [
              121.6118036,
              18.110089
            ],
            [
              121.6118667,
              18.1103065
            ],
            [
              121.6120161,
              18.1103598
            ],
            [
              121.6121235,
              18.1104308
            ],
            [
              121.6121866,
              18.1105573
            ],
            [
              121.6123103,
              18.1106128
            ],
            [
              121.61241,
              18.1107784
            ],
            [
              121.6123422,
              18.1108809
            ],
            [
              121.6123175,
              18.1110859
            ],
            [
              121.6123299,
              18.1112586
            ],
            [
              121.6122713,
              18.1115017
            ],
            [
              121.612145,
              18.1117653
            ],
            [
              121.6119447,
              18.111856
            ],
            [
              121.6114918,
              18.1119263
            ],
            [
              121.6111161,
              18.1119509
            ],
            [
              121.6110251,
              18.1117623
            ],
            [
              121.6109737,
              18.1115448
            ],
            [
              121.610962,
              18.111345
            ],
            [
              121.6108896,
              18.1111608
            ],
            [
              121.6107495,
              18.1110277
            ],
            [
              121.610446,
              18.111132
            ],
            [
              121.6101098,
              18.1113339
            ],
            [
              121.6099697,
              18.1115093
            ],
            [
              121.6096077,
              18.111749
            ],
            [
              121.6093719,
              18.111749
            ],
            [
              121.6092785,
              18.1118932
            ],
            [
              121.6091921,
              18.1121617
            ],
            [
              121.6091361,
              18.1121617
            ],
            [
              121.6089586,
              18.1120907
            ],
            [
              121.6089236,
              18.1119975
            ],
            [
              121.6088325,
              18.1118644
            ],
            [
              121.6087274,
              18.1117667
            ],
            [
              121.6085886,
              18.1115872
            ],
            [
              121.6084438,
              18.1114701
            ],
            [
              121.6082774,
              18.1114672
            ],
            [
              121.6080587,
              18.1115374
            ],
            [
              121.6077413,
              18.1115433
            ],
            [
              121.607313,
              18.1115697
            ],
            [
              121.6069556,
              18.1115433
            ],
            [
              121.6067307,
              18.111391
            ],
            [
              121.6063055,
              18.1111978
            ],
            [
              121.6060991,
              18.1112007
            ],
            [
              121.6059974,
              18.1114057
            ],
            [
              121.6058557,
              18.1115784
            ],
            [
              121.6056955,
              18.1115667
            ],
            [
              121.6055692,
              18.1114584
            ],
            [
              121.6054028,
              18.11123
            ],
            [
              121.6052087,
              18.111268
            ],
            [
              121.6050454,
              18.1114525
            ],
            [
              121.6048174,
              18.1115872
            ],
            [
              121.6044939,
              18.1114496
            ],
            [
              121.6041981,
              18.1117366
            ],
            [
              121.604044,
              18.1119181
            ],
            [
              121.6038623,
              18.1121231
            ],
            [
              121.6035388,
              18.1122227
            ],
            [
              121.603166,
              18.1121524
            ],
            [
              121.6028578,
              18.1119826
            ],
            [
              121.6026483,
              18.1117161
            ],
            [
              121.6024296,
              18.112088
            ],
            [
              121.6019982,
              18.1119826
            ],
            [
              121.6015022,
              18.1117454
            ],
            [
              121.601456,
              18.1115931
            ],
            [
              121.6012495,
              18.1114818
            ],
            [
              121.6011232,
              18.1114291
            ],
            [
              121.6008244,
              18.111473
            ],
            [
              121.6002605,
              18.1117981
            ],
            [
              121.5998877,
              18.1119093
            ],
            [
              121.5994625,
              18.1119562
            ],
            [
              121.5992037,
              18.111924
            ],
            [
              121.5986152,
              18.1115638
            ],
            [
              121.5981346,
              18.1112124
            ],
            [
              121.5976385,
              18.11082
            ],
            [
              121.597124,
              18.1104569
            ],
            [
              121.596933,
              18.1102167
            ],
            [
              121.5968715,
              18.1102007
            ],
            [
              121.5962332,
              18.1103591
            ],
            [
              121.5958389,
              18.1102278
            ],
            [
              121.5951681,
              18.1099843
            ],
            [
              121.5945908,
              18.1096481
            ],
            [
              121.5936069,
              18.1094086
            ],
            [
              121.5930906,
              18.1090801
            ],
            [
              121.5926231,
              18.1086242
            ],
            [
              121.592371,
              18.1083884
            ],
            [
              121.592123,
              18.1083884
            ],
            [
              121.5917449,
              18.1084735
            ],
            [
              121.5915498,
              18.1083498
            ],
            [
              121.5912571,
              18.1082184
            ],
            [
              121.5901021,
              18.1080228
            ],
            [
              121.589789,
              18.1077021
            ],
            [
              121.5890491,
              18.107447
            ],
            [
              121.5887645,
              18.1075166
            ],
            [
              121.5884637,
              18.1075205
            ],
            [
              121.5881466,
              18.1074432
            ],
            [
              121.5879636,
              18.1075861
            ],
            [
              121.5873213,
              18.1074741
            ],
            [
              121.5869961,
              18.1074664
            ],
            [
              121.5868822,
              18.1076673
            ],
            [
              121.5866627,
              18.1076518
            ],
            [
              121.586435,
              18.1074973
            ],
            [
              121.5861911,
              18.1072847
            ],
            [
              121.5859716,
              18.1069486
            ],
            [
              121.5858903,
              18.1066588
            ],
            [
              121.5857642,
              18.1064733
            ],
            [
              121.5854593,
              18.1066085
            ],
            [
              121.5851178,
              18.1066317
            ],
            [
              121.5847601,
              18.1064771
            ],
            [
              121.5846096,
              18.1064655
            ],
            [
              121.5843942,
              18.1062917
            ],
            [
              121.5842397,
              18.1061526
            ],
            [
              121.584199,
              18.1059903
            ],
            [
              121.5839185,
              18.1059246
            ],
            [
              121.5836705,
              18.1058975
            ],
            [
              121.5829103,
              18.1059323
            ],
            [
              121.5824062,
              18.1059555
            ],
            [
              121.5821663,
              18.1060019
            ],
            [
              121.5817597,
              18.105913
            ],
            [
              121.5811784,
              18.1057507
            ],
            [
              121.5808044,
              18.1057275
            ],
            [
              121.5805523,
              18.1057468
            ],
            [
              121.5802311,
              18.1057932
            ],
            [
              121.5799872,
              18.1058009
            ],
            [
              121.5797758,
              18.1058086
            ],
            [
              121.5796945,
              18.1059052
            ],
            [
              121.5789058,
              18.1059709
            ],
            [
              121.5787472,
              18.1059014
            ],
            [
              121.5785261,
              18.1058616
            ],
            [
              121.5783703,
              18.1059659
            ],
            [
              121.577981,
              18.1060433
            ],
            [
              121.5777404,
              18.1061307
            ],
            [
              121.5774926,
              18.1061274
            ],
            [
              121.5773051,
              18.1060332
            ],
            [
              121.5771352,
              18.1058549
            ],
            [
              121.5768662,
              18.105939
            ],
            [
              121.5766666,
              18.1060521
            ],
            [
              121.5764279,
              18.106154
            ],
            [
              121.5761436,
              18.1061999
            ],
            [
              121.57598,
              18.1061642
            ],
            [
              121.5758807,
              18.106047
            ],
            [
              121.57576,
              18.1060725
            ],
            [
              121.575591,
              18.1060342
            ],
            [
              121.5754596,
              18.1059221
            ],
            [
              121.5753282,
              18.1059781
            ],
            [
              121.5752155,
              18.1061999
            ],
            [
              121.5751217,
              18.1062152
            ],
            [
              121.5750305,
              18.1062688
            ],
            [
              121.5750197,
              18.1063351
            ],
            [
              121.5749124,
              18.1064982
            ],
            [
              121.5747247,
              18.1066333
            ],
            [
              121.5746147,
              18.1066333
            ],
            [
              121.5745369,
              18.1065135
            ],
            [
              121.5744511,
              18.1063554
            ],
            [
              121.5742875,
              18.1063172
            ],
            [
              121.5740917,
              18.1061107
            ],
            [
              121.5739629,
              18.1059475
            ],
            [
              121.5739576,
              18.1056952
            ],
            [
              121.5738396,
              18.105532
            ],
            [
              121.5736008,
              18.1054734
            ],
            [
              121.573287,
              18.1055804
            ],
            [
              121.5731663,
              18.1054173
            ],
            [
              121.5729383,
              18.1055039
            ],
            [
              121.5725827,
              18.1057295
            ],
            [
              121.5723252,
              18.1058187
            ],
            [
              121.5720007,
              18.1058926
            ],
            [
              121.5717485,
              18.1059615
            ],
            [
              121.5712228,
              18.1059895
            ],
            [
              121.5711746,
              18.1059207
            ],
            [
              121.5706891,
              18.1060176
            ],
            [
              121.5706301,
              18.106015
            ],
            [
              121.5704718,
              18.1060813
            ],
            [
              121.5702411,
              18.1061578
            ],
            [
              121.5700963,
              18.1062241
            ],
            [
              121.5698147,
              18.106275
            ],
            [
              121.569753,
              18.1062343
            ],
            [
              121.5697101,
              18.1059564
            ],
            [
              121.5695438,
              18.1057269
            ],
            [
              121.5692782,
              18.1055383
            ],
            [
              121.5691146,
              18.105393
            ],
            [
              121.569002,
              18.1052094
            ],
            [
              121.5690744,
              18.1049545
            ],
            [
              121.5690935,
              18.1046545
            ],
            [
              121.5684497,
              18.1045882
            ],
            [
              121.567409,
              18.104374
            ],
            [
              121.5673286,
              18.1043205
            ],
            [
              121.5672749,
              18.1042389
            ],
            [
              121.5671784,
              18.1042465
            ],
            [
              121.5668565,
              18.1044581
            ],
            [
              121.5666124,
              18.1046545
            ],
            [
              121.5664676,
              18.1049731
            ],
            [
              121.5663227,
              18.105093
            ],
            [
              121.5661913,
              18.1051108
            ],
            [
              121.5660036,
              18.1050904
            ],
            [
              121.5658453,
              18.1050037
            ],
            [
              121.5657487,
              18.1050139
            ],
            [
              121.5655717,
              18.1048966
            ],
            [
              121.5654135,
              18.1048814
            ],
            [
              121.5653571,
              18.1049961
            ],
            [
              121.565223,
              18.104991
            ],
            [
              121.565156,
              18.1049119
            ],
            [
              121.5650353,
              18.1049017
            ],
            [
              121.5647456,
              18.1049119
            ],
            [
              121.5642145,
              18.1048763
            ],
            [
              121.564067,
              18.1047921
            ],
            [
              121.5638336,
              18.1046927
            ],
            [
              121.5634447,
              18.1046137
            ],
            [
              121.5630183,
              18.1043128
            ],
            [
              121.5629727,
              18.1042058
            ],
            [
              121.5628788,
              18.1041497
            ],
            [
              121.5627313,
              18.103961
            ],
            [
              121.5624764,
              18.1036627
            ],
            [
              121.5623048,
              18.1034562
            ],
            [
              121.5616718,
              18.1036525
            ],
            [
              121.5616235,
              18.1034894
            ],
            [
              121.5613016,
              18.1035939
            ],
            [
              121.5612185,
              18.103678
            ],
            [
              121.5611246,
              18.1038412
            ],
            [
              121.5610227,
              18.1040426
            ],
            [
              121.5608001,
              18.1041395
            ],
            [
              121.5606981,
              18.1043026
            ],
            [
              121.5606273,
              18.1044943
            ],
            [
              121.5605195,
              18.104588
            ],
            [
              121.5602822,
              18.1045675
            ],
            [
              121.5600111,
              18.1044591
            ],
            [
              121.5598447,
              18.1045118
            ],
            [
              121.5595661,
              18.1045584
            ],
            [
              121.559419,
              18.1043964
            ],
            [
              121.5592018,
              18.1044053
            ],
            [
              121.5589831,
              18.1043925
            ],
            [
              121.5588433,
              18.1044177
            ],
            [
              121.5587831,
              18.1044631
            ],
            [
              121.5587619,
              18.1045354
            ],
            [
              121.5588167,
              18.1045926
            ],
            [
              121.5587442,
              18.1046229
            ],
            [
              121.5586893,
              18.104601
            ],
            [
              121.5585991,
              18.1046633
            ],
            [
              121.5585018,
              18.1047457
            ],
            [
              121.5584558,
              18.1048517
            ],
            [
              121.5583496,
              18.1049324
            ],
            [
              121.5579369,
              18.1050033
            ],
            [
              121.5575213,
              18.105081
            ],
            [
              121.5570963,
              18.1052697
            ],
            [
              121.5569749,
              18.1054983
            ],
            [
              121.5569655,
              18.1061197
            ],
            [
              121.5570006,
              18.1067456
            ],
            [
              121.5561577,
              18.1067993
            ],
            [
              121.5561192,
              18.1070629
            ],
            [
              121.5561777,
              18.1070746
            ],
            [
              121.5561685,
              18.1073762
            ],
            [
              121.5562286,
              18.1074041
            ],
            [
              121.5562208,
              18.1075139
            ],
            [
              121.5561531,
              18.1075022
            ],
            [
              121.556056,
              18.1074304
            ],
            [
              121.5559636,
              18.1074158
            ],
            [
              121.5558296,
              18.1074377
            ],
            [
              121.5556467,
              18.107495
            ],
            [
              121.5546894,
              18.1075083
            ],
            [
              121.554185,
              18.1075549
            ],
            [
              121.5538278,
              18.1075349
            ],
            [
              121.5538137,
              18.107182
            ],
            [
              121.5537344,
              18.1066516
            ],
            [
              121.5535709,
              18.1065362
            ],
            [
              121.5533631,
              18.1064053
            ],
            [
              121.5532627,
              18.1063365
            ],
            [
              121.5531156,
              18.1063986
            ],
            [
              121.5528938,
              18.1064341
            ],
            [
              121.5525879,
              18.1062832
            ],
            [
              121.5523604,
              18.1063455
            ],
            [
              121.5519891,
              18.1064654
            ],
            [
              121.5514847,
              18.1065697
            ],
            [
              121.5507819,
              18.1067295
            ],
            [
              121.5507632,
              18.1064298
            ],
            [
              121.5507329,
              18.1061768
            ],
            [
              121.5505881,
              18.1058129
            ],
            [
              121.5501631,
              18.1058839
            ],
            [
              121.5500091,
              18.1059292
            ],
            [
              121.5499662,
              18.105993
            ],
            [
              121.5498133,
              18.1060465
            ],
            [
              121.5496792,
              18.1060541
            ],
            [
              121.5496416,
              18.1060924
            ],
            [
              121.5494485,
              18.1062173
            ],
            [
              121.5493412,
              18.1062836
            ],
            [
              121.5491856,
              18.106355
            ],
            [
              121.5491105,
              18.1064136
            ],
            [
              121.5490167,
              18.106383
            ],
            [
              121.5488906,
              18.1063652
            ],
            [
              121.5488209,
              18.1063346
            ],
            [
              121.5487484,
              18.1063371
            ],
            [
              121.5486868,
              18.1064544
            ],
            [
              121.5486063,
              18.1064824
            ],
            [
              121.5485366,
              18.1064773
            ],
            [
              121.5482469,
              18.1066125
            ],
            [
              121.5481289,
              18.1066354
            ],
            [
              121.5481664,
              18.1068292
            ],
            [
              121.5481584,
              18.1069515
            ],
            [
              121.5479867,
              18.1069923
            ],
            [
              121.5479009,
              18.10713
            ],
            [
              121.5477131,
              18.1071351
            ],
            [
              121.5475951,
              18.1070739
            ],
            [
              121.5475951,
              18.1069974
            ],
            [
              121.5475522,
              18.1069337
            ],
            [
              121.5474583,
              18.1069158
            ],
            [
              121.547351,
              18.1070306
            ],
            [
              121.5472062,
              18.1070408
            ],
            [
              121.5470238,
              18.1071376
            ],
            [
              121.546946,
              18.1073875
            ],
            [
              121.5469219,
              18.1075149
            ],
            [
              121.5469138,
              18.1076501
            ],
            [
              121.5468924,
              18.1077342
            ],
            [
              121.546777,
              18.1077954
            ],
            [
              121.5464176,
              18.107826
            ],
            [
              121.5462406,
              18.1078336
            ],
            [
              121.5460636,
              18.107803
            ],
            [
              121.5456559,
              18.1076654
            ],
            [
              121.5452428,
              18.1075022
            ],
            [
              121.5449183,
              18.1074512
            ],
            [
              121.5447144,
              18.1074614
            ],
            [
              121.5442048,
              18.1074487
            ],
            [
              121.5438293,
              18.1074538
            ],
            [
              121.5436978,
              18.1074843
            ],
            [
              121.5434389,
              18.1075562
            ],
            [
              121.5432965,
              18.1076227
            ],
            [
              121.5431657,
              18.1076227
            ],
            [
              121.5430606,
              18.1076272
            ],
            [
              121.5429042,
              18.1075828
            ],
            [
              121.5428178,
              18.1075029
            ],
            [
              121.5427244,
              18.1073831
            ],
            [
              121.5427151,
              18.1072366
            ],
            [
              121.5420636,
              18.1067683
            ],
            [
              121.5411996,
              18.1067239
            ],
            [
              121.5411319,
              18.106846
            ],
            [
              121.5410759,
              18.1068704
            ],
            [
              121.5410152,
              18.1068504
            ],
            [
              121.5403688,
              18.1069894
            ],
            [
              121.5402871,
              18.1071115
            ],
            [
              121.5400676,
              18.1072402
            ],
            [
              121.5397921,
              18.1073379
            ],
            [
              121.5396006,
              18.1073712
            ],
            [
              121.5392924,
              18.1075531
            ],
            [
              121.5390145,
              18.107724
            ],
            [
              121.5388417,
              18.1078239
            ],
            [
              121.5388114,
              18.107875
            ],
            [
              121.5387623,
              18.1078971
            ],
            [
              121.5387553,
              18.1079238
            ],
            [
              121.5387413,
              18.1079748
            ],
            [
              121.5383817,
              18.1080947
            ],
            [
              121.5384098,
              18.1081812
            ],
            [
              121.5379358,
              18.1083277
            ],
            [
              121.5378844,
              18.1084964
            ],
            [
              121.537819,
              18.1086118
            ],
            [
              121.5377069,
              18.1086717
            ],
            [
              121.5376392,
              18.1086806
            ],
            [
              121.536927,
              18.108918
            ],
            [
              121.5363223,
              18.1091355
            ],
            [
              121.5363526,
              18.109231
            ],
            [
              121.5363503,
              18.1092998
            ],
            [
              121.5362942,
              18.1093308
            ],
            [
              121.5362826,
              18.1094263
            ],
            [
              121.5360864,
              18.1095572
            ],
            [
              121.5359673,
              18.1095927
            ],
            [
              121.5358903,
              18.1096305
            ],
            [
              121.5357946,
              18.109757
            ],
            [
              121.5357292,
              18.1098568
            ],
            [
              121.5356054,
              18.1098923
            ],
            [
              121.5354887,
              18.1099278
            ],
            [
              121.5353929,
              18.1100077
            ],
            [
              121.5352178,
              18.1101032
            ],
            [
              121.5350287,
              18.1101342
            ],
            [
              121.5349773,
              18.1101786
            ],
            [
              121.5349633,
              18.1102585
            ],
            [
              121.5348909,
              18.1102829
            ],
            [
              121.5346364,
              18.1102829
            ],
            [
              121.5345016,
              18.1103037
            ],
            [
              121.5341407,
              18.1108419
            ],
            [
              121.5342787,
              18.1109294
            ],
            [
              121.534307,
              18.1110303
            ],
            [
              121.5343105,
              18.1111447
            ],
            [
              121.5341936,
              18.1112231
            ],
            [
              121.5341656,
              18.1113341
            ],
            [
              121.5336052,
              18.1114983
            ],
            [
              121.5335592,
              18.111586
            ],
            [
              121.5333589,
              18.1115655
            ],
            [
              121.5331833,
              18.1114953
            ],
            [
              121.5318492,
              18.1114543
            ],
            [
              121.5316366,
              18.111507
            ],
            [
              121.531347,
              18.1115333
            ],
            [
              121.5310482,
              18.1116827
            ],
            [
              121.5306322,
              18.1111292
            ],
            [
              121.5284293,
              18.1109594
            ],
            [
              121.5269781,
              18.1108071
            ],
            [
              121.5268148,
              18.1106402
            ],
            [
              121.5266022,
              18.1105904
            ],
            [
              121.5264019,
              18.1106114
            ],
            [
              121.5259466,
              18.110735
            ],
            [
              121.5259669,
              18.110623
            ],
            [
              121.5258815,
              18.1106075
            ],
            [
              121.5256864,
              18.1105341
            ],
            [
              121.5253612,
              18.1104375
            ],
            [
              121.5252148,
              18.1103216
            ],
            [
              121.5251823,
              18.1101902
            ],
            [
              121.5250359,
              18.1099931
            ],
            [
              121.5247595,
              18.1099158
            ],
            [
              121.5243692,
              18.1099931
            ],
            [
              121.5241131,
              18.1099468
            ],
            [
              121.5236984,
              18.110024
            ],
            [
              121.5231983,
              18.1099545
            ],
            [
              121.5231699,
              18.1101477
            ],
            [
              121.5230601,
              18.1103177
            ],
            [
              121.5229991,
              18.1105959
            ],
            [
              121.5228731,
              18.1105959
            ],
            [
              121.5226373,
              18.1107466
            ],
            [
              121.5222917,
              18.1107659
            ],
            [
              121.5218405,
              18.1111021
            ],
            [
              121.5212266,
              18.1111562
            ],
            [
              121.5204643,
              18.1111649
            ],
            [
              121.5197778,
              18.1118173
            ],
            [
              121.5192034,
              18.1117552
            ],
            [
              121.5186383,
              18.1115155
            ],
            [
              121.5184375,
              18.1114978
            ],
            [
              121.5179332,
              18.1111649
            ],
            [
              121.5177137,
              18.1108586
            ],
            [
              121.5175362,
              18.1106633
            ],
            [
              121.5163734,
              18.1107654
            ],
            [
              121.5151218,
              18.1111338
            ],
            [
              121.5143326,
              18.1111427
            ],
            [
              121.5128102,
              18.1111338
            ],
            [
              121.5127635,
              18.1112936
            ],
            [
              121.5114652,
              18.1112669
            ],
            [
              121.5110543,
              18.1111871
            ],
            [
              121.5109469,
              18.1108897
            ],
            [
              121.5105406,
              18.1107654
            ],
            [
              121.5102744,
              18.1104192
            ],
            [
              121.5099958,
              18.1101783
            ],
            [
              121.5099714,
              18.1097996
            ],
            [
              121.5092843,
              18.1098035
            ],
            [
              121.5079793,
              18.110016
            ],
            [
              121.5073207,
              18.1100508
            ],
            [
              121.5068776,
              18.109931
            ],
            [
              121.5067841,
              18.1098228
            ],
            [
              121.5066418,
              18.1098228
            ],
            [
              121.5065727,
              18.1097262
            ],
            [
              121.5065035,
              18.1097494
            ],
            [
              121.5060848,
              18.1098962
            ],
            [
              121.5059791,
              18.1097339
            ],
            [
              121.5055766,
              18.1097957
            ],
            [
              121.5055685,
              18.1099696
            ],
            [
              121.5054506,
              18.1101203
            ],
            [
              121.505101,
              18.110441
            ],
            [
              121.504483,
              18.1103869
            ],
            [
              121.5042431,
              18.1100199
            ],
            [
              121.5042838,
              18.1099039
            ],
            [
              121.5042065,
              18.1099117
            ],
            [
              121.5040521,
              18.1098885
            ],
            [
              121.5039016,
              18.1101087
            ],
            [
              121.5038122,
              18.1099387
            ],
            [
              121.503739,
              18.1099078
            ],
            [
              121.5036333,
              18.1097803
            ],
            [
              121.5035317,
              18.1099464
            ],
            [
              121.5034463,
              18.1099812
            ],
            [
              121.5035439,
              18.1100817
            ],
            [
              121.5036171,
              18.1102787
            ],
            [
              121.5035235,
              18.110584
            ],
            [
              121.5033731,
              18.1106651
            ],
            [
              121.5023158,
              18.110909
            ],
            [
              121.5004302,
              18.1108505
            ],
            [
              121.49892,
              18.1108317
            ],
            [
              121.4989448,
              18.1104751
            ],
            [
              121.4980494,
              18.1104247
            ],
            [
              121.497699,
              18.1105054
            ],
            [
              121.4971611,
              18.11064
            ],
            [
              121.4969345,
              18.1106231
            ],
            [
              121.4967611,
              18.1105727
            ],
            [
              121.4966019,
              18.1107274
            ],
            [
              121.4964674,
              18.110751
            ],
            [
              121.4962656,
              18.1106601
            ],
            [
              121.4960781,
              18.1106601
            ],
            [
              121.4957985,
              18.1108115
            ],
            [
              121.4954268,
              18.1107947
            ],
            [
              121.4935652,
              18.1107644
            ],
            [
              121.4920221,
              18.1107913
            ],
            [
              121.4909675,
              18.1107947
            ],
            [
              121.4906772,
              18.1108586
            ],
            [
              121.4906843,
              18.1109663
            ],
            [
              121.4905852,
              18.1110941
            ],
            [
              121.4904284,
              18.1112167
            ],
            [
              121.4903023,
              18.1114697
            ],
            [
              121.4901435,
              18.1115097
            ],
            [
              121.4898633,
              18.1113676
            ],
            [
              121.4897652,
              18.1113943
            ],
            [
              121.4899567,
              18.1118204
            ],
            [
              121.4889013,
              18.1121755
            ],
            [
              121.4884931,
              18.1122797
            ],
            [
              121.4870125,
              18.1126672
            ],
            [
              121.4854729,
              18.1132433
            ],
            [
              121.4842123,
              18.1136257
            ],
            [
              121.4833111,
              18.1139622
            ],
            [
              121.4823026,
              18.1143854
            ],
            [
              121.4806825,
              18.1149361
            ],
            [
              121.4794472,
              18.1152636
            ],
            [
              121.4760648,
              18.1163227
            ],
            [
              121.4717717,
              18.1177601
            ],
            [
              121.4715381,
              18.1174116
            ],
            [
              121.4707022,
              18.1151658
            ],
            [
              121.4702679,
              18.113812
            ],
            [
              121.4696001,
              18.1125692
            ],
            [
              121.4693619,
              18.1121786
            ],
            [
              121.4692358,
              18.1112332
            ],
            [
              121.4691611,
              18.1110468
            ],
            [
              121.4692639,
              18.1106606
            ],
            [
              121.4693059,
              18.1101679
            ],
            [
              121.4688996,
              18.1094622
            ],
            [
              121.4685587,
              18.1087875
            ],
            [
              121.4681944,
              18.1081217
            ],
            [
              121.4680356,
              18.1075757
            ],
            [
              121.4680637,
              18.1072473
            ],
            [
              121.4679609,
              18.1071629
            ],
            [
              121.4676713,
              18.1060843
            ],
            [
              121.4674802,
              18.1052366
            ],
            [
              121.4673917,
              18.1048498
            ],
            [
              121.4673214,
              18.1048725
            ],
            [
              121.467206,
              18.1044595
            ],
            [
              121.4671041,
              18.1041638
            ],
            [
              121.4672624,
              18.1041561
            ],
            [
              121.4672597,
              18.1037992
            ],
            [
              121.467222,
              18.103684
            ],
            [
              121.4671847,
              18.1036557
            ],
            [
              121.4667671,
              18.1036506
            ],
            [
              121.4665611,
              18.1031833
            ],
            [
              121.4664,
              18.1025353
            ],
            [
              121.4662856,
              18.1024486
            ],
            [
              121.4655611,
              18.1004926
            ],
            [
              121.465207,
              18.0992944
            ],
            [
              121.4650836,
              18.0988049
            ],
            [
              121.4649227,
              18.0979635
            ],
            [
              121.4646545,
              18.0970508
            ],
            [
              121.4644238,
              18.096857
            ],
            [
              121.4643901,
              18.0966021
            ],
            [
              121.4642586,
              18.096286
            ],
            [
              121.4640065,
              18.095575
            ],
            [
              121.4634919,
              18.0939266
            ],
            [
              121.4631734,
              18.0929981
            ],
            [
              121.4630025,
              18.0925243
            ],
            [
              121.4628255,
              18.0920099
            ],
            [
              121.4624071,
              18.0913521
            ],
            [
              121.4617473,
              18.0899906
            ],
            [
              121.4614898,
              18.0888432
            ],
            [
              121.4610445,
              18.0876806
            ],
            [
              121.4606905,
              18.0865638
            ],
            [
              121.4602566,
              18.0851292
            ],
            [
              121.4598419,
              18.0832355
            ],
            [
              121.459598,
              18.0819447
            ],
            [
              121.4594841,
              18.080708
            ],
            [
              121.4590694,
              18.0786365
            ],
            [
              121.4587605,
              18.075823
            ],
            [
              121.4589068,
              18.0755679
            ],
            [
              121.4585735,
              18.0754519
            ],
            [
              121.4583051,
              18.0753978
            ],
            [
              121.457988,
              18.075135
            ],
            [
              121.4581019,
              18.074764
            ],
            [
              121.4577604,
              18.073821
            ],
            [
              121.4576628,
              18.073048
            ],
            [
              121.4572843,
              18.0722081
            ],
            [
              121.4562509,
              18.0711583
            ],
            [
              121.4558828,
              18.0697587
            ],
            [
              121.4561093,
              18.0685878
            ],
            [
              121.4563358,
              18.0677802
            ],
            [
              121.4559111,
              18.0670131
            ],
            [
              121.4560668,
              18.0663402
            ],
            [
              121.4560244,
              18.065398
            ],
            [
              121.4552882,
              18.063285
            ],
            [
              121.4534054,
              18.0603374
            ],
            [
              121.4526267,
              18.0598394
            ],
            [
              121.4520888,
              18.0594626
            ],
            [
              121.4519755,
              18.0585742
            ],
            [
              121.4523719,
              18.0580897
            ],
            [
              121.4515791,
              18.0547248
            ],
            [
              121.4513624,
              18.0510928
            ],
            [
              121.4510191,
              18.0502768
            ],
            [
              121.4511152,
              18.0488229
            ],
            [
              121.4500907,
              18.0473849
            ],
            [
              121.4482694,
              18.0457614
            ],
            [
              121.4460578,
              18.0438596
            ],
            [
              121.4443666,
              18.0431947
            ],
            [
              121.4422037,
              18.0417567
            ],
            [
              121.4396831,
              18.0404734
            ],
            [
              121.437065,
              18.0403187
            ],
            [
              121.4354388,
              18.0395147
            ],
            [
              121.4339915,
              18.0401487
            ],
            [
              121.4327556,
              18.0393291
            ],
            [
              121.4302838,
              18.0376592
            ],
            [
              121.4284462,
              18.0367314
            ],
            [
              121.4265598,
              18.0341646
            ],
            [
              121.425145,
              18.0327265
            ],
            [
              121.4236815,
              18.0324791
            ],
            [
              121.4211446,
              18.0334533
            ],
            [
              121.4192582,
              18.0331904
            ],
            [
              121.4181362,
              18.032309
            ],
            [
              121.4164287,
              18.0316441
            ],
            [
              121.4146399,
              18.0307318
            ],
            [
              121.4128348,
              18.0291236
            ],
            [
              121.4110948,
              18.0290927
            ],
            [
              121.4097776,
              18.0287834
            ],
            [
              121.4078261,
              18.0286597
            ],
            [
              121.4055982,
              18.0276236
            ],
            [
              121.4036639,
              18.0274307
            ]
          ]
        ]
      }
    }
  ]
}